:020000040100F9
:10000000505C0021653001015110020151300101A5
:100010005130010151300101513001010000000057
:100020000000000000000000000000003D31010160
:100030005130010100000000E532010151300101A1
:100040006533010165330101653301016533010148
:100050006533010165330101653301016533010138
:100060009F490201653301016533010165330101D7
:10007000B5490201653301016533010165330101B1
:1000800065330101CB49020165330101653301018B
:1000900065330101653301016533010165330101F8
:1000A00065330101653301016533010165330101E8
:0800B000653301016533010114
:1000B80080EA101404F0F01480EA0410604081EA29
:1000C800111404F0F01481EA0411614082EA121458
:1000D80004F0F01482EA0412624083EA131404F074
:1000E800F01483EA0413634080EA102404F47F4484
:1000F80080EA0420604081EA112404F47F4481EA04
:100108000421614082EA122404F47F4482EA042232
:10011800624083EA132404F47F4483EA042363409F
:1001280081EA500404F0553480EA4400614083EACF
:10013800520404F0553482EA4402634082EA90048F
:1001480004F0333480EA8400624083EA910404F0C6
:10015800333481EA84016340704700BF82EA900427
:1001680004F0333480EA8400624083EA910404F0A6
:10017800333481EA8401634081EA500404F0553441
:1001880080EA4400614083EA520404F0553482EA6C
:100198004402634080EA102404F47F4480EA042087
:1001A800604081EA112404F47F4481EA042161401B
:1001B80082EA122404F47F4482EA0422624083EA39
:1001C800132404F47F4483EA0423634080EA101470
:1001D80004F0F01480EA0410604081EA111404F07D
:1001E800F01481EA0411614082EA121404F0F01458
:1001F80082EA0412624083EA131404F0F01483EADA
:1002080004136340704700BF2DE9F14F94464FEA4D
:10021800930B8A68CB6808684968FFF749FF0BF1B8
:10022800060E33E083EA134480EA134582EA134753
:1002380046BA96EA3444604000F00F1684EA063461
:1002480020F00F1684EA161054BA94EA0106724098
:1002580002F00F1486EA043622F00F1486EA14120C
:100268004CBA6540694001F00F1485EA043521F065
:100278000F1485EA14115CBA67407B4003F00F1431
:1002880087EA043723F00F1487EA1413BCE8F00058
:100298006040694072407B4000F0E03400F0103567
:1002A80000F00F3040EA540040EAC50080EA9004AC
:1002B80004F0332480EA8400604001F0E03401F067
:1002C800103501F00F3141EA540141EAC50181EAD4
:1002D800910404F0332481EA8401614002F0E0349F
:1002E80002F0103502F00F3242EA540242EAC50227
:1002F80082EA920404F0332482EA8402624003F022
:10030800E03403F0103503F00F3343EA540343EAB3
:10031800C50383EA930404F0332483EA8403634027
:1003280081EA324787EA134581EA354690EA0604AE
:1003380084EA034B82EA1B4280EA044484EA0544C7
:1003480083EA144A85EA14448BEA044B84EA374466
:1003580081EA0B4181EA164104EA0A00454082EA33
:1003680004082BEA080041408AEA0B0602EA060064
:1003780084EA34438AEA3A4603EA06077840454065
:10038800414088EA38478BEA3B4007EA000985EA9A
:10039800090583EA0709464006EA0906714085EA25
:1003A800010005EA3546464006EA314181EA304116
:1003B80081EA364606EA304686EA3546344008EA97
:1003C800010886EA01052A4086EA364003405A4079
:1003D80081EA31431F407C4080EA030709EA0709A4
:1003E80088EA0908544088EA020806EA0A0601EA87
:1003F8000B018AEA0B0215408AEA3A42104045404E
:100408008BEA3B4003405E404240174079404D40F4
:100418004E40E443F64386EA18435D4085EA0540CA
:1004280083EA134386EA034183EA384284EA1143A4
:1004380083EA04435FEA3343BEF1010E3FF6F2AEAE
:100448001ED4BCE8F0006040694072407B4020BC8C
:10045800FFF784FE28606960AA60EB60BDE8F08F52
:100468002DE9E0414FF2F00280EA1031114080EAB4
:100478000130484041088208C3084FF0000E4FE79A
:1004880000F0113001F0113102F0113203F0113394
:1004980040EA410040EA820040EAC3004FF2F0021D
:1004A80080EA1031114080EA01304840BDE8E0811F
:1004B8002DE9F04F02F11C050646074600EB8508BA
:1004C80051F8040B043A46F8040BF9D14FF0010C2B
:1004D800FFF7C6FF5FEA302080EA0C001ECF4140DC
:1004E8004A4053405C401EC62000464517D04FEA9C
:1004F8004C0C1CF4807F18BFACF1E50C2C2DE7D018
:100508003C2D06D1FFF7ACFF06CF41404A4006C656
:10051800100006CF41404A4006C61000D8E736E929
:100528000F00FFF7C5FD043D86E80F00F7D1BDE8D1
:10053800F08F00BF2DE9F14F03F11C0402EB840C8E
:100548004FEA930B8A68CB6808684968FFF7B0FDE3
:100558003CE9F0006040694072407B400BF1060EB8
:100568004EE083EA134480EA134582EA134746BA09
:1005780096EA3444604000F00F1684EA063420F00E
:100588000F1684EA161054BA94EA0106724002F073
:100598000F1486EA043622F00F1486EA14124CBAB5
:1005A8006540694001F00F1485EA043521F00F1405
:1005B80085EA14115CBA67407B4003F00F1487EAA0
:1005C800043723F00F1487EA141344BA44404DBA91
:1005D8004D4056BA56405FBA5F4087EA174886EAE8
:1005E800174B84EA17464FEA38488BEA1B4485EADA
:1005F8001B4788EA1B4580EA3440694072407B40CB
:1006080000F0703400F0803500F00F3040EA44000C
:1006180040EAD50080EA900404F0332480EA84009C
:10062800604001F0703401F0803501F00F3141EA8B
:10063800440141EAD50181EA910404F0332481EAB6
:100648008401614002F0703402F0803502F00F320C
:1006580042EA440242EAD50282EA920404F03324D0
:1006680082EA8402624003F0703403F0803503F0BC
:100678000F3343EA440343EAD50383EA930404F0BF
:10068800332483EA84036340C943DB4381EA0004DB
:1006980083EA044686EA020183EA014382EA334593
:1006A80083EA14435C4084EA00077FEA040A8AEA82
:1006B800024A8AEA010B87EA11488AEA374A80EA3D
:1006C800060181EA1A418AEA030A04EA0A00454057
:1006D80088EA040707EA0B0041408AEA0B0608EAA1
:1006E800060084EA34428AEA3A4602EA0603584097
:1006F8004540414087EA37438BEA3B4003EA00091B
:1007080085EA090582EA0309464006EA09067140B6
:1007180085EA010005EA3546464006EA314181EAA4
:10072800304181EA364606EA304686EA35463440A4
:100738000F4086EA010508EA050886EA36400240C5
:1007480088EA020881EA314213405C4080EA0203E9
:1007580009EA030987EA0907674088EA040806EAFC
:100768000A0601EA0B018AEA0B0425408AEA3A44A0
:10077800204045408BEA3B4B02EA0B02564084EA94
:100788000B04234059406E40694087EA364080EAAE
:10079800384080EA060380EA104481EA134585EA76
:1007A800344585EA17427D4082EA354180EA0540B2
:1007B8003CE9F0006040694072407B40BEF1010EA8
:1007C8003FF6CFAE20BCFFF7C9FC28606960AA607D
:1007D800EB60BDE8F08F00BFFFF76ABE2DE9F007B8
:1007E80091E8F807B2E802105B1854EB0C04B2E881
:1007F80002104D4156EB0C06B2E802104F4158EB7F
:100808000C08B2E8021059EB01095AEB0C0A80E80F
:10081800F80780410130BDE8F00770472DE9F0077F
:1008280091E8F807B2E802105B1A74EB0C04B2E81E
:1008380002108D4176EB0C06B2E802108F4178EB7E
:100848000C08B2E8021079EB01097AEB0C0A80E88F
:10085800F80780414042BDE8F00770472DE9F007EE
:10086800524290E87800B1E880071740DB1918EA8F
:10087800020854EB080419EA020955EB09051AEABB
:10088800020A56EB0A0678C090E87800B1E88007BB
:1008980017407B4118EA020854EB080419EA0209D8
:1008A80055EB09051AEA020A56EB0A0678C0804198
:1008B8000130BDE8F00770472DE9F007524290E893
:1008C8007800B1E880071740DB1B18EA020874EBD0
:1008D800080419EA020975EB09051AEA020A76EB17
:1008E8000A0678C090E87800B1E880071740BB4155
:1008F80018EA020874EB080419EA020975EB0905FD
:100908001AEA020A76EB0A0678C080414042BDE83E
:10091800F00770472DE9F00152424FF0040890E8C3
:10092800300091E8C000A31B1340E41AF618EB1B33
:100938001340ED1AFF1830C0C0C1B8F10108EED15C
:10094800BDE8F001704700BF00B592E8DC072DE96B
:10095800DC07B1E8805702B4A7FB02510A95A8FB4F
:10096800020B09180020E7FB03105BEB000B0020CB
:100978004041E9FB02B00B91A8FB0351401800214C
:100988004941EAFB02011BEB050B0025E7FB04B517
:1009980068410025E7FB0605694100256D41E8FB34
:1009A8000615CDF830B0A9FB03B689190026EAFB75
:1009B8000316754100267641ECFB035610EB0B003D
:1009C8005FF0000BE8FB040B51EB0B015FF0000B31
:1009D800E9FB041B55EB0B055FF0000BEAFB045B1E
:1009E80056EB0B065FF0000B5BEB0B0BECFB046BA1
:1009F8000D90ACFB0230059C2D180020EEFB025038
:100A080046410020E9FB04605BEB000B00204041FD
:100A1800EAFB04B05B180021E7FB04314D410021DB
:100A2800E8FB0451069C4E410021E8FB04615BEBA6
:100A3800010B0021E9FB04B1484100214941EAFBCF
:100A480004010E93A7FB0432079CB6180022E7FBAB
:100A580004625BEB020B0022E8FB04B25041002267
:100A6800E9FB0402514100225241EAFB0412049CB2
:100A7800ED180023E9FB04535E410023EAFB0463FD
:100A8800089C5BEB030B0023E7FB04B358410023EE
:100A9800E8FB040359410023E9FB04135A410023EE
:100AA8005B41EAFB04230F955DF8049B99E8000677
:100AB800DDF80080A9FB08541BEB040B0024EAFBBB
:100AC80008B4DDF8108060410024ECFB08046141A3
:100AD8000024EEFB081462410024E9FB082463416A
:100AE80000246441EAFB0834DDF804807619002507
:100AF800EEFB08655BEB050B0025E9FB08B56841D3
:100B08000025EAFB0805DDF8148069410025ECFBA7
:100B180008156A410025EEFB08256B410025E9FB15
:100B280008356C4100256D41EAFB08450F96DDF854
:100B38000880AEFB087680190026E9FB080671419B
:100B48000026EAFB0816DDF8188072410026ECFB47
:100B5800082673410026EEFB083674410026E9FB9F
:100B68000846754100267641EAFB0856DDF80C80F8
:100B78001BEB070B0027ECFB08B778410027EEFBBF
:100B8800080779410027E9FB08177A410027EAFBA3
:100B98000827DDF81C807B410027ECFB08377C41E7
:100BA8000027EEFB08477D410027E9FB08577E41F7
:100BB80000277F41EAFB086708B000BD2DE9F14F27
:100BC80087B0FFF7C1FEDDF81C8008F1200888E82F
:100BD800FF00FFBC87E87F08BDE8F08F00B591E80B
:100BE8004C57A2FB02410194A2FB034524190020A3
:100BF800E2FB06506D417F41641802940021E2FB3C
:100C08000801A3FB034B654103950024E3FB06049D
:100C180040417F41091900246441E2FB0914FF07A0
:100C280050EB0B0004900025E2FB0A455FF0000B37
:100C3800E3FB081B49415FEA370714EB0B045FF03D
:100C4800000BE3FB094B55EB0B055FF0000B5BEB6F
:100C58000B0BE2FB0C5BFF0F0020E2FB0EB0002247
:100C68005141E6FB061205910021E6FB084164416B
:100C78007F416D180021E3FB0A515BEB010B00215A
:100C8800E3FB0CB1484100214941E3FB0E0100237D
:100C9800E6FB09531BEB030B0023E6FB0AB35841A1
:100CA8000023E6FB0C03594100235B41E6FB0E13CE
:100CB800FF07544106946D417F41A8FB0826554122
:100CC80007950022E8FB09B25BEB0B0B7F4180180C
:100CD8000022E8FB0A0251410022E8FB0C125A41AB
:100CE80000235B41E8FB0E230024E9FB0E340025BA
:100CF800E9FB0A1552190025E9FB0C256B41002573
:100D0800EAFB0C356C4100256D41EAFB0E45FF07F7
:100D18005BEB060B0026ECFB0E5640414941524165
:100D28005B4164416D417641AEFB0EE848F1000835
:100D38007F00A9FB0979784151EB0901AAFB0A7ADE
:100D48007A4153EB0A03ACFB0C7C7C4155EB0C0558
:100D580056EB0E0648F1000700BD00BF2DE9F14F24
:100D680087B0FFF73BFFDDF81C8008F1200888E812
:100D7800FF00FFBC87E87F08BDE8F08F30B44FF074
:100D8800000310F8014B11F8015B013A84EA0504ED
:100D980043EA0403F5D1A3F101034FEAD37030BC51
:100DA800704700BF4FF0000310F8012B013943EAE8
:100DB8000203F9D1A3F101034FEAD370704700BFD2
:100DC80030B411F8014B12F8015B6C4000F8014B8C
:100DD800013BF6D130BC70472DE9F00791E8F807E0
:100DE800B2E802105B1854EB0C04B2E802104D4153
:100DF80056EB0C06B2E802104F4158EB0C08B2E86B
:100E0800021059EB01095AEB0C0A8941B3F1FF337F
:100E180074F1FF3475F1FF3576F1000677F10007BC
:100E280078F1000879F101097AF1FF3A51F10001EE
:100E38005B184C414D4156F1000657F1000758F137
:100E4800000859EBD1795AEB010A80E8F807BDE8A8
:100E5800F00770472DE9F00791E8F807B2E80210AB
:100E68005B1A74EB0C04B2E802108D4176EB0C06A9
:100E7800B2E802108F4178EB0C08B2E8021079EB67
:100E880001097AEB0C0A89415B184C414D4156F136
:100E9800000657F1000758F1000859EBD1795AEBD1
:100EA800010A80E8F807BDE8F007704718EB040866
:100EB80059EB05095AEB060A5BEB070B5FF0000CD0
:100EC8004CF1000C18EB050859EB06095AEB070A18
:100ED8005BEB070B50EB0C005FF0000C51EB0C01C7
:100EE80052EB0C0263414CF1000CB8EB070879F1A6
:100EF80000097AF1000A7BEB040BA841B141A24139
:100F0800B3416CF1000CBBEB050BB041B941AA41F0
:100F1800BB416CF1000C4CF001068CF0020718EB99
:100F2800060859EB6C095AEB6C0A7BEB6C0B70EBFF
:100F38006C0471EB6C0572EB670653EB6C076CEB9A
:100F48006C0C18EB0C0059EB0C015AEB0C025BF122
:100F5800000354F1000455F1000556EBDC7657EB1D
:100F68000C0770472DE9F14F87B0FFF7EDFCDDF86E
:100F78001080DDF81490DDF818A0FFF797FFBDE8A2
:100F8800000FFFF793FF03B05DF8048B88E8FF00BC
:100F9800BDE8F08F2DE9F14F87B0FFF71FFEDDF8B0
:100FA8001080DDF81490DDF818A0FFF77FFFBDE88A
:100FB800000FFFF77BFF03B05DF8048B88E8FF00A4
:100FC800BDE8F08F064A074B02604FF44272DB78A7
:100FD80082800822C371002382710372704700BFA8
:100FE800270B0101A8080021064A074B02604FF4AD
:100FF800B072DB7A82800822C371FF238271037288
:10100800704700BFEB040101A80800212DE9F34156
:10101800C41D0028064624F007040CBF0020204603
:1010280000F028FC071E04DA6FF00B0002B0BDE8E0
:10103800F081374DE988A88803316B7A03302A7A22
:1010480089B280B20CF0BBFD0028EDDB3C44A978E6
:10105800EB78002E04F10304194424F0030400FB88
:1010680001F10CBF0020204600F08AFD20440EB993
:101078000028D9DBEA7A0446B2B1EB7B697C1344D9
:101088001944FF29D0D80330002EAA89C9B220F00C
:1010980003040CBF0020204600F0E4FD0028C3DB59
:1010A80004440EB9002CBFDB012000F0D9FBB0B11D
:1010B800A97BA1B195F82A3033B340234FF481724C
:1010C8000734002E24F007040CBF0020204601F04E
:1010D800FBFE0028A8DB04440EB9002CA4DBAB7A85
:1010E800FBB1EB7AB3B10734002EA97A24F00704D8
:1010F8000CBF0020204604F0D3F9002894DB0444F8
:101108007EB9002C0DDA8FE725232822D8E700BF07
:10111800A8080021012000F0A3FB10B1AB7B002B35
:10112800E1D1734B1B6893B1A97D81B10334002EC3
:10113800EA7D24F003040CBF0020204698470028CD
:10114800FFF672AF044416B9002CFFF66DAF694B79
:101158001B688BB1297C79B10334002E24F0030479
:101168000CBF0020204698470028FFF65DAF0444D6
:1011780016B9002CFFF658AF5F4B1F68B7B1697CF2
:10118800A1B10334002E2B7D24F0030408BF0020F6
:10119800009318BF2046EB7CAA7CB8470028FFF6CE
:1011A80043AF044416B9002CFFF63EAF072000F009
:1011B80057FB98B1A97D89B10334002E2A7E24F00B
:1011C80003040CBF0020204600F03AFE0028FFF67A
:1011D8002BAF044416B9002CFFF626AFB6FA86F7F3
:1011E80095F823007F09A0B103346B7FA97E24F012
:1011F800070419443B4644F00404C9B2224600F0EF
:101208005FFE0028FFF610AF044416B9002CFFF665
:101218000BAF95F8241000294CD004F10708002ED4
:10122800EA8C28F007080CBF002040460CF0DBFCD5
:10123800041EFFF6F9AE4444002E3ED1002CFFF602
:10124800F3AEA97F002945D095F82230002B41D074
:101258002A8C0734002E02F1240224F007080CBF60
:101268000020404692B20CF0BEFC0028FFF6DCAE2F
:10127800404416B90028FFF6D7AE03302B7FA97E6D
:1012880020F0070019443B4640F0040495F822007A
:10129800C9B2224600F006FE0028FFF6C5AE044497
:1012A80086B9002CFFF6C0AEEB6AF3B1C6B1EC62AA
:1012B8000020BBE6002EC4D08846E98C404608F0E2
:1012C800E9FEBEE72A8C4046A97F083292B208F0B0
:1012D800E7FEE9E7002EE7D0002211461046F6E7C0
:1012E80028343FF5A1AE2046A0E6002EE0D1FAE76B
:1012F8008C15002190150021941500211FB572B698
:10130800194B1C6BECB9BFF34F8F1849184BCA68BF
:1013180002F4E0621343CB60BFF34F8F00BFFDE7D9
:10132800B2FBF6F22B465D1C002AF9D1DBB203F1C1
:1013380010056D4405F80C2C0A2233B901A8A04702
:10134800E1E7024600230A26EDE7013BDBB203F1A1
:1013580010050DEB0506B0FBF2F502FB1500303069
:1013680006F80C0C2846E8E7A808002100ED00E084
:101378000400FA0513B5124C68462389ADF800300D
:10138800E388ADF80430A388ADF8023002F06CFAB7
:1013980018B1FA219C20FFF7B1FF207D02F094FAE2
:1013A80008B1FD21F6E7E07C02F088FA08B1FE21D9
:1013B800F0E794F8280007F0D5F802B010BD00BF98
:1013C800A808002138B5054600283DD00BF01EFCC2
:1013D80010B94FF0FF3038BD09F022FAB0F5FA7FA6
:1013E800F7D81B4C002125631B2504F10F0084F856
:1013F80034102A46217084F82A10E1620BF052FE5C
:101408000123032108200222A370E370E372A3746E
:101418002376F72321722384FB23A0721F20A17354
:101428004921E3840A23A580E5806272A081E174E2
:10143800E27584F82830EFF3108472B600F050FD9E
:1014480004B962B60020C6E76FF01500C3E700BF15
:10145800A808002138B51446002840F0C480634D20
:1014680095F83430032B00F0BB80B9B112B96FF096
:10147800150038BD0139172900F2B580DFE801F001
:101488000C1D20366069873C6C6F814248565B8D25
:10149800909FA2A596B3B3A81378AB700020FFF76E
:1014A800B5FD0028B7BF012302236FF00B0085F8B4
:1014B8003430A8BF85F83430DBE71378EB70EDE7FC
:1014C8001379002BD3D05379002BD0D01288FB2A64
:1014D800CDD863881B3B9BB2E02BC8D81A2AC6D943
:1014E8002368A2886B60424B9A80D7E71378EA7B1F
:1014F8009342BCD3EB72D1E71378EA7A9342B6D819
:10150800EB73CBE71378EA7A9342B0D86B74C5E7EC
:101518001378002BABD05378013BDBB2F82BA6D85D
:10152800138892786B82334B9A70B7E71078687596
:1015380006F0D6FFB2E71378002B98D02B76ADE7EC
:10154800012000F08DF9237808B1012B8FD9AB73F6
:10155800A4E71388AB81A1E71378AB759EE7072052
:1015680000F07EF910B92378012B80D9072000F00C
:1015780077F918B12378002B3FF479AF2378EB750E
:101588008CE71378082B3FF672AF2B7486E7138825
:10159800FF2B3FF66CAFAB7280E713786B767DE775
:1015A80013780E2B3FF663AFAB7677E72368124AC2
:1015B800C5F81E3063685360238913816EE713787A
:1015C800EB766BE713786B7768E713782B7765E72B
:1015D80013785A1E092A3FF64AAF85F828305DE786
:1015E8004FF0FF3045E76FF02C0042E7A8080021D4
:1015F800AC080021BA080021C6080021F8B50D463C
:10160800064630B329B311F0070422D1124F97F8D8
:101618003430012B02D16FF00B00F8BD032B02D13F
:101628004FF0FF30F9E700F097FC0028F8D0284683
:10163800FFF7ECFC0028EEDB06F09AFF3046F96A6B
:1016480002F0A4F9FFF796FE0323204687F834300A
:10165800E3E76FF01500E0E7A808002110B5074C94
:1016680094F83430032B03D102F0A8F903F04CF8B6
:101678000CF0DDFB002084F8340010BDA808002120
:1016880008B502F04DF903490320BDE8084000F011
:10169800DFB800BFF10F000108B502F055F90349A2
:1016A8000220BDE8084000F0D3B800BFCD0F00010C
:1016B800074B4FF0FF3141F6FF72C3E900120549AD
:1016C8000022C1E900221F21C3E90212704700BFAE
:1016D80000000021E00800213F280CD801380B4BFE
:1016E800C0F3421200F01F0053F8223023FA00F032
:1016F80000F001007047FF2806D04038044BC0F3C3
:10170800421200F01F00EFE701207047000000219F
:10171800E0080021074B0146006849681A4603C2E1
:1017280040F48C2200201A6041F0107242F4FF62EB
:101738005A607047000000210246034B0068516858
:1017480003C30020704700BFE00800210246034B96
:101758000068516803C30020704700BF08000021DB
:101768000138064BC0F3421200F01F0003EB82035E
:101778009B6823FA00F000F0010070470000002188
:101788000A8870B595B2C67CC2F30E020488023688
:1017980002F118033444C35AA4B233442344013B2E
:1017A800B3FBF4F303FB0422438892B29342044B45
:1017B8008BBF2B40AB4313439BB20B8070BD00BF64
:1017C8000080FFFF4A1E062A08B50346084604D8CB
:1017D8004FF4D1711520FFF791FD094A914202D9C2
:1017E80040F2A311F6E711B903B1196008BD2BB196
:1017F8001B680022C3E901211A1D1A600430F5E7AD
:10180800FAFFFF7F10B5114B00EB41041A7863898A
:10181800B3FBF2F303FB0223013A1A44B2F5706FEB
:101828000279807828BF00231A440B18B2FBF0F124
:1018380000FB11215B1AB3FBF0F100FB11331344D9
:101848006FEA43436FEA5343638110BDE808002100
:10185800024B03EB80035960704700BFE808002182
:10186800034B03EB80035868003818BF012070470A
:10187800E80800212DE9F04F10F0070A85B0054669
:1018880004D040F26F111720FFF738FD534F04467C
:101898004FF0010B07F14C06B146B04657F8043B30
:1018A8008DF80BA03BB101A898479DF80A30082B8A
:1018B80001D9F521E7E79DF80B1041BB05B131606F
:1018C8004F4506F10406E9D1002D6FD00022DFF85C
:1018D80010911227964689F8002058F827A0013F52
:1018E800BAF1000F55D09AF804609AF802C0FF2E9A
:1018F80060D039460023481C38D19C44BCF1FF0F06
:101908003FD90AB189F800E04FF49A71BBE79DF816
:101918000AC04B1D60465A0004EB4303022838BF37
:101928000220441E40422344BDF808406444CCF1E0
:10193800000C0340013C04EA0C04B4F5803F02D3D8
:1019480040F205119FE775B19A1A326091701480C0
:1019580082F803B09DF80C00107101984FEA104C02
:101968001081A2F806C004FB0134A9E758F8210049
:1019780028B190F804B0B34504BF80781B1801392A
:10198800B9E7DBB2E6458AF804303CBF5FFA8CFE63
:1019980001227B1CA1D10AB189F800E0122640F689
:1019A800FF6A58F82670B7B9013EFAD2601B05B035
:1019B800BDE8F08F0023E5E707EB410309F10109D2
:1019C8003846A3F80AA0FFF71DFF5FFA89F1BB7834
:1019D8008B42F1D8E8E74FF00009F6E7EC08002160
:1019E800E808002138B54FF6FF7302460380184B0C
:1019F80003EB8103186DA8B184780379B3FBF4F184
:101A080004FB1133DBB2194600EB4105B5F90A5066
:101A1800002D0EDB0131B1FBF4F504FB1511C9B241
:101A28008B42F1D1002038BD6381BDE838400CF00D
:101A3800A2B800EB41046389C3F30E031380C27894
:101A4800002AF1D14FF4E5711720FFF757FC00BFCA
:101A5800E80800211C4B03EB810370B51C6D05469B
:101A680044B3030404D54FF4EC711720FFF746FC88
:101A7800014620460CF062F8FF28014604D02046B3
:101A8800BDE870400CF077B8A078B5FBF0F300FB28
:101A98001353DBB219460A1D04EB4206B6F902607D
:101AA800002E09DB0131B1FBF0F200FB1211C9B2C3
:101AB8008B42F0D1002070BD8B4201D00023E3702F
:101AC80004EB42025580DAE7E8080021094B03EBF2
:101AD8008103014610B51C6D20460CF02FF8FF2835
:101AE800014604D02046BDE810400CF044B8002060
:101AF80010BD00BFE8080021F8B5104B074603EBFE
:101B0800810301461C6D20460CF018F8FF28054695
:101B180011D0E288238953EA024606D001462046BE
:101B28000CF029F801463846B04720462946FFF709
:101B380069FE0020F8BD0520FCE700BFE808002189
:101B480038B50E4B0446827903EB8203186D08B949
:101B5800052038BD8278E1799142F9D24B1CE371B6
:101B680000EB41035D89B3F90A30002BF3DBA58054
:101B78000CF001F820600020EBE700BFE808002126
:101B880070B5044610F003000E4603D04E2118200D
:101B9800FFF7B4FBFFF716FE054624B103483146AC
:101BA8000460FFF70FFE284670BD00BF84090021BE
:101BB8002DE9F14FDFF870B01E4607460D46DBF8F9
:101BC800003090469DF828A09DF82C901BB9602104
:101BD8001820FFF793FB5246092140460BF032FECE
:101BE8004A4684B2092130460BF02CFE81B2DBF85C
:101BF800000021440BF076FF386018B9286001B066
:101C0800BDE8F08F04445346414609222C603868E9
:101C18000BF0DBFD4B4609223146286801B0BDE8D0
:101C2800F04F0BF0D2BD00BF8409002170B50E46FD
:101C380004460BF01AFE054630460BF016FE044B20
:101C48002A1821461868BDE870400BF070BF00BF25
:101C580084090021024B186808B10BF037BF7047A0
:101C6800840900211F2AF8B5044613460ED89200AD
:101C7800033222F00303B3F5803F2DD2184DACB1E7
:101C8800A00710D068210920FFF738FBFF2B4FEA87
:101C9800420204D9FF339A42A8BF1A46E8E77C2AD1
:101CA800B8BF7C22E4E729706C602B8122F0030224
:101CB80028230127120403FB01F06B680025120C8E
:101CC800EEB2B14200D8F8BD14B126181F705E609C
:101CD800104401352833F3E74FF0FF30F3E700BF36
:101CE80088090021154A002170B553681578C8B2D3
:101CF800854203D8BA210920FFF700FB1C46184685
:101D0800013114F8286B0EB92346F0E700219970C9
:101D180001241289996103F126055C709208D96142
:101D280003F11E04596824F8022FA54243F8041F42
:101D38001144F8D100234361037070BD8809002164
:101D48000A4B1B89B3F5FF7F4FEA930006D25A0866
:101D58009B1A9BB2984238BF18467047B3F5EE6F8E
:101D680001D8FF22F4E740F27263F3E78809002103
:101D78004B782DE9F04106460C4602F0040702F0C4
:101D8800FB05E3B1A5BBFF23A3707B0804EB570752
:101D98003A7D032A02D1022D18BF0133E21801212E
:101DA800117503F10C01002204EB830324F81120C0
:101DB8005B68A27030463360B280BDE8F081002DC8
:101DC800E1D1012301F11E028D6120464B7004F11F
:101DD800260C1A4BCD611B8949689B0822F8023FE3
:101DE800944540F8041F1944F8D100236361CAE7F9
:101DF800D1F8048014220021A01861700BF052F968
:101E08000E4B1B89B3F5FF7F0FD25A089B1A9BB262
:101E180008EB0301C4F804802384A1606284C4F839
:101E28000C80A3842161E284ADE7B3F5EE6F4FF037
:101E3800FF02EBD940F27263EAE700BF880900218C
:101E48002DE9F84305460C46F720052191460BF08D
:101E5800F9FC061E21DB1DB906FB04F0BDE8F8837A
:101E680015F0030703D098211920FFF747FADFF888
:101E78003080C8F81050A8F81460BBB29C42EBD967
:101E8800B8F814504B46D8F810000522F72107FB84
:101E9800050001370BF099FCEFE74FF0FF30DDE765
:101EA8009C09002107B5CDE900230B4603490246EA
:101EB800081D0BF096FF03B05DF804FBB409002180
:101EC80013B5064CCDE900230B46024604F1080180
:101ED80004F10C000BF085FF02B010BDB40900211D
:101EE800144B012200214FF0FF309A60C3F8001212
:101EF800C3F80803C3F80015C3F804259A60C3F8AB
:101F080008034FF48040C3F80015C3F8042503F50F
:101F1800805341F6F8720849C3F80825C1F88000D3
:101F2800BFF34F8FBFF36F8FC1F88001C3F8082547
:101F3800704700BF00E0004100E100E002680020B7
:101F4800014B1A60704700BFC4090021014B1B6890
:101F5800184700BFC4090021024B1868003818BF91
:101F680001207047C40900218C469B22064B00B50E
:101F78000CF8032B8E4607CBCEF80300CCF80410E0
:101F8800CCF808205DF804FBD40900212DE9F041C4
:101F98001C4E044600F00107736A93F8A850B5F187
:101FA800000818BF4FF001081DB117B1338D1A078B
:101FB80014D4012916D8F36A2046984790B196F8A8
:101FC80030307BB98DB987B1308D58B996F831303A
:101FD8004BB996F8320080F0010004E096F82A30F8
:101FE800002BE6D00120BDE8F08184F0010010EA62
:101FF8000800F8D0308D8307E7D596F82A0080F0DE
:102008000100F0E7C809002110B5154C07F0CCFB1A
:1020180007F0E0FE0021A36BA08E9847237E93B9BA
:10202800A18E606A03F078FA636AB3F8AA0003F035
:10203800EDF9236C94F8301094F83C00984700238D
:1020480084F8443010BD94E8070004F10C0383E8D9
:102058000700044904F119000DF00DFAE0E700BF8C
:10206800C8090021711F0001034B93F8443003B9DC
:102078007047FFF7C9BF00BFC809002108B5094B61
:1020880093F84420022A07D1DA7A42F00102DA7280
:10209800BDE80840FFF7B8BF40F257312720FFF7E7
:1020A8002DF900BFC80900211E4910B48C6C427874
:1020B8002378D20003F0F30302F008021343827876
:1020C800920002F004021343C278120103F0EC03F9
:1020D80002F010021343027802F0030213430222B3
:1020E8002370B1F854306370A1F84C208C6C0079DF
:1020F80023784201012823F0200302F0200243EA5A
:10210800020323700CD14B6A93F8BA2093F8BB30C2
:10211800032A03F01F0308BF002243EA8213A370B7
:1021280010BC7047C8090021F0B5194C83B0A56DE3
:102138004DB3636E3BB3B4F8683001F003012F462A
:1021480006466B702B7823F003030B4307F8033B19
:102158003846B4F86820616E0BF00EF80DF10202F3
:1021680001A9E06EE56567660BF0A6FC01980BF027
:1021780091FC0346B4F868100122E06E33600BF05E
:1021880034FC03B0F0BD40F6C4012720FFF7B6F8D1
:10219800C8090021F8B5244C4FF481730646656AD6
:1021A800A4F860302A7D94F87430276F03EB82001E
:1021B80095F82111E765FF2804D11EB995F820315B
:1021C8008B4216D006F0D2FD2B7D3BB3A06F07F0F3
:1021D80075F9A16FE06D07F0C3FD8EB1B5F8E000A9
:1021E80006F07CFD002007F0A1FA022384F84430B1
:1021F800F8BD002AEAD1384607F060F907F0EAFD91
:1022080095F82131B5F8E420033B012B8CBF002061
:102218002820104480B207F0B9F9DFE7E06D07F035
:102228004DF907F0D7FDD8E7C80900212DE9F04F8F
:10223800C24C87B0666A94F87430327D96F82011E3
:1022480003EB8203FF2B05D120B996F821318B428D
:1022580000F0F080FF2006F089FD676A00233A7AD3
:1022680004938DF80930ADF80A308DF81430062A39
:1022780000F21481DFE812F07B00E00061006100E9
:102288001201070007000DF10A0103A801F0B4FDCF
:10229800002800F0EF80039D002D00F0EB80012264
:1022A800062384F87D20BDF80A203B72002A5CD002
:1022B800E91CA4F85420022B2165B7F80920A5646D
:1022C800ADF811206AD0053B012B66D80B780322A4
:1022D800022B8DF8102000F0A080D4F880000BF0BD
:1022E80043FB0546002840F0C080236D1B781B2B5C
:1022F80000F0E48000238DF8143004A8F37C84F8FF
:10230800315023B1B4F85430002B40F08980FFF7E6
:10231800CBFEA06C07F0D2F807F05CFDB6F8E2003F
:1023280006F0DCFC012007F001FA012384F887306D
:1023380084F8443007B0BDE8F08FB7F810310DF1DC
:1023480009020DF10A01D4F88000ADF80A300BF04B
:10235800B3FA0546002800F0FF800123BDF80A20E3
:1023680084F87D303B7A002AA2D11146A1E794F87F
:102378007C3003A80DF10A01A7F81031ADF80A3036
:1023880001F03AFDE0B1039DD5B10122052384F89F
:102398007D203B72BDF80A2088E701238DF81030B4
:1023A800D4F880000BF0E0FA0546002858D101F077
:1023B8003DFD2B4680F00105EDB28DF813509AE7EC
:1023C800636A93F85180B8F1000F58D10DF10A01F2
:1023D8000DF10902D4F880000BF06EFA05460028CA
:1023E8004DD09DF809A0BAF1000F6ED1BDF80A30A2
:1023F800002B58D10123A5643B7284F87D3000235B
:10240800A4F854302365B7F80930ADF8113001232A
:102418008DF81030B8F1000FC2D000252B466AE7BE
:10242800FFF742FEA06F07F049F8A16CA06F07F014
:102438005BFC73E7374611E7414B0122D4F8800073
:10244800A36400238DF81020A4F854302365B7F84E
:102458000930ADF811300BF087FA05460028A6D0F0
:1024680001238DF81330002345E701238DF813303D
:10247800236D3BE740F2D2512720FEF73FFF4FF094
:102488000008012200233A722D4AADF80A30A4F858
:1024980054302365A264B7F80930B6E740F2DC513E
:1024A8002720FEF72BFF002301222B80AB7003238C
:1024B80084F87D203B72BDF80A20F7E607F1BA00E0
:1024C800012106F095FC012315E70146D4F88000A8
:1024D8000BF0DCFA0BF0DEFA0368D0F804B08146A2
:1024E80053EA0B022ED10023BDF80A2089F80030E8
:1024F80089F8013089F8023089F8033089F8043006
:1025080089F8053089F8063089F80730002A3FF441
:1025180071AF9DF809100029C5D0297801F0030191
:10252800012906D00121BB75022384F87D103B7276
:10253800BEE6032384F87D103B72B9E6C809002182
:102548004C0A0021019308F03BFB019B83427BEB83
:102558000101C8D2D04694E740F2C3512720FEF7C4
:10256800CDFE00BF2DE9F04F0023AD4C8BB0656A5E
:10257800CDE9083394F84430022B40F04782E36DEC
:1025880003220E46074693F8009005F1A80A5978E9
:10259800134409EA020B4FEA2918A4F8602063667D
:1025A800A4F86810002800F0C180002940F072816A
:1025B8006B7AA28E0133A16542F40072DBB2A28667
:1025C80083EA990111F0010140F0EA802A7AA2B168
:1025D800032A6B7200F2A781012A0ED008A9D4F849
:1025E80080000BF08BF9002800F01A822B6F013362
:1025F8002B676B6F43F100036B670021636A2972D5
:1026080093F8A8304BB16B793BB1238D10206971D9
:1026180043F010032385A36B9847A38EC9F3C00921
:1026280043F40063A386002307932B7D002B40F01F
:10263800BE80AB7A03F00102914500F01681A36DCC
:10264800002B00F0C78008F0010884F83280002EC3
:1026580040F0F580079E4FF0000994F88A10012099
:10266800FFF794FC8046002840F0CC81EB7C002BDF
:1026780040F02B81002095F82021B5F8E01006F0F5
:1026880061FD0020FFF7D2FDB8F1000F03D05946D5
:1026980009A8FFF749FDA38E5A0607D4A36B0021AA
:1026A80040209847A38E43F04003A38666B1EB8889
:1026B8002BB9636A93F8A830002B40F0CE80B4F8A9
:1026C80009300133A4F80930002F00F0C080B4F8B5
:1026D80005300022013384F88A20A4F805305148D7
:1026E80002F082FE089830B10BF0D4F90022027291
:1026F800514602F023F9099B33B100221A720C22C9
:102708005146099802F0E8F8B9F1000F40F08380CB
:10271800A38E1B0607D4A36B494680209847A38E37
:1027280043F08003A3860BB0BDE8F08F2B7D002B10
:1027380040F0B58094F88A30013384F88A30A38E4B
:1027480043F48063A38695F82131033B012B16D906
:1027580002F02CF998B9A36D002B00F0F58008F071
:10276800010884F83280002E3FF475AF07F01CF89A
:10277800A38E5B0669D400264FF001098EE706F0A8
:10278800C3FA0328A36D00F08D80002B00F0DC80D5
:1027980008F0010884F83280002EE7D1B1465CE7E2
:1027A8002B7DC9F3C0090797002B3FF442AFB4F85B
:1027B8006830F3B9AB7A03F0010291457FF43FAF7B
:1027C8000133BBF1030FAB7200F0C380A26D002A86
:1027D8007FF439AF4FF00009B4F86830002B14BF0C
:1027E8004FF0000808F0010884F832803EBB079ECD
:1027F80033E707F017FB0328FBD002280BD000288B
:102808007FF417AFAB7A03F0010399457FF417AF54
:10281800012384F83C30FFF7F7FB0BB0BDE8F08FDD
:10282800C8090021EC090021002A14BF4FF0000854
:1028380008F0010884F83280002E3FF40BAF06F050
:10284800B3FF079E4FF0010925E74FF00109B4F8DF
:1028580007300133A4F8073041E7B4F80530B4F87D
:10286800072013433FF430AF29E7B4F86820002A63
:10287800A6D00BF1FF32012A7BD90133BBF1030F3C
:10288800AB7266D0AB6F0133AB67EB6F43F10003FC
:10289800EB67D4E6E06E0BF088F8014688E607F0AF
:1028A80001FB47E7B4F86890B9F11B0F94BF4FF0EC
:1028B80000094FF00109002B59D008F0010884F8ED
:1028C8003280002E3FF4C9AE50E7636A05F18001FB
:1028D80095F82A0105F1900C93F8A82095F8203175
:1028E8008000B2FA82F20791013B5FFA80FE52093A
:1028F800DBB2032BD5E91C0100F2A78003930B463A
:1029080005F18001CDE9002C02464FF0000C70461D
:102918004FF0010ECDE904CE4FF0FB0CCDF808C006
:1029280007F052F9A6E6053A012A74D8079101F092
:1029380071FA0799002878D0238D082043F00803FE
:102948002385A36B984751E64FF00009CDF81C90FA
:1029580042E7A38E01203F4943F480532871A386A0
:10296800238D43F001032385A36B98478AE70793D8
:1029780032E7A38E95F8149043F48053A38606F0AB
:10298800C3F9032894F8883007D1B9F1000F0CBFB8
:102998001F221B22934228BF1346B4F86820A16D5A
:1029A8009A421CD800293FF43FAF94F8893003BB02
:1029B800AB6F08F00108013384F83280AB67AB7A5B
:1029C80003F10103AB72EB6F43F10003EB678EB3C6
:1029D80006F0EAFE594609A8FFF7A6FB31E794F886
:1029E800303043F0100384F8303000297FF42BAEE8
:1029F800F0E6A36B002120209847A36D002B7FF4FD
:102A080022AEE7E606F0D0FE07961AE740F6AD11CB
:102A18002720FEF773FC40F2B3712720FEF76EFC07
:102A280040F2D4712720FEF769FC40F2DE712720BE
:102A3800FEF764FC94F88A100120FFF7A7FA814694
:102A48000028C5D1079EB84610E640F22541062069
:102A5800FEF754FC2C0A00212DE9F041404C86B0C9
:102A680094F84430012B70D1666A5FFA83F8054602
:102A78000F46337903BB337A052B30D0012F16D19B
:102A8800ADB929462846FFF781FA80B9337D676AD0
:102A9800002B3BD197F821210120B7F8E21006F06E
:102AA80051FB002006B0BDE8F041FFF773BB06B04C
:102AB800BDE8F041FFF7A8BA238D0021042043F0B8
:102AC800040331712385A36B9847636A93F8A83090
:102AD800002BD0D0337A86F80580052BCED1238DF4
:102AE8000220204943F002032385A36B9847636AB9
:102AF80093F8A830002BC1D0236D1B78A3F10203F3
:102B0800B3FA83F35B0984F82A30B7E797F82131E1
:102B180006F1800C94F874209036013B97F8A84091
:102B2800DBB2003C18BF0124032B56E9060111D87B
:102B38000094CDE9016202460120CDE903350590F4
:102B48000B46614607F040F8A4E740F60C11272031
:102B5800FEF7D4FB40F225410620FEF7CFFB00BF6D
:102B6800C8090021180A002110B50C4C0C4A0D495F
:102B780094F84430116023B14FF4B1712720FEF767
:102B8800BDFB03F0FF02227602F0BEFC00F02EFF30
:102B9800206700F02FFFA06710BD00BFC809002103
:102BA800981500219C2E0001074A10B592F8443070
:102BB80013B10C24204610BD03F0FF04147602F074
:102BC800A3FC204610BD00BFC80900212DE9F04331
:102BD8009A4C87B0054694F844009DF83860002860
:102BE80040F02181002A18BF002900F01C81B3FAA7
:102BF80083F04009002B00F016812364A163E26290
:102C080084F8300084F88A0084F83C0084F887004F
:102C18002085A08684F8310084F8320084F87D008D
:102C280084F82A00A0642065A4F85400E065606672
:102C3800A4F8680084F88960656206F00BF907F06B
:102C4800C9F895F9280106F069F9D5F8D460D5F8DE
:102C5800CC0006F069F9304606F014FC95F825001A
:102C680006F06CF9B5F8E030702B03D9B5F8E2300E
:102C7800702B01D806F038F8636A93F8A860002E24
:102C880072D00DF0FBF8014695F821210120AF31F3
:102C980006F042FA6A4B186806F0FAFBAB7B243B55
:102CA800D5E93012072BC4F88010E2667BD9EB7B9C
:102CB800243B072B77D9B5F8F230B5F8F80095F82A
:102CC8002011984228BF1846042908BF03210BF099
:102CD800E8FF024695F8F40095F8F030904228BFD6
:102CE800104680B2984200D3C3B295F8211105F17D
:102CF800E80084F87C300CF03CFC95F821112F7D1D
:102D08000329B5F8FC6008BF04210BF0CAFF0FB90E
:102D1800043080B2864228BF0646F6B284F888603E
:102D280001F044FE002840D1636A84F8746093F887
:102D3800A8306BBBEA7C002A3ED10120FFF776FA67
:102D48000023B5F8AA0095F82520A360C4E900334C
:102D5800D5F82431E9882080618022710BB10122E5
:102D68001A6007B0BDE8F0830DF088F895F82021C7
:102D7800344B01463046344E33F8123003F5FA73BB
:102D8800A6FB036301EB9311913106F0C5F981E7C6
:102D98002B7D73BB0120FFF7FDF9636AD3F8E801C7
:102DA80006F0C2FBCCE71B239FE701F005FEB0420B
:102DB80038BF3046C6B2B7E795F8206105F1800103
:102DC80095F82A0105F19002013E8000F6B2C0B2E2
:102DD800032ED5E91C892BD801924246CDE903631D
:102DE80001264B4605960096FB26029606F0ECFE59
:102DF800A3E795F8213105F1800705F19002013B21
:102E0800DBB2032BD5E91E0112D80192024601203C
:102E1800CDE9026300260B460590394600900496DA
:102E280006F0D2FEB6E74FF420712720FEF766FAC7
:102E380040F225410620FEF761FA00BFC8090021CB
:102E480098150021CC6C0201D34D6210FFF7DCB855
:102E5800014B93F887007047C8090021054B9A8EEB
:102E680012F4C06F03D093F87D0000B17047C2F32D
:102E780000307047C8090021024B93F83500C0F3B1
:102E8800C0007047C8090021014B93F88A007047B9
:102E9800C8090021852000016D250001612A000173
:102EA8007120000108B501210020FEF70FFE28B1AE
:102EB80090F89400003818BF012008BD40F64A3148
:102EC8003220FEF71BFA00BF343270B5044692B2C6
:102ED8001E460D460AF087FE24B1034B1C601D7484
:102EE8005E741D7170BD00BF6C0A002190F86C0003
:102EF800003818BF01207047304BF0B5B0F86C703F
:102F08000C461146DA88B0F86A6085B097421D8988
:102F180028BF1746964228BF16461B2E2ED0B5F559
:102F2800A47F2DD040F6480301AA9D4228BF1D4624
:102F38000AF085FFBDF80A30BB4228BF3B46E38054
:102F4800BDF80C30AB4228BF2B462381BDF80630B4
:102F5800B34228BF33466380BDF80830AB4228BF70
:102F68002B46A380FF232370E3881B3B9BB2E02BF7
:102F780008D940F209513920FEF7C0F91B2FCED1EC
:102F880005B0F0BD63881B3B9BB2E02B02D940F231
:102F98000B51F0E7238940F64812A3F5A4739BB2BE
:102FA800934202D940F20D51E5E7A388A3F5A47333
:102FB8009BB29342E4D940F20F51DCE7140B002195
:102FC800F7B5002304460E461746CDE90033684698
:102FD800FEF7B6FD08B100201AE0009DA542F6D024
:102FE800304605F1AD030AF024FF394695F8AC20C8
:102FF8000BF0CFFD0028EAD005F1B40395F8B32013
:1030080004F1B40194F8B3000BF0C3FD0028DED03E
:1030180003B0F0BD054A516A02F11D03127F11F891
:10302800030BC0F380100BF0B4BD00BF501000219B
:103038000138C0B2032808B504D94FF43F710620FF
:10304800FEF75CF9014B185C08BD00BF986A0201E5
:103058000138C0B2032808B504D94FF43F710620DF
:10306800FEF74CF9014B185C08BD00BFF06A02017D
:103078000138C0B2032808B504D94FF43F710620BF
:10308800FEF73CF9014B185C08BD00BFCC6B020190
:1030980010B503210020FEF719FD044670B903217D
:1030A800FEF7D8FC044620B940F225313920FEF756
:1030B80025F9034B93F96C100DF0D7F9204610BD94
:1030C800140B0021014B5888704700BF140B0021D6
:1030D800044BD87BC0F3400080F0010000F00100F1
:1030E800704700BF140B002110B50BF051FD204CA8
:1030F80001F03CF800F0DEFC0CF095F902F0E2F982
:1031080001F02AFA05F026FA012000F077FC0021E8
:10311800184B194A19604FF01B13A4F86410A181C9
:1031280084F83210E173C4E900234FF4A473102229
:10313800A3604FF479432361104B58681B8960637F
:1031480004F13C00238709F0ADFF012342F210721D
:1031580004F15A0084F83C306375C4E910220DF07C
:1031680081FD04F14C00BDE810400DF0A1BD00BF89
:10317800140B00219C15002103021B00986A020110
:10318800044B41F64C521B211A629973C3E906227B
:10319800FFF7AABF140B0021F7B53A4D00F1A807B5
:1031A8000446AB69C0F8E8302B7C003B18BF01230C
:1031B80080F82931344BC0F8C83038460CF06AFF23
:1031C800064600F05FFC8306A97B53BF1B236B8870
:1031D800AA881A46A4F812312C4BA4F814211B68AB
:1031E80084F8F010A4F8F26023B194F92811B4F827
:1031F800AA009847264B1B681BB12649B4F8AA00B9
:103208009847254938460BF033FB0123A4F8DE30F4
:10321800224B1B681BB10021B4F8AA009847204B29
:103228001B681BB10021B4F8AA0098471D4B1B6806
:1032380013B1B4F8AA0098471B4B1B6813B1B4F834
:10324800AA009847AB8804F1C0006A8869780333FC
:10325800033201919BB2297892B2009104F1C40122
:10326800FEF7A6FCD4F8C03023B940F2E241392079
:10327800FEF744F8D4F8C43013B940F2E341F6E756
:1032880003B0F0BD140B002100093D00AC1500216E
:10329800A4150021380B00211E0B0021BC150021AC
:1032A800B0150021B4150021B81500212DE9F3410E
:1032B80004460E460DF01AF9002800F096802046C4
:1032C8000DF04CFA40B1B6F80130013B7F2B03D921
:1032D800122002B0BDE8F08120460DF043FA08B98B
:1032E8000C20F6E720460CF08CFF0028F8D1204689
:1032F8000DF0A5F880460028F2D1204603F0A2FD83
:103308000028E5D042F21073B6F80170F178204633
:103318005F430DF00EFA04213078FEF7D7FB05461F
:1033280006213078FEF7D2FB2DB140B141F6762167
:103338003920FDF7E3FF18B3054690F8E5802C4ED9
:103348003368EBB1403528460CF081FDC0B1284602
:103358000CF06EFDA0B9B8F1000F07D0254B284638
:103368001B68984760B141F68A21E1E72249424645
:1033780033682846096A984710B141F68F21D7E784
:1033880020460DF0E3F9014638B93A46204602F0E6
:1033980065FD40B341F69821CAE702210DF1060008
:1033A800FEF720FB054608B90D2092E7BDF8061088
:1033B8000BF00EFD294620460DF004FA2846FFF7CB
:1033C800EBFE3A462946204602F048FD024610B177
:1033D80041F6B421ACE7084B9B6E23B105F5977114
:1033E80005F1A8009847002073E7422071E700BF65
:1033F800A0150021A8150021140B0021024B1B6801
:1034080003B118470C2070479C150021034B5A88BC
:1034180002801B7883700020704700BF140B0021C6
:1034280073B5837806461A2B08D8042B04D9334A77
:1034380022FA03F3DB0705D412251AE0292B01D061
:103448003B2BF9D13088B0F5706FF5D269460BF097
:103458008EFC88B9009B93F82C2102F0FF05C2B9B5
:10346800B27883F82D21FF2283F82C2168460AF0D0
:1034780081FE284602B070BD09213088FEF726FB80
:103488000446002837D001A9B0F8AC010BF06FFC56
:1034980008B10C25EDE70821B4F8AE01FEF716FBDC
:1034A80020B94FF404613920FDF728FF03781BB9D0
:1034B80094F8C831032BECD1019B93F84221002AE0
:1034C800E7D194F8F02102F0FF05002AE1D1B4F821
:1034D800B021A3F8442194F8B82183F84621027D4D
:1034E80083F84721B27883F8482184F8F021FF2235
:1034F80083F84221BDE70225BBE700BF200038045E
:103508000188A1F11B039BB2E02B0CD8428844F23E
:103518004810A2F5A4739BB2834204D8034B002041
:10352800D9801A8170471220704700BF140B002100
:1035380038B50278447802F0010302F0020254EA36
:10354800030101D1112038BDBAB98578002DF9D011
:10355800002B18BF002400E01D4620460AF00FFD8E
:103568000028EFD028460AF00AFD0028EAD0054BCB
:1035780000209C72DD729881E5E7002BECD00024D6
:103588002546EAE7140B002113B5008801A90BF0C2
:1035980010FC044620B9019890F83E311BB13A243A
:1035A800204602B010BD90F85C3003F0FF04002BF9
:1035B800F5D190F853309B0706D1FF2380F83E31B0
:1035C80001A80AF0D7FDEBE7024954300BF053FF8E
:1035D800E6E700BF9BFD0001F7B5067804460F46F5
:1035E800EF2E03D91226304603B0F0BD90F9012022
:1035F8004378002AF6DB82789207F3D113F01000A3
:103608001DD19D0603F0030216D5002AEAD1190739
:10361800E8D42179E278E57942EA0122617942EA3F
:103628000142A17941EA0521257A41EA05418A4208
:10363800D8D81F2A12D8D5E7032AE8D1D2E713F041
:10364800600FCFD103F00702052A05D003F00F0160
:103658000D22CA40D207C5D51D07DAD5627A013ACC
:10366800062ABFD8A27A032ABCD813F0040302D1D1
:10367800023A012A03D8E27A012AB3D813B9A37C03
:10368800032BAFD8237DF8B1012BABD1237E012BBF
:10369800A8D818B36378D90702D500F071F920B318
:1036A8006378227D03F01803082B2ED1022A1CD13F
:1036B80003213046FEF70AFA054660B30CF0A1FD77
:1036C800002834D00C268EE7022B8BD0A37D013B3B
:1036D800022B87D8E37D0F2BD8D983E700F0DCF9DC
:1036E800820707D4237D022B01D111267BE7A37D16
:1036F800022BFAD000F0D0F94307CBD4237D032B5B
:10370800F3D0A37D032BC5D1EFE7022AD0D0237FC6
:10371800002BCDD0E9E703213046FEF79BF905469B
:10372800002843D0224B93F96C100CF09EFE002128
:1037380030460DF071FA28BB28460DF004F82146F2
:103748003870E07428460CF0FFFEE37E0646002B36
:103758003FF449AF00287FF446AF0246E96C68465B
:10376800FEF706FB3246E86C01210AF091FAE96C93
:1037780068460422FEF7FCFA32463146E86C0AF045
:1037880087FA30E740300CF062FB0028D4D0637829
:1037980013F0330F7FF426AFA67D2846296A0CF074
:1037A800F0FFFFF745FC8642C6D08BE707261AE7ED
:1037B800140B002130B502798BB00346042A4FD888
:1037C8004088B0F5804F4BD8264900241144ADF805
:1037D80000408DF808408A7C4D7B42F010028DF83D
:1037E800244042EA4502CD7D097F42EA850242EA49
:1037F800C102694602F01F028DF80020BDF80020C2
:10380800ADF809201A888DF80E00000A8DF80B20F3
:10381800120A8DF80D408DF80C208DF80F008DF8E8
:1038280010405A7BD3F807008DF811205A7905907B
:1038380002A88DF812209A798DF81320B3F80B207E
:103848009B7BADF818208DF81A307F238DF81B303C
:103858004FF00113CDE90734FFF7BEFE0BB030BDC2
:103868001220FBE7986A02010278034672B1427897
:1038780062B142881A2A09D982881A2A06D90068A8
:10388800034A106000209B8893807047122070477D
:10389800140B002102680020014B9A61704700BF99
:1038A800140B00210378A3F10A02112A9BBF024AD4
:1038B8000020122093737047140B0021014B587499
:1038C80000207047140B0021014B987400207047AA
:1038D800140B0021024B1B6803B1184711207047D5
:1038E800C015002108B5052000F094F804F0E6FDA5
:1038F800014B024A9A6608BD140B0021012F0001F2
:1039080008B50122054B1A7103F086FA03F0F8FF97
:103918000AF094FFBDE8084000F006BF840B0021C0
:1039280010B5064C064904F108000AF03EFF04F100
:103938000C000449BDE810400AF037BF840B002191
:10394800600000216800002110B5094C094904F104
:1039580008000AF02AFF04F10C0007490AF025FFC5
:1039680004F110000549BDE810400AF01EBF00BF71
:10397800840B0021700000217800002180000021C4
:10398800014B1879704700BF840B002138B5074CEC
:103998000D4600F0A5FEA06825600AF0FEFEFFF7C0
:1039A800EFFB01F03FF80123237538BD840B00219C
:1039B800014B187D704700BF840B002110B50A4CDD
:1039C800E0680AF0EAFE20690AF0E7FEFFF78CFBE0
:1039D800202000F033F8262000F030F8292000F0ED
:1039E8002DF80023237510BD840B00210048704773
:1039F800990B0021004870479B0C0021014B83F86C
:103A080019027047840B0021014B93F81902704783
:103A1800840B0021C208074900F0070001238340F6
:103A2800885C03438B5404490B78934238BF134690
:103A38000B707047180000219E0D00210F4B0121CB
:103A480010B503EBD002C40800F0070001FA00F03B
:103A5800195D21EA0001195509490B78A34205D1DE
:103A6800002012F8014914B100B10B7010BD002BF1
:103A7800FAD0013B0120DBB2F3E700BF18000021B8
:103A88009E0D0021014BD3E9000170471800002169
:103A98000048704720000021054B1868C0F3C02279
:103AA800C0F30020400040EA820040F00100704767
:103AB8001800002108B506F0B3FE0023074A32F8C3
:103AC8002310814205D302EB83029378044A1370D2
:103AD80008BD01330C2BF2D10023F7E7C06A0201BD
:103AE8009F0D0021024B1878072828BF0720704730
:103AF8009F0D00212DE9F04F046898460F4685B0C8
:103B080094F86330164604F1A80994F80FA043EA24
:103B1800D303D90702D4BAF1260F5FD194F8A8507D
:103B2800002F55D1FFF7B8FF8DF80B00002E51D1AB
:103B3800FFF7B2FF2B4B8DF80C00D3F800B0BBF1A8
:103B4800000F0CD0AAF12602284649465342534199
:103B58000DF10B02009303ABD847054630B99DF829
:103B68000B3013B19DF80C0028B90925BAF1260FBE
:103B78002AD10020034694F8292132B19B0700F08E
:103B880002002DD560B302200346FF2284F83921B4
:103B980094F8382102F0FF05F2B99DF8382003A9FE
:103BA80084F83B01484684F8382184F83A31A4F86F
:103BB8003C818DF80C708DF80D60ADF80E800AF020
:103BC80057FE002384F83931284605B0BDE8F08F48
:103BD8003846A9E73046ADE73A25F2E71A25F3E774
:103BE8000925F1E7C415002110B50468B4F8AA3016
:103BF80084F87E11A4F87F3194F82001FFF728FAA1
:103C080084F8810194F82101FFF722FA044984F825
:103C1800820104F27510BDE810400BF02CBC00BF07
:103C280063E800012DE9FF4704688946054694F8D2
:103C38000EA0AAF1250359425941052A35D1E37B43
:103C4800272B37D104F10F0799F8018099F8026002
:103C580008F0070806F0070608F1FF33721E03EAAA
:103C68000803324013431FD130460AF099FE60B36F
:103C780094F82031984228D094F83A21164213D06B
:103C8800BAF1250F21D094F8192116421DD1013817
:103C9800013B474AC0B2DBB21044032B00790FD86E
:103CA8001A441379834210D9284604B0BDE8F04776
:103CB8000AF03EBEBAF1250F77D104F10E07C3E72B
:103CC8004FF4DD710620FDF719FB40460AF068FE47
:103CD80040B194F82131834204D094F83B3118EA7A
:103CE800030FE1D0B9F8039003AB204632460093A6
:103CF80041464B460AF061FE2C6878BB94F838318F
:103D0800012B28D1E38804F5347294F82011B4F813
:103D18003C010AF0B3FE0646D0B901462846FFF733
:103D280063FF2B6883F838613E702B6803F10F023C
:103D3800974201D10022DA732B6803F10F029742F0
:103D48002FD128460BF06DFD002004B0BDE8F087A8
:103D58002C23A373E9E784F83801E6E7E388A4F89D
:103D6800D09209F1FF39A9EB030947F6FD731FFA51
:103D780089F9994506D92823284684F8313001F075
:103D8800F1F8D9E7E37B0D2B02D00A3B012B01D8D0
:103D98002A23F1E7BDF80C30A4F8D23229233B706E
:103DA800CAE7002283F84A20CEE70220CDE700BF09
:103DB800F06A0201024B002283F832209A8670478B
:103DC800A20D0021044B93F83220012A1ABF036088
:103DD80001200020704700BFA20D0021054B0246BC
:103DE80093F8321001291BBF01209A86002083F81E
:103DF80032007047A20D0021054B024693F83200AD
:103E080020B1136009B19B8E0B800120704700BF61
:103E1800A20D0021044B002293F832009A8610B1BB
:103E2800012083F832207047A20D0021034B93F83C
:103E38003200B0FA80F04009704700BFA20D00219F
:103E480050B90A4A0120134603F8010B0868C2F862
:103E580001008A889A807047012805D1034B0A68B7
:103E6800D8719A608A889A81704700BFD80D00215E
:103E780050B90B4B187888B1D3F80120B3F8053046
:103E88000A6001208B807047012806D1044BD8793D
:103E980020B19A689B890A60F3E70020704700BF49
:103EA800D80D002110B9044B18787047012806BFB7
:103EB800014BD87900207047D80D0021F7B58A88C2
:103EC80000238DF80600ADF8042008680B4A8DF829
:103ED80007300146147802F5A872019DD8B28442D1
:103EE80001D8082007E052F8087F01335668AE422F
:103EF80008BF8F42F2D103B0F0BD00BFE80D00212A
:103F0800084B0146002230B55C7803F20113D0B2A9
:103F1800844201D8082004E013F8015F01328D4281
:103F2800F5D130BDE80D0021F8B52D4C6378221885
:103F3800013B92F80251DBB28342637030D01A0120
:103F48000101961C8F1C2644274406F1100C56F8D4
:103F580004EB664547F804EBF9D1823282312244FA
:103F6800214402F1100652F8047BB24241F8047B66
:103F7800F9D1E118221891F8026182F80261062647
:103F88007343704303F5857300F58570E618E358AD
:103F980027182350B388BB8091F83A3182F83A3118
:103FA8002846FFF7ADFF082818D12378013BDBB27C
:103FB8009D42237012D02B3305F12B0204EBC3036F
:103FC80004EBC20293E8030082E803002078FFF7BD
:103FD80097FF08281CBF241884F80251F8BD00BFB9
:103FE800E80D0021F0B5254D89B095F8984105F206
:103FF80099116846224609F0BFF8214668460AF03A
:10400800E6FD0446B8B300EB400102A8C9B2FDF7CB
:104018009DFF631E95F8A1610124DBB295F8981104
:1040280005E0721CB2FBF1F001FB1022D6B206F1DA
:1040380020020DEB020010F8202C002AF1D103EB2E
:10404800430100F8204C06EB460220312A4469441B
:1040580011F8187C82F8A27111F8177C11F8161C57
:1040680082F8A37182F8A411013BAA19DBB282F885
:104078009941FF2BD2D109B0F0BD00BFE80D002156
:1040880070B5064688B00C46002A4ED0294A92F8E8
:10409800A131D01890F8991119B9FF212820FDF7FE
:1040A8002DF903EB43010133114491F8A251E57056
:1040B80091F8A35191F8A41125716171002180F83C
:1040C800991192F89811B3FBF1F001FB103382F8C3
:1040D800A13192F8C23123B9174902F5DD700BF00E
:1040E800C7F965790D220021684605F03F0545F0BE
:1040F8004005657108F0D6FFE37804AA69468DF893
:104108000F30304623798DF80D508DF80E3004238A
:1041180008F040FE9DF81F3023709DF81E30637034
:104128009DF81D30A37008B070BD03216018FDF71D
:104138000DFFD6E7E80D0021ED3F0001044B5A784A
:10414800824286BF1B1893F84A010020704700BFBF
:10415800E80D0021044B5A78824286BF1B1893F859
:1041680042010020704700BFE80D0021064B0022E5
:104178004FF461711A8083F8C32183F8C421A3F82E
:10418800C61183F8C2217047E80D00212DE9F047D8
:104198008246894617469846FFF790FE0828054646
:1041A800064603D0FFF7ACFE082860D1324C63788E
:1041B800072B5ED8082D15D12678731C072E23707F
:1041C80003D96C212820FDF799F806F12B02D9F8BC
:1041D800000004EBC20344F83200B9F8042083F865
:1041E80006A09A80657807F110026B1C290163709C
:1041F8004B1C234412F8010DBA4203F8010FF9D100
:10420800813108F11003214413F8012D984501F874
:10421800012FF9D12544102140460AF008FD10214C
:1042280085F8420138460AF002FD85F80261667891
:10423800002385F84A013146104885F83A310AF0DA
:10424800C6FC0128054607D831460D480AF0BFFCD0
:10425800002818BF0135EDB284F89851002528468A
:1042680084F8A151FFF7BEFE2846BDE8F08712206A
:10427800FBE70720F9E700BFE80D00212A0F00211E
:10428800320F0021064B10B55878013840B200288B
:1042980000DA10BDC4B22046FFF746FE601EF5E7FF
:1042A800E80D0021014B83F8C3017047E80D002198
:1042B800014B93F8C3017047E80D0021431E4AF2F1
:1042C800B7129BB293429DBF024BA3F8C6010120CF
:1042D80000207047E80D0021014BB3F8C601704774
:1042E800E80D00210A4B30B55C7884420ED9184499
:1042F80090F802012B3003EBC004A5790D7053F838
:10430800300010600120A388938030BD0020FCE7B6
:10431800E80D00210246074810B590F8C34124B1C2
:10432800417821B1023004F039F9204610BD0C461D
:10433800FBE700BFE80D00212DE9F74F2F4C9A4607
:10434800804689466378834256D9231893F84251A8
:1043580085F00105F9B193F84A31E3B945F0020750
:104368000135BAF1000F18D1FA070AD5062104EB76
:104378000810524601FB0841823001F58571FFF7AC
:104388007FFEBB0734D504EB08105246494602307D
:10439800FFF776FE2CE02F46E3E794F8A1614FF093
:1043A800010B002DE0D0A31993F89911019399B945
:1043B8000092DAB100F006FB019B06EB4601009A79
:1043C8004FEA102C83F899B1214481F8A201000C1E
:1043D80081F8A3C181F8A401013694F89831013D10
:1043E800B6FBF3F103FB1166F6B2DAE747F0040710
:1043F800384603B0BDE8F08F0027F9E7E80D002143
:10440800074B5A78824209D91A1892F842212AB9D8
:10441800062202FB003000F58570704700207047C7
:10442800E80D0021064B5A78824281BF1B1893F889
:104438003A01B0FA80F0400998BF0020704700BFE9
:10444800E80D0021F8B50E46074606211546304608
:104458000AF0EDFB044670B10C4B0022587803F2C9
:104468003913D1B2884202D801242046F8BD01325E
:1044780003F8015FF5E7314638460AF0C4FB08281F
:10448800F3D0024B034483F83A51EDE7E80D0021DD
:10449800034B80F880101B680BB1408818477047A1
:1044A800C81500210B2808B504D940F22911292084
:1044B800FCF724FF014B33F8100008BDF86A02012D
:1044C800036830B50024D3F8C80042F21075A3F889
:1044D8004040B3F844404443B4FBF1F4A3F84440EB
:1044E8004C1E05FB0242B2FBF1F2A3F84220094A36
:1044F800B2FBF1F20132A3F848209A8F05FB02447F
:104508005A6B5043B4FBF1F4B0FBF1F09C63586371
:1045180030BD00BF005A6202054B1B7833B9054B0A
:104528001A681B79026003710120704700207047E8
:10453800B00F002128000021054BFF221A70054A00
:10454800016811600179117100221A70704700BF6B
:10455800B00F00212800002107B5064A106812791B
:10456800009068468DF80420FFF7E6FF03B05DF879
:1045780004FB00BF7A8002010346084671B13F2B55
:104588000BD8074AD35C03F07F02914205D08CBF59
:104598000120002000EAD31070470120704700BFB7
:1045A800106B0201FF230B7002234B7083238B7067
:1045B800014B1B78CB707047B40F00212DE9F84FE1
:1045C800D0F804800C46D8F81C60304609F04CFA44
:1045D800054620B94FF4AA711020FCF78FFE01465A
:1045E800304609F04FFAB5F800B082461FFA8BF74B
:1045F80017B94FF4AC71EFE7224B00F103091B68C0
:10460800D3B998F8023098F803202370637802F041
:104618000F02A4F802B023F00F03134323F0C003E2
:1046280063709AF8003003F00303012B0FD0022BBC
:104638000DD04FF4BB71CFE73A464946B8F80200AF
:10464800984705460028DCD12846BDE8F88F6278EF
:10465800304663F30512627009F01EFA054610B978
:104668004FF4C071B8E7FB2F02D940F28F11B3E7BE
:104678003A464946201D08F07FFD304609F063F9A7
:10468800E2E700BFCC15002138B5134C10220021F9
:10469800201D08F007FD0125257404F108031022E8
:1046A800002104F11400C4E9013308F0FBFC84F88C
:1046B800205004F11803094AC4E905330023636252
:1046C800A36284F82C30C4F82D30C4F8313084F853
:1046D80035301360A36338BDB40F0021CC15002119
:1046E80010B5084C2378FF2B04D040F29911102004
:1046F800FCF704FE08F094FB2070BDE81040FFF7BB
:10470800C3BF00BF2D00002110B5034C207808F06E
:10471800A1FBFF23237010BD2D000021014B187849
:1047280008F0A8BB2D000021014B024A1A6070470F
:10473800D4150021C54500012DE9F341DFF8888132
:10474800054608F11407D8F80830D8F81840227A36
:10475800012A22D1D8F8382052B1137A1BB9BF21C7
:104768001020FCF7CBFDD8F83840C4B9002093E0FE
:104778001A7A012AFAD01C46544AEFF3108172B60D
:1047880050680068506001B962B6A34208BFC8F813
:104798003840237A1BB9EE21E2E73A46EDE7267A5C
:1047A800F6B205232372731E0B2B7ED8DFE803F0C5
:1047B8007A062336773F4E3F3F3F3F6B636813B916
:1047C8004FF40371CCE72046294698470420EFF3BD
:1047D800108272B6237A052BD9B24FF0000369D143
:1047E8002372D8F83810A14201D1C8F83830002A0D
:1047F80045D162B643E0636813B940F21521AFE7CB
:104808002946204698470346ADF80400C0B2C3F3D2
:104818000723012B3ED0022BD9D129E0636813B9B5
:1048280040F21D219CE7204698470020CFE7284BFF
:104838001B68002BF9D03246606829469847A6F1D4
:104848000A020420534253415B00E4E763680BB952
:10485800FE2185E786222A7001225988AA706A718A
:1048680000229869A5F80310AA7109F06CF80420D1
:10487800D8F83830A34202D10023C8F838300028CD
:104888003FF461AF08E0134B294620461B68984760
:10489800034668B9267298B102B0BDE8F0814FF4BA
:1048A80015715DE740F257215AE740F25A2157E760
:1048B8000220DDE711B940F27B2151E7184696E75F
:1048C800002B7FF440AF51E7B40F0021B80F00214F
:1048D800D0150021D4150021134610B5027A22B153
:1048E80040F202311020FCF709FD0A460146024851
:1048F800BDE810400AF099BDB80F0021044890F8AF
:104908002C301BB9034924300AF0ACBD704700BFF6
:10491800B40F002123F400010346064890F83C2018
:104928003AB190F8352022B9034900F82D3B0AF036
:1049380099BD7047B40F0021AD4500010A4610B576
:10494800037A23B140F20A311020FCF7D7FC014664
:1049580007230248BDE810400AF067BDC80F0021D0
:104968001346027A0AB1037270470A4601460148A3
:104978000AF05BBDB80F002101490AF07CBD00BFF9
:1049880085F400010B8BA2F809001046A2F80B3041
:104998004B8BA2F80D308B8BA2F80F30CB8B0249D2
:1049A800A2F811300AF061BDE3F40001014B187858
:1049B800704700BFF10F0021014B1878704700BF06
:1049C8002E000021094AD2E90003434083EAB011CE
:1049D80081EA43214FEAF34311605360044B584383
:1049E8004FEAF06000EB8000704700BFF40F002131
:1049F800BB79379E094AD2E90003434083EAB011E4
:104A080081EA43214FEAF34311605360044B584352
:104A18004FEAF06000EB8000704700BF30000021D3
:104A2800BB79379E10B50A4C08210948FDF78EFA64
:104A3800D4E900321343F7D0064CFFF7DBFF2060C0
:104A4800FFF7D8FF236860601843F6D010BD00BF99
:104A580030000021F40F0021174B184A9A60184AB9
:104A68005A60184A1A60184A9A62184ADA62184A4A
:104A7800DA60184A9A61184A1A63184A1A62184A78
:104A8800DA64184A9A64184A5A62184B184A9A60A3
:104A9800184A5A62184ADA62184A1A61184A5A6158
:104AA800184A9A61184A1A63184A9A64184ADA64C2
:104AB800184A9A63704700BFD8150021D3F800013F
:104AC800F9F8000125FA0001B1FB00010DFC000115
:104AD800955000011FFC00014D530001A551000134
:104AE800F1FC000117FD000101520001D816002158
:104AF800E9F80001B7FC00013DFC0001EDFB0001F5
:104B08005DFC000135510001BDFD00015BFD0001A8
:104B180047FD0001A1FC0001044B054A5A65054BFD
:104B2800054A1A65054A5A65704700BFD81500211D
:104B38000DFF0001D8160021F7FE000137FF000124
:104B4800054B064A9A65064A1A66064B064A9A654E
:104B5800064ADA65704700BFD815002137EB000117
:104B68002D3C0001D816002191E9000179EB0001E4
:104B7800F7B5054601A80F46FFF724F920B94FF409
:104B8800AA615120FCF7BAFB32220021019808F0F3
:104B980089FA019C3F2F264606F8037F43D83F2F0A
:104BA80044D8DFE817F046004C006C0075008D0013
:104BB8005C015C019A00B3009E005C015C01A300EB
:104BC800AF00B30043004300B7005C015C01CC00B8
:104BD800CC00E300E300EA00430043005C01EF007F
:104BE800FC00000104010B010D010F0111011B0163
:104BF80025013C013E01430043002D0146014401CB
:104C08004300430043004300430043004300430084
:104C180043004300430043004300430048014A0166
:104C2800430040014201FF2F00F00D8140F2445142
:104C3800A7E7294630460AF055FFC0B9BBE02E6801
:104C4800D6F83032636096F834322372286890F8C8
:104C58009F3033B90AF026FE2B68DB881844A6F883
:104C68003602B6F83632082063721B0AA372FFF7C1
:104C7800B5F8002840F0F58040F2575181E72B68DD
:104C880093F8A82052BB93F82D3102202371EEE748
:104C98002B681720D3F878226260D3F87C22A260B0
:104CA800B3F88022A281D3F85822C4F80E20D3F892
:104CB8005C22C4F81220D3F89030C4F81630D6E736
:104CC8002A680D20D2F8F6316360D2F8FA31A36071
:104CD8002B68D3F89430E360C9E72B6893F8A030C9
:104CE800D3E73146284600F0F3FAA6E71123062059
:104CF8002371592363710023A3713923E37120239E
:104D08002372B4E72B6893F89A30BEE7304600F078
:104D1800CDFA92E72B6893F8A82052B993F8A0200F
:104D28003AB193F89D20227193F89C300320637167
:104D38009DE793F89B20227193F89A30F6E72B6849
:104D48000920B3F80C212271120A6271B3F8A2206B
:104D5800A271120AE271B3F808212272120A627271
:104D6800B3F8A030A3721B0AE37280E72B6893F8AC
:104D78003A21227193F83B31D8E72946304609F0A9
:104D880099FE5AE72B680F21B3F8AA00FCF79EFE9C
:104D980000F15B0130460AF093FA232067E73046BA
:104DA8000BF04EFF49E730460BF053FF45E72E4B1B
:104DB8001B68002B43D140F24951E2E62B4BF7E741
:104DC8002B4BF5E72B4BF3E72B4B1B68002BF2D053
:104DD80023202A4631469847042048E7264B1B687B
:104DE800002BE8D02A4631462420984705203EE784
:104DF800214B1B68002BDED02A4631462520F4E7DC
:104E08002B680F21B3F8AA00FCF760FE00F17D02C1
:104E180000F15B0130460AF05FFA2B2027E7174BB9
:104E2800C6E7174BC4E7174BC2E7174BC0E7174B4A
:104E3800BEE7174BBCE7174BBAE7174BB8E729464D
:104E480030469847F9E62B68304693F8C722D3F8DE
:104E5800C8120AF002FA2B6893F8C702EDE601209F
:104E680005E703B0F0BD00BFD8170021E017002107
:104E7800DC170021E4170021E8170021F4170021AE
:104E8800F8170021FC17002100180021EC17002159
:104E9800F017002104180021081800213F289ABFA4
:104EA800024B53F820000020704700BFD81500219E
:104EB8003F289ABF024B53F820000020704700BFDC
:104EC800D816002130F8023CF7B504460D46B0F874
:104ED800826073B101226846ADF801608DF8002048
:104EE800ADF80330FEF78AFA18B195216320FCF774
:104EF80005FA194B1B6813B1A4F128009847174B02
:104F08001B680BB13046984783230027A5F8036038
:104F18002B70AF70637AD4F89C006B7108F01DFD9C
:104F280008B9BA21E2E739463046FCF7E5FD022127
:104F38003046FCF7E1FD18B9094B1B6803B19847E7
:104F48004FF40173002003F004021B0A62F3070008
:104F580063F30F2003B0F0BD0C18002110180021D6
:104F680014180021F7B5056804464FF6FF77D5F801
:104F7800C0600DF102010DF101023046ADF802707A
:104F880008F09AFC01A9304608F0B8FC48B101982D
:104F980008F080FD2168A83100220272FFF7CEFCDC
:104FA800E7E7044905F1280003B0BDE8F0400AF03E
:104FB8005CBA00BFCD4E0001F0B5044685B00D4681
:104FC800FF2600F8E96C10F8EA3CF3B1174F3B787C
:104FD8001BB162211F20FCF791F90C21381DFCF749
:104FE800B5FF3E70002304F8E93C8A232A4602F8FC
:104FF800033BD4F80930C5F80330D4F80D305360BA
:10500800D4F81130936005B0F0BD01A80C21FCF76D
:105018009DFFA4F51573039A1A6001AB03CB44F8FE
:10502800F20C44F8EE1C04F8EA6CDBE7FC0F0021F4
:1050380010B5054C23782BB90C21201DFCF786FFF1
:10504800FF23237010BD00BFFC0F0021024690F81B
:10505800FE31BBB990F8FF3103F0FF010BB100201E
:105068007047094B18780028F9D01970D9680433AB
:10507800C2F8941003CBC2F8F601C2F8FA11FF2364
:1050880082F8FE3101207047FC0F0021026838B514
:10509800D37B04460D463BB1132B05D0113B0F2B98
:1050A8008CBF0120082038BDD2F8A430ABBB92F8E1
:1050B800523013B920460AF0A2FBD5F80B3022680B
:1050C800C2F8EE31D5F80F30C2F8F2312368D5F8BE
:1050D8001320C3F89020B3F8AA20A3F8F122D5F83A
:1050E8000120C3F8F322D5F80520C3F8F722236876
:1050F800B5F809200025A3F8FB22236883F8B851E6
:1051080083F8FE512068084900F53A700AF0AAF9B8
:10511800236816222846DA73C5E720460C220321A5
:10512800BDE838400AF091BBC14F0001036810B5D3
:10513800DA7B0446202A04D040F29D211F20FCF788
:10514800DDF8002193F85220B3F8AA0083F8511033
:1051580082B1C3F8C31183F85210A3F8C711A3F89A
:10516800C40103F5DD700B490AF07CF923680022BD
:10517800DA7310BD0121A3F8B30183F8B22103F259
:10518800A91083F8B51183F8B9210349A3F8B6210A
:10519800EAE700BF99FB000181FB000138B504680C
:1051A80094F8A8501DB9E37B23B101201AE02368C5
:1051B800DB07FAD4D1F801200D4BD1F805101340C4
:1051C8000C4AC4F86230C3F307630A4043F008038B
:1051D800C4F8662084F865300AF011FB1DB9042371
:1051E800E373002038BD236843F001032360F8E728
:1051F8002FC904F76FDB008038B503689A7B042A4F
:1052080034D1D1F801204C1CD1F80550C3F86220E4
:10521800C2F30762C3F8665042F0080283F86520BB
:10522800002283F84A209A73026892F8A8200AB9E3
:1052380083F83F2193F84021B2B993F88B2102F00B
:10524800FF008AB9B3F8AA2083F88C0103F283100F
:10525800A3F88D21D1F801200549C3F88F21626890
:10526800C3F893210AF0FEF8002038BD0120FCE7BE
:1052780077FC0001036893F8402112B1094B1B68C1
:10528800184793F88B215AB9B3F8AA2003F2831070
:105298000549A3F88D211A2283F88C210AF0E2B877
:1052A800704700BF1818002177FC000110B50446AC
:1052B800FEF7E8FB044A054B024009200B40C4F8FE
:1052C8000120C4F8053010BD2FC904F76FDB00803A
:1052D80037B50C460568FEF7D5FB0A4B0A4A03406A
:1052E8000A4095F8621000930B4001928DF8003047
:1052F8006B4603CBC4F801000920C4F8051003B0BD
:1053080030BD00BF2FC904F76FDB008038B5DB0460
:10531800154604D5037D13B10023436338BD446BA0
:10532800013444630AF025FD836B9C42F6D30023C5
:10533800034943632846BDE838400AF09CB800BFDB
:10534800E5FC000170B504680546A37B94F8A860E5
:10535800012B07D01EB9E37B23B1012038E0236875
:105368009807FAD494F853309A0713D44A78D80790
:1053780084F85D204A88A4F85E208A88A4F8602012
:1053880043F0020284F853200FD5164904F1540063
:105398000AF071F894F85330D90710D4CEB9E37BEA
:1053A80043B153214020FBF7A9FF94F83E31002B6D
:1053B800EBD1EFE70123E37328460AF020FAA37B39
:1053C8000020012B4FF0000304BFA37384F84A3078
:1053D80070BD23689A0701D55821E3E743F002031B
:1053E8002360E9E79BFD000170B50568044603F0FA
:1053F8008FF8054B0146E8721B681BB12046BDE8D3
:105408007040184770BD00BF20180021024B1B6870
:1054180003B11847704700BF1C180021F0B51F4D95
:1054280000242B7814709BB1013B6D68DBB21E1B06
:10543800012E0FDC05EBC40655F8347076688E42F1
:1054480008BF874227D0B84271EB060612D2147003
:105458000020F0BD1E197710C6F3470655F837C06F
:1054680005EBC70E8445DEF804708F412CBF334628
:105478003446DCE705EBC30455F8335064688C42C6
:1054880008BF854206D0A84271EB040428BF013347
:105498001370DDE71C4601201470DAE71C100021A8
:1054A80010F0070208B503D063214820FBF726FF58
:1054B80018B1034B197258601A70C80008BD00BFB4
:1054C8001C100021014B00221A7070471C1000218B
:1054D800024B1879003818BF012070472C100021A2
:1054E800FF23084A0B700D234B7082238B701368BF
:1054F800C1F803305368C1F807309368C1F80B301E
:10550800704700BF3210002116220021014807F021
:10551800C9BD00BF32100021F8B51C4D04466B7D93
:105528009BB390F8A83023BBD0E976760AF0A6FCA6
:1055380094F82021164B913033F812304FF47A72D8
:1055480003F23F63B3FBF2F3DB19B4F8AA2046F188
:1055580000061B182A8046F100066B60AE60E388DF
:1055680005F10C0002220B496B80BDE8F840FFF7FB
:10557800F7B94B0609D5B0F8AA302B80D0F87832A5
:105588006B60D0F87C32AB60E9E7F8BD32100021DF
:10559800CC6C0201E9540001094B53F8203003F5A3
:1055A800234370B5A13316464FF47A720C46B3FB09
:1055B800F2F5344404F052FA2C44204470BD00BF84
:1055C800B86C02012DE9F04F98468BB000230446D1
:1055D8000F460392069390F821B109F03CF906466C
:1055E80094F82B01FEF75EFF06440AF047FCE37BC4
:1055F80000F18605B6B2472B47D00D2B45D094F85D
:105608000E90A9F14701D1F1000949EB0109039B6B
:10561800002B40F08580637B032B40F08180B9F13B
:10562800000F6AD0B4F8D032BB4266D1D4F8183231
:105638002046B4F8EC21C4F80832D4F8C830C4F8CD
:105648000C32B4F88A321344C4F8103202F0C2FEA5
:1056580094F829A1BAF1000F09D0D4F8D82241F65C
:105668004B539A428CBF4FF0000A4FF0010A94F84E
:10567800E4326BB9D4F8C820D4F8D8329A4221D091
:10568800B4F8AA000BF0FBFA1CE04FF00109BEE7E2
:10569800B4F8AA000BF0F0FA20B940F242713020B9
:1056A800FBF72CFEB4F8E0324FF0000AA4F8DE3025
:1056B800B4F8E2328381B4F8D032A0F80EA0438166
:1056C800013B038294F82A31002B4ED1BAF1000F26
:1056D8004ED1D4F8D43284F82AA1C4F8D830B4F81A
:1056E800D232A4F8DC30D4F8D832C4F8C830D4F8B0
:1056F800DC32C4F8D03002236373A17B292946D059
:10570800A1F12C0251425141E27B292A00D039B142
:10571800B4F8D032FB1A1B0402D4204602F096F8E3
:10572800B4F888A204F5167394F82101A7EB0A0AC5
:105738000293E3880FFA8AFAFB1ABAF1000F0FFAFC
:1057480083FC26DAE246D4E99C23C4E9A02300239B
:1057580084F82B320123627B032A00F2B681DFE84A
:1057680012F01A002B0171004F01BAF1000F07D097
:105778004FF04D13C4F8E0300023A4F8E430A8E754
:105788004FF09613A4F8E4A0C4F8E030A1E7012193
:10579800BAE74346DFE7014694F8E50109F0A2FAC3
:1057A8008246D4F8D8003146504404F0FDFF314613
:1057B800C4F81402D4F8C80004F0F6FF07A9C4F826
:1057C800180208A804F000F8079B0093DDE90823F5
:1057D800D4E9A00105F0AEF8064604F1A8000AF0E5
:1057E800D6FBD4F88C3294F82101D4F8D8B00693BB
:1057F80004F03CF9069B00F52340D4F814124FF44A
:105808007A72203BA1305B445B1A30315B1BB0FBE2
:10581800F2F053442A469B1B1B1A94F82101069365
:10582800B4F8DC3003EB4101FFF7B6FED4F88C2264
:10583800069B22309B1AC4F81C02F52B5CD840F258
:10584800C7412CE7D4F8D8303146D4F80C021844B4
:1058580004F0AAFF3146C4F81402D4F8C80004F0D2
:10586800A3FFC4F8180204F1A8000AF090FBD4F8CA
:10587800D830D4F80C621E44B4F8EC31002B40F058
:105888009780B8F1000F00F0938094F8210104F09C
:10589800EDF8D4F81412D4F8783200F52340761ACB
:1058A80094F82121A130203E1E44A24B53F8222017
:1058B8004FF47A7302F2E732D4E99CABB2FBF3F20D
:1058C800A6EB0A06B0FBF3F01644761B361AD4F89A
:1058D8000832D4F8102294F8210102FB0311B4F81D
:1058E800DC302A460696303103EB4101FFF754FEBF
:1058F8000123C4F81C026373D4F8C83004F1E8002B
:10590800D4F81822A03B06999B1A5D1BD4F81C32C8
:105918009D4228BF1D46002384F85832C4F8E85138
:10592800D4E9A0325B1842F10002C4E99A3209F0C6
:105938001EFE04232844A4F8887284F86132C4F84F
:105948005C02D4E99A23C4E9A02302F095F820B1B7
:10595800D4F85C321E33C4F85C32B4F8D831DB1B9F
:105968001BB2002BD4BF00220122520084F860220F
:10597800B9F1000F40F0AC80B8F1000F40F0AB80F7
:10598800637B002B00F0C380D4F8C81004F51670B0
:10599800D4F81832C91A09F056F980B2002800F074
:1059A800B680149B03B1188001200BB0BDE8F08FBE
:1059B800D4F81412761A8AE7D4F81822D4F8C83022
:1059C800D4F810129B1AD4F808620AFB03F3069362
:1059D800B4F8EC319C44D4F81432ACEB010C3033FD
:1059E8000CF1FF3C06FB0133B4F8DC1002FB0C336E
:1059F8002A4601EB4301FFF7CFFDC4F81C027BE701
:105A0800D4F8C82002FB0AF20692B8F1000F1CD0A5
:105A1800B4F8EC11C9B984F82B12D4F8181201FBA8
:105A28001A2EB4F8ECA10291CDF818E06BB3BAF1D4
:105A3800000F2AD1D4E99E61D4E99C23B24273EBCA
:105A4800010108D340F20E5129E694F82B120029DF
:105A58007FF452AFE1E7374B203E53F82B104FF459
:105A68007A7BD4E99C23CDE9042301F2E73301F5DD
:105A78002341049AA131B61AB3FBFBF3B1FBFBF146
:105A88001E44761A761B76440696029BE2442A4602
:105A980003FB0AFA0AF1300A4FEA4A0A5146FFF7AD
:105AA8007BFD41F64B53C4F81C02D4F8C800984259
:105AB8003FF622AF06AB2A465146009304F507731A
:105AC80009F02CF984F82B0216E740F22651E6E596
:105AD800B8F1000F1BD0B4F8000210B3B4F80212EA
:105AE80094F804224D1CA4F8021201FB02229042F1
:105AF8000DDD002B0BDD0023A4F8025284F8603280
:105B0800FEF760FF00F00700013084F8040204F596
:105B1800167104F50C7006F03BF820B940F2765186
:105B2800BDE50146DCE7039B83F0010384F82832D6
:105B380000203AE7B86C0201F0B5044685B018B900
:105B4800A5213020FBF7DAFB052900F2CB80DFE83E
:105B580001F003C42A25C9BF90F82832C288A3B12E
:105B6800B0F82632934208BFB0F8DC319A1AA0F890
:105B7800DE21E3802046D4E99A23C4E99C2301F07E
:105B8800CDFE94F84C3005B0F0BDB0F824329B1A25
:105B9800A0F8DE31B0F824329BB2EAE705B0BDE8E0
:105BA800F04003F01DBE04F0BBFED4E99C23801A2C
:105BB80061EB0301012871F1000302DA40F201618F
:105BC800BFE76FF0010383424FF000038B4102DA15
:105BD80040F20261B5E7D4F8C8300BB1B0FBF3F37B
:105BE800E07BB4F8262247280ED0A17B463901294C
:105BF8000AD90D2808D0E1880B449BB2D11A0D04AC
:105C080043D501339BB242E00132A4F82622B4F80E
:105C18008A3203AEE5880133334FA4F88A32B4F8E8
:105C280042301D44B4F84030013DED1AADB23B6836
:105C38005BB1B4F8261200222046013989B2984790
:105C4800B4F826321844A4F82602B4F826126B1ABF
:105C580018042CD40023204600961A46FFF7B2FCFD
:105C6800012890D1B4F82622B4F8D811BDF80C3028
:105C78001344521A12049BB204D5EA1A12F4004FC4
:105C880018BF0B46A4F82632D1E7013293B2A4F824
:105C9800263294F82932002BB9D1B4F8DC31B4F8A3
:105CA8002622934204BF0133A4F82632AFE7A37C2F
:105CB80030460394002B14BF08233E2384F8313068
:105CC800FFF750F920460AF055FF002363735AE79F
:105CD80005B0BDE8F040FDF7B9B8437B042BF4D01C
:105CE800C6212EE7CB212CE7241800212DE9F84303
:105CF8000E46044618B9D3213020FBF7FFFA0529D0
:105D080000F2A780DFE801F00376413DA52E04F0FC
:105D180057FFC4E95001204601F044FAD4F8340191
:105D2800DC3804F0FFFD20460AF018FD054600BBEC
:105D3800014620460AF0DFFB00F1F606D4F83401EC
:105D4800B04209D2301A0321402838BF402004F05D
:105D580007FF60B104F0EAFDC4F8346120460AF098
:105D68003FFD45B12046BDE8F8430AF03ABD01259C
:105D7800F2E70025F2E7D4E95023C4E94A23BDE855
:105D8800F883BDE8F84303F02BBD0AF0DAFB0423DF
:105D98008146884684F8393104F0C2FD07220F464F
:105DA800A9FB023102FB0811D4E94A525B1941EB05
:105DB8000205D4F810213AB159EA080204D09842F1
:105DC80077EB050228BF012684F83861D4E952260A
:105DD800121A66EB070694F8581139B9012A76F1B8
:105DE80000010BDA204601F0E5F903E0012A76F11B
:105DF8000006F7DB002384F85031C0E7984277EBC0
:105E080005010FD259EA08080CD01B1A65EB0701E7
:105E18009A4276EB010005DB012B71F10000A4BF6B
:105E28001A460E460C49012304F1E800914284F811
:105E380051314FF0000384F83031B341B8BF0A46FE
:105E480004F5987105F04EFF002898D140F2B26130
:105E580052E7EF2150E700BF0040420F2DE9F84319
:105E680004460E46154690F8503103F0FF07002B04
:105E780040F0948000F1E80839467822404607F05F
:105E880011F922464649404605F078FEC4F81061EB
:105E9800FF2384F8503166B1FEF7ACFD00F007002F
:105EA80032464049013086F8040206F50C7005F0C8
:105EB80065FE40F202434FF00009A4F8383184F837
:105EC800309104F0B7FC00F1BC0620460AF046FC0D
:105ED8000146B6B2C0B308F0BEFC00F1280128465E
:105EE80089B204F061FC2844F63DC4F8340104F09A
:105EF80017FD3018A4F8269041F10001C4E95001BB
:105F0800012084F814010AF003FD2D1AC4F8185171
:105F18004FF0FF356FF000414046D4E95023C4E903
:105F28005251002504F59871C4E94823C4E94A236D
:105F380084F8515142F2107205F0D4FE38BB40F299
:105F4800B9113020FBF7DAF92046DFF85C900AF047
:105F5800D2FAF630C4F83401B9F8000048B1E08C40
:105F680038B1FEF747FDB9F80030B0FBF3F202FB99
:105F78001300064404F0D4FC361841F10001C4E9CA
:105F88005061002DC4D0AD1941F10001C4E7294684
:105F980020460AF028FC3846BDE8F8830C27FAE7C3
:105FA800F55C0001415B000148100021F0B50023B9
:105FB80085B0CDE9003303238DF806306846FBF73A
:105FC800BFFD88B10123114EB3700023CDE9023320
:105FD80002238DF80E3002A8FBF7B2FD044638B153
:105FE8000023B37005B0F0BD00980AF026F8E5E785
:105FF800029D6B7B002BEED005F50C77384604F03C
:1060080049FD384604F05AFD6C73E4E74810002156
:10601800044B0022DA709A7042F210721A80FFF76D
:10602800C5BF00BF48100021014BD870704700BFA2
:106038004810002108B502F06DFE044B5A688242F0
:106048002ABF9878002080F0010008BD4810002180
:10605800F0B5044685B090F84C3003F0FF05002BEE
:1060680068D1437B032B65D104F05AFCD4E99C2307
:10607800801A61EB0301012871F100035ADB6FF00C
:106088000103834275EB010104DA40F2AA51302082
:10609800FBF734F9D4F8C820E3880AB1B0FBF2F270
:1060A800013313449BB2A4F82432B4F8DC31B4F8B9
:1060B80024229B1A1BB2002B3CDD04F50C7004F063
:1060C800E9FC002836D0FF2384F82932B4F842309E
:1060D8000DF10E07E588184E1D44B4F84030013D17
:1060E800ED1AADB2336863B1B4F824120022204629
:1060F800013989B29847B4F82432184480B2A4F818
:106108002402B4F82432EB1A1B0413D4B4F8241272
:1061180000230122204689B20097FFF753FA01288D
:1061280008D1B4F82432BDF80E2013449BB2A4F869
:106138002432D7E705B0F0BD241800212DE9F74334
:106148000446062900F2A180DFE801F004251422A4
:10615800282D99004E4B9B7803F0FF0253B900920B
:106168000123B0F8DC11FFF72DFA28B140F2CE6117
:1061780030202AE00423637303F0B4F805F0EAFC46
:106188000023E288A4F88A32A4F8262284F8293267
:1061980003B0BDE8F08303234373F9E702F0C2FDBF
:1061A800C4E99E01F4E700F1A8081121B0F8AA009B
:1061B800FBF78CFC002860D094F82131022B5AD0D0
:1061C80005D8012B08D0DC21B420FBF797F8033B56
:1061D800012BF8D81E3000E00A30858894F8210198
:1061E800DFF8AC90C31E012B8CBF0027282709F0CD
:1061F800B7FE7830D4F81822FE37A84234BF2B1ADD
:106208000023D4F8C85099188D428ABFAD1A0025CA
:10621800ED1A99F8033023B9D4F8E8309D4228BF25
:106228001D46D4F8E86104F1E80009F0A0F9064435
:10623800022004F069FC0221AD1B25EAE5758542C0
:1062480028BF0546284604F08BFC10B12E4404F004
:106258006DFB01233A463146404609F094FAD4F8DA
:10626800E831C9F80400D4F8C800184403B0BDE800
:10627800F04304F057BB1430AFE79625AEE7A830DB
:1062880003B0BDE8F04309F082BE40F29C716FE7AD
:1062980048100021014B1880704700BF48100021AA
:1062A800044B1A78012AD0B203D01878831E5842BA
:1062B80058417047501000210C4B4FF47A7233F854
:1062C8001130023903F2E733C9B2B3FBF2F3022902
:1062D80000F1FF3210B54FEAC21296BF044CF0210C
:1062E80034F81110134400FB013010BDCC6C0201CE
:1062F800946B0201D928F0B5054628BFD925BDF809
:1063080014600446303501F5A57006F00207ADB2F9
:10631800FF2D28BFFF2516F0010621D10FBB002B4A
:1063280000F0C580911EC9B2022996BF7B4D40F688
:10633800480135F811100844D92C7FD9D93C951E4D
:10634800F721A4B2EDB2002B00F0CF80F634022D75
:10635800B4FBF1F400F2C680714B33F815306BE0F2
:10636800EFB1911EC9B2022997BF6E4D4FF4147157
:1063780005EB4101C9880144D01E012837D801F630
:1063880014409830002E3BD0023AD2B2022A97BF6E
:10639800644BC02303EB42035B8A18444EE053B1BD
:1063A800911EC9B2022997BF5E4D40F6480105EB20
:1063B80041018989DFE7032A05D1691D89B289016D
:1063C80001F5C871D7E7042A05D1691D89B2090109
:1063D80001F5BF71CFE7022A0BBF05F10B0105F1EB
:1063E8000A0189B289B20CBF8900C900C3E7022A31
:1063F80001F19C0114BF4FF4B070B4200844C0E709
:10640800EBB1911EC9B2022996BF474D40F648012B
:1064180035F81110D92C084410D9D93C951EF7210C
:10642800A4B2EDB24BB3F634022DB4FBF1F459D853
:106438003C4B03EB45031B8B03FB0400F0BDF12C25
:10644800214628BFF121032A05D1133189B28901D8
:1064580001F5C871DEE7042A05D1133189B20901B3
:1064680001F5BF71D6E7022A0BBF1931183189B27D
:1064780089B20CBF8900C900CCE7B4FBF1F3022D47
:10648800DBB239D8294931F8151001FB0300C3EBF9
:106498004311C3EBC103E41AA3B2002BCED00833D7
:1064A800032A9BB22BD19B0103F21A4375E7032AF7
:1064B80006D10535ADB2AD0105F5C87528443BE7F1
:1064C800042A05D10535ADB22D0105F5BF75F5E7EF
:1064D800022A0BBF0B350A35ADB2ADB20CBFAD0009
:1064E800ED00EBE740F69213A6E7B4FBF1F3022DBB
:1064F800DBB201D80E49C6E740F69211C5E7042A77
:1065080003D11B0103F5467347E7022A0BBF9B0023
:10651800DB0003F5BB7303F5CD733EE7A06B020107
:10652800AC6B0201946B0201A06B0201AC6B02011F
:10653800AC6B0201294B5A6A10B5D2F80F30C0F87B
:10654800CC30537D117D1B0443EA0123D17C0B43DE
:106558006FF45061C0F8D430B2F8193059180629D0
:106568008DBF40F2E241A3F550634FF47A714B437B
:106578008EBF00214B430121C0F8C83080F82A1192
:10658800937DF9B103EB830303EB83039B00A0F82E
:10659800DC30B2F81730F1B164214B43C0F8D83081
:1065A800B2F81B30A0F8D030B2F81D30A0F8D230C5
:1065B80092F8243003F01F025B0980F8232080F84A
:1065C8002B3110BDC3EB431403EB840303EB8303AC
:1065D8005B009BB2DBE740F2E241DEE750100021AE
:1065E8000346074A506AD3F86920C0F80320B3F875
:1065F8006D20A0F8072093F8681008F0FCBC00BFD5
:1066080050100021D0F8803073B50BB101221A6008
:106618004388DB0727D50023144E056ACDE90033EC
:1066280002238DF80630FF2333776846FBF788FA94
:10663800C8B9009CA542F8D005F1B40395F8B32079
:1066480004F1B40194F8B30008F0A3FA0028ECD0E0
:1066580094F8AC30B4F8B1203377D4F8AD30C6F83C
:106668001D30034B9A8002B070BD00BF501000214E
:106678006D10002138B5084D044600F16901062364
:10668800686A002208F096FD94F86810686ABDE808
:10669800384008F0B0BC00BF5010002170B5044667
:1066A8000E461346407F6588324615F0040118BF30
:1066B80004F17701FDF740FE4107054621D4C207E2
:1066C8000BD50123607F84F86830FDF799FE0368D5
:1066D800C4F869308388A4F86D30AB0701D4012071
:1066E80070BD094B0121586AD4F8773084F87610C8
:1066F800C0F80930B4F87B30A0F80D3008F084FCFD
:10670800EDE70020ECE700BF5010002110B504466B
:10671800084694F8D8306BBB2378082904F1DB02CB
:1067280084F8D93016D004F1DA01FDF7DBFD20B981
:106738004FF477612D20FAF7E1FD94F8DA3043F051
:10674800020384F8DA3004F1D0000B49BDE81040A8
:1067580008F088BE094B586A034613F8031BC1F3B7
:10676800801184F8DA10D0F80310C4F8DB109B8885
:106778009380E8E710BD00BF2D02010150100021F1
:1067880070B504460E461546FDF73EF998B92378CC
:10679800A4F8C16084F8C030637C84F8BF500BB1A2
:1067A80094F8483004F1B60084F8C3300249BDE8D3
:1067B800704008F057BE70BDF703010138B5B0F856
:1067C800483004461A4D0133C3F30E03A0F848308D
:1067D8002B7B2BB102F02CFF01F014FF00232B734D
:1067E80000232B7094F889302BB101212046BDE895
:1067F800384009F084BC637CBBB1B4F848209A42A5
:1068080013D30121204609F07AFC63882046DB0770
:1068180047BF236A432243224FF6FF7148BFB3F8AC
:10682800AA10BDE83840FFF7ABBF0021DEE700BF84
:106838005010002110B5FFF733FD064C28B1237B1B
:106848001BB102F0F5FE01F0DDFEA06ABDE81040C4
:10685800FFF7B4BF501000212DE9F0410746FFF7BC
:106868001FFD054620B940F682412D20FAF746FD66
:10687800214CA26A166A0EB196F829611FB3616AA3
:1068880002F1690392F8682011F8097BF80908F009
:1068980080F9C0B13146606A08F0DBFB98B1A56A9F
:1068A800FFF7FEFC10B940F65C41DEE72378284686
:1068B800E26A07F00F0103F180435269013B52F885
:1068C800233098470546237B1BB102F0B1FE01F047
:1068D80099FE7DB1A06A09F0CBFB30B102F074FCDF
:1068E800E36ABDE8F0419B681847A06ABDE8F0413B
:1068F800FFF764BFBDE8F081501000210346074A46
:10690800906A03B909B9FFF759BF1378D26A03F13E
:1069180080431269033B52F8233018475010002176
:1069280003292DE9F043054685B0174607D143886A
:10693800980723D40024204605B0BDE8F083428898
:1069480090F88830D107DBB2F4D5002BF2D14FF0A4
:106958000108DFF8D49099F80C60C6B108F05DF929
:106968000828387016D002AA0DF10701FDF7BAFC05
:1069780038B940F6F7612D20FAF7C0FC4FF002084D
:10698800E7E702A99DF8070009F048FA06463B78B0
:10699800082B08D1D9F8241011F8030BC0F3801084
:1069A80009F03CFA0646D9F8241005F1700395F869
:1069B8006F2011F8030BC0F3801008F0EAF8D9F83B
:1069C8002410044611F8030BC0F3801008F01BF9DB
:1069D8008146FDF727FD40B1B9F1080F1BD04846A5
:1069E800FDF7ACFB80F00103D8B23A78082A14D03E
:1069F8001CB96C7FA21A544254416A8853079AD42E
:106A0800002897D176B9EC7C444518BF002C0CBF00
:106A1800012400248FE70020E7E780F001022240EC
:106A2800D4B2EAE7344686E7501000212DE9FF4149
:106A380008230DF10702052104468DF80730FFF7FA
:106A48006FFF054620B90025284604B0BDE8F0814F
:106A5800FCF7E0FA06460028F5D1344F0DF1080896
:106A6800216A7A6A91F817C0104610F8033BC3F3FD
:106A7800401303EA0C03CB75D2F80330C1F8AD30EC
:106A88008388A1F8B1301146D4F820C011F81F3B13
:106A9800C3F380138CF8AC30D2F81F000B79029046
:106AA80060468DF80C30FFF745FD434694F91220F7
:106AB8000121206A09F011FC216A84F895602046BA
:106AC800B1F8AA309DF80720A4F89630FF2384F87F
:106AD800B3304FF6FF73A4F8B43009F029FC144919
:106AE80004F18C0008F0BEFCFCF78EFF60B9236A45
:106AF80004F1C4000F49B3F8AA20A4F8CD20DB7D27
:106B080084F8CF3008F0AEFC236A00222046B3F8A0
:106B1800AA10FFF735FE084B00221B683A70002BBD
:106B280092D02146206A98478EE700BF5010002176
:106B380097020101170201012C180021032973B5DE
:106B4800044604D0052927D0012002B070BD0823CF
:106B58000DF107028DF80730FFF7E2FE0028F3D0A9
:106B6800237C23B19DF807102046FFF7CFFD0F4D7A
:106B78000622042620466B6A5A701E70FFF730FD05
:106B8800686A94F85C20A16D08F054FA686A2E705F
:106B980002F094FC0020D8E7054B1B68002BF9D0C5
:106BA800984780F00100C0B2CFE700BF5010002125
:106BB80028180021F8B504460F4619B300F130052E
:106BC800284609F082FEA0B963881A072ED5284600
:106BD80009F090FE0646284609F077FE301AC0B242
:106BE80009F096FE474A536803442846536009F063
:106BF8004BFE284609F04DFE02F0A0F92179252028
:106C080002F0B4F83F4E002394F87620706A0370BF
:106C180043706388103B0D2B64D8DFE803F05F6393
:106C28005B0C634063636363636363402046BDE852
:106C3800F840FFF7C3BD06234370202303702046A6
:106C4800FFF7CEFC638823F008039BB2152B05D011
:106C580094F85420216D706A08F0DDF9706A02F02A
:106C68002DFC032321790020337002F075F90546C5
:106C780007B9B06063881B0704D509F046FE0544D0
:106C8800C4F81C516388103B0D2B36D8DFE803F09D
:106C980038352F2F352F353535353535352F0C23EC
:106CA80021214370034603F8091B52B1D4F8772019
:106CB8000121C0F80920B4F87B209A8008F0A4F9D3
:106CC800BDE7226FC0F80920B4F874209A8094F8C0
:106CD8006F10F3E7062303704370B0E702230370D5
:106CE8000623F9E740F259612D20FAF707FB2179CD
:106CF8000120BDE8F84002F0C5BC40F6F541F3E7D5
:106D0800F8BD00BF5010002138B543880446102B49
:106D180004D10121BDE83840FFF74CBF0B4D2B7B58
:106D280023B101F053FC402002F076FC686A02F0BF
:106D3800C5FB608810F0040002D1217902F0A2FCA2
:106D4800002002F023FC01232B7038BD50100021D5
:106D5800024B0121986AFFF72DBF00BF5010002198
:106D680010B5144C237B1BB102F062FC01F04AFC05
:106D7800A06A09F07DF9A16A18B14B8803F01803DD
:106D880023B90846BDE81040FFF718BDFFF788FA99
:106D980020B940F686312D20FAF7B0FA2378084654
:106DA800E26A03F18043D268013BBDE8104052F823
:106DB8002330184750100021064810B5037803F017
:106DC800FF042BB92422214606F06CF9204610BD99
:106DD8000C24FBE75010002110B50023094C237048
:106DE800FCF704FE6062FFF7E7FF20B14FF4427141
:106DF8002D20FAF783FAE36A13B940F20B31F7E76B
:106E080010BD00BF50100021014B024ADA627047E2
:106E18005010002120720001044B054A1A60054BEE
:106E2800054A1A60054B064A1A607047281800215F
:106E3800356A00012C180021C70001013018002113
:106E4800116F00012DE9F041067D0446B31E06F0DE
:106E5800FD06DBB2012B8CBF4FF000084FF0010894
:106E6800371E18BF0127012B1AD800F1700190F8BE
:106E78006F0007F0C8FE054663889B0617D4082DE7
:106E880010D186B3FCF7C0FDB8BBE37E93B3D4F84A
:106E98001530C4F86930B4F81930A4F86D3006E03C
:106EA8000825E9E72846FDF755F90028E9D165776F
:106EB80084F81C8084F86870FDF70EFA054603F024
:106EC8002FFD00220F4B84F87620E5FB0301C4E96F
:106ED800180111462046FFF7E1FB60B940F2A341D3
:106EE8002D20FAF70BFA04F169013046FCF7C0FFD0
:106EF8000028DCD10020BDE8F08104F169010120FF
:106F0800F4E700BF40420F002DE9F04385B00823A5
:106F1800052104460DF107028DF80730FFF700FD43
:106F2800002879D0FCF776F8002875D13C4D02AFDF
:106F3800206AFFF7FFFA6B6AD3F81F0093F8232043
:106F480002903A71226AD3F80310C2F8AD10B3F870
:106F58000710A2F8B1101B78206AC3F3801380F8D9
:106F6800AC30304B1B6813B1012221469847D4F846
:106F780020800E23686A082698F8AC900022437097
:106F88004FF00301C378067003F03F03C37008F0A5
:106F980030F92046FFF76EFB4946686A08F034F876
:106FA8000623012208F1AD01686A08F003F9617946
:106FB800FF2001F0DBFE686A02F080FAD4F8208036
:106FC8002046414609F0DDFB3B46014694F9122074
:106FD800404609F082F9216A00239DF807202046DF
:106FE80084F89530B1F8AA30A4F89630FF2384F8D5
:106FF800B3304FF6FF73A4F8B43009F099F9236A57
:107008002E70B3F8AA20A4F8CD20DB7D84F8CF3009
:10701800012005B0BDE8F0832046FFF7CFFBF7E776
:10702800501000212C1800212DE9FF41564F04462D
:107038003A7802F0FF0312B90278FF2A04D140F629
:10704800DD112D20FAF75AF97B60FB817B7380F8FC
:1070580089304E4B684604F1300500934C4B019340
:107068004C4B0293FB6A5B68039302F011FA01F040
:10707800F1FE02F0DDFA01F0C5FA474801F054FFCD
:10708800464802F0FFF9284609F0FEFB284609F0B9
:1070980000FC01F053FF2179252001F067FE94F9E7
:1070A800120001F03BFF04F15001E06C06F00EFE07
:1070B800064604F15801E06C06F02FFE8046002ECB
:1070C8003AD094F82430BBB3B4F94850ED43ED0FEF
:1070D800237F13B963885B0709D56FF00043D4E9B0
:1070E80018129A4208BFB1F1FF3F2FD1ADBB94F8F7
:1070F8008B301BB946EA0806F6B2AEB1638813F0C6
:10710800100511D1606CC0F30B2009F045FB94F811
:10711800463084F84500C0F3032023F00F030343EF
:1071280084F8463084F88B50786A0330FDF7F2F81B
:10713800387304B0BDE8F081B8F1000F04D094F8BA
:107148002550002DC0D1C3E74546C1E703F0E8FB51
:10715800D4E9182390429941C8D3012229462046F0
:10716800FFF79CFA50B1FDF7B7F8054603F0D8FBD6
:107178000B4BE5FB0301C4E91801B8E7002DB6D0B5
:1071880040F61C215DE700BF50100021696D000129
:107198006168000105690001D6BE898E5555550004
:1071A80040420F00024B9862DB6A1B68184700BF19
:1071B8005010002143881A0710B504460FD5036AFA
:1071C8003C2210498C304272B3F8AA304381FF2325
:1071D80080F827304FF6FF73038508F043F963887A
:1071E8002046DB0747BF236A3C223C224FF6FF714B
:1071F80048BFB3F8AA10FFF7C3FAFF2384F8893011
:1072080010BD00BF970201013D040101116D00018D
:1072180043040101456B0001B30701013D6800010A
:10722800596D000110720001147200011C720001F6
:107238000138022808B503D9C4212F20FAF75EF8CF
:1072480013290A4B05D811290CD8102907D0D221A7
:10725800F3E71529FBD103EB4003D88801E033F8A5
:10726800100008BD03EB40039889FAE7B66B0201EA
:107278002C4A38B50346948810681C43402B9480E8
:1072880004D10421BDE83840FEF758BF802B01D156
:107298000521F7E703F00304032C04D140F6A431D9
:1072A8003120FAF72BF8DD0706D50C6891602478B1
:1072B800062C1AD00B2C22D09C0711D50C682178EB
:1072C8000729117329D00B2922D0052908D1C17BA0
:1072D800182905D1002400250121C0E91E450175A2
:1072E8009B0644BF0823537338BDC47B1C2CE3D1D1
:1072F80000240025C0E91C450124C474DCE7C47BD4
:10730800122C01BF0024C474012480F85240D3E732
:10731800C17B1129E4D10021E1E7617880F8A01050
:10732800DEE700BF801000210C4A0346517B89B973
:1073380010683BB9B0F81011B0F8F420914209D8A0
:10734800FEF778BE93881B0706D5007C083818BF5F
:1073580001207047002070470120704780100021ED
:1073680073B5044600680D46036813F0300F49D121
:10737800B1F805101A2904D9B5F80730B3F5A47F78
:1073880006D22978204602B0BDE8704008F079BAE4
:10739800B5F801201A2AF4D9B5F80360B6F5A47F28
:1073A800EFD3E830009608F017F9174B9A88920740
:1073B8000DD51B7B142B0AD12268136843F01003E8
:1073C8001360204608F01BFA002002B070BD236845
:1073D8009A7B212AF0D093F82F31002BECD1236827
:1073E80093F82E31002BE7D123681A6803F1E801DE
:1073F800B3F8AA0042F020021A6003F5B172FDF753
:10740800C1FADEE70120E0E7801000212DE9F8430A
:10741800854D06462C68002840F0C480AB881907C3
:1074280046D594F89E302A2B16D00CD81C2B13D096
:10743800222B18D094F89E30FE2B20D140F2FB511D
:107448003120F9F75BFF3C2BF4D1784B1B68002BFC
:10745800F0D028469847EDE7002384F84131724878
:1074680008F0C5F9E6E784F84201714B1B68002B68
:10747800F5D004F5A17104F1A4009847EFE7FE23C5
:1074880084F89E30E37B1E2B06D10027664884F8DB
:10749800517008F0C6F9E773A37B242B2AD0372B49
:1074A80030D0237C082B02BF0223AB7384F89E30B4
:1074B800AB88DA074FD5D5F80080A96898F80F305F
:1074C800D1F80090113B99F800700F2B0BD8BB1E18
:1074D800DBB2092B00F2A68040F2333222FA03F322
:1074E800DB0740F19F8009793846FDF745F888B9F0
:1074F800394680E0E37B243B072B94BF2B232523CD
:10750800A373CEE7012384F8C5320023A37384F85C
:107518004A30C6E7012F01D9162F4ED198F80E0030
:1075280008F09FF940B198F80E30242B04D0252B91
:1075380034D12B2388F80E303846FDF7AFFC0346CC
:10754800002849D1FF2FD3D12B69002B51D02B68AC
:10755800012283F8C622AB88580704D5227C072A63
:1075680004BF0122AA7399074CD5287B01222B68F6
:107578000D2883F89F2042D011284CD007284CD0E2
:10758800FDF796FC034600283AD12A7BFF2A46D10C
:107598002A68372182F8C402917333E0162F14BF8A
:1075A800022620266B7B1B0704D5E37B113B0F2BA0
:1075B80098BF08263046BDE8F883112F15D005D8A6
:1075C800072F14D00D2FB7D11A4B05E0142FB3D1C4
:1075D800194B1B68002B8BD0AA68494612481279B0
:1075E80098470028B7D00646DCE7144BF4E7144B5D
:1075F800F2E799F800100C4808F043F9F1E7114B4D
:1076080009489847AB88DA06CCD5E37B0A2BC9D161
:107618000B23E373C6E70C4BF2E70C4BF0E740F2A1
:10762800EE510DE70826BDE7801000217C180021E7
:1076380058180021C10A0101381800210D0B010159
:1076480065770001210901016D090101DB090101CB
:107658000029034608BF1F21262870B5144639D8CB
:107668001C2806D8A0F10E03DBB2092B1CD9002078
:1076780070BDA0F11D02092AF9D801A050F822F026
:1076880019770001777600017776000129770001E4
:107698007776000177760001037700010377000110
:1076A8000377000137770001012540F251269D40FC
:1076B800354015D1082BDAD11668B37B252B14D1A8
:1076C8002046FCF791FA86F838510023B37386F800
:1076D8004A30CCE73B2832D03E28C8D1194B27E0A6
:1076E8000021BDE8704009F09BB92B2BBFD1F37B7B
:1076F800243B072BE9D92A21E2E7134A1568002D14
:10770800B5D00A46204619462B46BDE870401847B2
:107718000E4B1B68002BAAD00A461D212046F4E711
:107728000B4B1B68002BA2D00A462021F6E7094B19
:107738001B68002B9BD02046BDE870401847064BBD
:10774800F6E700BF681800213C18002148180021FE
:10775800501800215C1800218418002170B54B785E
:1077680004460268262B5CD01DD81D2B957B54D06F
:107778000FD8A3F10E02D2B2092A08D8012140F28B
:10778800512001FA02F6064220D1082A24D000200E
:1077980070BD232BFBD12D2DF9D1254B1B68002B58
:1077A800F5D09847F3E73E2B3DD005D82B2B3CD09E
:1077B8003B2BECD11F4BF1E7FF2BE8D11E4B1B698C
:1077C800002BE4D0012382F8C632E0E722461846AF
:1077D800BDE8704009F024B9252D01D02B2DD6D154
:1077E800204608F004F82368DA7B262ACFD093F8DD
:1077F80063201A21204622F0010283F863202268C0
:1078080092F8633023F0080382F86330FCF7ECF950
:107818002368002283F83821B9E7362DB7D1074B02
:10782800BCE7074BBAE7074BB8E7074BB6E700BF1B
:107838004018002188180021801000214C180021D0
:10784800601800216C180021741800212DE9F347F5
:1078580090F8D28204460D4690F8D362B8F1000F32
:107868003BD190F82071002E39D194F821A184F8E9
:10787800207184F821A1FF2384F822311A4B04F1E6
:10788800A8091B6813B1394648469847174B1B6827
:1078980023B13A46514601A80194984794F83831E3
:1078A800012B02D058EA060603D0237B43F00103DC
:1078B8002373484607F0AFFE18B1237B43F0020359
:1078C800237306212046FEF739FC002384F838315B
:1078D8003DB1A37302B0BDE8F0874746C3E7B2469F
:1078E800C5E7E573F6E700BF4418002178180021C2
:1078F800024B0020C3E90400704700BF801000213C
:1079080008B50022044BC3E90422FDF7A5F8BDE839
:107918000840FDF78DBB00BF8010002173B5514DA5
:10792800002604462860AE806E73AE73FF2380F88D
:107938004C30B0F8DA31002B00F0828090F89E309D
:10794800FE2B7DD190F82C31002B79D0037C073B9E
:10795800012B75D990F82D310221A0F8446001223D
:1079680080F8A03008F0E5FF0221284684F8E2619B
:10797800FDF7FEF8B4F8DE112046B4F8DE30013920
:10798800B4F8E02189B2B1FBF3F31344A4F8E03171
:10799800B4F840300B44A4F8403008F0F8FF10B1B8
:1079A800636B0B446363B4F8DA310026012B9CBF88
:1079B8000133A4F8DA3109B184F8E661E37B84F88D
:1079C800E2610A3B012B0FD8E388B4F8D0229B1A56
:1079D800190409D404F2D22104F1170007F068FA57
:1079E800E673FF2384F84B30B4F8DE2104F1A801D4
:1079F800204607F0A4FAE37B1B49113B1B4A0F2BD7
:107A08008CBF002301230093194B2868FBF7DEF88D
:107A1800696911B1002001F0FDFD2C68237BDA07AC
:107A280003D500210F48FCF7DFF8237B9B0703D51C
:107A380004F25910FCF7A0FF0023237302B070BDB5
:107A480094F89E10FE2901D0064891E7094B1E685C
:107A5800002E8FD003F0B4F802460B460148B04719
:107A680088E700BF8010002179720001317300019E
:107A7800917A00018C180021024B1869003818BF50
:107A880001207047801000212DE9F04FDFF8E481D4
:107A98000F4687B08146B8F80410D8F800408D0525
:107AA800204655BFB4F8402000230132A4F84030E6
:107AB8004CBF84F8E631A4F8402008F068FF38B1DC
:107AC8000B4604F5A87204F1A8012046FDF71EFC38
:107AD800B8F8043003F4C06333B1A37C002B00F082
:107AE800A080032B00F0A380A27CB8F80430012A00
:107AF80003D1180544BF0222A274B9F1000F40F067
:107B08004E81590657BFB4F800224A46013292B254
:107B1800A4F8002203F00A020A2A0FD198F80C20D0
:107B2800022A0BD123F008033846A8F80430FFF7DF
:107B38006DFC38430823C7B2A8F804303846FFF76D
:107B480065FCD8F810303843C7B2002B50D0142247
:107B5800002101A805F0A6FA94F8210101F086FF9A
:107B6800054694F8210101F079FF05F5FA754FF4FF
:107B78007A7394F82911B5FBF3F5B4F8AA300544E3
:107B8800D4F8C800ADF80430E388ADF80A50ADF871
:107B9800083007F0D8F894F8C632ADF8060033B1CB
:107BA800D8F808301A689B8804928DF814309DF82C
:107BB8000C3001A894F8C52262F300038DF80C304C
:107BC800D8F8103098470023049A84F8C63284F80D
:107BD800C5326AB194F8C43253B9A37B372B07D0A6
:107BE8009DF8143023B11178FF2924D11B2B29D9F2
:107BF800D8F8006096F89E30FE2B4BD1002F49D163
:107C0800337C073B012B45D996F82C3113B396F8F2
:107C18002D3101220221A6F8447086F8A0303046A2
:107C2800EFE10121A1742046FEF788FA5CE7022300
:107C38000121A374F7E70729DAD1022BD8D15178AB
:107C4800FF29D5D10121C4F8C82284F8C73284F8A5
:107C5800C412CDE796F80FA0AAF1100A5FFA8AFAC3
:107C6800BAF1100F40F257813368DA0704D53A4663
:107C78000921D4E7801000219D0740F1EE803A46A3
:107C88000C21304608F055FE96F8533043F00103B6
:107C980086F85330B4F8E03194F8E3510133A4F88E
:107CA800E031002D00F0F882FBF7E6F810B1002370
:107CB800A4F8E031B4F8AA0008F0DEFFA37C8246FD
:107CC800B4F8DE60012B40F22683237C082B40F0B9
:107CD800FB82B4F84030022B40F21D83B4F84250C6
:107CE8000135ADB2E388DFF8A8B22B44A4F8D83147
:107CF800DBF80030002B00F01283012E40F20F83D6
:107D0800FBF7ACF8DBF800300246E18820469847DC
:107D180000F1010B1FFA8BFB94F8E431002B3AD1E8
:107D2800012D38D9E37B0BB10B2B34D1A37B93BB4B
:107D3800237C83BBA37C022B2DD194F8E63153BB63
:107D4800D4F8C00005F009FE28B394F89E30FE2B45
:107D580021D1B4F8DA31012B1DD9B4F8E021B4F8F7
:107D6800D0309A4217D2BAF1000F02D0BAF80E10EA
:107D780089B9013D9B1AADB29BB2B5FBF6F59D42A0
:107D880028BF1D4605FB06B6003D1FFA86FB18BF37
:107D9800012584F8E251E3889B44A4F8DCB1B8F8E3
:107DA8000430D8F800505E0657BFB5F8EC31002310
:107DB800B5F8DE219B1858BF9BB2A5F8EC3195F8B1
:107DC8002C311BB92B7C073B012B06D8B5F8443066
:107DD800B5F8DE211344A5F8443095F84A1031B1BE
:107DE800B5F84630B5F8DE211344A5F8463095F9C4
:107DF8005020002AC1BFB5F84E30B5F8DE011B1877
:107E0800A5F84E3095F831306BB9B9F1000F40F054
:107E1800DA8298F80E30022B40F0848295F8A03070
:107E2800062B18BF162395F8302022B9594885F833
:107E38003130FDF797F8284608F09CFE564B1B6832
:107E48001BB1564A204611689847002384F84C30E5
:107E580007B0BDE8F04FFBF7DDBF580702D53A463B
:107E68001321DCE6190706D596F898303A4686F8C5
:107E7800A0300721D3E61A0602D500221B21CEE640
:107E880013F0300238D096F82F31002B60D196F8D5
:107E98002E31C3B1F37B06F1A80006F5977106F2FF
:107EA800D222292B26D0B37BA3F129056B426B4143
:107EB80007F066FB336823F0200343F010033360B8
:107EC800002386F82E313368DA0641D506F1A8007A
:107ED80007F0A1FB18B106F25910FCF74DFDB6F8F2
:107EE8000A3100221521A6F8A030B6F80E31A6F8FE
:107EF800A23094E60123DBE713F0400101D02421EE
:107F08008DE613F4807202D00A461E2187E6DB0450
:107F18001ED52C2183E6D8F80050EB7B182B3FD0D8
:107F280011D8112B26D0162B28D0B37B002B7BD150
:107F3800F37B103B102B7FD996F83E30002B7BD07B
:107F4800012212216BE6202BEFD13A46062113E0DD
:107F5800D8F80000C37B352B51D006D8262B53D038
:107F68002F2BE2D1002220214BE04E2BDDD1002225
:107F78003C2146E03A460B21284642E02846FDF7D8
:107F880065F800283FF486AE00220421F4E700BF1C
:107F980064180021801000215418002138000021A5
:107FA80095F8C032012B07D13A460521284608F03A
:107FB800C0FC85F8C0726DE695F8C032022BD9B2C4
:107FC8007FF468AE95F8523053B106233A4685F8E7
:107FD800A030284608F0ADFC002385F8C032EAE757
:107FE800D8F8003040F20632A3F89A203A4695F8BD
:107FF800623013F0040F0CBF0D211121E9E70022B4
:10800800112108F096FC45E690F83831022B02D190
:1080180000221721F5E790F83831012B85D190F827
:108028003931002BF4D080E7092B05D196F8993027
:10803800012286F8A0301CE7BAF1100F7FF62AAEAD
:10804800D8F8005095F80EA0BAF1000F40F0B980AA
:1080580095F83F313BB101220E21284608F069FC12
:1080680085F83FA1A7E795F83E3183B195F853A06D
:108078001AF0030B0BD14AF0010A01220C21284601
:1080880008F057FC85F853A085F83EB193E795F8BA
:10809800403173B195F86930DB0902D001222B21F8
:1080A8006AE7A64B1B68002B00F08B80A448984712
:1080B80087E095F82E312BB395F82F3113BBEB7B66
:1080C80005F1A80005F5977105F2D222292B17D0E2
:1080D800AB7BA3F129067342734107F051FA0023E1
:1080E80085F82E3101221421284608F022FCB5F823
:1080F8000A31A5F8A030B5F80E31A5F8A230C9E5C7
:108108000123EAE795F83831012B6ED195F839311A
:10811800002B6AD1E87BA0F12403072B65D995F8D9
:1081280020114B1EDBB2032B09D895F82121DFF86B
:1081380014C2013A1CF803E0D2B2032A04D94FF45E
:108148003F710620F9F7DAF8BEF1020F95F83A31D7
:1081580014D0BEF1030F13D0BEF1010F04D1012BCF
:1081680014BF002301236BB9A0F14703012B28D9C1
:108178000A38042825D901221621FDE6022BEFE74B
:10818800042BF1D11CF8022095F83B31022A24D0A7
:10819800032A24D0012AE7D1012B14BF002301238D
:1081A800002BE1D0EB8805F53472B5F83C0106F0F8
:1081B80065FC8246B0B901466148FBF715FD85F8B4
:1081C80038A1B37B002B7FF465AD96F8C432002B41
:1081D8003FF460AD0122FF2121E5022BDDE7042BEE
:1081E800E0D0C1E72C23AB7354E595F8423113B1C5
:1081F80001222221C0E695F8413143B1524B504843
:108208001B689847FE280146DBD00122B4E695F8A2
:108218004A3113B101221D21AEE695F84B3113B155
:1082280001222621A8E695F8CC3213B101223E217D
:10823800A2E695F84C319BB1D8F800301021B3F87C
:10824800AA00F9F743FC03699B0706D53F4B3C4856
:108258001B68984701223B218EE63D4B1B6825E7AA
:1082680095F84E314BB195F8393133B9EB7B243B56
:10827800072B02D9012223217EE695F84D31012BE7
:1082880005D1002385F84D310122252174E695F8A2
:108298004D31022B95D1F4E7FAF7DAFD08B1A4F8CD
:1082A800E051FAF7F1FD00283FF404AD94F8E63107
:1082B8000133DBB2022B84F8E63182BF0023A4F835
:1082C800E03184F8E631F5E494F83E3013B1A37B4D
:1082D8000F2B20D1B4F842502046B4F84030B100FA
:1082E8000135ED1AA5EB860508F051FBA8B1A36B83
:1082F800626B01339B1A5B1A9D42A8BF1D46BAF1F7
:10830800000F05D0BAF80E30043B9D42B8BF1D4699
:10831800012D3FF7E6AC0125E4E42B46ECE74FF0EE
:10832800010BF9E4012B15D16B7C002B7FF47BAD9D
:1083380000212846FDF702FF80E500BF74180021E0
:1083480080100021C86B0201341800218018002118
:10835800881800215FB1F80633D4390733D4BA0638
:1083680033D4BB0733D14FF431613120EAE639B158
:10837800B5F84610B5F84830994201D3222352E5A2
:10838800002A05DDB5F84E20B5F848309A42F5D2F6
:10839800B5F84420B5F842309A4209D2AA7CB5F81B
:1083A800403052B1B5F842209A42C1D808233AE584
:1083B80095F82C31002BE1D1F0E7052BB8D93E23F5
:1083C80031E51E232FE53D232DE523232BE52A2325
:1083D80029E500BF73B504460190D0F8D802D4F857
:1083E800C830984214D1D4F8DC62D4F8D030F61AE8
:1083F80018BF012694F8E432002B3ED0B4F8AA0046
:1084080008F03AFC30B940F668513120F8F776FFA9
:108418000126EFE7B4F8E022B4F8DE309A421AD128
:10842800B4F8E23282899B1A18BF0123A57B472D35
:1084380015D0E27B472A10D00025B4F8DE2201A827
:10844800D4F8D812FCF73CF88DB30023A3730323A8
:10845800A37402B070BD0123E8E73343ECD0154B99
:108468001B6813B940F67351CFE7A5F14702002105
:1084780001A8554255419847DFE7002EDCD0B4F8F3
:10848800AA3094F82911A4F8A13106F05CFCB4F8DC
:10849800DC32A4F8A30104F29710A4F8A531B4F8CB
:1084A800DE320549A4F8A73106F0E5FFC4E7E57315
:1084B800CDE700BF7018002105FA000108B5FCF7E8
:1084C8002BFB024B024A1A6008BD00BF3818002176
:1084D80069730001014B5870704700BF9810002164
:1084E800014B1874704700BF28110021074B93F9FE
:1084F80000301844142804DC10F17F0F03DB40B26D
:108508007047142070476FF07E0070479611002165
:108518007F2307B50DF107008DF8073001F096F8B5
:1085280003469DF9070053B1094B5B785B425BB288
:108538001844142806DC10F17F0F05DB40B203B0A5
:108548005DF804FB1420FAE76FF07E00F7E700BF40
:1085580096110021024B00221A705A70704700BF12
:1085680096110021014B1870704700BF9811002127
:1085780008B500F099FB00F0B7F800F005F8BDE881
:10858800084001F019BB00BF034B00214FF4805293
:108598001970A3F8012070479C11002170B5064698
:1085A800022014460D4600F0BFF8064B0122033C9A
:1085B8001A70054BC3F81045C3F80865C3F804558D
:1085C80070BD00BF9C11002100E00041022008B5E9
:1085D80000F0AAF8084B002208484FF0010C08499F
:1085E80080F800C0C3F80021C3F80421C3F80821AB
:1085F800C3F8801008BD00BF00E000419C110021B5
:1086080003000080104B1A785AB110490020C1F8B5
:108618008000D1F800213AB91021002099705A70D1
:108628001870002000F080B8D1F80421002AF3D097
:10863800D1F8082122B9D1F800140122C9B2ECE717
:1086480010210246E9E700BF9C11002100E000412B
:1086580008B5164B1A78B2B1C823154AD2F80011DA
:1086680041B1D2F8040120B1D2F80801B0FA80F083
:10867800400908BD013B13F0FF03EFD10620FCF7CA
:108688004BF9002008BD5878C823A0F10202B2FABD
:1086980082F2520900E01AB1013B13F0FF03FAD14C
:1086A8000228EBD0431E5842584108BD9C110021B6
:1086B80000E000410A4B1A787AB10A4BD3F800213E
:1086C8004AB1D3F8042132B1D3F808211AB9D3F842
:1086D8000004C0B27047102070479878704700BFF8
:1086E8009C11002100E0004138B54FF480420C4B4A
:1086F800C3F88020BFF34F8FBFF36F8F094BD3F8B8
:108708000025032A01D101229A60064C0025C4F8ED
:108718000055C4F8005501F05DFBC4F8805038BD21
:1087280000E100E000E00041164BD3F80025032AE1
:1087380070B5054601D101229A60124C0026C4F892
:108748000065C4F8006501F045FB012DC4F88060A0
:108758000DD0022D01D08DB970BD03210A4A0B4BF3
:10876800C4F80015C4F81425C4F8803070BD02227E
:10877800054BC4F80025C4F8143570BD8C213D2084
:10878800F8F7BCFD00E00041A011002103000080C3
:10879800024BD3F8A00200F0010070470000FF016F
:1087A8000A4B4FF6FF72014610B4D3F8A442D3F82F
:1087B800A8329BB2934208BFB4F1FF3F14BF012017
:1087C800002001D00C608B8010BC70470000FF01B6
:1087D8000D4B70B4D3F89062D3F89452D3F8984202
:1087E80006EA0502D3F89C1222400A40013202D15F
:1087F800002070BC70470346066001205D609C60E5
:10880800D96070BC704700BF0000FF010D4B70B409
:10881800D3F88062D3F88452D3F8884206EA050276
:10882800D3F88C1222400A40013202D1002070BCD9
:1088380070470346066001205D609C60D96070BC8B
:10884800704700BF0000FF01EFF3108272B60F4BB4
:1088580093F83D1011B9BAB962B670475B78012B2D
:108868000FD0022BF7D18307F5D409480121094B12
:1088780010B40024C0F84045196102B962B610BCB2
:1088880070474107E7D4F0E7704700BFB0120021F6
:1088980000C000410080004130B5431E3C4C83B00D
:1088A8002072072B6AD8DFE803F03843484D695235
:1088B8005704384B0F22C3F81025A389B3F5166F58
:1088C80033D2A3F6381343F48073324DC5F8083514
:1088D80001F07F03C5F8543501AB94F9092001F084
:1088E80049FB9DF8050001F00DFC00284BD12849F3
:1088F8009DF9040001F0C2F8237A082B31D040F228
:10890800031240F25B632248C5F83425C5F83835B0
:1089180003B0BDE8304001F00FBB1E4B0322C3F883
:108928001025A389B3F5166FCBD3A3F51663CCE74F
:10893800184B0422C3F81025BFE7164B0522C3F8CD
:108948001025BAE7134B0622C3F81025B5E7114BDB
:108958000022C3F81025B0E70E4B0122C3F81025FA
:10896800ABE740F202220C4B0948C5F83425C5F89C
:10897800383503B0BDE8304001F0DEBA40F6455165
:108988003E20F8F7BBFC40F2E3513E20F8F7B6FC76
:10899800B01200210080004121100100364B421E18
:1089A80010B51872072A62D8DFE802F03540454A48
:1089B800614F5404314A0F24C2F810459B89B3F51E
:1089C800166F30D2A3F6381343F480722B4B01F0A4
:1089D8007F0100240828C3F80825C3F85415C3F8F4
:1089E8001C41D3F8002242F48872C3F8002236D022
:1089F80040F2031140F25B62C3F83415C3F838251E
:108A08001D4801F071FA1D4AD2F8683543F4C023B5
:108A1800C2F8683510BD9B890324184AB3F5166F50
:108A2800C2F81045CED3A3F51662CFE7134A042443
:108A3800C2F81045C2E7114A0524C2F81045BDE73F
:108A48000E4A0624C2F81045B8E70C4A0024C2F8BA
:108A58001045B3E7094A0124C2F81045AEE740F2D1
:108A68000221074AC3F83415C3F83825C8E740F689
:108A780045513E20F8F742FCB01200210080004129
:108A8800211001002DE9F043002383B0061E0D4696
:108A98008DF80630904614BF022304238DF8043065
:108AA80002F090F801284FF0FF3088BF00208DF8C1
:108AB800050001A804F0E6FB002840F0CE80714FC5
:108AC800012387F83D3001F03BFF04460028FAD027
:108AD800002E38D14FF0010997F8283087F8019017
:108AE800002B47D097F82A30002B4ED1664B674AA7
:108AF80033F8183003F5FA73A2FB0323644AA5EB95
:108B08009315644BC3F880203B69012297F829002C
:108B18001D44614BC3F8405587F828205C4AC3F8C8
:108B2800C02100284FD097F82A0000283ED0594885
:108B3800C0F88820D3F84031002B44D000242046C8
:108B480003B0BDE8F083012E40F08C8002237B70D7
:108B580097F82830002B66D097F82A3003B34D4B8E
:108B68000022C3F81C21D3F8002242F48872C3F80B
:108B78000022C9E7B97A4046FFF78EFE97F82A30F7
:108B8800002BB3D0434BC3F80090444B3F4A33F813
:108B9800183003F5FA73A2FB0323A5EB9315B3E78B
:108BA8003C4B293D3A4AC3F88420ADE7394BD3F80A
:108BB800002242F00102C3F80022D3F8503503F036
:108BC800F603022BBAD0344B0122DA64D3F84C35C1
:108BD800AB42B3DAFB89952B0CD9002E2ED0304B43
:108BE80005F129011846D9602E4901F079FA431C8C
:108BF800012B41D801A804F051FB002837D17B781C
:108C08009DF80420012B0BD0022B98D1930796D402
:108C1800214900201F4B0122C1F840051A618EE747
:108C280052078CD4F4E74046B97AFFF7B7FE97F8B5
:108C38002A30002BB4D0174B5E6090E7184B2835CC
:108C480018491846DD6001F045FA431C012BD1D9BB
:108C580040F2C2613E20F8F751FB40F65C313E20FD
:108C6800F8F74CFB40F634013E20F8F747FB40F696
:108C78009F313E20F8F742FB40F2CC613E20F8F7E6
:108C88003DFB00BFB0120021CC6C0201D34D621035
:108C98000B0000800080004100C00041E06C020130
:108CA80044000021246C020140220021094810B52B
:108CB80004F0F8F941F21114074B00224FF08240FA
:108CC800AA21C0F8004EC3F8402EC3F8442EC3F8BA
:108CD800001E10BDB012002100700041014BD88168
:108CE800704700BFB0120021024B012283F82A20EE
:108CF800704700BFB0120021024B0344187D00F5F5
:108D080016607047246C0201014B187F704700BF42
:108D1800B0120021024B98691B69C01A704700BF46
:108D2800B01200210D4A0E490E4810B50E4C137FA3
:108D380001EB830154F82330D2E90424C96B03F210
:108D4800F313A41AA0FB0303641AA4EB931401F011
:108D580037FF201841F1000110BD00BFB0120021FB
:108D6800246C0201D34D6210B86C0201FF2808B5CB
:108D78002AD80139072922D8DFE801F0041D161680
:108D88002104041A4FF44033144A1843144B40F09A
:108D98000070C3F81425C3F81805D3F8503503F04C
:108DA800F703032B15D008BD4FF440330D4AECE709
:108DB80000230D4AE9E74FF440330C4AE5E74FF446
:108DC8004F713E20F8F79AFA40F2CB213E20F8F78F
:108DD80095FA40F256313E20F8F790FA0801100053
:108DE8000080004108019063080000060801100196
:108DF80038B5144A144BC3F8AC210278032A1CD1A5
:108E080040780129114CD3F8141500F03F0062682E
:108E180021F470210E4D42F0030245EA000508BF17
:108E280041F40021C3F81415C3F80029C3F81059F8
:108E38000123626084F83C3038BD40F2AB313E20FB
:108E4800F8F75CFA0600008000800041B0120021AB
:108E5800803202002DE9F8432A4F4FF48078C7F892
:108E68008080BFF34F8FBFF36F8F01F061FD044621
:108E7800254D00264FF0010901F0A2FE001B234CEE
:108E8800C5F8FC6FC5F8FC9F206101F011F840F2AD
:108E98000123C5F83095C5F850364FF48013C5F84E
:108EA80000321B4B187C01F03FF904F03BF9194ADA
:108EB800A683A661268584F82A6084F83C60164B50
:108EC800C5F8A8210332C3F8C820013AC3F8C42062
:108ED80003F5405341F6F872C3F80425962310228F
:108EE800E381D5F800396360236CC7F88081C5F841
:108EF8000423C7F8008003B19847BDE8F84301F0A0
:108F0800DDB800BF00E100E000800041B0120021A0
:108F1800440000210300008000C00041014B58724A
:108F2800704700BFB0120021034B020E0002C3F8C5
:108F38002425C3F81C05704700800041044B054AEE
:108F4800034490721B7D03F516639381704700BF3D
:108F5800246C0201B0120021F0B5684C83B094F87B
:108F68002930002B00F0B58000284FF0000205469C
:108F78000F4614BF022304238DF806208DF8043011
:108F880001F020FE01284FF0FF3088BF00208DF847
:108F9800050001A804F076F9002840F09580012327
:108FA800574A84F82A0084F83D3084F82830D2F8EB
:108FB800003243F00103C2F8003201F0C1FC00287E
:108FC800FBD0002D59D0012D0AD04E4BD3F84C655B
:108FD800E389952B21D94FF4DA613E20F8F78EF911
:108FE8000223A17A38466370FFF7D8FC6378022B16
:108FF8007ED1444B424ADD645560D3F84C65E38921
:10900800952B0AD9404A06F1290340491046D360F6
:1090180001F066F80130012865D801A804F03EF98E
:1090280000285BD163789DF80420012B1ED0022B09
:1090380009D1930707D4334B0022C3F84025A3F581
:10904800804301221A612369F61A1DB106F129002D
:1090580003B0F0BD2E4B2F4A33F8173003F5FA73DF
:10906800A2FB032306EB931003B0F0BD5207E2D531
:109078002369F61A002DE9D1ECE70123A17A3846D5
:109088006370FFF709FC6378012B18D11D4A1C494E
:10909800D3640B60E389D2F84C65952BBDD91A4A85
:1090A80006F1280319491046D36001F013F801307E
:1090B8000128B2D940F2C2613E20F8F71FF94FF4F7
:1090C800E9613E20F8F71AF940F65C313E20F8F7DE
:1090D80015F940F206713E20F8F710F940F69F3175
:1090E8003E20F8F70BF940F2CC613E20F8F706F97C
:1090F80040F251713E20F8F701F900BFB01200218B
:109108000080004100C0004144000021246C02019D
:10911800CC6C0201D34D621010B5FFF7B3FC00B15F
:1091280010BD0346054C064A0121C4F8403502200B
:109138001161BDE81040FBF7EFBB00BF00C0004164
:1091480000800041F8B51D4D6B7F93B30446164669
:1091580008465CB1012C1CD00027296932462046FC
:10916800791AFFF78FFC034640B1F8BD012BAF69B0
:10917800297F16D000F09AFC0744EEE7104C012135
:10918800104A0220C4F840351161BDE8F840FBF7E9
:10919800C3BB012BAF69297F07D000F0BDFC074492
:1091A800DBE700F0A5FC0744D7E700F08DFC074497
:1091B800D3E740F6C1013E20F8F7A0F8B01200212D
:1091C80000C000410080004130B5414A4FF480742E
:1091D80040494FF0FF30D2F8045383B0C2F8080377
:1091E8000023C1F880414FF480113B4C05F0100575
:1091F800C2F800123949238584F82A30C1F840356D
:10920800C2F88830C2F88030C2F88430D2F85015DD
:10921800C9B249BBE389952B04D96378012B4DD09A
:10922800022B41D000222A4B94F83C10C3F810219D
:10923800228091B1C3F8AC21D3F8141584F83C20EE
:1092480021F470216268C3F8141522F0030224493E
:109258006260C3F80029C3F810191DB11C4B102215
:10926800C3F8042303B030BD01218DF80700C2F80C
:10927800103111619DF807304BB90CE09DF80730AB
:10928800013BDBB28DF807309DF807301BB1D2F8EF
:109298001031002BF2D09DF80730002BBAD140F6E0
:1092A800FF013E20F8F72AF800F026FF01300128D8
:1092B800B8D940F617113E20F8F720F800F016FF4D
:1092C80001300128AED940F611113E20F8F716F802
:1092D8000080004100E100E0B012002100C0004120
:1092E80080320200F8B50022314B324FC3F84825CE
:1092F800C3F84425C3F84025C3F84C25FFF764FF9D
:1093080000F0E2FE97F83D302BB103F0C1FF0028D2
:1093180043D187F83D00002003F0C6FF044600282B
:1093280040D1234D244EC5F8C401C6F88800C6F8BC
:109338008000C6F88400C5F8C800C5F8C400C6F89F
:109348008400C6F8800003F005FF1C4B41F6F87254
:10935800C6F8A8417C61C5F8C041BC61C3F80825BE
:109368004FF48072164BFC70C5F84845C5F8444563
:10937800C5F84045C5F84C45C5F84841C5F84441CD
:10938800C5F84041C5F84C41C3F88020BFF34F8F62
:10939800BFF36F8FC3F88021F8BD40F2AE413E2085
:1093A800F7F7ACFF40F2B1413E20F7F7A7FF00BF47
:1093B80000C00041B01200210080004100F00041CF
:1093C80000E100E0F8B52C4C2378B3B188B95F1EF2
:1093D800667FE08918BF0127002E47D0012BA569B9
:1093E800217F13D0012EA2783CD000F095FB4119C3
:1093F80011E0BDE8F840FFF7E7BE94F82A20637053
:10940800E37022B31D4AC2F84031F8BD012E22D0C4
:1094180000F04CFB411923690022C91A94F82A303C
:109428002280E3B1154BC3F84021A2783846FFF7F4
:1094380029FB03460028E8D1104C0121104A0220DC
:10944800C4F840351161BDE8F840FBF765BA2285DC
:1094580084F82A20F8BD00F04BFB4119DBE784F8BB
:109468002830E2E700F030FB4119D4E740F6C101AB
:109478003E20F7F743FF00BFB012002100C00041B3
:1094880000800041014BC3F83C0570470080004153
:1094980038B50446074803F007FF28B9064D94E895
:1094A8000F0085E80F0038BD40F668113E20F7F739
:1094B80025FF00BF51880001F4120021164B4FF020
:1094C800010C164A93F8281083F829C0C2F804053D
:1094D8005862F9B193F82A3083B11149114BC2F897
:1094E8008810D3F84031ABB100200E490B4B012254
:1094F800C1F8400503201A61FBF70EBAD2F8003212
:1095080043F00103C2F80032D2F8503503F0F603F5
:10951800022BE9D0704700BFB01200210080004143
:109528000B00008000C0004108B5144B19699A6906
:109538000844824217D20121114AD9705164D2F8E5
:1095480044350533834205D30E4BD3F8042102B9C1
:10955800196108BD00210C4BC2F84411C2F844053A
:10956800C2F8C43108BD0220FBF7D6F9044900202F
:10957800044B0122C1F840051A6108BDB012002150
:1095880000C00041008000410900008010B51D4C5A
:10959800034694F81DC0217FBCF1010F227AE089AF
:1095A8001ED000F0E9FAA369184483421ED20121B3
:1095B800154BE1705964D3F844250532904206D81A
:1095C800A3F58043D3F8042102B9196110BD002125
:1095D8000E4AC3F84411C3F84405C3F8C42110BDAA
:1095E80000F0AAFAA36918448342E0D30220FBF7EB
:1095F80093F905490020064B0122C1F840051A617C
:1096080010BD00BFB012002100C000410900008059
:1096180000800041704700BF044BC3F86005D3F8D1
:10962800002242F04002C3F8002270470080004147
:10963800054B0021D3F8002222F04002C3F8002293
:10964800C3F86015704700BF008000410C4AD2F88B
:109658001C319BB1D2F848350146012003F07F0345
:1096680010B45B42002483B00B70C2F81C41D2F8DE
:109678001C310193019B03B010BC7047184670471A
:109688000080004130B5264C83B094F82A30A17090
:1096980000BB012222709BB3237A994235D1214A1B
:1096A8000846214D01ABC2F8805094F90920A17AEF
:1096B80000F060FC9DF8050000F024FD50BB9DF90A
:1096C8000400214600F0DAF9204603B0BDE8304036
:1096D80000F032BC0222227093B1237A8B4214D15B
:1096E8000128104B104A0DD1C3F884200C4800F013
:1096F800FBFB0C4AD2F8683543F4C023C2F868353E
:1097080003B030BDC3F88020F0E740F6C7213E2003
:10971800F7F7F4FD40F2E3513E20F7F7EFFD00BF05
:10972800B0120021008000410700008010B51B4CDA
:1097380082B094F82A3083B10128194B194A0ED007
:10974800C3F8802070B1154800F0CEFB144AD2F857
:10975800683543F4C023C2F8683502B010BDC3F8B9
:109768008420F0E701AB94F90920A17A207A00F06F
:1097780001FC9DF8050000F0C5FC50B99DF90400F6
:10978800214600F07BF9204602B0BDE8104000F009
:10979800D3BB40F2E3513E20F7F7B0FDB0120021F1
:1097A8000080004107000080054B0021054AC3F8EE
:1097B8004015D2F85035DBB20BB101231361704765
:1097C80000C0004100800041044B30B4D3E90C458F
:1097D8009B6BC0E9004530BC0B607047B01200219C
:1097E80070B501F0A9F8984C984B0122C4E90C0116
:1097F800DA64E289D3F84C35952AA36306D96378ED
:10980800012B00F0D480022B00F08680904B0022C0
:1098180094F83C008F49C3F88820C3F88020C3F827
:109828008420C3F88420C3F88020D3F8005284F839
:1098380029202940C3F8001208BB844A002566780D
:10984800D2F84815824B022E6677A161D2F84415EA
:109858006161D3F80C01D3F81011C3F80051C3F8B3
:109868000C51C3F81051C3F80451C3F80851C3F898
:109878006C512AD0012E16D0002944D170BDC3F8EE
:10988800AC216168D3F8140584F83C2021F0030268
:1098980020F4702070496260C3F81405C3F80029E9
:1098A800C3F81019C9E7237A2377002876D100294D
:1098B800E4D02378002B00F09E80FFF785FC002180
:1098C800E36C0846BDE870401847E3785BB1D2F80E
:1098D800443143B12378002B7CD0FFF775FC636CCF
:1098E800BDE87040184710BB0029C7D023786BB972
:1098F80094F82A306070E070002B00F09080534B91
:10990800C3F8400104E02378002B5BD0FFF75CFC30
:10991800236DBDE87040184700F0EEFB01300128C8
:109928007FF674AF40F617113E20F7F7E7FC484B77
:10993800D3F85034D90116D5C3F30312C3F3032166
:10994800002918BF002A01D01A070CD1C3F34252CC
:10995800C3F304433E49022A98BF012BD1F854149B
:1099680001D10129B6D1237A002B67D0DA1E012A4A
:1099780049D90025012600202377FFF723FD344B22
:10998800D3F8000410F0010003D0D3F8140426EA39
:109998000000A36C2946BDE8704018472846FFF729
:1099A80011FDE36C31462846BDE87040184700F0C9
:1099B8009DFB013001287FF629AF40F611113E20AA
:1099C800F7F79CFC94F82A106370E37059B1C2F859
:1099D80040319DE794F82A206370E3703AB11B4A3E
:1099E800C2F840317BE7218584F82A1090E7228568
:1099F80084F82A2073E794F82A106370E37091B111
:109A0800C2F840315BE7124BD3F8145415F0060541
:109A18000DD0022D0ED0012503230026ABE72085AB
:109A280084F82A0074E7218584F82A1047E703237D
:109A38000126A0E70025042301269CE740F24D21DA
:109A48003E20F7F75BFC00BFB012002100C00041C8
:109A580000800041E2FEFFFF80320200024B03EB70
:109A68008003D86B704700BF246C0201024B03EBE4
:109A78008003186D704700BF246C02010028C3B230
:109A8800084A08DD0121033BC2F80015DBB2064A8B
:109A9800C2F80C3570470021C2F80015024AC2F816
:109AA8000C357047004000410080004110B5044665
:109AB8000846FFF7DBFF034AA2FB0020A4EB901047
:109AC80010BD00BFD34D62104FF47A73064A03FBF2
:109AD80000F032F91120054B00F2E7301044A3FBE7
:109AE8000030800902387047A46C0201D34D62101F
:109AF80010B44FF47A73064C064A00FB033334F96A
:109B0800111010BC0B44A2FB03208009704700BF52
:109B1800A46C0201D34D621010B504460846FFF745
:109B2800A5FF044B00F2E730023CA3FB0030A4EB96
:109B3800901010BDD34D621038B50D4C84461D46AB
:109B48004FF47A7334F9111004EB8204053510468A
:109B580064690C4404F6B73403FB0C44054BA3FBBF
:109B68000434FFF77BFFA4092544284438BD00BF0F
:109B7800A46C0201D34D621038B505460846144658
:109B8800FFF774FF0A4B024620464FF47A7103EB45
:109B980084035C69074B04F6B73401FB0544A41A37
:109BA800A3FB0434FFF75AFF0530A409204438BD4D
:109BB800A46C0201D34D6210024B00221A705A7035
:109BC8009A707047041300212DE9F04F064683B0C0
:109BD800012088469DF83C501F469DF830B0BDF8DE
:109BE80038A001929DF84090FEF79EFD06F0030212
:109BF800374C16F0FB0F42EA0542E57004F1040EFB
:109C0800344D42F08072F446C5F80425D8F808208F
:109C1800D8F80C30D8F80000D8F80410ACE80F00D9
:109C2800019B84F81CB0C4E905370D9B1A685B6872
:109C3800C5F808E5C4F81D204FF48052C4F8213057
:109C4800D5F818356AF30703C5F818354FF000033F
:109C5800C5F88430204BC3F8082515D11F4BB9F13E
:109C6800020FC5F88031C5F884302CD81C4B13F886
:109C78000930C5F820350123022E84F82560637069
:109C880015D903B0BDE8F08FB9F1020F1BD8144BFA
:109C9800012E13F80930C5F82035ECD10F4B114AC5
:109CA80084F82560C2F8D031C5F88C306670094B4D
:109CB800012200212270C3F80011C3F800121A60B3
:109CC80003B0BDE8F08F4FF4BA713C20F7F716FBEC
:109CD8000413002100E0004100F000410C00008066
:109CE800F46C0201008000411A4A537870B563B3DE
:109CF800194B0124C3F80C15C3F8100592F8255028
:109D08009470B5B91278E2B1C3F804514FF4805594
:109D1800124AC2F80455D3F8006116B15C60C2F863
:109D280008550B7803704B78043343708B78837035
:109D380070BD00211470C3F80411C3F800421C6000
:109D480070BD97213C20F7F7D9FA4FF4D5713C2024
:109D5800F7F7D4FA0413002100E0004100F00041B5
:109D680008B5174B5A782AB3164A4FF0010CC2F8B7
:109D78000C151978C2F8100583F802C0B1B100219A
:109D8800C2F80411DB78023B012B05D80E480323E7
:109D9800C0F85011C2F81C350A494FF480520B48DC
:109DA8000B4BC1F88400C3F8042508BDBA213C2038
:109DB800F7F7A4FA4FF4DF713C20F7F79FFA00BFDA
:109DC8000413002100E000410080004105000080EC
:109DD80000F00041104B1A78CAB100220F49104810
:109DE80010B44FF48054C1F88420C0F80845A0F599
:109DF800E040C1F88021C1F88420C0F8D021C1F822
:109E08008C201A70002210BC5A709A707047002279
:109E18005A709A70704700BF0413002100E0004197
:109E280000F00041F8B51B4B1B786BB31A4CD4F803
:109E3800043113BB194B0222C4F804231F691A69A1
:109E480007F0100742F010021A61D4F8043153B930
:109E5800134E4FF48045C6F8805107F059F9D4F8ED
:109E68000431002BF7D027B90C4A136923F01003EB
:109E78001361094B0222C3F80823074BD3F80004E7
:109E8800003818BF0120F8BD4FF4F2713C20F7F7F5
:109E980035FA00BF0413002100E0004100ED00E0A6
:109EA80000E100E0014B01229A60704700E00041A8
:109EB80030B40023094D0A4C0A4805EBC3010133AD
:109EC800D1F800232240824204D1D1F80023D1F8EE
:109ED80004131160202BF0D130BC70470000FF0143
:109EE80000F0FFFF00800041027A082A0DD8012304
:109EF800934013F05A0F0DD113F4C27F05D00B4ACB
:109F08000B4BD2F88420C3F888250A4B0022C3F8EB
:109F180000257047054A064BD2F88020C3F88825EB
:109F28000022044BC3F80025704700BF0000FF0162
:109F38000080004100400041027A082A14D8012319
:109F4800934013F05A0F09D113F4C27F0CD0074A7B
:109F5800074BD2F88420C3F888257047034A044B7E
:109F6800D2F88020C3F88825704700BF0000FF01A1
:109F7800008000412DE9F04F454C85B005469846D4
:109F88000E46174600F00EF923788146AB4202D1FF
:109F98006378B3423CD0082D1BD1BB464FF0040A6E
:109FA8008DF80F703046FEF7A7FE00210346524693
:109FB80000915846414600F0ABF8B8F800302570DB
:109FC8006670A380A071A77084F8039005B0BDE8FF
:109FD800F08F05F1FF3ABAF1060F50D8DFE80AF022
:109FE800044235284F0404000DF10F033A46314668
:109FF800002000F0DDF8002846D19DF90FB0BAF135
:10A00800060F3CD8DFE80AF011382B1E3B1111006F
:10A0180094F90230BB42BED1E3788342BBD1A38816
:10A0280094F90600A8F80030D0E74FF0000AB9E725
:10A038000DF10F033A463146032000F0B9F818BB7A
:10A048009DF90FB04FF0030AACE70DF10F033A4644
:10A058003146022000F0ACF8B0B99DF90FB04FF0CE
:10A06800020A9FE70DF10F033A463146012000F03E
:10A078009FF848B99DF90FB04FF0010A92E740F2F6
:10A0880089410620F7F73AF94621A920F7F736F96A
:10A0980058000021014B1860998070472C1300214B
:10A0A800024BD86019745A82704700BF58130021B8
:10A0B800014B1B681B68184788000021014B1B686F
:10A0C8005B68184788000021014B1B689B6818478C
:10A0D80088000021014B1B681B6918478800002174
:10A0E800014B1B685B69184788000021014B1B68FE
:10A0F8009B69184788000021014B1B68DB691847DA
:10A1080088000021014B1B689B6A184788000021C2
:10A1180030B4044C9DF8085024680295E468A446BD
:10A1280030BC60478800002100220D49134610B555
:10A1380040FA02F4E40744BFCA545C1C02F101026D
:10A1480048BFE3B2042AF3D1054AFF24D118032BF0
:10A1580001D9107110BD013301F8014BDBB2F6E7EC
:10A168009C180021FB0C0101010D0101030D0101E7
:10A17800290D0101070D0101330D01010D0D01012B
:10A188003D0D0101130D0101490D01011F0D0101D3
:10A19800230D0101150D01011B0D0101390D0101EF
:10A1A800430D0101014B187D704700BF8813002142
:10A1B800042810B511D883B104280CBF1024282412
:10A1C800A1420AD2064C54F8200018B141568A42DE
:10A1D800A8BF0A4600201A7010BD6FF01500FBE7F3
:10A1E800881300210228034610DC10F1270F0FDB2B
:10A1F800084A101890F82800024492F92C209A4234
:10A2080007D0002918BF0130C0B270470F2070472F
:10A21800002070470A6D0201022808B506DCFFF726
:10A22800E1FF034B034493F92C0008BD0320FCE72E
:10A238000A6D0201C0B208B518B9044B01221A60B0
:10A2480008BD4D21B52002F05DFC00BF0050004163
:10A2580010F0FF0008B507D1054B01225A60C3F87A
:10A268000001044B187008BD7C21B52002F04AFC9F
:10A27800005000419D130021014B01221A707047C4
:10A288009D13002108B540B9064BD3F8003113B926
:10A29800054B187808BD0120FCE7C221B52002F063
:10A2A80031FC00BF005000419D130021024BD3F840
:10A2B800080400F00100704700500041024BD3F839
:10A2C800140400F00100704700500041024BD3F81D
:10A2D8001C0400F003007047005000410749024683
:10A2E800D1F81804D1F8181410F4803005D0D0B281
:10A2F80001F003031B1A58425841704700500041AF
:10A30800F8B50F4E012704460D46375406F01AFDDE
:10A3180058B92CB90B4BB7707560C3F80473F8BD06
:10A3280040F225116D2002F0EDFB002DF7D01CB98D
:10A338002046A8477460F2E74FF4A071F2E700BF27
:10A34800A013002100500041044B002219181A5490
:10A358008A7003EB80014A60704700BFA013002198
:10A36800014B9881704700BFA0130021014BD88989
:10A37800704700BFA0130021014B9889704700BFA8
:10A38800A013002110B5EFF3108472B6064B0344F6
:10A398001A7C0132D2B21A741B7C012B01D1FFF74F
:10A3A80049FF04B962B610BDA013002108B506F034
:10A3B800CCFC06F0C7FC084A084B30B101211161FA
:10A3C80004229A740022DA7408BD032199740121C9
:10A3D800C2F80413F6E700BF00500041A0130021A3
:10A3E80010B5EFF3108472B6094B03441A7C22B9F6
:10A3F80040F257216D2002F085FB1A7C013AD2B257
:10A408001A741B7C0BB9FFF723FF04B962B610BDA1
:10A41800A0130021024B987C003818BF0120704718
:10A42800A013002137B5184C637D63B9206A00F08A
:10A438000300FFF753FF30B1EFF3108372B6A27C2D
:10A448001AB103B962B603B030BD0122A27403B9D0
:10A4580062B680230D4DC5F808334FF42073ADF86C
:10A468000630BDF806309BB25A1E92B2ADF80620EF
:10A47800002BF6D1C5F81C3184F82430FFF796FF7D
:10A488008023C5F80433DEE7A01300210050004103
:10A498002DE9F347344C237D002B62D00323ADF81C
:10A4A8000430324BD3F800513DBBD3F80481B8F1E6
:10A4B800000F08D02D4B0022C3F804210222C3F854
:10A4C8000823FFF7AFFF94F82460284BF6B2D3F8BF
:10A4D8001C2135B1A17C032901BF0421A1740121EC
:10A4E800196182B30022C3F81C21A37C042B26D057
:10A4F80040F269316D2002F005FB002501220DF1C3
:10A508000409271DA61C8DF80450D3F80481C3F84C
:10A51800082319F8010B03280AD0337843B14FF008
:10A52800000A3B6886F800A013B19847C7F800A056
:10A538006B1C043701360125022BEAD1B7E7022349
:10A54800A37406F005FC66B1002384F82430A37CCC
:10A55800022B01D1FFF72AFF02B0BDE8F04706F051
:10A56800F7BB02B0BDE8F087A013002100500041FE
:10A5780010B5054C206A00F00300FFF7AFFE002875
:10A58800F8D0002010BD00BFA0130021F8B5054683
:10A5980050B10278022A07D8437842B9013B1F2BF1
:10A5A80002D88378212B07D96FF015006CE0002BB7
:10A5B800FAD18378002BF7D15C4B2022C3F8802096
:10A5C800BFF34F8FBFF36F8F594EC3F8802183239A
:10A5D800584CC6F808330023C6F80031C6F80431D1
:10A5E800C6F81C3123746374AB88E381FFF75EFE01
:10A5F80010B1012323702374D6F80C24D6F80C3438
:10A60800D70303D5DE0701D5FFF736FE4FF4AF6356
:10A61800AA78A3810123A275002223622B78E27411
:10A62800012B637507D0022B2FD033B140F21E5196
:10A638006D2002F067FA02232362FFF73FFE00282D
:10A6480035D0FFF743FE236A03F0030398422ED167
:10A65800AB793BBBFFF78CFFA37D63B12B7853B974
:10A6680006F070FB054602F09FFB6FF00043002DDB
:10A6780058D0C4E9060301232022002023752B4B60
:10A68800A074C3F880211A60F8BD06F05EFB284B61
:10A69800D3F80C14D3F80C24C803F9D5D107F7D58F
:10A6A8000323C9E7224B0222C3F80423D4E7204B33
:10A6B80001220021DA60C3F8041194F82010C3F8CD
:10A6C80018159A600222C3F80423AA79002AC3D174
:10A6D800D3F80423920702D440F2D141A8E7164ADE
:10A6E8001769116907F0100741F010011161D3F8DB
:10A6F80004310BB906F00DFD0D4ED6F8043173B1D7
:10A70800FFF736FF27B90C4A136923F010031361CA
:10A718000223C6F808330023C6F804319CE706F084
:10A72800F7FCEAE7C4E90630A5E700BF00E100E06E
:10A7380000500041A013002100ED00E038B50C4B9B
:10A748000C46197919B183216F2002F0DBF960B941
:10A758005D790DB1002038BD01225A71FFF712FE54
:10A7680021462846FFF7CCFDF4E76FF01500F2E725
:10A77800C813002138B50B4D04462B791BB19A211B
:10A788006F2002F0BFF950B96B790BB9002038BDC2
:10A79800FFF7DAFD20466C71FFF722FEF6E76FF04F
:10A7A8001500F4E7C813002110B501B3F0B14FF05C
:10A7B800FF33104A1C46E0FB0134944203D9DB21E5
:10A7C8006F2002F09FF91A0DC3F30F100A4B42EAEB
:10A7D80004324FF22444B2FBF4F100EB024003FBD5
:10A7E8001100B0FBF4F040EA0140013010BD08460A
:10A7F800FCE700BF3F420F00000024F4014B9B68B8
:10A80800184700BFC8130021014BDB68184700BF79
:10A81800C8130021014B1B69184700BFC81300214A
:10A82800034B1A790AB9FFF7A1BD988D704700BF8D
:10A83800C8130021034B1A790AB9FFF79DBD988AFE
:10A84800704700BFC8130021024B1B790BB9FFF7F3
:10A85800E9BD7047C8130021014B9B69184700BF29
:10A86800C813002110B5144C2379A3B1636A984723
:10A87800002806DB94F82E3023B10123002084F849
:10A88800303010BDFFF7E8FF0028F6DA40F28D11EE
:10A898006F2002F037F9094BA361094BE361094BBB
:10A8A8002362094BA360094BE360094B2361FFF75F
:10A8B8006DFE0028E1D0E4E7C813002179A5000166
:10A8C800650D01011DA40001530D0101590D010180
:10A8D8005F0D010138B5084B04461D7925B140F2DA
:10A8E800E1116F2002F00EF901F03AF82046FFF767
:10A8F80037FD284638BD00BFC813002108B50748F2
:10A9080001F01CF8054800F023F801F03DFA01F0C9
:10A9180025FA00F02DFB012008BD00BFFC13002123
:10A9280001F0C4BB103001F03DB800BF01F052B8CF
:10A9380001F0CCBC01F004BE01F016BE01F08CBCE5
:10A9480001F01CBC2721032008B502F0DBF800BF8A
:10A95800024B186000221A719A6070470414002193
:10A9680070B582B01F4C2379012B11D0DAB2022ABC
:10A978000BD10DF10701A06800F020FB0023A360B4
:10A9880023719DF8070002B070BD012002B070BDB0
:10A998000DF10701A06800F007FBA5686B7DDB07D8
:10A9A800ECD5AB7F042BE9D001F058F80646002817
:10A9B800E4D001F059F82A69B3682E686D689619D1
:10A9C8004FF0000245F100050A3342F100021B185E
:10A9D80042EB0102B342AA41D0D3A06800F092FC36
:10A9E800CCE700BF04140021837F0BB1002070471F
:10A9F8000A684B68D1F808C010B5CC680260C4601A
:10AA080001244360C0F808C00A694B690261847771
:10AA18004361054B1A792AB998601C7100F0B4FF9C
:10AA2800204610BDFFF78EFF0414002170B50446C0
:10AA380082B00D4601F012F8A37F012B17D02A68C7
:10AA480006466B68A868E968A0602046E1600DF1D9
:10AA58000701226063602A696B69226101226361D0
:10AA6800A27700F0A1FA2EB1012002B070BD00203B
:10AA780002B070BD024B0421186806F018FBF3E71A
:10AA880004140021024B0621186806F010BB00BF11
:10AA98000414002110B5084B1A7952B9044698607D
:10AAA80002221A7100F070FFA07FB0FA80F040090E
:10AAB80010BDFFF747FF00BF0414002138B5837F9E
:10AAC800C3B1044609E0A37F042B09D0A37F012B5F
:10AAD80011D006F01DFBA37F63B1A37F032BF2D136
:10AAE800EFF3108572B6204600F0C6FA05B962B6D3
:10AAF800A37F2BB938BD4FF48271032002F002F80E
:10AB0800FF21032001F0FEFF70B5054600F0A6FF07
:10AB180000B3044600F0A8FF03462846A4680025B1
:10AB2800E41841F100062246334600F07DFBA042BE
:10AB380071EB06030CD3001B6FF0010361EB0601F8
:10AB4800834275EB010100D370BD4FF0FF3070BD3B
:10AB5800284670BD40F22911032001F0D3FF00BF41
:10AB68002DE9F04104460F4600F078FF10B38568E0
:10AB78000023064662195B4113B10020BDE8F0814D
:10AB880000F072FF2A18384641F1000314EB02085E
:10AB980043F1000500F048FB4045A941EDD301F021
:10ABA80085FA00F023FAB368012037752344B360AF
:10ABB800BDE8F0814FF4A371032001F0A3FF00BFAB
:10ABC80000F052BF08B500F049FF08B1007D08BD8C
:10ABD80040F29B11032001F095FF00BFF8B503690F
:10ABE800002B51D1044601F061FA05460E46FFF7E5
:10ABF80011FE90B36435D4E9000346F10006A8427B
:10AC080073EB060221D3C4E90003EFF3108672B692
:10AC180000F024FF054688B100F026FFAB6800224B
:10AC28000B3342F100021B1842EB0101D4E9000288
:10AC3800834271EB02050BD3C4E9003106B962B651
:10AC48002046BDE8F84000F085BB28463346DAE7E1
:10AC580003461146C4E90031F0E7FFF7EBFD07466C
:10AC680000F010FF2168B842626838BF3846963550
:10AC780046F10006401946F10003884273EB0205CD
:10AC8800C1D208461346BEE74FF4D171032001F044
:10AC980039FF00BF1B4B186898B3036850E90612C8
:10ACA80030B50A3150F8104CA0F1180042F1000CF0
:10ACB80009194CF1000C1BB922E014D31B68FBB135
:10ACC80053E906248A4274EB0C0519D290F814E073
:10ACD80013F8045C7545F0D19D88B0F81CE0A5EB2D
:10ACE8000E052D04EAD553F8101C0A32A3F11800FA
:10ACF8001B6844F10004891844F1000C002BDFD1D3
:10AD080030BD704710140021F8B5254D00236B6045
:10AD1800EFF3108172B6AA68EB60AB606A6009B99C
:10AD280062B66A686AB300261E4C9379A2F11800CD
:10AD3800032B27D013686BB39A79183B8646A44631
:10AD4800042A0FD19A8B818B521A120402D50EF164
:10AD5800180C18469A6942B19E46A2F118039A7FC8
:10AD6800042AEFD09B7F032B16D1DCF80020126851
:10AD78000221C368CCF80020867798476A68002AC1
:10AD8800D3D1F8BD1768012152F80C3C96716F6059
:10AD98009847F3E7A446EAE763219F2001F0B2FE53
:10ADA80010140021141400216F4B2DE9F04F1B687B
:10ADB80083B082830646427D8946046802F0010218
:10ADC8004568002B00F0C980A3F1180C002A6CD04C
:10ADD800654ADCE90001844275EB01072ED39CF833
:10ADE8001420337D9A421AD8DCF808301B1841F138
:10ADF800000113F10A0E41F10007744575EB0702D3
:10AE080080F0A5803269121945F10000964577EB6C
:10AE1800000801D2724638469A4288417FD3DCF84E
:10AE280018300CF11802002B00F08F80A3F1180CD9
:10AE3800DCE90001844275EB0107D0D21F46634666
:10AE4800B16811EB040E45F10008002B42D0CA4648
:10AE5800CDE900271EF10A071868596848F1000271
:10AE6800B84271EB020243D21A7D377D974218D35C
:10AE78009A68121841F1000112F10A0941F1000C17
:10AE88004C4575EB0C0044D23069001945F10007B8
:10AE980081457CEB070B01D24846674690428F41BB
:10AEA8003CD39B6923B3183BD4E7DCE900012E4A65
:10AEB800844275EB01010CD3DCF818300CF1180250
:10AEC8003BB1A3F1180CDCE90001844275EB0101E8
:10AED800F2D21F46334643F8187F1360FFF7DAFEB5
:10AEE800864210D0002389F8003003B0BDE8F08F07
:10AEF800DDE900273346D14643F8187F1360FFF792
:10AF0800C9FE8642EED1012389F8003003B0BDE8BE
:10AF1800F08F20462F4690428F41C2D2D14600235F
:10AF2800042106F1180233767376B376F3760E4B66
:10AF3800B1779B6873B10C4BDB681A600B4B0A49FD
:10AF48001878CA6001F096FFCCE71F4678E72246DA
:10AF5800284661E7044B9A60F0E712B91746024A9F
:10AF6800B8E71F46004A6BE7101400218C00002147
:10AF780010B50A4C2378FF2B0AD1094801F050FF7D
:10AF8800084B002220701A609A60DA601A8210BD9D
:10AF98004FF48D719F2001F0B5FD00BF8C0000219A
:10AFA80011AD000110140021034B1A8A02F1010CA3
:10AFB800A3F810C0FFF7F8BE1014002138B50446F6
:10AFC8000D46FFF767FE034604F118010648E31A29
:10AFD800B3FA83F35B092B7006F08FF810B10023E6
:10AFE8000120A37738BD00BF101400212DE9F043DC
:10AFF8001F4E34686CB34FF0000835464FF0040913
:10B00800C6462346246853F8187C53F8082CD219EE
:10B0180053F8147C47F1000C82427CEB010C1AD2E5
:10B028002A6812682A6083F80690B26883F800E0FC
:10B0380083F801E083F802E083F803E07AB1F2686C
:10B0480013604FF00108F360002CDAD1B8F1000F5B
:10B0580007D1BDE8F0831D46002CD2D1F6E7B360D6
:10B06800EFE7044BBDE8F043187801F003BF00BFD9
:10B07800101400218C00002138B5164D044600F14B
:10B088001801AB68A3B1AB6899421ED083B11A46C8
:10B098001B686BB19942FAD153B118681060A8685F
:10B0A80081420BD0EB6899420DD00023A37738BDBD
:10B0B800094806F022F80028F7D138BD1B68AB60B4
:10B0C800EB689942F1D1EA60EFE7002BF0D000225B
:10B0D800E5E700BF10140021141400212DE9F843FE
:10B0E800484E3468002C00F086804FF000080F4668
:10B0F8000546B1464FF0040E41462346246853F8EE
:10B10800180C53F8082C121853F8140C40F1000CC2
:10B11800AA427CEB070C65D2D9F800201268C9F85E
:10B12800002083F806E0B268197059709970D970D8
:10B13800002A5BD0F26813604FF00108F360002C1E
:10B14800DBD1B8F1000F03D02F4B187801F092FE35
:10B158003368002B4FD0A3F1180C53E90612A9420B
:10B1680072EB070044D353F8100C00241B680A3014
:10B1780044F10004091842EB04021BB92CE016D86C
:10B188001B684BB353E90604884274EB020E23D2C2
:10B198009CF8148013F804ECF045F0D1B3F804E0FF
:10B1A800BCF81C80AEEB080E1EF4004FE8D08542B8
:10B1B80029463A46A3F1180C77EB040E01D2014652
:10B1C800224653F8100C1B68091842F100020A3194
:10B1D80042F10002002BD5D10CF1180360467361CF
:10B1E800BDE8F8839946002C87D1AAE7B360A3E7A6
:10B1F80029463A46B7E700239C4673616046BDE896
:10B20800F88300BF101400218C00002110B5054CF4
:10B218006169204605F071FF18B16069002318388C
:10B22800636110BD101400211C49096839B3A1F1EC
:10B23800180C9CF8141081421DD870B512F10A053B
:10B24800DCE9004143F1000EAC4271EB0E0620D25E
:10B25800DCF81060341941F10001AC4271EB0E01C9
:10B2680015D2DCF8181071B1A1F1180C9CF8141063
:10B278008142F6D8E2E7DCF818100029D7D14FF060
:10B28800FF30014670474FF0FF30014670BD2C4635
:10B298007146B4F10A0041F1FF3170BD101400216C
:10B2A80010B5837F022B06D0837F012B02D0837FCA
:10B2B800042B1DD110BD437D13F0020313D10324C9
:10B2C8000E4A00F1180103768477946843768376F2
:10B2D800C3765CB1D3681960094BD1601878BDE8B2
:10B2E800104001F0C7BD0023837710BD9160F3E7DC
:10B2F8004FF4FF719F2001F005FC00BF10140021DE
:10B308008C00002170B50446104D04F1180628463B
:10B31800314605F0F2FE98B1002304222376A27785
:10B328006376A376E376AB6843B1EB681E60084B9F
:10B33800EE601878BDE8704001F09CBDAE60F6E79D
:10B348004FF402719F2001F0DDFB00BF10140021B3
:10B358008C0000212DE9F04F076983B0002F6ED1D2
:10B36800866890F81480D0E90045EFF3108272B631
:10B3780035490B68002B5BD00A36B1F81090A3F161
:10B388001803CDF8049047F10007B14614EB090AF9
:10B39800D3E9001645EB070E8A457EEB060C47D32A
:10B3A800A14276EB050C27D3D3F810C01CEB010C97
:10B3B80046F1000BD4457BEB0E0B34BF4FF0010C6C
:10B3C8004FF0000CBCF1000F12D093F814C0C44524
:10B3D80025D034BF4FF0010C4FF0000CBCF1000F2A
:10B3E80006D00A319C6846F10005641845F100054D
:10B3F8009B69EBB1183BC9E711F10A0CD3F808A017
:10B4080046F1000E1AEB0C0C4EF1000E644575EB7C
:10B418000E0E34BF4FF0010C4FF0000CD2E7B3F81A
:10B428001CC0DDF804E0ACEB0E0CCCF3C03CD5E757
:10B4380002B962B6C0E9004503B0BDE8F08F40F23A
:10B4480027219F2001F05EFB10140021024B0521EB
:10B45800186805F02CBE00BF28140021054B586859
:10B4680010B1C368052118474FF41B71B02010B5FF
:10B4780001F048FB281400212DE9F0471646002B5F
:10B4880058D00C46D3E90089804579EB010349D3AC
:10B49800B8EB00054FF0000269EB0407484CA38A9B
:10B4A80022616433AB42BA41C4E9028916DBA3695D
:10B4B80003F2A3139D4277F100076CDA414A404634
:10B4C8004946C4F82880C4F82C9000F009FD0523EB
:10B4D8003D4A84F830303260BDE8F087627F237FD0
:10B4E8001AB19A0721D40022627703F0010AA369EE
:10B4F80003F2A3139D4277F1000731DABAF1000F86
:10B50800DCD0A08A2F4AB8EB000069F10001C4E939
:10B518000A0100F0E5FC06232B4A84F8303032603B
:10B52800BDE8F08780468946B2E7236A012098473C
:10B53800237FD8E7224C637F2BB1237F9B0702D55B
:10B54800236A012098470025657701F07DF8FFF709
:10B558005BF91E4A2B46326084F83030BDE8F0872C
:10B5680001F072F8FFF750F9A08AA369984217D939
:10B57800BAF1000F14D0B8EB0000124A69F10001CB
:10B58800C4E90A0100F0ACFC01230F4A84F830300A
:10B598003260BDE8F08701F057F8FFF735F9A36985
:10B5A800B8EB0300074A69F10001C4E90A0100F099
:10B5B80097FC0223044A84F830303260BDE8F087F3
:10B5C8002814002155B400011DB7000115B9000168
:10B5D80002392DE9F04104292DD8DFE801F00309EB
:10B5E800292C0C00164A137F003B18BF0123537700
:10B5F8000020BDE8F081124D044600F043FC00F045
:10B6080055FD0E460746FFF769FD80466868FFF757
:10B6180047FE224638463146002400260027434686
:10B628006C60C5E90267FFF727FF0220BDE8F081DB
:10B63800FFF796F9DCE740F21721B02001F062FA33
:10B64800281400212DE9F84F2E4C8046637FA76906
:10B6580083BB94F81C9019F0010934D100F026FD41
:10B6680010EB070B05460E4641F1000A58465146B5
:10B67800FFF734FDA0B3D0E900329B457AEB020115
:10B688001BD30023284631461F4AA562E662236180
:10B69800C4E902BA00F024FCB9F1000F02D0A38A71
:10B6A8009F4215D00222194B84F83020C8F8003088
:10B6B800BDE8F88F4FF00009D0E7DD1B9B469246A6
:10B6C80062F10006DDE7A38A9F4238BF1F46C5E73F
:10B6D80001220E4B84F83020C8F80030BDE8F88FFE
:10B6E800637F2BB1237F9B0702D5236A01209847EC
:10B6F8000021074B0A466177C8F8003084F83020EB
:10B70800BDE8F88F2814002155B400011DB70001C9
:10B7180015B90001023970B50546032900F2EB801E
:10B72800DFE801F006024508754B002283F8312056
:10B73800002070BD724C94F830301A1F012A40F274
:10B748009F8000F0B3FCA26A2369801A9842B8BFB0
:10B75800184694F83030022B20617FD0237FD90718
:10B7680040F1C480607F002840F0C080236A984779
:10B778000123637794F83020022AD4E902034BD0DE
:10B78800012A70D0256932385E4A43F1FF31281802
:10B7980041EBE571C4E90A0100F0A2FB94F83030EE
:10B7A800062B0CBF0523042384F83030C0E7544C23
:10B7B80094F83030042B0FD8022B25D8013B012BED
:10B7C80000F28F80FFF7CCF80028B1D000F05CFCC5
:10B7D8002846FFF737FF15E0053B012B00F2818073
:10B7E800FFF7BEF80028A3D000F04EFC00F05EFC86
:10B7F80006460C46FFF772FC2A46034621463046A9
:10B80800FFF73AFE022070BDFFF7AAF800288FD094
:10B81800012384F831308BE7227FD2070ED5627F6F
:10B8280062B9A18A374A401A63F10001C4E90A01E2
:10B8380000F056FB032384F8303079E72169323869
:10B84800304A43F1FF33401843EBE171C4E90A0180
:10B8580000F046FB042384F8303069E700F0ECFE82
:10B86800FEF7CCFF86E7A169264A401A63F100017A
:10B87800C4E90A0100F034FB022384F8303057E7AA
:10B88800042B94F8316019D0002EAFD1FFF7BEFC1D
:10B898000028ABD06060C4E90D6600F0EBFA606880
:10B8A800022331468377C3689847D4E90201FFF73A
:10B8B8009DFB154B84F830602B60A3E700F0CCFEAD
:10B8C8000028E1D100200021FFF708FC08B1FFF7AC
:10B8D80019FD00F0B9FEFEF797FF2846FFF7B2FE04
:10B8E80090E74FF4CD71B02001F00CF940F2B3119C
:10B8F800B02001F007F940F2F111B02001F002F98F
:10B908002814002155B40001D9B50001032910B548
:10B9180006D801290AD840F25D11B02001F0F2F8EA
:10B928000429F8D10446FFF71BF808B9002010BD18
:10B938002046FFF787FE022010BD00BF064A0023FD
:10B9480010B5064C026084F8303023772060FEF78B
:10B9580071FF5130A06110BD15B9000128140021F4
:10B9680008B5074B074A19680968914202D1513056
:10B97800986108BD40F25121B02001F0C3F800BF22
:10B988002814002115B9000110B5EFF3108472B620
:10B99800034B0421186805F08AFB04B962B610BD90
:10B9A80028140021094B5A6810B54AB1084AD3E94E
:10B9B80002410019BDE8104041F1000100F090BAC1
:10B9C80040F27221B02001F09DF800BF2814002138
:10B9D80065B4000108B5064B5B681BB1BDE80840BB
:10B9E80000F052BB4FF41E71B02001F08BF800BF7D
:10B9F8002814002108B5054B5A680AB1586308BDD8
:10BA080040F27E21B02001F07DF800BF281400210B
:10BA180008B5054B5A680AB1986308BD4FF42171FF
:10BA2800B02001F06FF800BF28140021044B9B6B75
:10BA380003B1184740F28A21B02010B501F062F82E
:10BA480028140021044B5B6B03B118474FF4247191
:10BA5800B02010B501F056F828140021014B5868A1
:10BA6800704700BF2814002108B5054B5A6812B169
:10BA7800D3E9020108BD40F29B21B02001F042F851
:10BA880028140021034B187F10F0010018BF988A72
:10BA9800704700BF28140021054B1B681BB11A6AA8
:10BAA8000421586A10477221452010B501F02AF880
:10BAB80068140021054B1B681BB11A6A0321586AD8
:10BAC80010476C21452010B501F01CF868140021BE
:10BAD8002DE9F04104460D4679B9154F3B681BBB6B
:10BAE80014483C60FFF786FF1348FFF791FFFFF704
:10BAF80067F8637D06465B0705D4236A2946606AB2
:10BB0800BDE8F0411847FEF713FF2036361A7E606D
:10BB180000F034FB0028FBD000230849084AC1F88C
:10BB28008031C2F88030E8E78621452000F0EAFF3E
:10BB380068140021BDBA0001A1BA0001001001413A
:10BB480000C00041024B00221A601A81704700BFF2
:10BB58006814002108B5074B1A683AB10648002155
:10BB6800D0601960BDE80840FEF78CBFB9214520B8
:10BB780000F0C8FF68140021D9BA000130B40D469E
:10BB8800144600212022C0E9085430BC01F08ABACA
:10BB980030B5002287B04B7A0C4605924FF0000171
:10BBA8000092054601920492C3F3800282F00102DA
:10BBB80062F38201227A8DF814202B4A8DF8151031
:10BBC8000392616822780291002A3BD1D4E90420CB
:10BBD8009DF815406407CDE9002024D4C3F3400341
:10BBE8009DF8152021495B0022F0030243F0010370
:10BBF80013438DF815304B68C3F308036BB1103B42
:10BC08005BB2002B18DB1A4AD35C5B092BB9694677
:10BC18002846FEF70BFF07B030BD69462846FEF7F9
:10BC2800E3FE07B030BD203A01F1200140F1FF30BA
:10BC3800009202910190D1E703F00F0319440B7DA4
:10BC48005B09E3E723690493FEF76AFE9DF8153064
:10BC58005B07CDE9000104D5029A637A203202928B
:10BC6800BCE7637ABAE700BFD9BA000100ED00E08B
:10BC780000E400E010B5037886B0B3B90446039336
:10BC8800D0E90401CDE90433CDE9000163686846D1
:10BC9800217A02938DF81410FEF7A0FF0120DDE948
:10BCA8000023C4E9042306B010BD4FF4AB7145204E
:10BCB80000F028FF08B50A4B1B6863B15B7D5B0782
:10BCC80005D5FEF77DFF203041F1000108BDBDE834
:10BCD8000840FEF775BF4FF4EE71452000F012FFE3
:10BCE8006814002130B50C7887B07CBB4B7A4FF0D4
:10BCF800000C0594C3F3800E0C7A4D688EF0010E8B
:10BD08008DF81440144C6EF3820C029503941CF0C9
:10BD1800040F8DF815C0D1E90441CDE9004107D0E1
:10BD2800203C05F1200541F1FF3100940295019175
:10BD38009DF81540C3F340036946049263F3410438
:10BD48008DF81540FEF750FE07B030BD40F21F21B8
:10BD5800452000F0D7FE00BFD9BA0001074A0023EA
:10BD680013721375064A012106485160C2F840351E
:10BD7800C2F84031C0F80815704700BFA014002170
:10BD880000C0004100F0004130B4344B0022344C74
:10BD980001213448826159609960C3F80843C3F8A7
:10BDA8004843C469C3F80421C3F84021C3F84421B7
:10BDB800C3F84821002C4ED02B4A4FF00045C2F85A
:10BDC800C051C4F88050C3F88050284BC3F80415FC
:10BDD8000523C2F840351160D2F84031002BFBD062
:10BDE8000121224D0023C5F808155160D1601B4977
:10BDF800C2F84031C2F84035C2F8C031C4F88030CA
:10BE0800C1F8803090F8203003B390F82120012148
:10BE1800124B4FF480249140144842F000424FF6F0
:10BE2800FF75C0F80815C3F84443C3F84855C3F86C
:10BE38000443C3F848219A60C0F804150C4B4FF42A
:10BE4800003230BCC3F880211A607047034B0222CD
:10BE5800C3F80423F2E71960D4E700BF00100141DA
:10BE680002000700A014002100C0004100F00041BA
:10BE780000E100E0024B0122C3F80027704700BF31
:10BE88000000084110B4114A002301244FF0FF308C
:10BE98000F49C1F88031C2F8803054604FF48054A3
:10BEA800C2F808030B480C4AC0F88041106838B142
:10BEB8004FF48030C1F808031372C1F840311360A1
:10BEC800064B002210BCC3F80027704700C0004191
:10BED8000010014100E100E0A01400210000084129
:10BEE80070B5604C2368002B40F0B2805E4B226036
:10BEF800994200F2B280420F5C4DC0F34F3343F6D3
:10BF0800095642EAC10103EB0143A5FB0112584956
:10BF1800920B01FB12335749A5FB035343F608550F
:10BF28009B0B43EA024201FB120048F237614FEAD9
:10BF3800122C430B120601FB03F34F491B0C06FBA3
:10BF4800130000FB01F1490D01EB432306FB0151EE
:10BF5800B0EB512F4FF0000188BF0133D0184CF1DE
:10BF6800000CEFF3108572B694F82060434A96BB34
:10BF7800D2F80435D2F8041109BB05334FF000029A
:10BF8800A16942F1000225B962B694F82050002D4B
:10BF980038D14FF08075E1FB053298427CEB020204
:10BFA80042D3010E20F07F4241EA0C21334B4FF47B
:10BFB80080306160C3F84025C3F8040370BDA369ED
:10BFC8000133A361C2F80461D2F80435D2F8041130
:10BFD8000029F4D1D1E7D2F804354FF6FF76D2F82C
:10BFE8004821B34228D0161E47F6FE7E18BF012608
:10BFF800734588BF0026053341F10002A169314429
:10C00800002DC1D04FF48035E1FB053298427CEB1E
:10C01800020209D3010C4FF6FF7382B241EA0C41C8
:10C02800002A08BF1A46C1E7FF232372144B4FF4B6
:10C038000032C3F8002170BD22B9A1690523002D83
:10C04800E0D1A1E70A460F4BA169002DDAD19BE7A1
:10C0580040F2F921052000F055FD4FF494710520B8
:10C0680000F050FDA0140021FF7F841E83DE1B43D7
:10C07800000024F40080841E6F0C010000100141B0
:10C0880000E100E004000100064B1A684AB10649C5
:10C098004FF48032C1F8082300221A72C1F84021F7
:10C0A8001A607047A01400210010014170B4EFF32A
:10C0B800108572B62C4C2D4A94F82000D2F804351D
:10C0C80040B3D2F848014FF6FF72A669934245D0B3
:10C0D800003843F60951C3F3080247F6FE7C18BF3F
:10C0E800012001FB02F263454FEA532388BF002079
:10C0F80002F5807201FB03F30021064403EB522092
:10C108001DB962B694F820301BB3194BE6FB030146
:10C1180070BC7047D2F8041151B1A3690133A3610F
:10C12800C2F80401D2F80435D2F804110029F4D178
:10C1380043F60951C3F30802580AA66901FB02F342
:10C1480001FB00F0002103F5807300EB5320002D64
:10C15800D7D0084BE6FB030170BC704700B1064816
:10C168000021002DD1D1CCE7A014002100100141FD
:10C1780080841E000080841E61841E0030B5EFF3A9
:10C18800108572B62F4A92F8204044B32E4B4FF6D2
:10C19800FF70D3F80415D3F84831814290694BD029
:10C1A800003B43F6095CC1F3080447F6FE7E18BF5E
:10C1B80001230CFB04F471454FEA512188BF002389
:10C1C80004F580740CFB01F1184401EB54230021A1
:10C1D8001DB962B692F820401CB31C4C22E01A49E3
:10C1E800D1F80435D1F8040150B193690133936152
:10C1F800C1F80441D1F80435D1F804010028F4D17C
:10C20800C3F3080143F609545B0A906904FB01F182
:10C2180004FB03F301F5807103EB51230021002D8A
:10C22800D7D00B4CE0FB0431D2E90A02834291419A
:10C238002CBF0120002030BD03B1064B0021002D8A
:10C24800CBD1C6E7A01400210010014180841E0054
:10C258000080841E61841E00184B012200201021DA
:10C2680010B5174C5A60C3F84005C3F84001C4F82C
:10C278000825D3F8040520F00300C3F80405D3F813
:10C28800080540F00300C3F8080591FAA1F1B1FAD6
:10C2980081F109290CDC0B484FF48054C3F81015C0
:10C2A800DA60C0F8804104605A60DA601A6010BD34
:10C2B80040F29F31044800F01BFC00BF00C0004161
:10C2C80000F0004100E100E0C47702012DE9F84FD9
:10C2D8000020954E0125954C7560C6F84005C6F8B6
:10C2E8004001C4F80855D6F8043523F00303C6F80E
:10C2F8000435D6F8083543F00303C6F8083510238B
:10C3080093FAA3F3B3FA83F3092B00F30881C6F871
:10C3180010354FF48052864B4FF6FF7CF56047F698
:10C32800FE7EC3F880211A604FF00042814B756091
:10C33800F560C3F88021C6F880207F4A41E0674550
:10C34800D3F8481100F0C6800039D2F8188018BF19
:10C358000121774588BF002141444FF00008B9F119
:10C36800000F00F0BF804FF48039E1FB0978C4F872
:10C378000455EFF3108972B692F82010D3F804A58B
:10C38800002900F08F80E245D3F848113AD00039EF
:10C39800D2F818B018BF0121F24588BF00215944CE
:10C3A8004FF0000BB9F1000F34D04FF48039E1FBA6
:10C3B80009ABC34508BFBA453CD0C4F808557560F9
:10C3C800F560EFF3108972B692F82010D3F804756F
:10C3D8000029B4D1D3F8041141B991694FF000088C
:10C3E800B9F1000F7ED04FF08079BEE79169013135
:10C3F8009161C3F80401D3F80475D3F80411002936
:10C40800F4D1EAE7002978D18A469169D346B9F18F
:10C41800000FCAD162B692F82090B9F1000F0CBF94
:10C428004FF080794FF48039E1FB09ABC34508BF71
:10C43800BA45C2D1013743F60951C7F3080348F199
:10C4480000083C0EC7F34E2701FB03F344EA082417
:10C4580001FB07F04FEA186803F58073650100EBEC
:10C4680053204FEA48132D1B43EAD46363EB0806B5
:10C47800AB01B1015B1B41EA956161EB0601C900A3
:10C4880041EA5371DB001B1948EB0108DC034FEA52
:10C49800C831001941EA5341906241F10001D1626B
:10C4A800BDE8F88FD3F8041141B991694FF0000B3A
:10C4B800B9F1000FAED04FF0807978E7916901317A
:10C4C8009161C3F80401D3F804A5D3F80411002935
:10C4D800F4D1EAE7D1B90F469169B846B9F1000F2E
:10C4E8007FF441AF62B692F82090B9F1000F0CBF0B
:10C4F8004FF080794FF4803937E79169E2464FF081
:10C50800000BB9F1000F7FF450AF83E791696746DC
:10C518004FF00008B9F1000F7FF425AFE2E740F2D1
:10C528009F31064800F0E4FA00C0004100F00041E5
:10C5380000E100E000100141A0140021C4770201CD
:10C5480010B5029C201841F10001801A61EB03012B
:10C55800B0F1004F71F1000100DA10BD40F2A931CD
:10C56800052000F0CFFA00BF70B4EFF3108572B663
:10C578002C4C2D4A94F82000D2F8043540B3D2F858
:10C5880048014FF6FF72A669934245D0003843F63A
:10C598000951C3F3080247F6FE7C18BF012001FBCE
:10C5A80002F263454FEA532388BF002002F58072E8
:10C5B80001FB03F30021064403EB52201DB962B6C8
:10C5C80094F820301BB3194BE6FB030170BC70478D
:10C5D800D2F8041151B1A3690133A361C2F804016F
:10C5E800D2F80435D2F804110029F4D143F60951E0
:10C5F800C3F30802580AA66901FB02F301FB00F025
:10C60800002103F5807300EB5320002DD7D0084B91
:10C61800E6FB030170BC704700B106480021002DFD
:10C62800D1D1CCE7A01400210010014180841E0064
:10C638000080841E61841E00024B0122C3F844233B
:10C64800704700BF00100141024B0122C3F8482384
:10C65800704700BF0010014108B5FEF7DBF830B99C
:10C66800074A136B0133312B136304D808BD044BFD
:10C6780000221A6308BD40F2F531052000F042FAA5
:10C68800A014002110B53F4C82B094F82030002B44
:10C6980055D03D4BD3F8042352035BD43A4B616821
:10C6A800D3F80423D00334D5D3F84031002B30D04D
:10C6B800A36999425DD800232372334A4FF480312D
:10C6C800C2F84031C2F808132268002A55D0236006
:10C6D80090472D4B2169D3F80423920324D5D3F82E
:10C6E80044310BB3A3698B423FD300222275264BFA
:10C6F8004FF40030E168C3F84421C3F80803002967
:10C708003BD08847204BD3F840310193019B02B0BE
:10C7180010BDA269237A002BCDD19142D9D91A4BE9
:10C728000022C3F84021D4E7A269237D002BDCD185
:10C738008A42E7D2144B0022C3F84421E2E7124AA6
:10C74800D2F804110029A9D0C2F80431A369013331
:10C75800A361A3E7D3F84821002A9FD00022C3F899
:10C768004821A3690133A36198E7237D002BE1D019
:10C77800BBE7237A002BD2D09DE740F23741052052
:10C7880000F0C0F9A014002100100141034610B3C5
:10C79800007888B91A79012A1ED85A79012A1BD833
:10C7A8009A680E49643A8A4216D8D8680C4B98425F
:10C7B8002CBF00200120704701280CD11A79012ACA
:10C7C80009D85A79012A06D8DA680449643A8A42AB
:10C7D80001D89868EAE70020704700BF3C8601004E
:10C7E8000040420F70B50446FEF79AF840F2F96629
:10C7F800656AD4E90632623342F100025B1905F535
:10C80800DF6542F10002B5FBF6F55B1942F1000263
:10C8180083428A410ED294F82A30052B03D0B321E3
:10C828006A2000F06FF90A21236A94F858009847A3
:10C83800B621F5E7044C236813B198470023236019
:10C84800BDE87040FFF786B9D414002170B50446DE
:10C858000D4639B9012380F85930FFF7C3FF022686
:10C86800304670BD0E78032E70D801A353F826F019
:10C8780067C8000189C80001F3C80001ABC80001FE
:10C888004868C72801D80026EAE70421FEF768F9B6
:10C898000028F8D0FEF74AF86968204604F06FFAD5
:10C8A800DEE790F8286006BB4D682846FFF76EFF64
:10C8B80000284BD02B78D3B9012121702B796A79C4
:10C8C800003B18BF0123002A14BF0422022243F0B0
:10C8D80004032272AA6881326260EA6863720323E1
:10C8E800226184F82A3084F829102046B5E794F8A4
:10C8F8002A30052B04D040F293116A2000F002F987
:10C90800267004F130002B796A79003B18BF0123A7
:10C91800002A14BF0422022243F004032272EA68A8
:10C9280063728132A9686260D4E906325B1842EB0F
:10C93800E1722146C4E90432042384F82A30FFF75F
:10C9480027F90028D1D140F29511D6E7012384F8C0
:10C958005930CAE72DE9F8438846074658B300F02E
:10C968002FF84FF0000904465FFA89F6B44203D85D
:10C978006FF00B00BDE8F883304609F1010900F0BB
:10C9880025F890F82A50002DEED1304600F01EF818
:10C998000A490446058580F82A50024680F85860FE
:10C9A8003030FFF7EBF801232762284684F82A3055
:10C9B80088F80060DEE76FF01500DBE7950D0101F0
:10C9C800014B1879704700BFD8140021044B1A791D
:10C9D800824283BF1B68602202FB00300020704740
:10C9E800D81400210A4610F0030110B50AD1074CEB
:10C9F8002271206008B9002010BD60235A4300F05E
:10CA080051FBF8E76FF00D00F6E700BFD8140021DE
:10CA1800BFF34F8F0549064BCA6802F4E06213431F
:10CA2800CB60BFF34F8F00BFFDE700BF00ED00E014
:10CA38000400FA05094B01225A604FF0FF32C3F88F
:10CA480008234FF40052064BC3F88020BFF34F8FE2
:10CA5800BFF36F8FC3F88021704700BF00D000413B
:10CA680000E100E0094B01225A604FF0FF32C3F8A1
:10CA780008234FF48032064BC3F88020BFF34F8F52
:10CA8800BFF36F8FC3F88021704700BF00000141DA
:10CA980000E100E010B5134900230122124CC1F84F
:10CAA800FC3FC1F8FC2FDA00013302F1FF7202F5F6
:10CAB8008032D2F800032040884202BFD2F8000337
:10CAC800D2F804230260202BEDD1084B4FF480727A
:10CAD800C3F88020BFF34F8FBFF36F8FC3F8802157
:10CAE80010BD00BF0080004100F0FFFF00E100E042
:10CAF80008B572B6024B5B6803B19847FFF788FF29
:10CB0800E01400211FB572B6144B5C6894B9FFF7A6
:10CB18007FFFB2FBF6F22B465D1C002AF9D1DBB28F
:10CB280003F110056D4405F80C2C0A2233B901A84D
:10CB3800A047ECE7024600230A26EDE7013BDBB2FB
:10CB480003F110050DEB0506B0FBF2F502FB15002D
:10CB5800303006F80C0C2846E8E700BFE014002146
:10CB6800F8B51E4E05460C461746337893BB04F0BD
:10CB7800E8F877603472FFF78DFFFFF773FFFFF770
:10CB880059FF174B002D14BF28461846FDF76AFEBB
:10CB98000546E8B9FEF7D6FFFDF756FE04F0D6F9CC
:10CBA800FDF7ACFE18B9B8211120FFF7ABFF002C38
:10CBB8000CDB04F01F0264090123A400934004F174
:10CBC800604404F56144C4F8803123600123337064
:10CBD8002846F8BD4FF0FF35FAE700BFE014002102
:10CBE800466D0201074B93F90830002B09DB5A09FF
:10CBF800012103F01F03994002F14003024A42F861
:10CC080023107047E014002100E100E0014B187880
:10CC1800704700BFE014002150B1074B03F1140224
:10CC280053F8041B934240F8041BF9D100207047C5
:10CC38006FF01500704700BF8A800201F0B5284DDB
:10CC480083B0284C284F2E780136F6B2D5E84F3FEE
:10CC58000133DBB2C5E8423F002AF7D10123636004
:10CC6800C4F80021C4F80421EFF3108272B6C4F8A6
:10CC78000405236052B962B608E0D4F804314BB910
:10CC88002B789E4206D13B69DB0613D4D4F80031D9
:10CC9800002BF2D0D4F80431002BD4D12A78B24238
:10CCA800D1D10322C4F80031C4F80431C4F80823F0
:10CCB80003B0F0BD0D4B03214FF40052C4F8041328
:10CCC800C3F88021D4F80031002BDFD1D4F8043127
:10CCD800002BDBD1019004F01BFA0198D6E700BFC6
:10CCE800E914002100D0004100ED00E000E100E07F
:10CCF80070B51446DA078CB01D4686468C4633D587
:10CD0800C3686E4642681BBA12BA0093CB68029297
:10CD18001BBA4A68049312BA836806921BBA019335
:10CD280003681BBA03938B681BBA05930B681BBA7D
:10CD380007933046FFF782FFAB070DD5DDE90A10F0
:10CD4800DDE9083200BA09BA12BA1BBA206061607C
:10CD5800A260E3600CB070BD08AD0FCD20606160CB
:10CD6800A260E3600CB070BDDEF804106E46DEF819
:10CD78000820DEF80C30EE460068AEE80F00DCF85C
:10CD88000000DCF80410DCF80820DCF80C30AEE811
:10CD98000F00CEE710B5002482B0CDE90044FFF7BC
:10CDA800A7FF02B010BD00BF1A4B4FF4803270B518
:10CDB800C3F88020BFF34F8FBFF36F8F164C00214D
:10CDC800164DC4F80011C3F880212E692B6906F0AE
:10CDD800100643F010032B610123C4F804332360C9
:10CDE800D4F800319BB11EB92B6923F010032B61D5
:10CDF8000123D4F808054FF480326360C4F808337F
:10CE08000023C4F80031034BC3F8802170BD04F03F
:10CE18007FF9E5E700E100E00000014100ED00E0F6
:10CE280038B50B49042301EBC302157905F0FF045B
:10CE38002DB1013BF7D240216920FFF763FE41F88D
:10CE4800330001215471D8B29471117138BD00BFFB
:10CE5800EC140021042808B503D947216920FFF7FD
:10CE680051FE034B002203EBC0031A7108BD00BF3B
:10CE7800EC140021042808B503D950216920FFF7D4
:10CE880041FE094B03EBC0000379012B01D051216E
:10CE9800F4E7437982790133DBB29A4218BF4371D0
:10CEA800BDE80840FFF79EBEEC14002138B5052404
:10CEB8000F4D95F8281005EBC1031A79012A09D1FD
:10CEC80058799A79904205D05A79D2B29A7155F820
:10CED8003130984795F82830013C0133DBB2052BF7
:10CEE80028BF002314F0FF0485F82830E1D138BDAD
:10CEF800EC140021914270B53ED2B2FA82F33BB1F4
:10CF0800C3F1200499409A4020FA04F49840214340
:10CF1800160C1FFA82FE030C85B2B1FBF6FC06FB69
:10CF28001C14240404EB10400CFB0EF4844206D9B4
:10CF3800241A944294BF01240224ACEB040C03EBA2
:10CF480001430CFB12334FEA0C4CB3FBF6F006FB23
:10CF5800103300FB0EFE05EB0345AE4509D9AEEBD9
:10CF6800050E964594BF4FF0010E4FF0020EA0EB50
:10CF78000E0040EA0C0070BD73219620FFF7C2FD39
:10CF88002DE9F8431C4652EA040346D0804615466C
:10CF98000E4684B9914204D2FFF7ACFF2146BDE8A2
:10CFA800F88321463046FFF7A5FF04462A46404647
:10CFB80004FB1561F0E70127B4FA84F907FA09F2CE
:10CFC800F840A2FB05C340EAC170F94002FB0432F5
:10CFD800FFF790FFC9F11F034FF0000C30FA03F37D
:10CFE80008D138461946A845A641D8D21846614600
:10CFF800BDE8F8835A1E614618466CEB0C0C1346C4
:10D0080005FB0CF702FB0477A5FB022EB8EB020226
:10D018007744904666EB0706E5E7A6219620FFF7DA
:10D0280071FD00BF431A934228D382B370B5541ED2
:10D03800052C2DD95C1E84460B46022C28D922F0DB
:10D04800030596084C1953F804EBA3424CF804EB7B
:10D05800F9D1AA4200EB050CA2EB05040DD011F89A
:10D068002620012C00F8262007D05A78022C8CF8AC
:10D07800012002D09B788CF8023070BD8B180244D6
:10D0880013F801CD994202F801CDF9D170477047E4
:10D0980001390244034611F8014F03F8014B93424A
:10D0A800F9D170BD10F0030FC9B2034607D0BAB367
:10D0B80003F8011B13F0030F02F1FF32F7D170B52B
:10D0C800032A01EB012404EB04441ED9161FB508FA
:10D0D800032E05F1010521D94FEA550E9C4603EBB5
:10D0E800CE0ECCE900440CF1080CF445F9D115F04A
:10D0F800010F04D025F0010503EB85052C6026F00F
:10D108000306043302F00302334432B1012A1970D2
:10D1180003D0022A597018BF997070BD1D46EDE7FB
:10D12800704700BF094B0A4AC3F880210132C3F88F
:10D1380084210132C3F88C210132C3F890210132D5
:10D14800C3F8EC210132C3F89020704700800041F9
:10D1580004000080074B0022C3F88021C3F8842113
:10D16800C3F88C21C3F89021C3F8EC21C3F89020B0
:10D17800704700BF00800041844641EA000313F075
:10D18800030359D1403A33D3F0B4F0C9F0C0F0C921
:10D19800F0C0F0C9F0C0F0C9F0C0403AF5D2F0BC18
:10D1A80026E0403A24D300BF0B6803604B68436015
:10D1B8008B688360CB68C3600B6903614B6943610B
:10D1C8008B698361CB69C3610B6A03624B6A4362F3
:10D1D8008B6A8362CB6AC3620B6B03634B6B4363DB
:10D1E8008B6B8363CB6BC36340304031403ADBD2F7
:10D1F80030320BD30B6803604B6843608B688360E5
:10D20800CB68C36010301031103AF3D20C3205D31A
:10D2180051F8043B40F8043B043AF9D2043208D0F0
:10D22800D2071CBF11F8013B00F8013B01D30B8862
:10D2380003806046704700BF082A13D38B07B0D01D
:10D2480010F00303ADD0C3F10403D21ADB071CBFEF
:10D2580011F8013B00F8013BA3D331F8023B20F859
:10D26800023B9EE7043AD9D3013A11F8013B00F892
:10D27800013BF9D20B7803704B7843708B7883703D
:10D2880060467047014B1B681B68184790000021D7
:10D29800014B1B685B68184790000021014B1B6815
:10D2A8009B68184790000021014B1B681B691847B1
:10D2B80090000021034B1868034BC01A18BF0120C7
:10D2C800704700BF90000021D4D200011F11010156
:10D2D8002B1101012F110101371101013B1101012E
:10D2E8007BB972B90029BEBF00204FF0004106E0AB
:10D2F80008BF00281CBF6FF000414FF0FF3000F05E
:10D3080057B8ADF1080C6DE904CE002909DB002BF4
:10D318001ADB03F022FFDDF804E0DDE9022304B0A4
:10D328007047404261EB4101002B1BDB03F015FF06
:10D33800DDF804E0DDE9022304B0404261EB41017D
:10D34800524263EB43037047524263EB430303F0DB
:10D3580004FFDDF804E0DDE9022304B0404261EB9C
:10D3680041017047524263EB430303F0F6FEDDF8D8
:10D3780004E0DDE9022304B0524263EB4303704743
:10D3880053B94AB9002908BF00281CBF4FF0FF3124
:10D398004FF0FF3000F00CB8ADF1080C6DE904CE89
:10D3A80003F0DBFEDDF804E0DDE9022304B070479A
:10D3B800704700BF08B5F4F77BF9F6F7FFFAF3F703
:10D3C800D9FF002008BDFFF727BCF6F78BBA01F09C
:10D3D800DFB901F0E0B901F0D8B910B586B004465C
:10D3E80001A8FFF719FC02230020237003236070B3
:10D3F800A3709DF80430E0706371BDF805302071AA
:10D40800E380DDF80730A36006B010BD00F079BFF7
:10D4180070B50446FBF7BCF9012805461AD1601C13
:10D42800FBF7BEF9B0B1A3790020E61D63F03F0316
:10D43800A371F6F737FD38B1102200213046FFF707
:10D4480031FE0020257070BD3046FBF7C1F9002879
:10D45800F2D0F6E70025F4E710B5044610220021C3
:10D46800FFF720FE04F11003102200211846FFF7F1
:10D4780019FEFBF7CBF90020F6F714FD20B1204682
:10D48800FBF7A6F9002010BDFBF782F90028F6D0BB
:10D49800F8E710B50446FFF787FCB0F5007F09DA16
:10D4A80010F5007F08DD031EB8BF03339B10002072
:10D4B800237010BD7F23FAE76FF07E03F7E78178CA
:10D4C800008801F01EB937B505460C4600880DF1F5
:10D4D800060100F0FEFF2B882380BDF8063063802C
:10D4E80003B030BD38B505460C46F4F7F5F830B151
:10D4F8003E2D04D12046BDE83840F4F731B938BD97
:10D5080037B504462046F7F717F9022805460FD025
:10D5180004280DD123788A2B0DD0942B21D02046B6
:10D5280000F038F8A1782078FFF7DCFF0028E9D070
:10D53800284603B030BD05213E20FFF7D3FF002861
:10D54800EDD1E37801A92279684643EA0223ADF8D0
:10D55800003001F062F80028D4D053210820F3F7F6
:10D56800CDFE1A213E20FFF7BDFF0028D7D16379F1
:10D578006946A27901A843EA0223ADF804301123D1
:10D588008DF80630F6F7A6F90028BBD06521E5E747
:10D5980001F00FBF10B503780446813B1A2B35D82C
:10D5A800DFE803F0353B474B556D730E67418187C4
:10D5B80061777B8D9BB5C0CEE0E6ECF234DAD4001F
:10D5C8002920F4F7CDF830B13E232370222363706D
:10D5D8002923A3701AE00A20F4F7C2F83E23237027
:10D5E80018B11F2363700A23F3E70123A3701323E1
:10D5F8006370E37903F00103E371D4F81A30C4F8D7
:10D608000E30E38B638294F82030237510BD3E23DF
:10D618000370042343701423DBE73E2303700A23BB
:10D6280043700323D5E73E2303700D23437005237E
:10D63800CFE705232370042307E05A20F4F74CF8BA
:10D6480008230028F6D05A2222706370DEE75B2098
:10D65800F4F742F818B15B2323700623F5E730236B
:10D6680023700323F1E73E2303700B234370072342
:10D67800AFE73E230370062343700C23A9E7132367
:10D68800037083789B000133DFE75723037002237D
:10D69800DBE73E2303700D239BE73E230370012342
:10D6A8004370112395E73E2303700623437012232A
:10D6B8008FE73E23037009234370132389E73E2332
:10D6C80003702420F4F74CF818B12423A370142312
:10D6D800BBE70E23A3701023B7E73E230370252072
:10D6E800F4F73EF8227B20B125230B32A370627039
:10D6F8008CE70F2304F10B0104F10800A37002F179
:10D70800080302326370BDE81040FFF78BBC3E236C
:10D7180003702620F4F724F818230028D6D02622F0
:10D72800A27092E73E2303702A20F4F719F818B183
:10D738002B2363702A234CE71D236370192348E7C2
:10D748003E230370072343701A2342E7FF23037025
:10D758000D23437080233CE7FF2303702923437084
:10D76800812336E73E2303700C234370232330E7DD
:10D778003E2303700E23437037232AE73E230370AA
:10D788000A234370352324E73E230370FE234370A6
:10D798002B231EE708B510B96FF0150008BDFFF779
:10D7A800F7FE0028F8D00020F8E710B50C4648B17D
:10D7B80041B1FFF7A5FE002820700CBF6FF02200D2
:10D7C800002010BD6FF01500FBE7F8B5941C0E465D
:10D7D800054617460C446343B3F5004FA8BF4FF006
:10D7E800FF3310F003019CB203D0B0211420F3F7EB
:10D7F80085FDB4F5004F01D9B121F7E714220430B3
:10D80800FFF750FCEF746C802E80F8BD38B50388A4
:10D81800C4888B420589C4F30E0203D2D121142097
:10D82800F3F76CFD84EA0503C3F30E030BB9AC42AE
:10D8380006D102F118030122C1528274184438BD7E
:10D848001846FCE7023101444A43B2F5004FA8BF2D
:10D858004FF0FF3290B21B3020F00300B0F5004FBC
:10D8680034BF00B24FF0FF30704740881B3020F0C3
:10D878000300B0F5004F34BF00B24FF0FF3080B264
:10D88800704738B503888B4203D2F7211420F3F789
:10D8980035FD857C65B1C388C3F30E031833C25ABE
:10D8A8008A4207D3C152811DF3F76AFF00238374AC
:10D8B800284638BD0025FBE703461830F0B59E889A
:10D8C800DD88B4B2C6F30E06A54214D05F89DD7CAC
:10D8D800845B3D44E41B0235A4B2354428440D88DA
:10D8E800A54284BF0C8025465989B1FA81F14909BE
:10D8F8001170DD81F0BD00252846FAE7F8B5828869
:10D908000026C38904460D4692B20E60CBB1418908
:10D91800C2F30E020B4418329BB28718825A438115
:10D92800934204D94FF4A2711420F3F7E7FC04D111
:10D93800011DF3F725FF46812F6000230120E381B5
:10D94800F8BD1846FCE78388014602899BB29A42D3
:10D9580002D00831F3F714BF70478388C0889BB2A0
:10D96800C31A584258417047828873B595B2C48823
:10D97800C2F30E02AC4202F1180212D04189C689E4
:10D98800835A314499420EDB0DF10601ADF8065079
:10D99800F3F7F6FEBDF80600001B18BF012002B021
:10D9A80070BD0020FBE70120F9E770B5C488034685
:10D9B80006891830C4F30E0584EA0602C2F30E0283
:10D9C8000AB9B4420FD19C891A880CB1465B921BE4
:10D9D800914207DCDA7C2C440232224410440A4685
:10D9E8001A8270BD00221046FAE7F8B5038A002BA8
:10D9F80038D08B4236D3C48800F118038589C4F324
:10DA08000E041E1995B91D55757085891E5B0D4448
:10DA18003144ADB285811953D2B1811DF3F7B0FEFF
:10DA280000238381002303820120F8BD1E5BAE42E0
:10DA380004D04FF4F6711420F3F760FCC57C26443B
:10DA4800878A023535445E195F53857DB570DCE7FA
:10DA5800C27C254402322A4499189B5A83828B78C7
:10DA68008375DFE70020E0E78388C2889BB29A428B
:10DA780006D0428922B9C3F30E03183318447047FD
:10DA880000207047C37C0233C8187047C37C023338
:10DA9800C81A70470230704738B58388C2889BB26D
:10DAA8009A4207D045892DB9011DF3F769FEC58152
:10DAB800012038BD0020FCE703881380C388C3F326
:10DAC8000E031833034480890B60704703680022F3
:10DAD80023B9C0E90132031D0360704759681B6808
:10DAE8000A44F5E70729034670B504D84FF4EC71EA
:10DAF8001520F3F703FC0068C0B1446806461A68AD
:10DB08008C4210D0106860B901F10805AC420DD301
:10DB1800546850501868651A541800686560505069
:10DB280002E01346E9E7146830461C6070BD002324
:10DB3800C1E9003203680B600160704730B590B1ED
:10DB48008478B1FBF4F304FB131300EB430252890E
:10DB58008A4201D1D8B230BDC27822B900F1080397
:10DB6800D0B2844201D8FF20F5E733F8025F0132D2
:10DB78008D42F5D1EFE78278038805324B4303EBFA
:10DB880042031844704737B500240546CDE90044E0
:10DB98008DF806006846ADF80440F3F7D1FFBDF8EC
:10DBA800044008B103B030BD29462046F3F7A4FF6E
:10DBB8000028EFD040F235211720F3F79FFB70B50E
:10DBC8001E460D460921FFF73DFE0446324609214F
:10DBD8002846FFF737FE40EA04031B0454BF001928
:10DBE8004FF0FF3070BDD31D23F0070370B5083325
:10DBF80090B110F0070403D058212220F3F77EFBE0
:10DC080004604FF6FF75C28000F108040A4681805F
:10DC1800013A92B2AA4203D103FB01F0083070BD69
:10DC28000668266004601C44F2E70123037070470D
:10DC3800F8B50C46054611461E4684F001046400FA
:10DC4800E4B2FF23837003191B7D012B05D0013437
:10DC5800E4B203191B7D012B0AD105EB44073B8B6A
:10DC68003A8C9819904205DD00232C443B83237598
:10DC78000020F8BD05EB8404324660681844FFF7BD
:10DC88007BFA3B8B1E443E830023AB700120F0E7F8
:10DC980081F00101490010B5C9B2FF238370431810
:10DCA8001C7D012C07D10C3120F8112002221A7595
:10DCB8000023837010BD0131C9B243181C7D012CAB
:10DCC800F1D04FF499710920F3F718FB024630B5EB
:10DCD800837803F0FF00F3B9137D022B19D0537D2D
:10DCE800022B15D10346012089B10024D5180C3325
:10DCF8002C7522F81340131803241C7502EB8003BB
:10DD08005B680B6000F10C0332F813308B80012044
:10DD180030BD0123E8E70020FAE7034630B58278F2
:10DD280002F0FF00E2B99A7D022A17D0DC7D022CAE
:10DD380013D1032281B11D1900200C34287523F852
:10DD4800140098180324047503EB82000C32406811
:10DD580033F8123008608B80012030BD0324E9E7D6
:10DD68000020FAE7037D012B01D1008B7047437D2A
:10DD7800012B0CBF408B00207047837D012B01D104
:10DD8800808B7047C37D012B0CBFC08B0020704770
:10DD9800838B23B9C08B003818BF0120704701203E
:10DDA8007047027D022A01D1008B7047437D022B08
:10DDB80001D1408B7047032AF6D0032BF9D00020FD
:10DDC8007047827D022A01D1808B7047C37D022B68
:10DDD80001D1C08B7047032AF6D0032BF9D000205D
:10DDE80070472DE9F0410646069898460D464307C8
:10DDF80011469DF81C7002D010F0030003D02521B5
:10DE08004C20F3F77BFA4FF48B72FFF7ECFE002FF0
:10DE180006AB044600FB08F114BF00201846F3F7D0
:10DE2800D1FC17B9069B33602C60BDE8F081F4F78C
:10DE380057B800F0FD00003818BF012070472DE9E1
:10DE4800F0411646B0F86A70B0F86C5071B302F041
:10DE5800CEFE0446022100F024FF8046022120461F
:10DE680000F01FFF474528BF4746BFB21B2F38BFEA
:10DE78001B27FB2F28BFFB27854228BF0546778035
:10DE8800ADB21B2D38BF1B25FB2D28BFFB25B4F5D4
:10DE9800A47F38BF4FF4A474F580B4F5296F28BF68
:10DEA8004FF42964B4803481BDE8F08102F0F2F8BF
:10DEB800CFE7002307B5CDE9003303238DF80630FB
:10DEC8006846F3F73DFE08B1002004E0009802F030
:10DED80098F90028F4D003B05DF804FB13B50121CC
:10DEE8000020F3F7F3FDC0B901210846F3F7EEFD72
:10DEF800F8B9FFF7DEFFA0B906236C460190009041
:10DF08008DF806302046F3F71BFEC0B100230093BE
:10DF1800636007238DF806301FE0A830F4F7E6FFAA
:10DF280010B1012002B010BDF4F7BCFF0028DBD00F
:10DF3800F7E7A830F4F7DAFF0028DAD0F1E700981D
:10DF4800403001F075FF0028DCD0EAE7009B586FED
:10DF5800503001F06DFF0028E4D12046F3F7F0FDC2
:10DF68000028F3D00020DDE71FB5002240F6881313
:10DF780003A90092FCF7CCF805B05DF804FB10B5D6
:10DF8800044638B1F5F788FD24EA0000B0FA80F0BD
:10DF9800400910BD0120FCE738B5044602F0A6FA96
:10DFA800D8B1204602F02DF908B9002038BD204626
:10DFB80002F040F80546204602F03FF878B9002DF7
:10DFC800F3D00221B5F8AA00F3F796FD0028ECD0AB
:10DFD80041F6D6213920F3F791F94220E6E70C20E3
:10DFE800E4E7F0B587B00546008802A900F0BFFE57
:10DFF800044600287CD1029B93F86A21029ED11E18
:10E008004A424A418DF8062096F8A820002A72D183
:10E01800DA7B222A72D19DF8062082F0010293F859
:10E0280062308DF807209B0603D49DF80730002B3B
:10E0380068D0EB881B3B9BB2E02B65D8298944F25A
:10E048004810A1F5A4739BB283425DD86B881B3B33
:10E058009BB2E02B58D8AA88A2F5A4739BB283423E
:10E0680052D8B1F5296F51D8B2F5296F4ED8FF278C
:10E0780086F82F719DF80630002B41D1029B03AA28
:10E0880006F1A80093F8A810B1FA81F14909FFF741
:10E09800D6FE6A88BDF8123040F64800BDF8141064
:10E0A8009342B5F806C028BF13468142AA88A6F84D
:10E0B800343128BF0146BDF80E30634528BF63469A
:10E0C800A6F83031BDF81030834228BF03462889AE
:10E0D800834228BF03468A42A6F83231134628BF36
:10E0E8000B46A6F8363186F82E71002386F82F31B4
:10E0F800204607B0F0BD1A6892068CD422468EE7F7
:10E108003A24F2E71A24F3E71224F1E71124EFE79F
:10E1180010B50446FFF7CDFE58B901210020F3F7EA
:10E12800D5FCD0B901210846F3F7D0FCD8B90120B5
:10E1380009E0F5F769FC68B1F4F7AAFF044602F0B4
:10E1480009FB08B1002010BD204602F0FFFA0028A4
:10E15800E3D0F7E7002CE0D1F4E7A830F4F7C6FEE7
:10E168000028DFD0EEE7A830F4F7C0FE80F0010009
:10E17800C0B2E8E7006890F8A8303BB190F8E23107
:10E1880023B1002380F8E231F7F762BF704710B57A
:10E1980003780446012B01D9122010BDFFF79EFE1B
:10E1A80060B92078FFF745FE01280DD004F1170368
:10E1B800E21D611CBDE81040F5F7E8BFF6F778F8F6
:10E1C8000028EED00C20E8E7A37903F0C003C02BA9
:10E1D800E2D1EBE710B503780446012B0AD8FFF724
:10E1E8007DFE48B9214611F8010BFFF722FE00F029
:10E1F800FBFC38B9122010BDF6F75AF80028F1D008
:10E208000C20F8E70020F6E708B50088F6F756F87E
:10E2180000280CBF3020002008BD38B50546FFF7A0
:10E228005DFE044638B92878003818BF0120F6F793
:10E2380039F8204638BD0C20FCE708B5FFF74EFE3C
:10E2480018B9F6F71FF8002008BDF6F731F80028CE
:10E25800F7D00C20F8E7082303700020704711223C
:10E2680042F239030270C2705922A0F8013082804C
:10E27800C38000207047082108B5F3F767FE002027
:10E2880008BD73B5064600880C46088001A980B20F
:10E2980000F06DFD054640B9B3784BB9019B93F981
:10E2A8002801A070FAF722F9A070284602B070BDC4
:10E2B8007F20FFF759FEF4E710B504466FF07F00A2
:10E2C800FFF752FEFAF712F920707F20FFF74CFE95
:10E2D800FAF70CF96070002010BD0A4600F1100131
:10E2E80008B50723FEF756FD002008BD10B5014606
:10E2F80004460020F5F7BCFD08B92060A080002086
:10E3080010BD10B50446F5F753FB28B90020214687
:10E31800F5F796FD002010BD0020FFF7F9FE002854
:10E32800F4D10C20F7E710B504460120FFF7F0FE02
:10E3380028B101202146F5F783FD002010BD0C20EF
:10E34800FCE7FFF74EBE1FB502880A8044F2902111
:10E3580083888B4215D8B3F5296FADF8042042881D
:10E3680001A828BF4FF42963ADF80620ADF808309E
:10E37800ADF80A20ADF80C30FFF733FE05B05DF8B4
:10E3880004FB1220FAE737B508800D4601A900F012
:10E39800EEFC044640B901982A4610F8A81FB1FAC5
:10E3A80081F14909FFF74BFD204603B030BD034614
:10E3B8006FF06F0100200A2210B56FF00404587046
:10E3C80099701C70DA701C7158719971DA7110BDEE
:10E3D80010B50446FFF782FD58B92078611CFFF795
:10E3E80028FDE279F6F72EF880F001004000C0B26F
:10E3F80010BDF5F75DFF0028EFD00C20F8E773B5E6
:10E4080000880D46088001A980B200F0B0FC0446DF
:10E4180080B9019E86F8224196F82001F4F708FE9B
:10E42800A87096F82101F4F703FEE87096F82231F7
:10E43800002BEFD1204602B070BD1FB5044603A9DA
:10E44800008800F094FC38B9A388022B14D8E0782F
:10E45800FFF795FD10B9112004B010BDA078FFF7A3
:10E468008EFD0028F7D0012303A80093A388E27843
:10E47800A178F5F73FFBEFE71220EDE737B5837892
:10E48800C17803F00104027903F0020351EA04059C
:10E498001DD052EA03051AD0002C18BF0021002B0A
:10E4A800037818BF00228DF802108DF803204278F7
:10E4B80043EA0223ADF8003043798279684643EA9B
:10E4C8000223ADF80430FFF7B8FF03B030BD1120C8
:10E4D800FBE713B50C4601A900F049FC28B9019BDC
:10E4E80093F8A820DB8812B9238002B010BD01334D
:10E4F800FAE707B5008801A900F05BFC30B9019B79
:10E5080093F83F2112B9FF2283F83F2103B05DF849
:10E5180004FB10B50446F5F7B5FA206000206160E9
:10E5280010BD37B50446F4F7B3FD054623781F2B15
:10E5380018D8C16C04226846F3F71AFC2246002159
:10E54800E86C12F8013BFFF773FB68B1EC6C2046EE
:10E55800FFF713FC002102462046FFF799FB002035
:10E5680003B030BD1220FBE70720F9E737B50446B2
:10E57800F4F78EFD054623781F2B18D8C16C0022AE
:10E588006846F3F7F5FB22460121E86C12F8013BD7
:10E59800FFF74EFB68B1EC6C2046FFF7E3FB012167
:10E5A80002462046FFF774FB002003B030BD12205E
:10E5B800FBE70720F9E773B505460026F4F768FD81
:10E5C80004468DF8046002F0C9F82B78C0018DF874
:10E5D8000760012BADF8050005D101A92046F4F725
:10E5E80065FE02B070BD2BB9204602B0BDE8704090
:10E5F800FFF7D2BC1220F4E710B5044634F8020B3A
:10E608000880022180B2F3F761FA20B12146BDE803
:10E61800104002F0BABA022010BD008808B5088080
:10E62800022180B2F3F752FA20B10021BDE8084078
:10E6380002F0ABBA022008BD37B5044600880D4683
:10E648000880092180B2F3F741FA10B10C2003B019
:10E6580030BD0B212088F3F739FA0028F6D10C21B8
:10E668002088F3F733FA0028F0D101A9208800F0B8
:10E678007EFB0028EBD1019B9B8F6B80E7E737B5CA
:10E68800044600880880092180B2F3F71FFA10B108
:10E698000C2003B030BD0B212088F3F717FA0028AF
:10E6A800F6D10C212088F3F711FA0028F0D16388FD
:10E6B8000BB91220EDE701A9208800F058FB0028CB
:10E6C800E7D1658842F21072019BA9B2D3F8C8401D
:10E6D8005143B3F8DE206243B3F8D04004FB022272
:10E6E8009142E6D3D3F8C820D3F8C8409442F9D170
:10E6F80000229D875A63621E0A44B2FBF4F29A63B1
:10E70800C7E710B50C460221F3F7E0F990B1022CE7
:10E7180012D804F00102C4F3400480F8E42180F820
:10E72800E34112B190F8E2310BB9002010BDF7F7C0
:10E738008FFCFAE70220F9E71220F7E710B5044644
:10E748000078FF280AD00321F3F7C0F958B163789D
:10E75800A27843EA0223C384002010BDB4F8010064
:10E76800F7F798FDF8E74220F7E710B50446007878
:10E77800003818BF0120F9F7ADFE2078003818BF1F
:10E788000120F7F751FC002010BD0620F5F742B92B
:10E798000820F5F73FB902F028BA10B5044604B9C5
:10E7A80010BD236898476468F9E703680BB90160EE
:10E7B80070471A465B6813B18A42FAD170478A4299
:10E7C80018BF5160704708B5F7F7F0FBF8F7F4FA8F
:10E7D80020B140F263119320F2F790FD0320BDE8C9
:10E7E8000840FFF7D0B908B50220FFF7CCF90020A0
:10E7F800FFF7C9F9F3F72EFAF5F7DCFAF4F7D4F9CD
:10E8080020B140F243119320F2F778FD08BDFFF7DD
:10E81800EABF08B5FFF7D7FFF9F76AF820B14FF458
:10E82800BC719320F2F76AFD08BD08B5F8F7ECFA59
:10E83800F7F7EEFBBDE80840F8F7CEBA08B500F0E8
:10E84800A5F9F4F791F90220FFF79DF90020BDE83A
:10E858000840FFF798B9FBF7E3BF0B46892203F896
:10E86800032BD0F80920C1F80320427B1A717047A6
:10E8780038B50D460446F5F70FF92B78002B08BF7D
:10E88800034684F874306B78002B08BF034684F87D
:10E8980075306B88A4F8763038BD37B58B78054667
:10E8A800046803F0070384F819314B7803F0070371
:10E8B80084F818312623E37394F8393113BB94F89C
:10E8C8003831012B1ED094F8213194F81821D91E23
:10E8D800012998BF04239A42B4F81E3118D194F83C
:10E8E800202194F81901D11E0129B4F81C1198BFF0
:10E8F800042290420CD10222A4F83A11A4F83C3127
:10E9080084F83821284603B0BDE8304000F077BFCE
:10E91800022094F81D2194F81C1100902846F5F760
:10E92800E9F80028EED04FF46671AE20F2F7E6FC65
:10E9380038B5036804460D4693F83831012B02D1E7
:10E948001E21F5F751F92368002083F8380165B1D5
:10E95800182283F8992009229A7393F84A3093B9B8
:10E9680040F25B41AE20F2F7C9FCDA7B243A072A71
:10E9780003D82046DD7300F054FF20461821BDE877
:10E98800384000F07EBF38BD08B503689A7B22B1D5
:10E998004FF4E671AE20F2F7B1FC24229A7308BD59
:10E9A800034610F0010007D19A0704D413F00400BD
:10E9B80018BF03207047022070472DE9F34B164615
:10E9C800054610461F4646EA0104FFF7E9FF83465D
:10E9D8000846FFF7E5FF89464BEA0404DDF828807E
:10E9E80001900443E4B2003C18BF0124F5F754F841
:10E9F800064018BF5E46F5F74FF895F8202110EA53
:10EA08000901019B18BF1946B24214BF33460023BF
:10EA180088F8003095F821218A4208BF00210B436D
:10EA280088F801100AD1EB88013FFF1A47F6FD73F9
:10EA3800BFB29F428CBF002404F00104C6B995F808
:10EA48002001F4F705FB03280ED195F83831012B86
:10EA58000AD1B5F83C2195F82031012A0AD1042BB6
:10EA68000AD0042388F80030204602B0BDE8F08BB5
:10EA7800032EE9E7032BF7D00323F3E7032906D195
:10EA880001280AD1042101205180138070470429EC
:10EA980003D1012801D00321F5E7002070470128A0
:10EAA80007D0022805D0033801288CBF0020012098
:10EAB800800070472DE9F0410C6805460F4694F830
:10EAC8003A22D31E012B2DD894F82031D91E0129C2
:10EAD80028D8D31A18BF012394F83B02FFF7DFFFA9
:10EAE80006460BBB1046FFF7DAFF804694F89F30C6
:10EAF8006BB948EA060313F0FF0306D0204600F07E
:10EB0800D1FE3B68DB8803449BB2A4F83832B4F8E2
:10EB180038320520AE70EB701B0A85F801802B7126
:10EB2800BDE8F0810023D7E74FF00008DEE770B5B5
:10EB3800056802460B46EC7BA4F12406072E15D97E
:10EB480094B9AD7B292D11D04D786E0706D08D78FC
:10EB58006D0703D0FFF7A1FE204670BD1978104657
:10EB6800BDE8704000F08DBE0124F5E72024F3E7EE
:10EB780008B50368DA7B262A05D022B140F2D351C2
:10EB8800AE20F2F7BBFB2722DA7308BDF5F712B9FE
:10EB9800704730B542401C7808785D7860404C7802
:10EBA8006C409D7820448C786C40DD782044CC788B
:10EBB8006C401D795B7920440C7949796C404B4055
:10EBC800204418441044B0FA80F0400930BD024691
:10EBD80000200139C9B2FF2900D17047535C83F086
:10EBE80001030344D8B2F4E708B5F5F767F9082834
:10EBF80007D0F5F785F9082803D0F5F795F901202E
:10EC080008BD0020FCE708B5F5F758F9082803D037
:10EC1800BDE80840F5F774B908BD08B5F9F718FD5F
:10EC280018B1BDE80840F9F745BD082008BD014402
:10EC38000023884203D1B3FA83F04009704710F8E3
:10EC4800012B1343F5E7F8B505460C46D0E90476E1
:10EC5800FDF710F818B952212920F2F74FFBE4B15B
:10EC6800D5E90423D21B63EB0603012A73F10001E3
:10EC78004FF0000113DB6FF001009042994101DA77
:10EC88005C21E9E7631E1344B3FBF4F35C43E41926
:10EC980046F10006C5E904461C462046F8BD0C4668
:10ECA800FBE7022905D13C281AD980100F3880B219
:10ECB8007047CB1E012B0ED804290BBF96234FF4A7
:10ECC80016731022402203F5BC73984208D9C01A63
:10ECD80090FBF2F0EBE7702802D9C0100E38E6E797
:10ECE80000207047022908B5034614D005D8012929
:10ECF80009D0E7212920F2F701FB03390129F8D8C7
:10ED080040F6A66008BD40F6C41040F2E242002B6F
:10ED180008BF1046F6E740F6C410F3E7801AA0389B
:10ED280010B58842029C94BF091A491A2268012921
:10ED380002EB510294BF0020012022601A68A2EB66
:10ED480051021A6010BD69B1A0F57A7241F2707370
:10ED58009A4207D84FF47A73B0FBF3F000F550608D
:10ED680080B2704740F2E243B0FBF3F0F8E738B501
:10ED78000C4600210546F2F7A9FE206048B9022199
:10ED88002846F2F7A3FE2060B0FA80F04009400060
:10ED980038BD0020FCE70368587BC0B293F83030D8
:10EDA8002BB900F0FB00003818BF01207047002085
:10EDB800704710B50C46FFF7DAFF38B92046FFF761
:10EDC800EAFF80F001004000C0B210BD0220FCE75D
:10EDD80038B54FF442720D4600210446FEF762F939
:10EDE8006FF036020123A4F8AA5084F863200422A5
:10EDF800E37584F864206FF03B0284F8A83084F847
:10EE080065206F2284F86620032284F86720002298
:10EE180084F868206FF07F0284F869202B2284F838
:10EE28006220FE2284F89E207F22E27238BD40F6DE
:10EE3800B83307B5B0F8D220D0F8C810019083874E
:10EE480001A8F5F73DFB03B05DF804FBC2B292FAE6
:10EE5800A2F2030A93FAA3F31B0E100E40EA032052
:10EE68007047013105300022C9B270B510F8013F72
:10EE78008B4216D310F8054C0023012505FA03F63A
:10EE880026421CBF01F1FF31C9B269B10133082B19
:10EE9800F4D10132D2B2052AE8D19B214620F2F7FB
:10EEA8002DFAC91AC9B2F4E703EBC200C0B270BDAB
:10EEB8000B6870B5C0F8013004460B790546461D4D
:10EEC80003F01F0343710023C37215F8010F00F00C
:10EED8007DFC6871B542E37A1844E072F5D170BDE3
:10EEE80081EA114170B58CB20546C17A032682EADF
:10EEF8000400FFF7ABFF013E00EB001016F0FF0621
:10EF080004EB000290B2F4D144402522B4FBF2F3A2
:10EF180002FB1343C3F3C402D8B203F007032A4425
:10EF28005678012202FA03F31E4207D161432846AC
:10EF3800C1F30741BDE87040FFF793BF70BDF8B556
:10EF480090F8225004466B1E242B03D9E121462059
:10EF5800F2F7D4F9DAB1C07D002843D194F824300F
:10EF680094F8231002FB01322523B2FBF3F103FBD3
:10EF78001123DBB204EBD30203F0070684F8243034
:10EF8800117E0122B240114202D084F82530F8BD2A
:10EF9800B3FBF5F205FB123304F11C01013303F056
:10EFA800FF0311F8012F9A4219D311F8055C0022CA
:10EFB800012606FA02F72F4208D0013B13F0FF039F
:10EFC80004D102EBC00284F82520E0E70132082AC8
:10EFD800EFD10130C0B20528E3D1D721B7E79B1A9A
:10EFE800DBB2F6E7E28804F11700496AFFF778FF19
:10EFF80084F82500CBE70378890123F0400301F06A
:10F0080040010B4303707047037803F07F0343EA22
:10F01800C113037070471F2A38B50546144603D933
:10F02800A8212A20F2F76AF906340930FEF7A4F875
:10F038006C7038BD1F2A38B50546144603D9CA2155
:10F048002A20F2F75BF906340930FEF795F86C7060
:10F0580038BD0378024603F00F03032B3ED0052B7F
:10F0680042D1C37F90F82000034392F82100034364
:10F0780092F82200034392F8230000F01F0018437F
:10F0880033D05378222B2FD1B2F81930B1B1B3F560
:10F09800506F13D940F607518B4225D8B2F81B3070
:10F0A800B3F5FA7F20D2B2F81D0040F676430A384D
:10F0B80080B298428CBF002001207047991F40F60B
:10F0C8007A4089B281420FD8917D481E07280BD813
:10F0D800994209D2B2F817109942DEE74078A0F1B8
:10F0E8000C0358425841704700207047C37813F00A
:10F0F8003F035DD007295BD8DFE801F0040B1E2928
:10F10800343F4A55037913F0010F0CBF0020052046
:10F118007047027912F002004BD0052002F001027C
:10F12800072902EB420200EB4200C0B241D1021FA4
:10F138009A42C8BF00207047027912F0040038D004
:10F14800052012F0020F1CBF0630C0B2E6E70279B4
:10F1580012F008002DD0052012F0040F1CBF01305A
:10F16800C0B2EEE7027912F0100022D0052012F0AA
:10F17800080F1CBF0230C0B2EEE7027912F020007F
:10F1880017D0084612F0100F1CBF0330C0B2EEE7CC
:10F19800027912F040000CD0052012F0200F1CBF9D
:10F1A8001230C0B2EEE702795006F5D50620F4E732
:10F1B8000020704770B50C46064611461D4624B916
:10F1C8004FF41F712A20F2F799F8FFF78FFF10B953
:10F1D80040F27D21F6E7031F2B443F2B02DD40F26E
:10F1E8007E21EFE72A4621463044BDE87040FDF70E
:10F1F800C3BF30B5C1F38003C1F38014C1F3400528
:10F208002344C1F3001404EB44042344C1F3401421
:10F2180004EBC40403EB4403C1F300042C44C1F31E
:10F22800C005134404EB44042C4403EB440313F0DB
:10F23800FF031CBF01330171C17818BFDBB221F095
:10F248003F0103F03F042143C170591C41701AB1BA
:10F2580004339B1A013AC25430BD1B2A08B504D99D
:10F2680040F299312A20F2F749F8BDE80840FDF745
:10F2780083BF8388A1B1B3F5506F11D940F6075207
:10F2880093421BD8C388B3F5FA7F17D2008940F69A
:10F2980076430A3880B298428CBF0020012070471C
:10F2A8009A420BD8B3F5486F08D84278511E0729FF
:10F2B80004D89A4202D242889A42E2E70020704774
:10F2C800013001F1200351F8042B994240F8042B36
:10F2D800F9D10B880380704738B515460446FFF707
:10F2E800EFFF2B68C4F823306B68C4F8273038BDAB
:10F2F8002DE9F04F85B08846154603A99DF838409A
:10F308000193FFF734FD814618B9039E2DB90123F7
:10F318007375012005B0BDE8F08FD6F8C0A0294666
:10F328005046FEF773FA074608B90020F2E7F3F7EC
:10F33800C9FE8542F9D839465046FEF7A3FB727DCF
:10F348008346A0F80190002A18BF4FF0020880F801
:10F3580000803846FEF79EFB0746DCB1B6F8E6406B
:10F36800C4B1FBF7DDFA40F271225443241841F18D
:10F37800000179602A4601990BF103003C60FDF712
:10F38800FBFE29465046FEF77CFA28B983212B203C
:10F39800F1F7B4FF2146ECE7039B93F8A83033B1AB
:10F3A80003A8FEF7E7FE039B0022A3F8DA21002357
:10F3B800AEE7437837B5C3F301120446032A03D8EE
:10F3C800DFE802F0050E1D05002003B030BD05780A
:10F3D80003F00F00002300930221231D628807E039
:10F3E800057803F00F00002301210093231D628894
:10F3F80045EA0020FFF77CFF60B10120E5E7F4F75C
:10F4080047FB03685B05DFD560780123257800F0AA
:10F418000F00E0E7F5F772FAEFE71A230B70012304
:10F428004B708B707047F5F72FB910B521B940F2C2
:10F43800A9211020F1F762FF4A600B72EFF31084E4
:10F4480072B6031D0B6042681AB1127A012A08BF0E
:10F45800036003681960016004B962B6BDE8104032
:10F46800F5F75CB90222F5F737BA0322F5F734BA93
:10F478000422F5F731BA0222F5F772BA8D230B7020
:10F4880030F8AF3CA1F8033030F8653CA1F80530FE
:10F4980030F8613CA1F8073030F8633CA1F8093036
:10F4A80030F85F3CA1F80B30704708B5CB1E012B34
:10F4B80004D8800100F5747080B208BD012902D11A
:10F4C8000E30C000F8E7022902D10F308000F3E7C0
:10F4D8004FF40C710620F1F711FF30B587B00446E0
:10F4E8000D46F3F7F5FD80B334F8B84C694620466D
:10F4F800FEF749FF18B1FB212C20F1F7FFFEBDF8FC
:10F50800063003A8ADF80C40ADF80E30BDF8083051
:10F51800ADF81030BDF80230ADF81230BDF8043047
:10F52800ADF81430FEF70DFF10B14FF48271E3E728
:10F53800ADF80C009DF80C30002063F307009DF82F
:10F548000D3063F30F2007B030BD2B46992203F826
:10F55800032BD4F80920C5F80320D4F80D205A60ED
:10F56800B4F811201A810423ADF80C30E2E74068A2
:10F578007047033901298CBFC08A4FF4296070474E
:10F5880070B590F878608D88033E0C89012E04D9F7
:10F5980043B11678033E012E04D8B5F5296F38BF5C
:10F5A8004FF4296590F87960033E012E04D943B1E0
:10F5B8005378033B012B04D8B4F5296F38BF4FF4B7
:10F5C8002964CB884A88A0F86430A0F86020A0F8A5
:10F5D8006250A0F8664070BD8383BDF80030018397
:10F5E8004283C38370471B2200294FF01B110CBFB5
:10F5F8004FF4A4734FF4296382840284028502F1D4
:10F60800A472C160C3844384C38383834382038217
:10F61800C0E9052170470346B3F85810B3F86420D1
:10F62800F0B5914293F87940B3F85C5028BF114681
:10F63800033CB3F86620E4B2B0F84E70AA42B0F8C2
:10F648005200A3F84E1028BF2A46012CB3F85440A4
:10F6580087BFB3F8566015464FF429664FF42965FD
:10F668008C42A3F8525038BF0C46B24238BF3246DB
:10F678008F42A3F85440A3F8562026D1401B18BF48
:10F688000120B3F86020B3F85A10B3F84C509142F7
:10F69800B3F8504028BF114693F87820033A012A5E
:10F6A80015D9B3F85E20B3F86260B24228BF32467B
:10F6B8008D42A3F84C10A3F850200BD1944218BFE8
:10F6C80040F0010000F00100F0BD0120D9E74FF43F
:10F6D8002962EDE70120F5E738B5CB1E0446012B7A
:10F6E80010D9C58B438C9D4228BF1D46207AFFF751
:10F6F800DCFE6389AB4228BF2B46984238BF1846C8
:10F7080080B238BD4FF42965F0E72DE9F8439946F2
:10F7180007460D46808919461446FFF7C6FE064679
:10F728009DF8208049463846FFF7D6FF8642414675
:10F73800A8F1030828BF0646B88AFFF7B6FEB8F155
:10F74800010F0346B6B28CBFFA8A4FF42962904281
:10F7580004F1060028BF134628449BB233441844DA
:10F76800BDE8F8830346828F13B5403049B9598FF5
:10F7780093F87940009493F87830FFF7C6FF02B009
:10F7880010BD198FF4E770B50C46154619464BB9EC
:10F79800068FFFF7E7FF28443044A04294BF201AA1
:10F7A800002070BD468FF4E738B50D461146044673
:10F7B800FFF7D8FF2844606438BD01F19C038342F9
:10F7C8003DBF9C38401A40080020704700F05503A0
:10F7D800400800F05500034403F033009B0803F091
:10F7E8003303034403F00F0000EB13107047036862
:10F7F80000229A7383F84A20A3F8462070470268CB
:10F8080092F8A8302BB9A2F84E30012382F8503074
:10F8180070470023A2F84E3092F8503001335BB2A3
:10F82800F4E7026808B592F8A83013B982F85030A6
:10F8380008BD92F85030013B5BB2002B82F8503083
:10F84800F6DA52214A20F1F759FD08B5036883F822
:10F858009B1083F89A203522DA73FFF7D0FF002037
:10F8680008BDA0F10A03042B09D9A0F14703012B15
:10F8780005D9243807288CBF0020012070470120B3
:10F8880070470268136810B513F0080408D143F0F4
:10F89800080382F898101360FFF7B1FF204610BDE7
:10F8A8000120FCE7D0F8C82041F64B539A4296BF96
:10F8B8004AF6C8730623B3FBF2F3B0F8D020B0F8C9
:10F8C800DE001344584380B27047036800201A7C56
:10F8D800073A012A81BF4A785A7407221A74704776
:10F8E8000268137C073B012B84BF082313747047FD
:10F8F800026870B5D57BE5B9CB88D688A2F8D03236
:10F90800013B9B1B47F6FD769BB2B34206D92823E1
:10F9180082F83130F5F726FB284670BDD1F8013062
:10F92800C2F8D2324B7982F8D6320A220368DA73E7
:10F93800F2E70125F0E72DE9F74F0646894690469C
:10F948000193FFF7AFFFD6F8F471044657B90023C7
:10F95800C8F80030F38823449CB2019B1C8003B094
:10F96800BDE8F08FF5F7B4FD0028F0D1D6F8C8C08F
:10F97800D6E976320CFB04FE1EEB030ED7E9021320
:10F9880042F100020B44D7E900155B1845F1000568
:10F99800734575EB020114D2BEEB03016FF0010B46
:10F9A80062EB050A8B4570EB0A0A03D23D2156200B
:10F9B800F1F7A4FC3869471E3944B1FBF0F1E0FBCC
:10F9C8000135B3EB0E0365EB02056FF001029A42B5
:10F9D8004FF00002AA4101D24821E8E7B3FBF9F24F
:10F9E80009FB1233B3FBFCF291B20CFB1133C8F8DC
:10F9F8000030F3881C441444A4B2AEE70B468222BC
:10FA080003F8032BD0F80920C1F80320D0F80D2003
:10FA18005A60427C1A720023CB707047036870B535
:10FA2800DD7B06460C46002D5AD193F82911062293
:10FA38002046FFF71EFC014628B921783046BDE86C
:10FA48007040FFF71EBF32686389D088A2F8D032B1
:10FA5800013B1B1A47F6FD709BB2834207D9282346
:10FA6800304682F83130F5F77DFA284670BDA38814
:10FA78006FF450601818062895BFA3F5506340F23C
:10FA8800E2414FF47A704B438CBF29464343C2F896
:10FA9800D8326378C1B103EB830303EB83039B0084
:10FAA800A2F8D2326388C1B164214B43C2F8D43280
:10FAB800E388A2F8DC322389A2F8DE32002382F838
:10FAC800E4320D23D373D0E7C3EB431003EB800379
:10FAD80003EB83035B009BB2E2E740F2E241E4E719
:10FAE8000125C2E7F8B50D6804460F46D5F844026B
:10FAF80095F82911FFF727F96FF45062B5F83E32EF
:10FB080082182071000A92B26071062A8BBF40F2F7
:10FB1800E2426422002601268CBFB3FBF2F3B3FB5A
:10FB2800F2F36370B5F84832A3711B0AE371B5F8B4
:10FB38004A3223721B0A6372386890F89F303BB9C7
:10FB480005F50F7305F51072D5F84412FFF7F3FEAB
:10FB5800B5F83C32A3721B0AE372D5F8403246B1BD
:10FB680064220C20B3FBF2F3A370C3F30723E37002
:10FB7800F8BD40F2E242F4E70B46842203F8022B78
:10FB8800D0F80920C1F80220D0F80D205A6070473B
:10FB98000B46852203F8022BD0F80920C1F8022071
:10FBA800B0F80D209A80704738B503680546DC7BAD
:10FBB80034B1113C0F2C8CBF01240824204638BDD9
:10FBC8001A7D002AFAD0D3F8A4302BB9FFF717FE14
:10FBD8002B681122DA73F1E70C220A21BDE83840BC
:10FBE800FFF733BE08B50368DA7B162A04D040F263
:10FBF80053211F20F1F782FB012283F8512018229C
:10FC0800DA7308BD0368DA7B122A05BF13220020C5
:10FC18000220DA737047036810B5DB7B04461C2B9F
:10FC280006D1FFF7FEFD236820220020DA7310BDFD
:10FC38000220FCE708B50368DA7B112A04D040F2F9
:10FC48007E211F20F1F75AFB012283F8512012224E
:10FC5800DA7308BD08B50368DA7B182A04D040F2C5
:10FC68008A211F20F1F74AFB1C22DA7308BD3E23C4
:10FC78000B700C234B7004238B70D0F80930C1F83B
:10FC88000330D0F80D30C1F80730B0F81130A1F8C2
:10FC98000B30C37C4B73704708B503689A7B1AB165
:10FCA800CF211C20F1F72AFB04229A7308BD08B55E
:10FCB800036893F8A82032B9DA73A3F84E20BDE898
:10FCC8000840FFF7AEBD1A68D10703D4DD211C2018
:10FCD800F1F714FB22F001021A60F0E787230B709A
:10FCE80030F8A63C4B807047036893F8A8109A7BBD
:10FCF80059B9052A08BF00224FF0000002BF83F857
:10FD08003E2083F84A209A7370470F2AF2E738B5E5
:10FD1800046894F8A85045B9E37B4BB9FFF76FFD29
:10FD280045B90223E373002038BD23685B07F5D586
:10FD38000120F9E7236843F004032360F3E703682D
:10FD480093F8A8201AB11A6822F004021A60FFF783
:10FD580068BD08B503689A7B1AB172214B20F1F788
:10FD6800CDFA93F8A820002A14BF0F2205229A730F
:10FD780008BD10B5D0E90D42A24206D30B8D121B67
:10FD8800C98E05334B43934202D3012380F83E309A
:10FD980010BD0C230B7008234B7000238B70B0F838
:10FDA8005630A1F80330437A4B714389CB8083895D
:10FDB8000B81704710B5046894F853309A070CD437
:10FDC800A37B1BB177214020F1F798FA0122A4F810
:10FDD8004630A27384F84A2010BD94F8A8303BB985
:10FDE800E37B0BB9FFF71DFD002384F83E31F3E7F1
:10FDF80023689B07F8D5FFF714FD236823F0020357
:10FE08002360F1E710B50B7901284C790A6843EAB9
:10FE18000421104608BF41F4803110BD07B5FFF733
:10FE2800F1FF0DF10702F5F7F9FA03B05DF804FBED
:10FE380090F838300BB90020704790F83830012B13
:10FE4800F9D090F83800073818BF0120704790F8AB
:10FE58003830012BDAB201D0FFF7EABF10467047FD
:10FE6800002307B501A80193FAF722F9019810F0C9
:10FE7800030018BF012003B05DF804FB10B5FFF7BD
:10FE8800EFFF002814BF14240024FDF713FA4042A2
:10FE980000F01400204410BD73B50C46B1F80510ED
:10FEA80005461A2921D9B4F80730B3F5A47F1CD325
:10FEB800B4F801201A2A18D9B4F80340B4F5A47F7D
:10FEC80013D30068009400F1A806E830FFF784FB1C
:10FED8002C683046FFF79FFB10B9012002B070BDB7
:10FEE80004F25910F4F748FDF7E70020F6E708B5E3
:10FEF80003689A7B1AB12621A320F1F7FFF9212282
:10FF08009A7308BD38B505680446AB7B213B022BC4
:10FF18000BD8FFF7C1FF18B106212068F6F70EF9D4
:10FF2800002085F84A00A87338BD0120FCE7026864
:10FF38001368D90610B5044603D4B821A320F1F7F5
:10FF4800DDF9990601D5B921F8E723F0100313600C
:10FF5800FFF767FC20680621BDE81040F6F7EEB809
:10FF680038B50546F9F782FD00F55F434FF47A721C
:10FF7800033D4133B3FBF2F4FFF780FF012D00F19D
:10FF8800FC038CBF002028202344184438BD10B53A
:10FF9800044690F87900FFF7E3FF01220146204666
:10FFA800BDE81040FFF700BC002313B51A464373A1
:10FFB800A0F88832194600930446F5F703FB20B1F0
:10FFC80040F2E7113020F1F799F90123C4F8100243
:10FFD800C4F808026373A4F82602A4F8240284F87B
:10FFE8002902E388A4F88A02013BE38002B010BD2D
:08FFF800F8B50D460023D0F816
:020000040101F8
:100000001011044680F81431D0E9506781F8E521D9
:1000100080F85031D0F81001FEF70DFFD4F8100130
:10002000C0E99C67C0F88C52C0E9A067FFF7C0FF29
:10003000F9F75CF9BDE8F840FBF790BDD0F8100186
:10004000704738B5044690F850319BB1FF2380F8D3
:100050005831012100F0CBFB94F8503153B104F139
:10006000E8052846FAF71AFD2846FAF72BFD002383
:1000700084F85031002038BD08B590F8582142B9B5
:1000800090F8142142B1D0E94631994202D9F7F7EC
:1000900095F80022104608BD0122FBE710B5044682
:1000A000FFF7F0FE00F5E571226A236C9A4228BF43
:1000B0001A461046FFF785FBB0F5296F28BF4FF4AD
:1000C000296080B210BD012A70B506460D4614465F
:1000D0000BD0022A0ED08AB9F8F720FE224601463C
:1000E0002846BDE87040FFF787BFF8F717FEC6F84F
:1000F0008C0270BD0122D0F88C12F1E740F2C3717E
:100100003020F1F7FFF870B5044621B1012978D00D
:1001100040F2D37172E000F018FA94F851310546BC
:100120000E46DBB150EA010318D0D4E94832D4E9D5
:100130005001C01A334661EB02012A46FCF724FF46
:1001400005FB01F300FB0633A5FB00021344D4E9D1
:100150004821121843EB0103C4E94823E08C30B175
:10016000F4F734FCE38CB0FBF3F202FB1300D4E9A8
:100170004832ED184FF0000346EB02062D1840F20E
:10018000024284F8303146F1000684F85131A4F877
:100190003821C4E94856C4E9505694F8583103F060
:1001A000FF01DBB96FF00043D4E952029A4208BF65
:1001B000B0F1FF3F18D02046D4E9505600F09FF927
:1001C000F630D4E952325B1B62EB06021B1A62F175
:1001D0000002002A08DA2046F6F7F0FFF9F786F861
:1001E000BDE87040FBF7BABC04F5987104F1E80073
:1001F000FBF7D2FC0028F1D14FF4E0613020F1F799
:1002000081F8002380F81431E8E790F850010038B5
:1002100018BF012070470B46812203F8032BB0F86A
:100220000920A1F80320C27A9A7070470B468C22ED
:1002300003F8032BD0F80920C1F80320D0F80D20D3
:100240005A6070478B88F7B513F0180506460C46C0
:100250001FD1086820B940F2EA312D20F1F752F899
:1002600000F04CFB217CF6F72BF8677CA388014655
:100270003A46304600932B46F6F740F8CC30D4E9A6
:100280000223824273F100032CBF0120002003B03F
:10029000F0BD0120FBE738B588220B460C4603F879
:1002A000032B00F10902293052F8041B824243F863
:1002B000041BF9D1127802211A700123A588A371B9
:1002C0002846F1F707FC58B1E3784BB102212846E4
:1002D000F1F716FC20B140F233212D20F1F712F88E
:1002E00038BD70B504460D46173019461646FEF760
:1002F000E3FD84F8205184F82151FF2384F8223152
:10030000E91E04F1E80001298CBF00210121FFF75B
:100310006EF9314604F1A800F4F7BEF894F82A31DA
:10032000002B14BF4D239623A4F8E230A4F8E0304C
:100330000023A4F8E43070BD70B50D46044691F872
:1003400029111646D5F8C800FEF701FDB5F8D030E2
:10035000A4F8AC0004F1A002A4F8AE30B5F8D23095
:10036000A4F8B03095F82B3184F8B230237F73B302
:1003700094F86830012B2AD194F86E3003F0C00352
:10038000402B24D1D4F86930C4F8A030B4F86D30D3
:100390009380082E236A04F1A60193F8AC2003F1A0
:1003A000AD0084F8992004F19A02D3F8AD3019D049
:1003B000C4F8A630838830468B8004F19901F3F7A6
:1003C00095FF40B940F6E2312D20F0F79BFF002366
:1003D000C4F8A030DCE794F8993043F0020384F8C5
:1003E000993070BDC4F89A30838893800023C4F894
:1003F000A6308B80F5E70B468B2210B503F8032B54
:10040000D0F80920C1F80320427B1A71CB78A3B140
:1004100030F8B43C1B0710D4B1F805400221204647
:10042000F1F758FB48B102212046F1F769FB20B1F2
:1004300040F276212D20F0F765FF10BD0121F6F77F
:10044000BDBBFFF7FBBF08B590F894300BB101209E
:1004500008BD90F8CC30002BF9D190F8BE3003F0F5
:10046000FF00002BF4D0F3F7D3FA80F00100C0B204
:10047000EEE730B54FF4B07285B00D46002104466A
:10048000FCF714FEFF2323701323638042F21073E2
:10049000E384F1F72BFC00220146E0646846F1F7A3
:1004A0006BFC00220121E06CFDF7F6FB0422E16CFD
:1004B0006846F1F761FC0022E06C1146FDF7ECFBA9
:1004C00004F13000A57400F0C9F902A8F4F728F887
:1004D00020B94FF449712D20F0F714FF02A904F15F
:1004E0003600FEF7E9FC05B030BDFF23C86C0B7089
:1004F000FDF79FBB0078FF3818BF01207047F7B5A4
:10050000044630300E4600F0F9F961880746CA0605
:1005100005D52822F6F790FE933003B0F0BD8B0787
:10052000E06C0FD5FDF751FC217905463846F5F70B
:10053000C7FE638801462846009333466279F5F783
:10054000DDFEE9E7FDF731FCEEE7D0E90201704797
:100550002DE9F04F07469DB00C46054610AE0DF153
:1005600020080FCF0FC60FCF0FC697E80F0086E801
:100570000F0040466E7900F071F9A37A277D03934E
:1005800023787A1E0493022A637803F07F0AD14607
:1005900000F28380D90603D4A67D731E022B7CD87B
:1005A000637E03F0FD03012B02D1032F08BF042754
:1005B000A37E03F0FD03012B02D1032E08BF042606
:1005C000617A404600F051F9237D227F4046022B9C
:1005D00002F101020CBF617D0121D2B204BF0131E1
:1005E000C9B200F044F91AF0080F6CD1404600F08F
:1005F00085F963788346DA0654D4F1F7A5FB824681
:1006000039465846F5F75CFE01230146324650460E
:10061000CDF80090F5F772FE40F27122217900F2D8
:100620009A20E378B0FBF2F043EA0123617950436A
:1006300043EA01435343984239D84FF0000B94F8F2
:1006400018A00793A37CE86C05930AF1FF33D3F15C
:10065000000A4AEB030AFDF7A8FB0690E86CFDF7D9
:10066000B4FB0699079B814238BF014688B268B344
:1006700008A90C9306930A910AA9ADF82C90CDF81D
:1006800034B08DF838708DF83960FFF7DBFD069BCC
:10069000E0B945201DB0BDE8F08F40F212310620D0
:1006A000F0F730FE28224946F6F7C6FDB4E7E179B7
:1006B000A37943EA0123217A43EA01435343834266
:1006C00028BF0346B9E700239B46B8E7CDE9123BB4
:1006D000059B049A8DF853308DF8447010AF039B3E
:1006E0008DF845602E468DF850A08DF854308DF869
:1006F0004020ADF842900FCF0FC60FCF0FC697E83E
:100700000F0086E80F0098E8030028630020A98600
:10071000E37A03F0FD03003B18BF012385F86F3037
:10072000E3682B67238AA5F8743095F84630E27D9C
:1007300062F3071385F84630ACE74FF40043A0F8A6
:10074000483043881D2B08BF00214174704790F941
:1007500012007047408800F0010070478078C0F3B5
:10076000400070478078C0F3C000704710B54488DF
:10077000C06CE30654BFC4F340040024FDF70CFB37
:1007800084F001042043C0B210BD4079C31E012B88
:1007900005D8B1F81E31012B14BF03200420704787
:1007A00010B50446F4F712F9C0F30B00A042F9D0DB
:1007B00010BD10B50446F6F73BFC00212046F6F7C5
:1007C000FDF92046BDE81040F5F720BF90F86830ED
:1007D000016281F8B330D0F86930C1F8B430B0F8B4
:1007E0006D30A1F8B83070477047F5F7EBBF80F86F
:1007F000881070478278034612F0010002D0D97841
:10080000C90710D5900702D5D97889070AD512F003
:10081000040008D0D878C0F3800080F00100800088
:10082000C0B2704702207047C0F34002C0F380039B
:1008300000F00100134418447047022808B507D09F
:10084000042807D0012807D039212E20F0F75AFDBF
:10085000262008BD2720FCE72520FAE70023C0F862
:10086000023001234370037070478170704710B5E8
:100870004270144601708078FFF7D6FF484304FBAE
:1008800000F2FE2A03DD5C212E20F0F73BFD10BDB7
:100890000023C37043710371704710B50446FFF71E
:1008A000A9FF637962780133DBB29A4263710CD19C
:1008B000E3780022A17803436271DBB29942E370CE
:1008C00001BF2379E27001332371BDE81040FFF7C7
:1008D000B4BF38B504468078FFF7A6FF0146E0783C
:1008E000FFF7A2FF2378227965789B1A6B4359435F
:1008F0006379C91A00FB1510C0B238BD014608B5AE
:100900008078FFF791FF4A780B7853435843C0B281
:1009100008BD40F2EF20704740F25A335843704709
:1009200008B50368DA7B182A04D040F27E513120E2
:10093000F0F7E8FC1E22DA7308BD08B590F89E3087
:10094000FE2B04D040F66F113120F0F7DBFC0023C2
:1009500080F89E1080F89F3012B9A0F84E2008BD94
:10096000A0F84630012380F84A30F8E708B503685C
:10097000DA7B352A05D10022DA73BDE80840FEF79C
:1009800054BF182A02D11E22DA7308BD40F29351D7
:100990003120F0F7B7FC037D63B9C37BA3F11002EC
:1009A000032A07D990F8520028B1202B8CBF0020D1
:1009B0000120704701207047037D63B9837BA3F159
:1009C0001002032A07D990F8520028B1202B8CBFBF
:1009D00000200120704701207047036810B59A7B02
:1009E00093F8A010092A08D193F899208A4204D1DB
:1009F00000229A7383F84A2010BD1A6812F0080486
:100A000006D022F00802BDE810401A60FEF70DBFC4
:100A1000FF2904D1372283F8C4429A73ECE74FF4DC
:100A2000AF613120F0F76EFC38B50E38136814460C
:100A30000D469A7B09283ED8DFE800F0053D3D3D94
:100A40000F3D183D3D27042A05D12046FEF7D3FE71
:100A50002046F4F713FC002038BD0F2AFBD10022FA
:100A600020461146BDE83840FFF742B9212AF2D1AD
:100A70002046FEF7C0FE002DEDD0226892F86230CD
:100A800023F0200382F86230E5E7DA7B272AE2D1FF
:100A900000252046DD73FEF7C8FE236893F8383141
:100AA000012B03D129462046F3F7A2F82368002240
:100AB00083F83821CFE740F262213120F0F722FCA1
:100AC000024600684978837B212B15D00CD8042B73
:100AD00014D00F2B14D0C07B272815D0332B0CBF7C
:100AE0002620FE20F6F7B8BD2B2B03D02D2B09D0E6
:100AF000252BF0D11620F5E71420F3E70E20F1E7BF
:100B00001220EFE72320EDE71720EBE7024600680D
:100B10000B4690F8621041F0040180F86210997859
:100B20005878F6F799BD38B50C460546D1E930013D
:100B3000F1F780F8637B3BB104F50C742046F9F7BC
:100B4000ADFF2046F9F7BEFF0D212846F0F7D8FF8C
:100B50000E212846F0F7D4FF10212846F0F7D0FFE9
:100B60000F212846F0F7CCFF11212846F0F7C8FFE7
:100B700028461221BDE83840F0F7C2BF0022C281EA
:100B8000827490F84C3013B10221F5F7DBBA0321DF
:100B9000FBE738B504460846E37B162B09D0A3F1E2
:100BA00018025342534194F8C02222B10C25284622
:100BB00038BD0123F7E7002BF8D094F8F03203F0AA
:100BC000FF05002BF2D190B194F8FE3123B940F625
:100BD0006C313120F0F796FB052304F1800204F517
:100BE000F771FCF7DBF8012384F8C032DFE702235A
:100BF000FAE7F3F7A9BF10B50446FFF743F900F28F
:100C00008F11226A236C9A4228BF1A461046FEF7BB
:100C1000D8FDB0F5296F28BF4FF4296080B210BD10
:100C200070B50D4604210646F0F754FF044648B956
:100C300006213046F0F74EFF20B115B190F8E530AF
:100C400003B90446204670BD1D2310B50446037049
:100C5000F2F74CFF6070022010BD1E2310B5044651
:100C60000370F2F743FF6070022010BD0123438040
:100C7000038000238380C3804FF44863038170475F
:100C80000E21F0F727BF73B501A90546FEF773F8EB
:100C9000044618B121215420F0F734FB2846019E68
:100CA000FFF7EEFF30B10123A6F8DE3084814481E6
:100CB0000482C48102B070BD3C2303804FF4FA4328
:100CC00043800123C38083800023038143814FF449
:100CD00048638381704700F038B8801A00F307003A
:100CE00038B50D46144659B240B2F9F799FA0023C7
:100CF000287020446B7040B238BD002303607047F9
:100D00007047002070474FF0FF3070474FF0FF30C2
:100D1000704770474FF0FF30704700207047002049
:100D200070470023037070479DF800300022FFF7E2
:100D3000D4BF4FF0FF307047002070474FF0FF30B6
:100D400070474FF0FF307047704770470020F9F749
:100D50009DBA0020F9F71ABB0020F9F745BB002027
:100D6000F9F794BA704708B500230B8581F82A304B
:100D70000B6A0921984728B103781BB1E9216A2041
:100D8000FBF7C4FE08BD436A19444162A1F1620049
:100D9000F9F7CCBDF8B5044620B940F2AD116A2090
:100DA000FBF7B4FE90F85850052900F2CA80DFE83E
:100DB00001F003834668727C90F82A30033B012BD4
:100DC00002D94FF4DC71EAE7052380F82A300023CA
:100DD00080F859300378EBB12378012B27D1FAF74B
:100DE0006DFF636894F828606362C4E906010EBB76
:100DF000F9F7A8FD31462046FFF7C5FF236A3146C3
:100E00002846984701462046FBF724FD022840F07B
:100E10009B80F8BDF9F788FD06460F46FAF74EFFAE
:100E20001F3647F1000786428F41F3D3D4E7D4E958
:100E30000401D6E72046BDE8F840FBF7D7BC90F8A0
:100E40002A30DA1E012A02D940F2ED11A7E790F804
:100E500028202AB121462846BDE8F840FFF783BF85
:100E6000042B036A18BF012180F82A1005212846A7
:100E700098470028CDD00378002BCAD04FF40071DA
:100E80008DE790F82A30052B02D040F2062186E744
:100E9000036A0221B4E790F82A30052B02D04FF400
:100EA00003717CE7036A0121AAE790F82A30052B39
:100EB000C0D040F2122172E790F82A30052B07D0FB
:100EC00090F829200AB1032B02D040F2172166E7DF
:100ED00094F82820002ABDD194F8593083B1022318
:100EE0000821284684F8592084F82A30236A984734
:100EF00000288ED00378002B8BD040F223214EE7C0
:100F000094F8292062B1214604F1300084F8293098
:100F1000FAF742FE00287FF47CAF4FF40A713EE7F7
:100F200002230721284684F82A30236A984700289C
:100F30003FF46FAF0378002B3FF46BAF40F22F21EB
:100F40002DE74FF40D712AE70128236A0CBF042115
:100F5000032155E770B50024FBF736FD054626460C
:100F6000E0B2854200D870BDFBF734FD0134068540
:100F700080F82A60F4E7F8B504460D460027FBF731
:100F800023FD0646F8B2864204D8082D0CD96FF02E
:100F9000150008E0FBF71EFD90F82A300137002B02
:100FA000F0D04FF0FF30F8BD2CB129462046BDE807
:100FB000F840FBF71BBD21462046F8E710B5044674
:100FC000FBF708FD014688B190F828308BB990F8FE
:100FD0002A3073B1013B012B04D82046FFF7C3FE32
:100FE000002010BD012380F82830F9E76FF00100E0
:100FF000F7E76FF02200F4E770B50D46FBF7EAFC67
:10100000044600284CD090F82A60731E012B4DD85E
:10101000002D48D02846FBF7BDFB002843D02B7895
:101020000BBB012323702B796A79003B18BF012386
:10103000002A14BF0422022243F004032272AA6889
:1010400081326260EA68637203232261214604F1FF
:10105000300084F82A30FAF79FFD50BB40F2C121DE
:101060006A20FBF753FD022E20D1002323702B7939
:101070006A79003B18BF0123002A18BF042643F0F9
:1010800004032672EA6863728132A9686260D4E957
:1010900006325B1842EBE172C4E904320423D5E75F
:1010A0006FF0010070BD6FF01500FBE76FF02200DC
:1010B000F8E70020F6E7F8B5037904461BB11B21D9
:1010C0009D20FBF723FD4679017126B90123437169
:1010D000217909B96171F8BD276820462671B847A2
:1010E00002280546F4D103212046B84708B12F2134
:1010F000E6E723682946204698470028E8D03021B3
:10110000DEE70346006800B970478842F9D10268FB
:101110001A607047FBF7CEBE704720BF70470028AB
:101120000CBF6FF0150000207047002070470723A8
:10113000037000207047002070470020704710F8AF
:10114000012B11F8013B012A28BF9A42F7D0D01A8F
:101150007047034613F8012B002AFBD1181A0138F7
:1011600070472DE9F0478C468E46089E154604468A
:101170001946002B40F0D080724547D9B2FA82F769
:101180004FB1C7F120030EFA07FCBD40BC4020FA66
:1011900003F343EA0C0C4FEA154EA8B2230CBCFB38
:1011A000FEF80EFB18CC08FB00F943EA0C43994506
:1011B00028D9EB1808F1FF3204D2994502D9A8F1D9
:1011C00002022B44A3EB0903A4B2B3FBFEFC0EFB0B
:1011D0001C330CFB00F044EA0344A04214D92C1940
:1011E0000CF1FF3304D2A04202D9ACF102032C442B
:1011F000241A43EA02401EB1FC40002334607360AD
:10120000BDE8F0874246DDE76346F1E7002A79D082
:10121000B2FA82F3002B3FD01946C1F1200302FA43
:1012200001F500FA01F42EFA03F20EFA01FE20FA9B
:1012300003F3AFB243EA0E034FEA154EB2FBFEFCD6
:101240000EFB1C201A0C0CFB07F842EA00429045EA
:101250005AD9AA180CF1FF3004D2904502D9ACF14A
:1012600002002A44A2EB08029BB2B2FBFEFC0EFB7A
:101270001C220CFB07F743EA02439F4246D9EB18B6
:101280000CF1FF3204D29F4202D9ACF102022B448E
:10129000DB1B42EA004202E0AEEB020301224FEA0E
:1012A000154EAFB2200CB3FBFEFC0EFB1C330CFB47
:1012B00007F840EA034398452AD9EB180CF1FF30B0
:1012C00004D2984502D9ACF102002B44A3EB0803E9
:1012D000A4B2B3FBFEFC0EFB1C330CFB07F744EA85
:1012E0000344A74216D92C190CF1FF3304D2A742AC
:1012F00002D9ACF102032C44E41B43EA00400F4640
:10130000114678E71F2188E76046ABE76246BFE7F2
:101310006046DBE76346EFE7734506D916B900215F
:1013200008466DE7C6E9000EF9E7B3FA83F787B917
:10133000734501D3824207D8841A6EEB0303012060
:101340009C461EB900215BE73846FAE7C6E9004C27
:10135000F8E7C7F1200CBB4000FA07F422FA0CF5BD
:1013600020FA0CF1BA401D432EFA0CF30EFA07FED8
:101370004FEA154941EA0E011FFA85FEB3FBF9F861
:1013800009FB18300B0C08FB0EFA43EA00439A45A0
:1013900040D9EB1808F1FF3004D29A4502D9A8F1E0
:1013A00002002B44A3EB0A0389B2B3FBF9F809FB53
:1013B000183308FB0EFE41EA03418E452CD969180B
:1013C00008F1FF3304D28E4502D9A8F10203294463
:1013D00043EA0040A1EB0E01A0FB02984145CE4636
:1013E000434602D306D14C4504D20138B9EB020E74
:1013F00068EB0503002EA5D0B4EB0E0261EB0301F0
:1014000001FA0CFC22FA07F3F9404CEA0303C6E99F
:10141000003197E74046C5E74346D9E700000000A2
:10142000F7B5002240F60340114603F023FA0446C4
:10143000002853D103F022F9214641F2030001AA0A
:1014400003F018FA0446002848D1019A254DD168C6
:1014500005F17803D1F80100D1F8051003C3104657
:1014600002F098FA214641F2010001AA03F002FAC3
:10147000044698BB0198C3685A7885F870205A884A
:10148000A5F872201A7985F87120B3F80720A5F81D
:101490007420B3F80530A5F8763002F07BFA2146C7
:1014A00041F2020001AA03F0E5F90446B0B9019F38
:1014B00005F18006FA68531C4132344618685968B1
:1014C000083303C493422646F7D1384602F062FA45
:1014D00095F87C305F0607D46FF01204204603B005
:1014E000F0BD00BF98000021002142F2030001AAD4
:1014F00003F0C0F904460028F0D1019BC44EDA681D
:10150000D2F80100D2F8051003C6184602F042FADC
:10151000214642F2020001AA03F0ACF90446002879
:10152000DCD1019CE368B3F8012091B249B1D978CC
:1015300039B1A5F8FC20DA78114606F1200013F045
:10154000FCFE204602F026FA1F2395F87C60A5F8E1
:10155000103116F0200619D14FF0FF304FF0FF3157
:1015600003F0ACF80446002800F0698102210C3039
:101570000FF05FFE0123214603704670324640F6AD
:101580006D4003F077F904460028A7D195F89C3008
:101590001E0712D5002142F21C0001AA03F06AF9CD
:1015A000044600289AD10198C368D3F80120D3F8E3
:1015B0000530C5E9382302F0EDF995F8D8309C06DE
:1015C00025D568460DF1020110F01FFA04460028E7
:1015D00084D14FF0FF304FF0FF3103F06FF8064633
:1015E000002800F02C8104210C300FF022FEBDF801
:1015F000003022460380BDF802303146438042F27B
:10160000240003F037F9044600287FF467AF95F80B
:10161000D83058062BD54FF0FF304FF0FF3103F094
:101620004DF80446002800F00A8102210C300FF02A
:1016300000FEB5F8903121460380002242F22E00D0
:1016400003F018F9044600287FF448AF014601AAC8
:1016500042F22A0003F00EF9044600287FF43EAF60
:101660000198C3685B7885F8123102F093F94FF066
:10167000FF304FF0FF3103F021F80646002800F05C
:10168000DE8008210C300FF0D4FD95F8D84040F2F0
:10169000022314F0400F08BF0323A10795F8D910C7
:1016A0004CBF43F02C0343F00C03A70648BF43F0A4
:1016B000400311F0090F18BF43F4006304F0010464
:1016C0000246002143EA041010F07BF80022314664
:1016D00042F2010003F0CEF8044600287FF4FEAE8B
:1016E00095F87C30B5F8FC10980600F18380C9B9F4
:1016F00041F2050001AA03F0BDF8044600287FF47A
:10170000EDAEB5F8FC30019C4BB9E368B3F80120AD
:10171000A5F8FC209A883F48114613F00EFE20469B
:1017200002F038F94FF0FF304FF0FF3102F0C6FF02
:101730000446002800F0838008210C300FF079FD6A
:1017400095F8D8300246D90759D44FF000513248A5
:1017500010F037F82146002240F6014003F08AF8E5
:10176000044600287FF4BAAE014601AA4FF60140B4
:1017700003F080F8044620BB019802F00BF92146E3
:101780004FF6024001AA03F075F80446C8B9019863
:10179000C368B3F80130A5F8C13002F0FBF895F842
:1017A000C1305A070DD521464FF6034001AA03F078
:1017B00061F830B90198C3685B7885F8C03002F0F1
:1017C000E9F8EB7963BB03F039FF044600287FF4A6
:1017D00085AE05F027F9044600287FF47FAEEB794B
:1017E000002B3FF47BAE08210C480FF00BFF02F0FA
:1017F000C3FF73E6002995D16FF004046EE602A1E1
:10180000D1E90001A4E700BF908800020080002019
:101810007001002198010021108800026C01002154
:101820002E78002ECFD195F8C1309B061ED54FF0F3
:10183000FF304FF0FF3102F041FF044610B96FF066
:1018400068044BE606210C300FF0F3FCD5F80130AC
:1018500021460360074B32469B8883804FF6064043
:1018600003F008F804460028ADD037E66FF0850491
:1018700034E600BF990000218B1E59425941014BAB
:10188000197070475A35002100BF0022014B1A70B1
:10189000704700BF59350021014B1870704700BFD9
:1018A000583500210288024B00201A80704700BF83
:1018B000FA050021024B1B8803800020704700BFFF
:1018C000FA05002100BF012801BF5A22034B002066
:1018D0001A7018BF6FF08500704700BFFC0500212B
:1018E000F7B569460FF0F4F9044698B9DDE90056FA
:1018F00013F095FF4FF47A77A0FB073207FB012125
:10190000DB0B43EA4143ED1ADFF810C066EBD1363A
:10191000CCE90056204603B0F0BD00BFA818002156
:1019200070B5044613F07BFF4FF47A75A0FB0523D6
:1019300005FB0131064ED20B42EA4142D6E90003D3
:10194000121843EBD1332046BDE870400FF0FEB9CA
:10195000A81800212DE9F0418CB00CF0E9FD00F051
:101960000FF9002003F02AF9002865D100BF354D9A
:1019700002AC0FF026FA0FCD0FC42B6803222360B0
:1019800001233149009302A8304B03F095FE00BFBC
:101990002F4800F09BFD2F4800F03AFE2E4806F03D
:1019A00087FD2E4805F00AF80B212D4A2D4806F038
:1019B000A1FF2522044602A9294802F097FB00BF97
:1019C000294E2A4D4FF40040002113F07CFE33785D
:1019D00013B1012000F088FD2B780133D8B2A02884
:1019E0000ABF5A23034618462B7000F025FE00F06C
:1019F00057FE431E13F0FF0008BF642000F056FEA0
:101A00001B4B1B78002BDDD0002CDBD0194F387816
:101A10000028D7D14FF001081749184B4C608B6054
:101A2000174BA1F81480C1E9033706F0E1FF002845
:101A3000C8D187F80080C5E700BF00200CB0BDE822
:101A4000F08100BF606A0201B46D0201AC6D020159
:101A5000986D020170020021940200217C02002195
:101A6000E1800201CC6D020158350021FC05002106
:101A70005A35002159350021E02900211BFC0101C4
:101A8000891801014B1E59425941014B1970704789
:101A90005C3500214B1E59425941014B197070476A
:101AA0005B35002130B50B4B054618780C4687B0E6
:101AB00068B100211822684614F0E6FC064B69461E
:101AC0000020CDE90135ADF80C4007F0A1F807B0D2
:101AD00030BD00BF5C350021D06E020130B50B4B2C
:101AE000054618780C4687B068B100211822684670
:101AF00014F0CAFC064B69460020CDE90135ADF86B
:101B00000C4007F085F807B030BD00BF5B35002101
:101B10000C6F020170B5A0B01C4605AB02936023A8
:101B2000144808AE01930096134915460068134AFD
:101B30000CF02AFB0421069006A8FFF7CFFF3C2CEF
:101B400008D800230793042107A8FFF7ABFF002064
:101B500020B070BDBDF89010602C2246304628BFE2
:101B60006022294414F0A8FCB0FA80F040090790E4
:101B7000E9E700BFF8290021004040040381020189
:101B800000B589B01C22002101A814F07DFC4FF49F
:101B90004071074B20220193064B01A8CDE90313A6
:101BA000054B06490CF03CFA09B05DF804FB00BF98
:101BB0000024000100404004F82900216381020153
:101BC000014B1B68184700BF14030021014B18602C
:101BD000704700BF1403002130B5044685B00D46A0
:101BE00010220021684614F04FFC02238DF80230C9
:101BF000044B2A462146684601930DF0CBFD05B003
:101C000030BD00BFC11B010180B505460E46174619
:101C100098460BF035FC034601F0B6FB0446DFF8AE
:101C20001890424649F8003039463046A84754F8E3
:101C3000090001F041FB00BF080000002DE9F84356
:101C400040F26C7344690569E1170135E41841F10C
:101C50000001022D8CBF00230123E41AC76861F143
:101C600000010029064607F1FF374EDA6FF4C7700E
:101C70004FF4C8720023201861F10001FBF734FB18
:101C8000244B4FF03C0E03FB0044D6E900834FEA9F
:101C9000E37C99466346032D024634BF09206FF06A
:101CA0000200B6680544C6FB0E93A9FB0EC60EFBE8
:101CB000036640F26D1E9920A3080EFB04333B44DB
:101CC000642745430520B4FBF7F40235B5FBF0F576
:101CD0001B1B114C1CEB080CA2FB042004FB010194
:101CE0002B4446EBE87698180C4A41F10003801823
:101CF0000B4A63F10003A0FB020102FB031110EB8E
:101D00000C0041EB0601BDE8F8834FF4C8720023D4
:101D10002046B3E770FEFFFFB13A02009405F5FFDD
:101D2000805101002DE9F047058B0446280717462E
:101D30000CD501290CBF45F0100545F02005258381
:101D400087F31188BFF36F8FBDE8F087022905F094
:101D5000070540F0948020460EF0ECF9052864D881
:101D600001A353F820F000BF411D01017F1E0101B6
:101D70002B1E0101ED1D0101071E0101191E0101AC
:101D800001F007035A1F012A1FD8002221F0070182
:101D9000062BD4F8008089B2C4E9002209D1434659
:101DA00003E0628B013262831B68002BF9D141F0A2
:101DB0000201204621830EF0BDF94FF000090028F2
:101DC0006DD041F02001218369E0042B0AD121F07C
:101DD000070189B2204621830EF0ACF910B141F021
:101DE000200121834FF00008C14658E02369D3F851
:101DF0000090238B23F0070343F006034FF0000805
:101E0000238346464BE02369D3F80490238B23F0C9
:101E1000070343F00403F1E72369D3F80890238B09
:101E200023F0070343F00503E8E74FF00008C1463D
:101E3000E7E7012243F00803238387F31188BFF308
:101E40006F8F002A3BD1B8F1000F4AD1B9F1000FD2
:101E500002D020462C49C847EFF31187402383F373
:101E60001288BFF36F8F238B23F008039BB2238369
:101E7000D9063FD523F01002228303F007056669D7
:101E8000218B002EBFF67CAF00239946D4F800804A
:101E900021F00701C4E9003341F001012183238BC4
:101EA00003F0070AAA4502D0A268002AC1D1B8F1FE
:101EB000000F02D1B9F1000FDAD00022BAE7A16811
:101EC0000029C0D00D680029BDD0334652462046B7
:101ED0004F68B8471DB12B6829461D46F3E72B46CE
:101EE000FAE74146334652462046D8F800800EF0C5
:101EF0004DF9A8E79A067FF523AF23F0200222834D
:101F000003F0070527E700BFB901020100B503464A
:101F100091B00846002926D0DA7B25210E929A7BC3
:101F20000D925A7B0C921A7B0B92DA7A0A929A7A69
:101F300009925A7A08921A7A0792DA7906929A796D
:101F400005925A7904921A790392DA7802929A7871
:101F500001925A7800921B78044A0DF08BFB002006
:101F600011B05DF804FB6FF01500F9E74D7902013F
:101F700037B504460821C06A0EF0B5FA00234FF6C3
:101F8000FF72104DADF804306368ADF800208DF895
:101F90000620E26819182B401344181A606068463E
:101FA000ADF802100EF0F7F9694620460EF0BAFAC5
:101FB0002046211D0EF0C9F963682B40A36003B0D1
:101FC00030BD00BF0000FFFF2DE9F7430F468146FB
:101FD0000821C06A0EF087FA80463C68124D241A28
:101FE0003C6004EA0506B4421CD3A0B210B903B0A9
:101FF000BDE8F08308236A46214648460EF06CF996
:102000000028F4D16946A0B20EF059FA38B1BDF8F3
:102010000230BDF804202E4013441E443C60A4EB63
:102020000804E0E70020E2E70000FFFF2DE9F047A9
:10203000044688B000F11407384613F0D5F8A06ABA
:102040008368DB689847E06228B96FF01505284679
:1020500008B0BDE8F087A06A8368DB68984703682A
:10206000013B1F2BF1D8E368B3F5803FEDD8A06AA0
:10207000216805AA12F02DFA0028E6D1E568002DA6
:10208000E3D0069BB5FBF3F203FB1255002DDCD128
:10209000238A012BD9D9E36A009593F805804FF084
:1020A000FF334FF0FF3238460AF01EFB0821E06A8A
:1020B0000EF019FAA9460646238A1FFA85FA5345F7
:1020C00044D8238A4B4500F0FF809A450BD10099F4
:1020D000082342462046891B0EF00CF918B96946C0
:1020E00020460EF032F969462046FFF76DFF05469F
:1020F000002840F0EB8000994FEA11494FEA094966
:102100006160C4F80890A3688B420DD8082320466C
:1021100001AA0EF0E1F8B8B901AB13F8012B904514
:1021200032D101300828F8D1636869466FF30F0394
:10213000204600930EF009F942462046E3680099D4
:102140000EF0D8F800283CDA0546BFE0E168082325
:10215000891B89B201EB05414246204600910EF0F1
:10216000C9F878B1694620460EF0EFF809F1010987
:1021700008234246204600991FFA89F90EF0BAF862
:1021800000289ED0013597E7A08801A90EF097F9A5
:10219000626810B9911B6160B5E7BDF808A0BDF891
:1021A0000610E06AC4F8089051440EF09CF94844C7
:1021B0008242A060EED1BAF1000FEBD06FF01C05A7
:1021C00084E05DD04FF6FF79636806EB0308E368AF
:1021D0001FFA88F29B1B9A42CDF800801CD34FF067
:1021E00000086168B8F1000F30D06FF30F0120468E
:1021F000009169460EF0A9F8204600990EF0B2F859
:102200000028A1D1E368A288A3EB46039A425DD1DE
:1022100020460EF0A4F997E708234146204603AA7A
:102220000EF05AF800288FD103A91FFA88F00EF09B
:1022300046F930B1BDF80C304B4502D1BDF8103035
:102240000BB1B044C3E74FF00108CAE720460EF0D7
:1022500089F800287FF478AF6368214AE168134069
:102260000B44A3EB46036360134041462046A36042
:102270000EF0F9F9C4E7E26AA36812681344A36098
:10228000D4E901318B4208D9424620465B1A0EF050
:1022900031F80028FFF658AFEDD16168E36801EB33
:1022A00046029A42AED10E4BA06801EA0302904268
:1022B000A8D020460EF056F800287FF445AF62689B
:1022C000074B1A40A2609DE76FF02C0538460AF0D4
:1022D0007DFA002D7FF4BBAE0123A374B7E600BFE7
:1022E0000000FFFF014B036000207047346F0201C4
:1022F00070B5104B0D461C68B4B10F4B1968002324
:102300008B4202DB6FF0010070BD224612F8106BA9
:10231000864202D014460133F2E7E06812F0BDFEB7
:1023200028B100202C60EFE76FF00C00ECE76FF0B5
:102330001200E9E718030021346F020110B5436869
:1023400088B0029383680C46CDE9033200230A6803
:10235000C068CDE90623054901AA059312F0BDF82E
:10236000079808B9059B236008B010BD5F0B0201F8
:102370001FB507240294044C0194BDF81840009442
:1023800011F07EF804B010BDD106002110B54FF455
:102390002814DFF820C086B0CDE904C408240294D4
:1023A00004AC0194BDF82040009411F069F806B027
:1023B00010BD00BF18002800044B1B681B681BB130
:1023C0004A1E504250411847704700BFFC29002167
:1023D00037B51548BDF818100068C468DCB1E9B914
:1023E000022B1BD192F9005050788DF804500EF05A
:1023F00063FC11788DF805003031C9B2682901D924
:1024000080350ED101A8A047002814BF6FF07F00CF
:10241000022003B030BD6FF0FB00FAE76FF006005A
:10242000F7E76FF01200F4E7FC290021F0B51F4632
:10243000114B87B01B880446ADF810300F4B04A831
:102440001B680D461B691646984790B9BDF81030B9
:102450003246ADF814300223029305AB0193BDF868
:1024600030302946009320463B4611F009F807B06A
:10247000F0BD6FF0FE00FAE74E6D0201FC2900216D
:102480002DE9F0411F46104B88B01B680DF1140870
:102490009B68044640460D461646984700238DF833
:1024A0001D3070B90A23CDE90183BDF838303246BA
:1024B000009329463B46204610F0E2FF08B0BDE8F5
:1024C000F0816FF0FE00F9E7FC29002138B1836844
:1024D0002BB103691BB1034B1860002070476FF0EC
:1024E00015007047FC29002130B50F4B8BB01B68DD
:1024F00001AD04469B68284698478DF80D40044678
:1025000078B90146182204A813F0BEFF074B2046F5
:10251000CDE905350A2304A9ADF81C3006F078FB97
:10252000044620460BB030BDFC290021CC700201CE
:1025300030B5124985B00D681C466968BDF8203079
:1025400091B1A3B90A2C12D11068516801AB03C331
:10255000128901A81A806B68984758B90120FFF7C3
:10256000C3FF204605B030BD6FF01000FAE76FF0F2
:102570000600F7E76FF07F00F4E700BFFC290021B9
:1025800038B54B1E5D425D41054B1C683CB154F8AB
:10259000083C083C0BB128469847A468F6E738BDCC
:1025A000002A002170B51D460D4B16461C687CB1F3
:1025B0006FF08500083C63682BB13078984710B104
:1025C00010F1860F09D1A4680CB1083CF3E710B1F3
:1025D0006FF07F0070BD2846FCE76FF00D00F9E753
:1025E000002A00210122024B00201A70704700BF10
:1025F0005F3500211FB501240294044C0194BDF8FD
:102600001840009410F03CFF04B010BD5F3500216D
:1026100068B100238360074B00F10802596819B9BB
:10262000C3E90022002070470A605A60FAE76FF0A1
:1026300015007047002A0021062310B50C4C86B007
:102640001822607000216846237013F01DFF094BAB
:102650006946CDE9013402230020ADF80C3006F0C4
:10266000D7FA10F1800F08BF002006B010BD00BFE0
:102670005D3500214471020110B5084C86B0247804
:102680008DF81740012402940DF117040194BDF850
:102690002040009410F0F4FE06B010BDD8060021D2
:1026A000014B1878704700BFD806002100B5642898
:1026B00089B08DF80700C2B219D80E4B00211A70EC
:1026C00002A8182213F0E0FE0B4B002003930DF13B
:1026D00007030493012302A9ADF8143006F098FA19
:1026E00010F1800F08BF002009B05DF804FB6FF007
:1026F0001500F9E7D8060021E471020138B5124A45
:10270000124B11781B7899420BD0022B104D13708D
:1027100008D1104C03E0A36803B198470C34AC42D5
:10272000F9D338BD012B0B4C0AD0AC42F9D2236847
:1027300003B198470C34F8E7636803B198470C3449
:10274000AC42F9D3EDE700BF6035002161350021CF
:10275000846902017869020108B503F099FD00223D
:10276000024B1A54BDE80840FFF7C8BF613500218D
:102770007FB51C46BDF8203006461146ABB9012C8A
:1027800016D1224601A80EF043FD01A80EF089FDE6
:102790000546304603F07CFD084B022D1D540AD837
:1027A000FFF7ACFF204604B070BD6FF00600FAE7FB
:1027B0006FF00C00F7E76FF01200F4E761350021CD
:1027C0002DE9F0410C4B05461C680E4617467CB1BE
:1027D00000F018F963682046D3F8108032463B4673
:1027E0002946C047044600F017F92046BDE8F081AD
:1027F0006FF00104F9E700BF082A002100230360FD
:10280000044B5A6812B9C3E9000070471060586061
:10281000704700BF0C2A0021014B1860704700BFB1
:10282000082A0021002330B585B0CDE902330546E2
:10283000019000F0E7F8094B1C6844B9284600F005
:1028400083F8044600F0E8F8204605B030BD636820
:1028500020461B6801A998472468EEE70C2A00214E
:102860001FB5CDE90101039200F0CCF8074B1C68BD
:1028700024B900F0D1F8204604B010BD63682046AA
:102880001B6801A998472468F2E700BF0C2A0021C1
:102890000022024BC3E90022704700BF0C2A00212E
:1028A0000022024BC3E90022FFF7F2BF142A0021E5
:1028B0002DE9F74307460C4609B100230B600026BB
:1028C0001E4DDFF87C904D450FD31E4B1D6885B320
:1028D00055F8188C3846414601AA183D0EF078FA92
:1028E00010B3D6B914BB2E461EE0D5F8008038468A
:1028F000414601AA0EF06CFA50B116B954B92E46F1
:1029000006E00022404631680EF062FA0028F5D158
:102910001835D8E7019B2360F1E700224046316873
:102920000EF056FA0028DDD1AD69D0E7019B236097
:10293000D9E7304603B0BDE8F08300BFC8690201A3
:10294000586A0201142A00212DE9F04780464FF011
:1029500000470026DFF8A090DFF8A0A03D46284CF5
:102960004C450DD3DAF80040002C40D0183CB8F1AB
:10297000000F24D1226952BBA469F5E72F46EDE789
:10298000B8F1000F03D122694AB91834E8E70022F0
:10299000414620680EF01CFA0028F4D1F5E7636880
:1029A000BB4206DDAF4202D0AB42A8BF2B461D465C
:1029B000EBE7EAD19047002E08BF0646E5E7002284
:1029C000414620680EF004FA0028D3D1D4E76368AA
:1029D000BB4206DDAF4202D0AB42A8BF2B461D462C
:1029E000CAE7C9D19047002E08BF0646C4E7AF42E8
:1029F000C4D13046BDE8F087586A0201142A00218C
:102A0000C86902014FF0FF324FF0FF33014809F06F
:102A10006BBE00BF54070021014809F0D7BE00BFBC
:102A20005407002138B5094DFFF7ECFF2B785BB94F
:102A3000FFF736FF00F068F8044608B901232B7051
:102A4000FFF7EAFF204638BD0024F9E76235002190
:102A50002DE9F04306460F46048F99B00134A4B225
:102A600000F10808651EADB2B5F5004F47D04A2306
:102A7000294605AA40460EF06AF804F57F543F3413
:102A8000A4B281462146012340460DF10B020EF00F
:102A90005EF8B9F1000F014610DC002810DC338F1E
:102AA000AB4209D132466B1E22F8383F4FF4004149
:102AB000022340460DF016FF2C46D3E7002808DC21
:102AC000294640460DF0EAFF214640460DF0E6FF5C
:102AD000E5E709F160030DEB03090023094A09F852
:102AE0004C3C05A8009703ABCDF80C80ADF8104026
:102AF0000EF0A4F90028DFD019B0BDE8F083002063
:102B0000FAE700BFAB0E02017FB50123694603203F
:102B10000193FFF7EDFB044660BB032002AA01A965
:102B20000EF03FF8044610B110F10C0F22D10399BA
:102B3000B1F5803F23D200231846009A94680844D8
:102B400084421AD30133082BF9D10E4D69612B83CE
:102B500053682846AB60D368EB630EF03CFA04463A
:102B600040B9094E28466E60FFF748FE28466E6061
:102B7000FFF752FE204604B070BD9BB2E5E76FF050
:102B80002004F7E71C2A00217072020108B50448EE
:102B90000DF045FA03480DF042FA002008BD00BFD1
:102BA000A8790201DD79020108B50348034A002132
:102BB000121A0EF045FA08BDA8080021A836002117
:102BC000074808B5074A0849121A0EF03BFABDE853
:102BD00008400648064A0749121A0EF033BA00BFE9
:102BE00000000021A8080021C0820201000000218D
:102BF00000000021C082020138B505460C4699B19B
:102C0000D1E901230F4809680DF009FAD4E904233A
:102C1000E1680D480DF003FAE1690C480DF0FFF989
:102C2000A1690B480DF0FBF9012D05D1EFF30581EA
:102C3000084810390DF0F3F921462846BDE8384020
:102C400009F0CCBB0A7A02013A7A02016A7A0201DF
:102C50007A7A0201A97A020130BFFFF7FDBF00BFF7
:102C60002DE9F04105460B4EDFF82C80324606EB8D
:102C70000807CC1B2046094913F0F9FBA01942466E
:102C80000021083C13F000FCC5F8A44007F108003F
:102C9000BDE8F0810000000008000000586A020151
:102CA00010B5204C20480DF0BAF9A36A990137D528
:102CB0001E480DF0B4F91E20A36ADA0103D51C48A2
:102CC0000DF0ADF91F20174CA36ADB0203D519489C
:102CD0000DF0A5F90220A36A1C0303D516480DF0D8
:102CE0009EF921200F4CA36A590303D513480DF018
:102CF00096F92220A36A9A0303D511480DF08FF9A3
:102D00002320084CA36ADB0303D50E480DF087F996
:102D10002420A36A6FEA03436FEA1343A36210BD42
:102D20001D20C9E700ED00E0BD7A0201D67A02015C
:102D3000EA7A0201057B0201307B02014F7B02012E
:102D4000757B0201907B020170B5204C064620483D
:102D50000D460DF064F9A36AD90435D51D480DF070
:102D60005EF91720A36A1A0503D51B480DF057F921
:102D70001820164CA36A9B050FD518480DF04FF983
:102D8000A16BA36A180407D515480DF048F91EB1C8
:102D9000A36A23F40043A36219200C4CA36A5A05CA
:102DA00003D510480DF03BF91A20A36ADB0503D5C3
:102DB0000D480DF034F91B20044A936A43F47F4315
:102DC000936200232B7070BD1620CBE700ED00E06E
:102DD000BC7B0201D37B0201E57B0201F97B02018E
:102DE000137C0201297C0201457C020170B51F4C55
:102DF00006461F480D460DF012F9A36AD90632D5D2
:102E00001C480DF00CF91120A36A1A0703D51A48C3
:102E10000DF005F91220154CA36A9B070FD5174832
:102E20000DF0FDF8616BA36A180607D514480DF084
:102E3000F6F81EB1A36A23F08003A36213200B4CA3
:102E4000A36ADA0703D50F480DF0E9F81420A36A46
:102E5000064ADB0658BFA36A936A43F0FF039362F6
:102E600000232B7070BD1020CEE700BF00ED00E006
:102E70005E7C0201757C0201E57B0201A97C0201F6
:102E8000C27C0201D97C02012DE9F0415D4B044670
:102E90005F6800258AB0C7F3080685F31188BFF381
:102EA0006F8F02F07F43B3F17F4F06D102F00C0326
:102EB000082B13D154480DF0B2F800252C464FF0E2
:102EC0000008F31E8DF80780092B00F28B80DFE8E5
:102ED00003F00A7F837B89898989898710074CBF22
:102EE0000C460125EBE74948464E0DF098F88DF861
:102EF0000780F36A9A0704D545480DF090F800233F
:102F00002AE0F36A002B01DA4248F6E7F36A5B0035
:102F1000F5D541480DF083F87369A26943F48073D5
:102F20007361BFF34F8FBFF36F8F32F8023C72694A
:102F300022F480727261BFF34F8FBFF36F8F03F47F
:102F40007F42B2F55F4F27D1DBB2022B24D121683B
:102F500032480DF064F823689DF80720CAB902AE24
:102F600004F12007324620686168083403C2BC427D
:102F70001646F7D1099A002D40D0C2F3080121B9B5
:102F80006FEA52226FEA42220992184602A9FFF71D
:102F900033FE0AB0BDE8F0811A4B9A6AD2B22AB168
:102FA00001200DF10701FFF721FF0FE09A6A12F4EB
:102FB0007F4F05D001200DF10701FFF7C5FE05E0A9
:102FC0009B6AB3F5803F9AD3FFF76AFE0346C3E7D7
:102FD00000200DF10701E6E700200DF10701ECE705
:102FE0000F488AE70F4B17F4F87F0F490F4808BFC7
:102FF0001946A6F110020DF012F880E76FF30802EF
:10300000C2E700BF00ED00E0277D0201537D020111
:103010006B7D02018D7D02019C7D0201BC7D020160
:10302000D97D0201F97C02010E7D0201FE7D0201C3
:10303000064B5A6942F010025A615A6942F48062A2
:103040005A615A6922F008025A61704700ED00E0A7
:10305000EFF30880EFF3098101B57246FFF714FF23
:1030600001BD00BF002080F31488BFF36F8F0020E4
:1030700080F30A8880F30B88104880F308880020CA
:103080000F49087008F08CFF00200E490860BFF35C
:103090004F8F00F02DF8402080F311880A484FF43C
:1030A0000061401880F30988EFF31480022108437F
:1030B00080F31488BFF36F8F0DF0D5FF505C0021B3
:1030C000A336002194ED00E0E84E002100231846CD
:1030D0000649D1F89020C2F30722934200DB7047E3
:1030E000C1F89830C1F8A0000133F6E700ED00E028
:1030F00010B572B6002484F31388FFF7E7FF234668
:103100004FF0FF300C4A03F120010133102B42F83D
:103110002100F8D100234FF0FF30074A03F160018E
:103120000133102B42F82100F8D162B6BFF34F8F64
:10313000BFF36F8F10BD00BF00E100E01EF0040F71
:103140000CBFEFF30880EFF30980816911F8021CCE
:103150000229FFD001B572460DF076FF01BD00BF18
:1031600040B2002807DB01234109034A00F01F0099
:10317000834042F82130704700E100E040B200286F
:103180000CDB01220649430900F01F008240203376
:1031900041F82320BFF34F8FBFF36F8F704700BFFD
:1031A00000E100E0054B420953F82220012300F022
:1031B0001F0003FA00F01040704700BF00E100E07C
:1031C000D30748BF002140B258BF02310028ACBF2E
:1031D00000F16040064A4FEA4113DBB2ABBF00F595
:1031E000614000F00F0080F800331354704700BFB7
:1031F00014ED00E0044B054A23F07F039360BFF316
:103200004F8FBFF36F8F70470000000100ED00E0AB
:1032100042F8203C009B0B4942F81C3C019B21F0EA
:10322000010142F8183C029B42F8081C42F8143C89
:103230004FF0807342F8043C0023203A0265C0F846
:10324000A8307047091C010100B50E4B1546986067
:10325000D0F8A4200C4B0E461A60D0F8943083F3BB
:103260000B882C4686F309880020044B984720469B
:10327000002100220023024C204700008D10020193
:10328000091C0101342E00215C2A00211022014B6F
:103290001A61704700ED00E0054B5A699B689A423D
:1032A0001FBF044A536843F080535360704700BF08
:1032B000342E002100ED00E0084B9B6883420BD1C7
:1032C000EFF3058343B1064B5A6842F080525A60CF
:1032D0005A6A22F400425A620AF0D8B8342E002109
:1032E00000ED00E016498A684FF030001044EFF31B
:1032F000098C80E8F01F402080F31288BFF36F8FA5
:10330000104F4FF000664A698A603E60D2F8A40010
:103310000D4C2060D2F8A8000023C2F8A83080F33A
:10332000118802F1300090E8F01F8CF3098802F157
:10333000000004B50DF0A2FEBDE804407047000097
:10334000342E002104ED00E05C2A002100234021FE
:103350000348C21801331E2B82F80013F9D17047BD
:1033600000E100E008B5EFF30583064A103B02EBED
:10337000C30152F8330049688847BDE80840FFF7A9
:103380008BBF00BF5C670201014800687047000006
:103390005C2A00211FB50121094B0A4A0A4800F0A6
:1033A000F7F80023064A0393084B0121019301A873
:1033B000D31A029300F0F6F805B05DF804FB00BFE5
:1033C00000000121000000218C720201A8080021E8
:1033D0000A7A0B6810B562F304031C46CB685209E5
:1033E00023F01F0343EA4203044A43F00103C2F8F7
:1033F0009800C2F89C40C2F8A03010BD00ED00E07B
:1034000010B5074BD3F89030C3F30723013B984224
:1034100002D8FFF7DDFF10BD6FF01500FBE700BF1E
:1034200000ED00E02DE9F04F0F46144606464FF040
:1034300000084B4D85B0B84580F28E80D6F80490D8
:10344000B9F1000F35D0B9F11F0F40F2838019F0A8
:103450001F0F7FD1D6F800A01AF01F0F7AD1504667
:103460000DF054FE834609EB0A0001380DF04EFEC4
:1034700083456FD11BF1160F6CD05C456ADDC5F832
:1034800098B0D5F89C10C5F898B0D5F8A03021F0C8
:103490001F0143F01F0AD6E900321A44994202F193
:1034A000FF391BD1CA4508D131465FFA8BF00DF0C8
:1034B00036FE08F101080C36BDE73146C5F898B074
:1034C000D5F89C30E0B263F30402C5F89C200DF0FF
:1034D00026FE10F1160F3DD0441CEAE7C5F898B05F
:1034E000D5F8A020013B23F01F0302F01F02134375
:1034F000CA453146E0B2C5F8A030E8D00DF00FFE65
:1035000010F1160F26D0C5F898B0D5F89C209DF87C
:1035100008300AF1FF3A62F304038DF80830D5F859
:10352000A0309DF808205B0863F347128DF808204F
:10353000D6E900321344009323F01F035344A3EB56
:103540000903013023F01F036946C0B20393FFF75C
:1035500057FFBEE76FF01504204605B0BDE8F08FB9
:1035600000ED00E00522044BC3F89420BFF34F8F19
:10357000BFF36F8F704700BF00ED00E0BFF35F8FB8
:103580000022024BC3F89420704700BF00ED00E01A
:1035900010B5034C2278FFF745FF207010BD00BF27
:1035A000633500212DE9F74F294D8A4606464FF035
:1035B0000008AB46274FD0451BDAD6F80490B9F186
:1035C000000F3FD03168084601910DF09FFD019931
:1035D000044609EB010001380DF098FD84424FF0DC
:1035E00014021D4B08D002FB08F36FF015024BF8D4
:1035F000032003B0BDE8F08F14F1160F2C60F8D053
:103600001978A142F5DD02FB08B0C7F89840C7F869
:103610009840D7F89C4000F10801007B64F3040057
:103620000871D7F8A0000C79400860F347140C71BA
:10363000D7F89C1021F01F016960D7F8A01021F085
:103640001F01296108F1010814350C36B3E700BFEA
:10365000602A002100ED00E063350021F0B55349F8
:10366000534DD1F890302C68C3F307239C4287B0A8
:1036700000F299800020FFF781FF4E4BC1F8C03067
:10368000844216D14C4D01A82C70FEF72BFE00266B
:1036900007464A4CB74213D100202B784349D1F852
:1036A0009020C2F30722934277DBFFF75BFF0020F5
:1036B00046E0696801EB0011FFF78AFE0130DFE7A1
:1036C0000199300101EB0613DA682240B2F1807FE4
:1036D00052D00AD8B2F5001F34D0B2F5800F3ED0D8
:1036E000B2F5801F12D00136D4E7B2F1006F43D09B
:1036F000B2F1805FF7D15A689B680958013B22F00C
:103700001F00034423F01F03012032E05A689B6826
:103710000958013B22F01F0003440120844623F096
:103720001F0340EA4C10CDE902218DF8100002A9D8
:1037300028780593FFF764FE00282ADA6FF0150059
:1037400007B0F0BD5A689B680958013B22F01F0082
:1037500003444FF0020C012023F01F03E1E75A68F5
:103760009B680958013B22F01F000344022023F00C
:103770001F034FF0000CD4E75A689B680958013BBF
:1037800022F01F0003444FF0030C012023F01F031D
:10379000C7E72B7801332B70A5E7C1F89830C1F843
:1037A000A00001337BE74FF0FF30C9E700ED00E0F8
:1037B00098720201AAFF4400633500210000F0FF67
:1037C00008B5024B1B689847002008BD742A0021E9
:1037D000034B044A1860937843F0020393707047D8
:1037E000742A0021D403002108B50649064821F0B7
:1037F0000701C1F1045202F580320CF0CDFB00202C
:1038000008BD00BFA4720021782A002170B541696B
:103810000446867A0A4D59B1437ADB0706D424233D
:1038200003FB0653DB691B689B68984700236361B1
:103830002420214600FB0650BDE8704011F06FBD0A
:10384000880700212422024B02FB0030704700BF92
:10385000880700212421827A054B01FB02331A6A72
:103860001B7D801A1B3323F00303B0FBF3F070477A
:103870008807002138B52424827A064B04FB0233E2
:10388000DB69D3E901240C601568FFF7E3FF04FB53
:10389000005038BD880700212DE9F04385B005466A
:1038A000684690461C46039111F0BBFFDDE90067B6
:1038B000EFF31189402383F31288BFF36F8F6B8A74
:1038C000002B41D02A8A9A4225D90022002328467B
:1038D00008F0CCFF0446F0B189F31188BFF36F8F75
:1038E000039B002B41D032463B46684611F0BEFF99
:1038F0002421A27A254B204601FB0233DB6903A970
:103900001B681D68DDE90023A847606170BB204685
:10391000FFF77CFF24E0698A4B1E6B8289F31188D4
:10392000BFF36F8F2B7D2A8A2C6A1B3323F003038E
:10393000521A02FB0344154B154AEB1A9B105343D2
:10394000A3722B7DE372CBE789F31188BFF36F8FEE
:1039500023464246284608F089FF04460028BFD186
:103960000024204605B0BDE8F083636101230025F3
:103970002381039B29466382E27A656004F1180083
:1039800012F082FD63692582E360EAE7880700217F
:10399000398EE33870B524250C4C00B970BD037A1C
:1039A0004668002BFAD0013BDBB20372002BF5D145
:1039B000C3604360837A05FB03439B6913B1984757
:1039C0003046EAE7FFF722FFFAE700BF8807002149
:1039D000064AD2F8AC3123F00043C2F8AC310022E1
:1039E000034BC3F84C21D3F84C3170470020014100
:1039F0000060014173B5354BD3E84F3F0023344994
:103A0000CDE90033334BD3F80445BFF35F8FD1F8D2
:103A10000465BFF35F8FD3F804259442F3D16B465E
:103A2000224601212B480DF04CFC324605460F2161
:103A3000274801AB0DF045FCE0B1019B0DB90093A7
:103A400002E0009A9A42FAD8009B22481C44013CAA
:103A5000D0F84C3524F07F449C421F4932D0FFF708
:103A6000B7FFC0F84C451D4B009A9A4218D9012364
:103A70000B7001E0002DE7D1194AD2F8AC3143F0C8
:103A80000043C2F8AC31134BD3F84C2132B90121B9
:103A9000144A5160D3F84C3103B1116001230DE099
:103AA000BFF35F8FD0F80435E41A24F07F440E4B47
:103AB000033C9C42DBD900230B7000230B4A13709C
:103AC00002B070BD0B78002BF7D0D5E76835002128
:103AD000001001410060014166350021FEFF7F00BA
:103AE0000020014100B00041FBFF7F00673500214D
:103AF000F8B51E490023C1E8423F52BB1C4B1D785C
:103B00003DB305231B4E1C4F34780134B4FBF3F353
:103B100003EB8303E41A10F096FE184A137823B1DE
:103B200057F82430C01A072813D9154BD3F81411AD
:103B300041B10021C3F81411D3F8143134700CB919
:103B400001231370347810F07EFE47F824002846D5
:103B5000F8BD0C4A0025D2F8AC3123F00043C2F87E
:103B6000AC310122084B5A60F1E700BF68350021F3
:103B70006735002165350021842A00216435002144
:103B8000005000410020014100B000410122024BE1
:103B9000C3F84025704700BF00000841502307B517
:103BA0001E4A0021C2F80C3514221D4B0846C3F8EA
:103BB00020214FF400621B4BC3F8BC254FF48062F8
:103BC000C3F838250DF1070208F04CFA002821DB74
:103BD0009DF80710144810F078FF9DF8071013485F
:103BE00010F073FF9DF80710114810F06EFF9DF85C
:103BF00007100A4810F069FF9DF8070008F040FA26
:103C00004FF400220B4BC3F844230022C3F84C218D
:103C1000D3F84C3103B05DF804FB00BF00B00041A5
:103C200000302041002001414C6101412820014128
:103C30002C2101410060014148B1054B054A1B6838
:103C4000B3FBF2F35843044B43F0010318477047AA
:103C50009C05002140420F00906D020108B5054A05
:103C6000054B104613603F23536008F0F5F9002020
:103C700008BD00BF982A002100E0FFFF2DE9F341B5
:103C8000054616461F462E4CD4E8AF3FDA072AD524
:103C900020B96FF0010002B0BDE8F08101A90DF07C
:103CA000BBF80228024620D12846264912F0F4FB30
:103CB0000028EED1D4E8AF3FC3F3C0081B0712D4ED
:103CC000A4F1D405072229463846B047062887BF05
:103CD0000723B0FBF3F044F8D48C85F8078094BF39
:103CE000C5F80380E8710020D5E7042811D12846E3
:103CF000154912F0D1FB05460028CAD141223846A9
:103D000004F1BE01B047031EA4BF1B1983F8BE50C7
:103D1000E9E70328BDD128460C4912F0BDFB054652
:103D20000028B6D11022384604F17C01B0470F2894
:103D3000D9D81022294604F17C0012F0A5FBD2E765
:103D40006C010021217E0201247E0201297E0201F4
:103D50002DE9F04389B0DDF840909D795E791F79B7
:103D600093F803C093F802E093F801800C461B78A7
:103D7000B9F1000F15D0CDE90639CDE904E81346B5
:103D8000CDE9027CCDE900560D4A0BF073FC00280A
:103D900013DBA0422CBF6FF01500002009B0BDE876
:103DA000F083CDE90583CDE903CE1346CDE9016764
:103DB000044A00950BF05EFCE9E76FF01500EDE7B3
:103DC0002D7E0201517E020170B504461E46154645
:103DD0008CB0AAB129B10A4602A804210CF039F925
:103DE00002A900912B462246242103A8FFF7B0FF29
:103DF00070B93146109A03A8FEF7E2FC0CB070BD12
:103E000003462421044A03A80BF034FC2328F0D9EC
:103E10006FF01500F2E700BF727E020107B5064B96
:103E20000648DA79C2EBC202009200221146FFF77F
:103E3000CBFF03B05DF804FB98000021217E020156
:103E400007B50022064B1146A3F5A873DB79054898
:103E50001B010093024BFFF7B7FF03B05DF804FBB3
:103E6000E8010021297E020130B5044615468DB0D7
:103E70009AB129B10A4602A804210CF0EAF802A975
:103E800000912B462246242103A8FFF761FF60B969
:103E900003A80CF099FF0DB030BD03462421044A5D
:103EA00003A80BF0E7FB2328F2D96FF01500F2E727
:103EB000727E020107B5009313460A460146034885
:103EC000FFF782FF03B05DF804FB00BFA97F02018A
:103ED0000A4601460148FFF7C7BF00BFA97F02019C
:103EE00007B5009313460A4601460348FFF76CFFE7
:103EF00003B05DF804FB00BFA37F02010A46014640
:103F00000148FFF7B1BF00BFA37F020107B50093CF
:103F100013460A4601460348FFF756FF03B05DF813
:103F200004FB00BF947F02010A4601460148FFF7E7
:103F30009BBF00BF947F020107B50022034600919A
:103F400003481146FFF740FF03B05DF804FB00BFD4
:103F50009B7F020107B500220346009103481146EA
:103F6000FFF732FF03B05DF804FB00BF247E0201BF
:103F700008B5024808F0B0FE002008BD8404002106
:103F800008B5024808F0A8FE002008BD740400210E
:103F9000F8B51B4CD4E8AF3F13F0010F264622D0F2
:103FA00094F8BE70A4F1D4053FB94122154905F536
:103FB000C97012F093FA85F8D371EB79ABB1D4E8FC
:103FC000AF3F5A0701D400F0D7FBD6E8EF3F23F408
:103FD0000062C6E8E12F0029F7D11B0503D5FFF7E2
:103FE000C7FFFFF7CDFF002009E001F00FFA30B95D
:103FF000EB79002BE3D101F049FA0028DFD0F8BDBE
:104000006C0100213C79020107B5009313460A4672
:1040100001460348FFF7D8FE03B05DF804FB00BF7C
:10402000AF7F02010A4601460148FFF71DBF00BFEE
:10403000AF7F020110B50024094B86B009480393F5
:10404000CDE9044411F048FA03AB00934FF4E16268
:104050000A230549034808F045FE204606B010BD76
:104060007B7E0201B0180021A836002101460148DC
:1040700008F078BEB01800210146014811F001BADD
:10408000B018002130B50378012B11D0022B21D0BC
:104090006BB90A46144B03F1100453F8045BA342B6
:1040A00042F8045BF9D143881A0A8A70CB7030BD9C
:1040B0000A460D4B03F1100453F8045BA34242F887
:1040C000045BF9D143681A0C180E4A700870C3F3E8
:1040D0000722EAE700F11003013913F80129984299
:1040E00001F8012FF9D1E2E79D81020130B50C46BC
:1040F0000178154601298FB00BD002290CD0A1B947
:104100004388114A294620460FB0BDE830400BF0E5
:10411000B1BA43680D4AF5E76946FFF7B3FF684651
:1041200004A9FDF7F3FE38B12A46002120460FB05E
:10413000BDE8304012F0A8B929462046044A04AB35
:104140000BF098FA0FB030BD847E0201897E020127
:10415000757E020110B50DF0CEF911F01AFA044681
:1041600008B909F0C9F8064BD3E8AF3F0BB10A20F4
:1041700098471CB9BDE8104009F0D2B810BD00BF87
:10418000A02A002138B5044608480CF0ECFF05468B
:1041900048B1631EDBB21F2B96BF054A0021D15CDC
:1041A0000C300DF055F8284638BD00BF3C08002102
:1041B000AD810201034BD3E8EF2FC3E8E10F0029E3
:1041C000F9D17047A02A00210F2810B50CD80D286E
:1041D0000CD90A480CF0C7FF044618B104210C3072
:1041E0000DF036F8204610BD1328F2D009B104486E
:1041F000F0E70220BDE81040FFF7C4BF84080021AB
:10420000D0070021F8B506460F4602F0F9FA044639
:1042100090B93946304605F09FFE0546F0B939465B
:10422000304604F063FE164B1B6823B153F80C496B
:1042300004B10C3CB3B9F8BD83781321012B4FF0C6
:10424000000312BF1D46D0F8A450C0F8A4300DF0F2
:1042500097FF204601F01CFF002DDAD028460FF012
:10426000E1FFDCE79B6813B13946304698472CB133
:10427000E26802B10C3A23461446DBE72246FAE72D
:10428000182B002138B5C5682B7893B9B5F80140D3
:104290000F21204601F0E0FFEB78054650B90A4AAD
:1042A000118831B96FEA04506FEA10501080074A44
:1042B000137038BD0373012101F036FF2846BDE8B5
:1042C000384001F0E5BE00BF3835002169350021D6
:1042D00010B50024084B86B0039303AB00934FF452
:1042E00080624FF0FF3305490548CDE9044408F0EA
:1042F000F9FC204606B010BD8E7E0201B03D0021C3
:104300008019002110B5084C0146062294F86F0070
:1043100002F090FA38B994F86F000522BDE8104019
:10432000024902F087BA10BD980000218381020182
:1043300010B5012104460C300CF0ABFF2146BDE85E
:1043400010400023014A00780DF0BBB9B873020198
:1043500010B5012104460C300CF09BFF2146BDE84E
:1043600010400823014A00780DF0ABB978730201C0
:1043700070B531480CF010FF044600285AD000F107
:104380000C0528460CF08DFF022805D004282FD0FC
:104390002046FFF7FFFA21E0238A032BF8D90421F6
:1043A00028460CF076FFFF22438806882276228A70
:1043B000C6F30B009A426083EAD10F2101F04CFF53
:1043C00005460028E4D001F063FF21462076320B39
:1043D00028460DF071FE284601F05AFE174BD3F81F
:1043E00034313BB3BDE870401549164811F049B867
:1043F000284602210CF04DFF054600783E2812D0D9
:104400000DF0EEF810F002060DD140F69A430E4A78
:104410000E490F480BF010FE86F31188BFF36F8F23
:104420000323184602DF062321460A4A28780DF0A6
:1044300048F9ADE770BD00BFCC0100219800002114
:10444000A4040021501A00219E7E0201D27E0201A6
:10445000007F02014873020110B5012104460C30AF
:104460000CF017FF2146BDE810400223014A0078F6
:104470000DF027B9387302012DE9F0470C4608F01A
:104480003BFFE5682B78022B67D0042B05D0204634
:10449000FFF780FA6FF0150408E0B4F81080B8F167
:1044A000020F08D82046FFF775FA002408F038FFFD
:1044B0002046BDE8F08768783E2809D1B8F1030F9F
:1044C000F0D0EB78012B01D00A2B46D1032704E072
:1044D0000DF086F80746F8073FD504F10C060121D8
:1044E0003046D4F814A00CF0CCFE022130460CF07B
:1044F000D0FE814600783E2807D1E3681B78012B67
:1045000001D00A2B06D1032614E00DF069F8C1078B
:1045100006460FD441F26813164A174917480BF0A4
:104520008BFD002383F31188BFF36F8F032318469D
:1045300002DF0226124A0623214699F800000DF0F8
:10454000C0F8B20712D56369A5EB0A05ADB22B44DA
:10455000E360A4F81080BB07A7D5214609480CF0FA
:1045600006FE0949094810F08CFF9EE72046FFF738
:1045700011FAF0E79E7E02011D7F0201007F020119
:1045800008730201CC010021A4040021501A00216B
:104590002DE9F047884616468246002868D0002359
:1045A000DFF8D090D9E8EF4FC9E8E23F002AF9D10F
:1045B000002C5DD02046FFF74DF90C232E4D2746E9
:1045C00003FB0050438853450DD0D9E8EF3FC9E8BD
:1045D000E27F002AF9D1002B4AD01F463846BDE8B9
:1045E000F047FFF7D7B9A64208D020460CF0B6FD39
:1045F000328AF16804F10C000CF021FE2046FFF72E
:1046000029F90C2606FB00504368ABB1B8F1000F46
:1046100012D12046FFF71EF9012106FB0050426827
:10462000536803F01F00814010685B0900EB8300B2
:10463000137ACBB10CF0E6FF2046FFF70BF90C26FE
:1046400006FB00508368002BC8D02046FFF702F914
:10465000704305F800802046FFF7FCF806FB005584
:10466000A86808F035F9B9E7C9430DF041F8E3E768
:10467000BDE8F087C8010021A42A0021054BD3E83A
:10468000AF2F02F00B02D3E8EF1FC3E8E02F0028A2
:10469000F9D170476C01002110B5C1E900239DF8E4
:1046A00008300C460B72FFF7D5F80C22024B02FBC8
:1046B00000335C6010BD00BFA42A0021F8B502469B
:1046C0000B4610480CF04FFD0446C0B104210C30DD
:1046D0000CF0A4FD2046FFF7BDF80C2700260A4D7C
:1046E00007FB005046802046FFF7B4F807FB005058
:1046F00086602046FFF7AEF807FB00556E60204647
:10470000F8BD00BF18080021A42A002137B50C46C7
:104710008DF8070000F0FF05A0B929B10722204657
:104720000A4911F0B9FE40B9002009490DF107020C
:1047300005F07EFB002003B030BD21462846FFF780
:1047400061FDF7E76FF01500F5E700BF8A81020110
:104750001B16020129289ABF014B185C09207047DB
:10476000CD810201034B0146D3F84C018268926867
:10477000104700BF98000021042101480CF042BFFF
:104780006C01002138B50546FCF7E3FC41280446DE
:1047900015D829460B48FCF7D2FC70B122462946B1
:1047A000084811F064FE002207482146031900F56D
:1047B000C97083F89221FFF7CDFB002038BD6FF060
:1047C0000B00FBE72A0200219800002100487047F7
:1047D0002A0200210149024810F053BE940400212E
:1047E0008019002170B505460C4639B1CB684A697D
:1047F0009B1A032B0ED86FF0150509E04FF0FF3020
:104800004FF0FF31FFF75AFF044618B96FF0680503
:10481000284670BD2046FFF71DF80C22134BA61842
:1048200002FB0033032130465D800CF019FD05804A
:10483000238A0121033B837030460CF019FD40F6BA
:1048400035439D4209D12046FFF78CFF05460028DD
:10485000DED02046FFF79EF8DAE72146044810F044
:1048600053FD0025FFF7B6FFD2E700BFA42A0021C1
:10487000D40100212DE9F043064617460C4685B0C9
:1048800069B94FF0FF304FF0FF31FFF717FF0446D3
:1048900058B96FF06805284605B0BDE8F083887AFE
:1048A000FEF7D0FF304B834258D1012200216846E9
:1048B00010F043FD2046FEF7CDFF0C23DFF8AC904F
:1048C00003FB0090C0F808D020460CF07BFC0146AA
:1048D0003046FFF787FF054618B12046FFF75AF824
:1048E000D9E74FF4A0220023684608F025F8804657
:1048F00090B14FF4F1731E4A1E491F480BF09CFB08
:10490000424631461D480BF097FB85F31188BFF3F3
:104910006F8F0323184602DF2046FEF79BFF0C2310
:10492000584319F80060AEB12046093EFFF732F84F
:10493000092E0CD8DFE806F0050B0B08150B0B0B46
:104940000B126FF06E05A6E76FF00C05A3E76FF092
:104950000405A0E7002FC0D03C609CE76FF0150570
:1049600099E76FF00B0596E718080021A42A0021AB
:104970009E7E0201367F0201007F02013F7F02011D
:104980002DE9F043002605465F4BB0F801801988F9
:1049900048F47042914285B004BF1E805B4B05F124
:1049A000040408BF1E7800F06FFBEB782046012B53
:1049B0000ABF574B4FF0000993F86F900CF097FD2A
:1049C00002AF2146B0B14FF0010938460CF084FD2A
:1049D000D5F81130CDF80130B5F81530ADF8053007
:1049E000EB78012B1BD0132140460DF026F805B0C3
:1049F000BDE8F08348460DF007FA0346006895F8D5
:104A0000049002909A889B796868BA80BB71A288EA
:104A1000A3790090ADF804208DF80630E0E7384621
:104A2000FFF770FC04460028DDD00346B5F80120EE
:104A300023F8702BBA790298B98820679A7140F2EE
:104A4000E2429980B5F817305343C4F88830B5F87E
:104A50001930A4F89030B5F81B30A4F89230002338
:104A6000EF782373012FE77026D18DF8009000981E
:104A7000BDF804209DF80630C4F87700A4F87B2028
:104A800084F87D3000F014FE1030D0E8AF3FDB0436
:104A90002BD484F87E7005F10B07062238461D4999
:104AA00011F0FAFC04F17F03B8B1D5F80B20C4F87B
:104AB0007F20B5F80F209A800721204601F034FBB3
:104AC00026B101212046267301F02EFB204601F07D
:104AD00011FC204601F0DCFA89E70D4AD2F8691092
:104AE000B2F86D20C4F87F10E5E7237A0849C3EBDC
:104AF000C3035A18CB58C4F87E309388A4F8823088
:104B0000937984F88430D7E738350021693500215E
:104B1000980000219781020100B5C36889B01A7816
:104B200032B13C2A37D109B05DF804EB0CF060BE1D
:104B30008DF80020B3F80120ADF80120DA788DF867
:104B40000320B3F80B20ADF81720B3F80D20ADF813
:104B50001920B3F80F20ADF81B205A7C8DF81D20CA
:104B6000586801901A899B7AADF808208DF80A30B0
:104B70000A4B6846D3F86920B3F86D30CDF80B20A6
:104B8000ADF80F30064B1A689B88CDF81120ADF8B0
:104B90001530FFF7F5FE09B05DF804FB9800002121
:104BA0009781020110B5FCF73BFC034B1B6813B166
:104BB000BDE81040184710BDC82A002173B5274D25
:104BC0000646D5F84C0110F068FA00283FD06FF087
:104BD000020105F1D4000CF08BFD01210CF012FD57
:104BE000C30737D40CF00DFC044668BB1C4B1E6099
:104BF000012205F59070114610F09FFB05F59E709F
:104C000010F07AFB174810F067FC6FF0070340F6CE
:104C1000980215491348009408F064F813491148A4
:104C200008F03CF9D5F84C01114983681B68984796
:104C3000044648B926B902B0BDE87040FCF7F0BBA5
:104C400005F1C40008F048F8204602B070BD6FF0CE
:104C50001204F9E76FF07704F6E700BF980000212F
:104C6000C82A0021501A0021B0410021847F02018E
:104C70007944010138B5032104460C300CF009FBDE
:104C800040F635420346B0F8010090420DD01D7841
:104C9000E36822461978FFF77BFC35B1034807F03B
:104CA00017FEBDE83840FFF795BD38BDB8010021BB
:104CB00038B508F021FB284DD5F83C31002B48D001
:104CC0000022002305F5907007F036FE002840D141
:104CD0000022002305F59E7007F0C8FD044668B960
:104CE00040F6AA431D4A1E491E480BF0A5F984F35D
:104CF0001188BFF36F8F0323184602DFD5F8300108
:104D000020B1FEF747FE0023C5F8303120460CF0F5
:104D100059FAC5F830012046FFF724FD98B1124832
:104D200007F0D6FD2046FEF795FD0C220F4B1F2104
:104D300002FB003022464088FFF72AFC2046FEF79F
:104D400029FEFFF747FDFFF745FDBDE8384008F0B5
:104D5000E7BA01F0DFFAF8E7980000219E7E020131
:104D60008D7F0201007F0201B8010021A42A0021E9
:104D700038B5042104460C300CF08BFA45780178E4
:104D800022464088FFF704FC35B1044807F0A0FD37
:104D9000BDE83840FFF71EBD38BD00BFB801002197
:104DA000F8B506460024094DEF79E3B29F4202D8D8
:104DB0006FF0010007E0294630460CF059FF073537
:104DC000631C08B12046F8BD1C46EEE798000021A0
:104DD0004FF47A734FF4004C40F2E730002170B585
:104DE000094D4FF47A72B5F890415C430023E4FB1F
:104DF0000C01F8F7C9FA02460B4605F5B070BDE89C
:104E0000704007F0D9BF00BF98000021F8B50F46E9
:104E1000154678BB4FF0FF304FF0FF31FFF74EFCE7
:104E2000064650B327210C300CF003FA2A460446FC
:104E300039460CF025FFC31D05F1100152F8040B93
:104E40008A4243F8040BF9D10D4D04F1170305F123
:104E500010042A4603CAA24218605960154603F19D
:104E60000803F6D13146BDE8F840002242F227009F
:104E7000FFF700BD6FF01500F8BD6FF06800FBE7AD
:104E8000E80100217FB5054614460E4671B3304651
:104E90002E490CF0EDFE48BB31462D4BC5EBC5004D
:104EA00018440CF0EDFE10220021684611F0ECFAD7
:104EB000274B153503EB051574B3102269462046C0
:104EC00011F0EAFA40B32B4604F110051A462068A7
:104ED0006168083403C2AC421346F7D11D480CF098
:104EE000D6FE43072CD4002004B070BD68460CF0F9
:104EF000E5FA0028F8D16846FFF752FF0028F5DAF6
:104F0000134BC5EBC500694618440CF0B9FE002EE2
:104F1000C9D001463046C4E71021284606F0B8FE45
:104F20000028E1D1002CD9D02B4610351A4603CAEF
:104F3000AA4220606160134604F10804F6D1CDE76F
:104F4000FFF716F8FFF71CF8CDE700BF8A810201D2
:104F5000980000216C01002170B5144E06223146E4
:104F6000044611F099FAE0B14FF0FF304FF0FF31F5
:104F7000FFF7A4FB0546A8B1062221460C300CF031
:104F80005EF90022294642F20500FFF773FC40B9A2
:104F90003346226843F86929A288B280012283F847
:104FA000682070BD6FF06800FBE700BF01010021C1
:104FB00098B50F4B00AFD3E8EF2F22F48072C3E80F
:104FC000E12F0029F7D113F8CD2C6C466AB1D31D1F
:104FD00003F4FC73ADEB030D0121684611F054FAA4
:104FE0006946044800F05EFBA546BD4698BD00BF7B
:104FF0006C010021DD1D020113B5F0B910480CF061
:1050000046FEC30517D469460E480CF0BFF90446A6
:1050100020B1FFF7DDFE204602B010BD6846FFF765
:105020009BFF04460028F4D14FF4807104480CF033
:1050300080FEFFF7CDFE0024EDE76FF01504EAE7F0
:105040006C010021E8010021002307B506480DF19D
:1050500007018DF8073000F025FBFFF7A9FF03B02B
:105060005DF804EB0CF0E4BEA31C020138B5054664
:105070000C4604484FF480610CF05BFE2B7A1C4315
:105080002C7238BD6C010021084BD3E8EF2F22F4BD
:105090008061C3E8E01F0028F7D1530504D5002242
:1050A0000220034904F0E6BE704700BF6C010021F6
:1050B000D71E02011FB500230190CDE90233022063
:1050C0008DF80C1001AA034904F0D4FE029805B033
:1050D0005DF804FBB31D0201F7B5044670B1404D05
:1050E00095F8122195F813310AB19A4208D201338A
:1050F00085F81331237A43F00403237203B0F0BD23
:1051000000210222084601F095FB064648B12046E0
:105110000121FFF7ABFF304603B0BDE8F04000F0DF
:10512000B7BF01462F4800F0BDFA95F81331B3B967
:1051300095F8132195F812319A421CD1002242F2BF
:1051400029001146FFF796FB70B995F8133101332A
:1051500085F81331237A43F00403237204E03046C8
:105160000CF0CEFD0028E3D000211F4803B0BDE8BD
:10517000F04000F097BA2246671C394612F82E0B11
:10518000FFF744FE064630BB95F81331013385F82E
:105190001331237A43F00403237295F8A7305B0799
:1051A00019D5394668460CF06BFD01234FF0FF30EE
:1051B0004FF0FF318DF80730FFF780FA044650B109
:1051C000082269460C300CF03AF83246214642F289
:1051D0004E00FFF74FFB01200CF092FDC4E700BF2B
:1051E00098000021431D0201C51C02012DE9F04178
:1051F000044600B3364D95F8122195F8133192B15B
:105200000132934210DC00210222084601F012FB19
:10521000064690B120460221FFF728FF3046BDE840
:10522000F04100F035BF13B1013B85F81331237A0B
:1052300023F004032372BDE8F0810146254800F005
:1052400031FA30460CF05CFD074688B995F8133109
:1052500095F812219A4217D2013B85F81331237A2F
:10526000024623F0040302201B49237204F002FECD
:1052700095F8133113B101200CF042FDBDE8F04167
:105280000021164800F00EBA4FF0FF304FF0FF310A
:10529000FFF714FA04F1010806460028E8D00721B8
:1052A0000C300BF0C6FF41460CF0EAFC3A463146A2
:1052B00042F22800FFF7DEFA0028D9D195F8133121
:1052C000013B85F81331237A23F004032372CFE7DF
:1052D00098000021431D0201EB1C0201C51C0201C4
:1052E000F0B50E46044685B000B32B490CF0C0FC67
:1052F000E0B92046FFF754FD002846DA23785BB971
:105300002648C279002A40D121460CF0B9FC01237D
:10531000C371104605B0F0BD012B04D1A37903F091
:10532000C003C02B02D06FF01500F3E71B4DEB79E3
:10533000012B2DD005F1D4000CF0A9FC10F00101D7
:1053400014D11022684611F09FF8002CEBD02046B3
:1053500011490CF08DFC0028E5D1002EE3D010227D
:105360006946304611F098F80028DCD0EF793246D3
:105370007B1C21463846EB71FFF784FD08B938469F
:10538000C8E7EB79013BEB71C4E76FF07700C1E749
:105390006FF00B00BEE700BF8A8102019800002178
:1053A0002DE9F3410446D8B1002141F2090001AAD8
:1053B000FFF760FA054698B9019E0622D6F80C80E0
:1053C000104908F10107384611F066F828B10622A5
:1053D00038460D4911F060F830B93046FEF7DAFA78
:1053E000002002B0BDE8F081D8F801303046C4F8A2
:1053F0000130BB882570A4F80530FEF7CBFA0120F8
:10540000EFE700BF978102019181020170B58AB078
:105410006846FFF7C5FF1B4CE07170B310220021F6
:1054200006A811F031F894F8C2309B0716D5002178
:105430004FF60A4002AAFFF71DFA78B9029E06ADA0
:10544000F268531C11322C4618685968083303C49B
:1054500093422546F7D13046FEF79CFA02A906A8EA
:105460000EF005FD58B14FF4006107480CF061FCE7
:10547000002269460020FFF705FD0AB070BD02AAB0
:10548000F7E700BF980000216C0100212DE9F041F1
:10549000374D8CB0EE79002E5DD195F8C230DB0728
:1054A00022D531464FF6094002AAFFF7E3F9D8B9F1
:1054B000DDF808C0DCF80C406378012B1E4628BFDD
:1054C000012673B1A31C06AA12341746186859683E
:1054D000083303C7A3423A46F7D1186838609B885F
:1054E000BB806046FEF756FA00274FF01608EE71B3
:1054F000EB79FEB2B34202D86BB3002026E008FB82
:1055000006F404F130030DEB030002A912380EF08B
:10551000AEFCF0B14FF4006116480CF00AFC00221A
:1055200004F130030DEB030454F8183C6946CDF840
:10553000013034F8143C3046ADF8053001238DF8C5
:105540000030FFF79FFC01370028D1D00CB0BDE838
:10555000F08102AAE4E74FF4006106480CF0E9FB91
:10556000002108460CB0BDE8F041FFF7B9BE00BF0E
:10557000980000216C010021F8B516460D461C4626
:105580000246002852D0002B50D0290307D56B07C4
:105590004CD40CF076FC68BB012323702AE0AF07E3
:1055A000037828D036B1A80604D5234991F8D8103D
:1055B00049063ED56F070BD410460CF062FCC8B903
:1055C00026B1A80602D50323237012E00123FBE7CE
:1055D0001949C3EBC303CF5C012F07D10133104638
:1055E00019440CF01DFC28B9277001E0002FFBD0F6
:1055F0009EB90020F8BD6A0715D50F49C3EBC30358
:10560000CE5C012E07D1013319440CF009FC0028AF
:10561000F0D1267001E0002EFBD0A906E9D5237851
:1056200043F00203D0E70CF02CFCB5E76FF0150057
:10563000E0E76FF08500DDE79800002108B5034939
:1056400003480FF04FFF002008BD00BF4950010183
:10565000F8010021F7B5CDE90001694642F20800E2
:1056600016461D469DF820700CF048FC044648B9CB
:105670005FB90B4BD3E8EF1F41F00401C3E8E21F11
:10568000002AF7D1204603B0F0BD694642F2090076
:10569000CDE900650CF032FC0028EAD00446F1E7C1
:1056A000C000002103460148184700BFB000002198
:1056B00000487047B00000212DE9F04FD0F810905D
:1056C00089B0B9F100040546B34818BF012402911E
:1056D00003930CF010FC4607924640F187816E68F8
:1056E00070050CD56FF01504002240F20110029BEA
:1056F000924540F08481204609B0BDE8F08FD5F88E
:105700001080B8F1000F05D0B107EBD006F02403EC
:10571000242BE7D0A14F2878FB798342E2D9C0EB54
:10572000C00007229E49384410F0B6FE0028D9D0A8
:10573000B20706D197F87030082B02D8AB689F2BC0
:10574000D0D916F0300F7AD0B8F1000FCAD0F306D6
:1057500078D406F46036B6F5603FC3D028460CF026
:10576000B6FB80460028BDD08E480CF0C4FB10F478
:10577000807F8C4E40F03D8106F1AC000CF0BBFB0D
:1057800010F4806F06F1AC0B01D0FFF77DFC002315
:10579000CDE90533CDF81B30AB686A68ADF8103041
:1057A000EB6812F4004FADF8123014BF0623072344
:1057B000D00348BF03F00503910348BF03F0FB0388
:1057C0008DF81D30DBE8EF3F23F48073CBE8E23F38
:1057D000002AF7D12B7822463B7687F86F3069682C
:1057E00071480DF11503FFF7C7FE044600287FF44A
:1057F0007BAF6E4BB9F1000F31D02A6911684BF8BD
:10580000B31C9188998092799A716B689A0728D015
:10581000B9F1000F2CD013F0100F0CBF012304239B
:105820008DF814302B691A68CDF816209A88ADF8D7
:105830001A209B798DF81C304FF000081BE0B8F15E
:10584000000F86D1D5E902239A423FF64BAF1F2ABB
:105850007FF648AFB3F5804F7FF67BAF42E7504A03
:10586000CCE79B0502D4039B002B37D0022300E03A
:105870004B468DF814304FF0FF304FF0FF31FEF7FC
:105880001DFF0446002800F0B7800F2204A90C3049
:105890000BF0D5FC2146002242F20600FEF7EAFF9B
:1058A000044600287FF420AFB9F1000F1AD06868D1
:1058B00010F0030022D1074601213B480CF078FB91
:1058C0000446002840D0002F3FF40EAF3846002198
:1058D00000F02AFC384600F0DBFB05E703238DF8D7
:1058E0001430A9E75146129B039A0298CDF8008024
:1058F000FFF7B0FE04460028D9D0F5E63C7E07222B
:1059000027492A4887F86F4010F0C6FD60B9204645
:10591000274900F049FF074610B96FF00B04E3E692
:10592000052100F001FCC7E7204620490CF0B6FC39
:1059300000287FF4D7AE387E1C4900F035FF0746BB
:105940000028EAD00621ECE717B1384600F0A0FBAA
:105950006B689F072ED0D6E8EF3F43F40073C6E88C
:10596000E23F002AF7D1B8F1000F2CD0D6E8EF3F84
:1059700043F48063C6E8E23F002AF7D16B6858071A
:105980002AD5D6E8EF3F43F48053C6E8E23F002A29
:105990003FF4AAAEF5E700BF6C010021980000219A
:1059A0008A810201C0000021B0000021B90000215D
:1059B00083810201D6E8EF3F23F40073C6E8E23F9B
:1059C000002AD0D0F6E7D6E8EF3F23F48063C6E89C
:1059D000E23F002AD2D0F6E7D6E8EF3F23F4805327
:1059E000C6E8E23F002A3FF47FAEF5E76FF00A0415
:1059F0007AE66FF0770477E66FF0680474E619884A
:105A0000814204D1596811B10978C90702D4013221
:105A100008336DE6054906480FF064FD4FF4702227
:105A20000023034807F0FCF965E600BF07200201E8
:105A3000C800002110B518480CF0E2FA17480CF025
:105A40005AFA0346DA05C0F3002023D513480CF0B8
:105A500052FA830515D512490722124810F01CFD91
:105A600003461149087E93B90522104900F0E2FE71
:105A7000044630B10021017300F056FB204600F0CF
:105A800007FBBDE81040002103480CF091BA062244
:105A90002131EBE710BD00BFB0000021C0000021A4
:105AA0008A810201B900002198000021838102014E
:105AB00070B59AB01822002103A810F0E5FC47F257
:105AC0001213ADF808304FF4807344F20102ADF8C0
:105AD0000A30304B694602A8CDE9042308F0DEFB0A
:105AE000F0B11F252C4BD3E8EF1F21F00101C3E8D3
:105AF000E21F002AF7D1294E07F0FEFB346804B1FB
:105B0000043C002D264D18BF0025002C3BD02368F7
:105B10000BB1284698476468002C34D0043CF6E763
:105B20004122009801AB09A910F072F80028D8D1E1
:105B30001C4A0DF125030DF1650153F8040B8B424E
:105B400042F8040BF9D120221749009801AB10F05C
:105B500009F80028C5D1009808F024FA0546002865
:105B6000BFD110490E480CF050FA104820310CF00B
:105B70004CFA0F4BD3E8EF1F41F01001C3E8E21FCE
:105B8000002AAFD0F6E70023C6E9003307F0C8FBD0
:105B90001AB070BD00000209CC2A0021D42A0021CD
:105BA000CA3500218A3500216A350021EA350021F5
:105BB0006C01002130B5A7B01822002107A810F011
:105BC00063FC04233D22002116A8159310F05CFC11
:105BD00047F21213ADF818304FF4807344F201020B
:105BE000ADF81A30234B2449CDE9082306A820221A
:105BF00004AB08F015FAB8B16FF0040407F07CFBB1
:105C00001E4B1D6865B1002018601D4BD3E8EF1FC7
:105C100021F00201C3E8E21F002AF7D124B3A8470C
:105C200007F07EFB27B030BD164B0DF1550219462B
:105C300003F1400053F8044B834242F8044BF9D17E
:105C400005AB029320230B48CDE9001315AA41238D
:105C5000049910F0AEF80028CED1049808F0A2F90B
:105C600004460028CAD0C7E70DA806490CF0CDF9B4
:105C70000DA8D4E7000002096A350021D02A0021CE
:105C8000CC2A00218A350021402208B5034910F0B2
:105C900003FCB0FA80F0400908BD00BFF7810201A3
:105CA00010B59AB004461822002103A810F0ECFBAE
:105CB00044F21213ADF808304FF480734FF4804271
:105CC000ADF80A30114B2146CDE9042304230DF130
:105CD00025008DF824300CF098F904F120010DF125
:105CE00045000CF092F9412201AB09A902A808F085
:105CF00097F9044602A810F0A9F82CB9019808F009
:105D000051F901201AB010BD0020FBE70000020984
:105D100010B560B31A4A136823B1043B834229D0FB
:105D20005B68F9E7174BD3E8AF1F890725D41468E0
:105D3000011D44605068116000B95160D3E8EF2F35
:105D400042F00101C3E8E01F0028F7D1D30701D5D5
:105D5000002010BD0C4BD3E8EF1F21F01001C3E869
:105D6000E21F002AF7D10948FEF786F9F0E76FF045
:105D70001500EEE76FF07700EBE76FF00F00E8E754
:105D8000D42A0021CC2A00216C010021C404002166
:105D9000044BD3E8AF3F13F0100F034808BF0020B7
:105DA000704700BF6C010021CA35002170B505465F
:105DB000194803688B4228D0184BD3E8AF3FDA0666
:105DC00026D5036813B16FF00F0070BD144AD2E8F6
:105DD000AF3FDB07F7D4D2E8EF3F43F00204C2E85D
:105DE000E64F002EF7D113F00204ECD101602946F2
:105DF0000C480CF00AF90C4805F120010CF005F9EB
:105E00000A48FEF739F92046DFE76FF07700DCE754
:105E10006FF07C00D9E700BFD02A00216C0100217F
:105E2000CC2A00218A350021AA350021B4040021A2
:105E300070B505460B4B1C6844B154F81C3C1C3C27
:105E400013B12846297B9847E469F5E7064C074ECD
:105E5000B44200D370BD236813B12846297B98470C
:105E60002034F5E7102B0021D068020130690201CF
:105E700010B50446FDF7EEFC044901EB0011204685
:105E80000BF076FBBDE81040FEF7A4BCDC2A002135
:105E9000002270B50446D1E901560748C1E9012244
:105EA0000FF032FA3DB1314620462B46BDE8704036
:105EB0006FF06D02184770BD7807002137B5437B3E
:105EC0000446072B2BD1051D4FF4806128460CF0AA
:105ED000C1F8400523D4D5E8AF3FD90307D4114B0F
:105EE00093F8D8301A0702D520460BF0CCFD637B1F
:105EF000072B14D10B4B93F8D8309B060FD50BF022
:105F0000E9FC60B10DF1060101A80BF07EFD30B98E
:105F10002046BDF80620BDF804100BF0CFFD03B0FD
:105F200030BD00BF9800002170B505460022002357
:105F30000E4806F001FDB8B90D4B1C6834B154F899
:105F4000143C1C3C03B19847E469F7E7094C0A4E3E
:105F5000B44204D32846BDE8704006F0BDBEA36835
:105F600003B198472034F3E770BD00BF68070021F4
:105F7000102B0021D0680201306902012DE9F041A7
:105F8000044640270025EFF3118287F31288BFF300
:105F90006F8FE16929B1206A0B688142E36108BF14
:105FA000236282F31188BFF36F8F71B1D1E9016869
:105FB0000748C1E901550FF0A7F91EB1002241467B
:105FC0002046B047FEF706FCDDE7BDE8F08100BFE4
:105FD000780700210448B0F8FC3000F58070002BF1
:105FE00008BF0020704700BF9800002130B504466C
:105FF000FDF7CAF90D460D4A0D4989B00858D2F887
:10600000B010884205D1204609B0BDE83040FFF706
:10601000B5BF2434214610460FF033FA1DB169464E
:1060200020460FF03EFA09B030BD00BF40280021E5
:106030000800000038B5002204468A4202D100243C
:10604000204638BD012004F1C803D3E8EF5F002DDE
:1060500004D1C3E8EC0FBCF1000FF6D102D0D0346C
:106060000244EAE7002CEAD0C8220021204610F0C2
:106070000BFA04F1400004490FF034FA034904F12B
:1060800024000FF0E2F9DBE7E16801016B20020177
:1060900008B500F1C803D3E8EF2F013AC3E8E12FB8
:1060A0000029F8D1AAB90B4B984212D303F1D002C0
:1060B00090420ED2C01AD023B0FBF3F203FB1200C1
:1060C00038B9054806F004FCBDE80840034806F06E
:1060D00003BE08BD201B002168070021E404002145
:1060E00010B504460CF038F807F006F90C4B04F133
:1060F000BC01D3F8143143B90A480BF090FF07F004
:106100000FF9BDE81040FEF765BB994201D01B684E
:10611000F1E707F005F92046FFF7BAFFF1E700BF06
:1061200098000021AC01002170B5457B04468D42EA
:1061300013D041730DB90CF00FF8637B012B09D11B
:10614000344D05F580766169002950D1BDE8704075
:10615000FEF740BB072B01D0ABB170BD0023C4E9F3
:106160000D33E378012BF8D1A37804F14000012B23
:1061700004BF032384F898304FF42032BDE8704008
:10618000002306F019BE082DE7D801A353F825F027
:106190005B610101B5610101DB610101E5610101A3
:1061A000E5610101E5610101DB6101015B61010163
:1061B0005B61010104F1400528460FF09FF920467C
:1061C0000121FFF713FF20460BF06DFF2846BDE8C5
:1061D00070400022002306F023BE237B13B120462B
:1061E000FFF726FE2046BDE87040FFF751BFA269C9
:1061F0000B68914208BFA36120466361FFF748FE28
:10620000B5F8FC30002B14BF3046002006F060FBD0
:1062100099E700BF98000021F8B5074609480D46E8
:1062200016460BF099FF044650B183781F4203D104
:10623000BDE8F840FFF72CBF3146A8472046F7E7F6
:10624000F8BD00BF201B0021002201200149FFF7FB
:10625000E3BF00BFBD5E010138B505460B480C46E3
:106260000BF07AFF034670B1427B012A02D0073A55
:10627000012A06D81A88AA4202D19A78144203D178
:106280001846FFF705FF0023184638BD201B0021E4
:10629000034BC01A034B00115843C0B2704700BFF4
:1062A000201B0021C54EECC470B51C4614430546A6
:1062B0000E4608D0FDF768F80B4908580B49D1F88D
:1062C000B010884201D1002213460949002D14BFA5
:1062D000284608460AF047FF044618B1711D0C30E5
:1062E0000AF09CFF204670BD0800000040280021F5
:1062F0008807002110B50446054806F0EDFC20464D
:1063000000F048FC2046BDE81040FFF791BD00BFFB
:10631000D404002100232DE9F04F87B003930593A7
:10632000A54B5A8A32B1A54DD5F8144134B907B0FE
:10633000BDE8F08F1B68002BF5D1F8E754F8BC39A5
:1063400003B1BC3B00269E4901E01C461346B5F84C
:10635000FC20002A00F02E81D5F808214AB904F16A
:10636000BC06002BE3D0D3F8BC20002AEDD0BC3A09
:10637000EBE70A68002AF2D0D4F8A820002AEED071
:10638000D4F8AC20002AEAD0D4F8B020002AE6D015
:10639000637B072B66D120469047002862D004F12A
:1063A000C003D3E8AF3F022B5CDC20460BF0D4FEE9
:1063B00004460028BBD0637B072B40F0F2802046C8
:1063C000D4F8A830B5F8FC1004AA9847074600286E
:1063D00000F0CA80B5F8FC20049B9A4206D301461F
:1063E000D4F8AC60204605AB03AAB047059BDDF8A6
:1063F0000C9001933B8A002B00F0D6803846DDF8E4
:1064000010A00BF0CBF88046002840F0D080B5F803
:10641000FC30DFF8B0B1002B14BF5846002000223A
:10642000002306F089FA78B900220023644806F0B8
:106430001DFA064600283BD1B5F8FC30002B18BFEA
:106440005E46304606F044FA6FF00B053846FDF71D
:10645000A1FAB9F1000F00F083802A462046019985
:10646000C8477DE0D4F8BC3004F1BC02C6B9D5F809
:106470001811C5F814318A4201D1C5F8183100232A
:106480002046C4F8BC30D4F8B0309847002892D0E9
:10649000637B072B40F085802046FFF721FE8AE7CB
:1064A0003360D5F818319A4208BFC5F81861E6E79D
:1064B000019BC0F804908360B5F8FCB00022DA4577
:1064C0004FF000034FF000013B4898BF1FFA8AFBD2
:1064D000FDF7E2F9814650B1FDF7BCF93A4B5A4657
:1064E00003EB0013394648460BF01DF88146B5F81A
:1064F000FC3094F8C4709A458CBF4FF00108023705
:1065000084F8C48098BFFFB204F1C008D8E8EF3F18
:106510000133C8E8E23F002AF8D104F1140A3146F9
:1065200050460BF07CFDA378012B21D0D8E8EF3F3B
:10653000013BC8E8E23F002AF8D1314650460BF053
:1065400097FD4846FDF726FA20463146FFF7A0FCA6
:10655000B5F8FC301B48002B08BF002006F0B8F946
:10656000132120460BF00CFE2046FFF791FDDEE6DE
:1065700009F10C0B042158460AF072FE238807F03B
:10658000FD0743EA07330380B9F810300221043BCA
:10659000438058460AF06CFE4846FEF7E3F80028B0
:1065A000C4D1FEF717F9DFE76FF079054EE76FF01A
:1065B00004054BE79368FFDEF407002198000021F3
:1065C0007807002198010021DC2A002140F2E243F3
:1065D0002DE9F041D0F888600446B6FBF3F6031DC0
:1065E000B6B2D3E8AF2F920413D5B0F88C20B242E4
:1065F0000FD8B0F88E20B2420BD3D0E924129142CA
:1066000007D1D3E8EF1F21F40051C3E8E21F002AAD
:10661000F7D1114B1D6865B155F80C7C1C3D37B1A5
:1066200031462046B4F89230B4F89020B847ED696E
:10663000F1E70A4DDFF82880454501D3BDE8F08138
:106640002F6937B131462046B4F89230B4F8902023
:10665000B8472035F0E700BF102B0021D0680201B9
:10666000306902012DE9F041074608460D460BF05E
:1066700033F9064618B900263046BDE8F081144BC0
:106680001C6884B154F8103C1C3C0BB9E469F8E771
:106690002946384698470028EDD028460BF01CF9CB
:1066A0000028F3D1E7E70B4CDFF82C804445E3D218
:1066B000E3680BB92034F9E72946384698470028A3
:1066C000D9D028460BF008F90028F3D1D3E700BF52
:1066D000102B0021D0680201306902012DE9F04140
:1066E000C37804468BB900F17E06114B1D687DB15D
:1066F0001C3D04F170076B691BB13A4631462046D8
:106700009847ED6925B11C3DF5E700F17706ECE708
:10671000084D094F04F17008BD4201D3BDE8F08176
:106720006B691BB142463146204698472035F3E756
:10673000102B0021D068020130690201F8B5437ABC
:106740000446837216460BF067FE144B1D684DB16C
:1067500055F8043C1C3D1BB132462046617A9847EF
:10676000ED69F4E70E4D0F4FBD420DD3A6B9637A24
:10677000012B11D9A378012B0ED1207A04F17001DD
:10678000BDE8F84003F0BEBCAB691BB13246204601
:10679000617A98472035E7E7F8BD00BF102B00214C
:1067A000D06802013069020138B505460C460F4831
:1067B0000121FFF73FFCC0B1057223680367A3887E
:1067C000A0F87430A37980F8763001234372837285
:1067D0008370074BC0F8A830064BC0F8AC30064BAE
:1067E000C0F8B030054BC0F88C3038BD201B0021FC
:1067F000C16A01013F200201332002011800280074
:1068000070B505460A480E460BF0A6FC044620B1BA
:106810008378012B04D0FFF73BFC0024204670BD99
:10682000324629460BF01AFD0028F7D12046F2E740
:10683000201B0021F8B505460E480E4617460BF002
:106840008BFC044620B18378012B03D0FFF720FC9A
:1068500000240DE036B1324629460BF0FFFC08B9A2
:106860002046F3E7637BBB42FAD1237AAB42F7D1F0
:106870002046F8BD201B002138B5044608460D46C9
:106880000BF02AF838B3154B93F8D830990707D492
:10689000E37873B129462046BDE8384000F0C8B916
:1068A00094F899309A07F3D5231DD3E8AF3F5B04E2
:1068B000EED4294620460BF0FFFC58B92B88A4F8EB
:1068C0008C306B88A4F88E30AB88A4F89430EB88B9
:1068D000A4F8963038BD6FF01500FBE79800002152
:1068E000F7B510F8333C0446A0F140060BBB304628
:1068F0000BF035FD2D4B1D684DB155F8183C1C3D76
:106900001BB1304614F8341C9847ED69F4E7284D64
:10691000284FBD4205D3304603B0BDE8F040FFF735
:10692000B7BB6B681BB1304614F8341C9847203550
:10693000EFE710F83E3C012B35D1A0F13C05D5E83E
:10694000EF3F23F40052C5E8E12F0029F7D19B0463
:1069500018D5E36C69460093636D30460193FFF7E9
:106960008BFF38B9D5E8EF3F23F48053C5E8E23F09
:10697000002AF7D14FF40061284603B0BDE8F0408B
:106980000BF068BB6B460C4A1068516803C369463C
:106990003046FFF771FF0028ECD14FF480512846B4
:1069A0000BF058FBE6E703B0F0BD00BF102B002151
:1069B000D068020130690201026D02010C4B10B96E
:1069C0001860002070471A6872B90269002AF7D16E
:1069D000026832B9426822B9826812B94269002A53
:1069E000EED06FF0150070476FF07700704700BF72
:1069F000202B002108B568B1094B00F10C011A6881
:106A000022B907480BF00BFB104605E0914204D079
:106A10001268F5E76FF0150008BD6FF07700FBE72F
:106A2000182B002110B50E480EF066FC0D490C48DD
:106A30000EF06AFC0C490A480EF066FC0B49084847
:106A40000EF062FC0CF006FA02F0B4FA044628B923
:106A500003F088F9044608B90BF0A3FD204610BDE9
:106A600078070021EC2A0021F82A0021042B0021BC
:106A7000044B186818B9044A5A600B6070476FF0ED
:106A80000B007047242B0021F473020170B50446FB
:106A900052EA030008D0FCF777FC074D074ED5F803
:106AA000B0503058854201D1002213462046BDE83F
:106AB00070400431FFF7F8BB4028002108000000B7
:106AC0002DE9F0470F469046D0F8B44044B1403C21
:106AD000236B5BB92068B4300BF037FC246CF5E70E
:106AE000FDF778FE00263046BDE8F08704F1300956
:106AF00048460EF01EFC05460028F1D00AF04EFD77
:106B00000028EFD128460AF05DFB656C06469DB96A
:106B1000A38C058A403B9BB23F2B03D8238D9D421B
:106B200028BF1D46042106F10C000AF099FB0580E0
:106B3000A38C043543806564BD421FD8B6F810A00D
:106B4000554506D100220023484605F08FFEFCF78C
:106B500021FFA38CA3F140023F2A06D855451ABF56
:106B6000002213460A4AF361B2612068B4300BF088
:106B7000ECFB236B13B120460BF0C8FB636C9F4208
:106B80002CBF0027DF1BC8F800306764ABE700BFED
:106B9000CB240201F7B504460026234D234FBD4206
:106BA00001D303B0F0BD298820460BF085FC6B684B
:106BB000019001A920469847002830DB019B2A88D4
:106BC0009A829A8403F11002D2E8EF1FC2E8E06FC4
:106BD0000028F9D11E645E649E60A16B03F1080277
:106BE000F9B9C4E90D221C60DE6003F130000EF03B
:106BF00083FB019843681B6803B19847019B1033DE
:106C0000D3E8EF1F41F00101C3E8E21F002AF7D1EA
:106C100001984368DB6913B100F11001984708350A
:106C2000BDE70A60A263DEE7B8680201D06802012E
:106C300070B5134A0C4613780646013313F0FF0172
:106C40000ABF01230B4619461370122008220BF0CD
:106C5000FBFB054688B108210C300AF0EAFA2288CD
:106C60002946028062884280A2888280E288C280AF
:106C70003046BDE870400BF035BC6FF00B0070BDC6
:106C80000A36002123281FD81A2804D8431E182B9F
:106C90000ED906207047A0F11B03082B1ED8DFE891
:106CA00003F0051D1B231D19251D0500032070473A
:106CB00001230F4A83401A40C2B90E4A1A40002AE3
:106CC0000CBF06200120704700F07F03522B05D136
:106CD00000207047012070470520704710F0400FDA
:106CE00014BF002006207047042070470220704720
:106CF000AAAA8A02545545012DE9F74F05460846D0
:106D00008946FCF7A7FD18234343264F0446FA188B
:106D10009168D9F80C60019105F14C00D0E8AF0FF3
:106D2000C1073BD5D9F80C00007810710022FA5049
:106D30003378D22B0ED12B68494618680DF094F8A1
:106D400040B101904846FCF725FE019B184603B070
:106D5000BDE8F08F18235C43002349461A4607EB31
:106D60000408281DD9F80C60D9F814B0B9F810A09F
:106D7000C8F808500BF07EFB03460028E6D0D9F88F
:106D80001420A6EB0B06B6B23244C9F80C20019AC7
:106D9000A9F810A0C8F808203851D7E76FF01503FC
:106DA000D4E700BF742B002170B50E46438D418B94
:106DB00001328B4228BF0B469A42054632D83046F4
:106DC000FFF760FF6FF01403034113F0010310D0CD
:106DD000FCF7DAFA144B1958144BD3F8B030994237
:106DE0001ED0134B1B685A1A18BF4FF0FF321346C0
:106DF00001E04FF4702200210E48FFF747FE0446E1
:106E000060B1FCF727FD18220B4B012102FB003378
:106E100004F10C009D600AF00CFA0670204670BD6B
:106E20000022E4E70024F9E70800000040280021E0
:106E3000BC2B0021AC070021742B0021011F01484D
:106E40000EF087B908070021F8B54FF47022074605
:106E500000230D480E460AF086F9044690B100F171
:106E60000C05092128460AF0D9F92046FCF7F2FC66
:106E70001822064B012102FB003328469F600AF0CE
:106E8000D8F906702046F8BDAC070021742B00210C
:106E900008B5EFF31181402383F31288BFF36F8F9E
:106EA000002303600C4B5A689AB9C3E9000081F3D0
:106EB0001188BFF36F8F094805F00EFF002807DA2D
:106EC000002383F31188BFF36F8F0323184602DF7B
:106ED00008BD10605860EAE76C2B002128050021EE
:106EE0007FB5CB6804461D888DB15E8876B1AE4211
:106EF0000DD31022002168460FF0C6FA0521204666
:106F0000FFF7A2FF019058B9112007E03546012391
:106F10002A46042120460BF0D5FC002004B070BDA9
:106F20006B4631462846084A00940BF0E8FCDDE940
:106F3000011323B90846FCF72DFD0A23E8E7204694
:106F40000BF0EAFBE9E700BF3527020110B5044664
:106F500000F14803D3E8EF1F41F00101C3E8E21F4D
:106F6000002AF7D1201F0BF041FC04F16400044912
:106F70000EF0B8FA2068BDE8104001F043BF00BF32
:106F8000592E02012DE9F0470D460446042186B032
:106F900005F10C000AF07DF92368B0F80090B0F814
:106FA000028001211868EF682E8A1FFA89FA0CF016
:106FB00062FC40B904F14C000BF0C5FC28BB122068
:106FC00006B0BDE8F087BAF1000F43D014220021CB
:106FD00001A80FF059FA236851461B6850460193E7
:106FE00001231E4A8DF81430F6B201ABADF81280C1
:106FF0000397ADF810600BF082FC9DF8143033B1AC
:107000005246162120460BF05DFC0020D8E7206890
:1070100002991C300AF0ABF817212046FFF714FF45
:107020000290C8B104210C300AF003F90546A0F81B
:107030000090A0F80280029831460C300AF0F9F86E
:1070400039463246281D0FF012FA204602990BF0FD
:1070500063FBDAE70120B3E71120B1E79D7301017B
:107060002DE9FF41036804460D46186801210CF024
:1070700002FC40B904F14C000BF065FCA0BB1220EF
:1070800004B0BDE8F0811022002168460FF0FCF941
:107090000F212046FFF7D8FE029038B34FF00108C9
:1070A000009405F10C072B8A012B04D82046029985
:1070B0000BF032FB18E038460AF0FBF86B4601464D
:1070C0000B4A06468DF80C800BF019FC9DF80C302D
:1070D000002BE8D00298FCF75DFC32460E212046DA
:1070E0009DF80C300BF0EEFB0020C9E71120C7E73C
:1070F000E52C02012DE9FF41036804460D4618689E
:1071000001210CF0B8FB40B904F14C000BF01BFC62
:10711000A0BB122004B0BDE8F08110220021684617
:107120000FF0B2F921212046FFF78EFE029038B30E
:107130004FF00108009405F10C072B8A012B04D8AD
:10714000204602990BF0E8FA18E038460AF0B1F848
:107150006B4601460B4A06468DF80C800BF0CFFBC0
:107160009DF80C30002BE8D00298FCF713FC324657
:10717000202120469DF80C300BF0A4FB0020C9E72D
:107180001120C7E7612C0201F0B51E4603680D46C9
:107190000039044618BF012187B0186817460CF063
:1071A0006AFB38B904F14C000BF0CDFB002845D147
:1071B000122032E0002E43D01822002168460FF042
:1071C00063F967BB236831461B6830460093BDF8FE
:1071D00030301C4AADF812300D9B8DF808500393E7
:1071E000BDF83830ADF8103001238DF814306B46FF
:1071F0000BF085FB9DF81430DBB157B10198FCF71B
:10720000C9FBDDB13246294620469DF814300BF00B
:1072100059FB182D12D19DF8140007B0F0BD0022C3
:1072200013212046FFF7C0FD01900028CAD111208C
:10723000F3E7019911B120460BF06EFA0020ECE75C
:107240000120EAE7A72602012DE9F04F06460025B6
:10725000CB6887B01B78504F04933068C36973B90B
:10726000002D40F08E8019213046FFF7EDFD0146DC
:10727000002800F08E8030460BF04EFA81E01C3082
:1072800009F08AFF4FF00003BB80BB68B0F818A07C
:10729000028AC168044640483B6009F0D0FFD6F836
:1072A0000080D8F81C5035B14FF0000B638BD5F837
:1072B00000900593D5B9049B012B68D1BB880022AF
:1072C00002933B6818210193638B30460093534629
:1072D000FFF75AFF054628B1034618213046228B96
:1072E0000BF0F0FA2046FCF755FBB6E72A8B524527
:1072F00032D16A8B002ADED0B988059B58188242A9
:107300002ED12A8AF888114481423EDC3846E96849
:1073100009F095FF2A68BBF1000F14D1D8F82010AE
:10732000C8F81C208D4201D1C8F82020002328462F
:107330002B60FCF72FFBB9F1000F0FD0D9F800201C
:107340004D469146B6E7CBF80020D8F8202095426C
:1073500008BFC8F820B0E9E7AB46ECE74A46EFE7DC
:1073600007252046FCF716FB30681C3009F014FF97
:1073700004460028F5D12B465246182130460BF022
:10738000A1FA002007B0BDE8F08F0D25E9E7002540
:10739000A8E70E20F6E700BFF4040021F7B5144675
:1073A00005460E464FF49572014620680CF05EF9D2
:1073B000207430B9294620680CF099FA20B90823C6
:1073C0002374002003B0F0BD6B8A5B0612D5012345
:1073D0000193E38929460093AF68A389A2682068D6
:1073E000B84738B110F1FF0F32BF0E204042C0B293
:1073F0002074E6E700220023094809F0B4FE60602B
:1074000008B90923DCE70683E38943836068A2891E
:10741000A1680C3009F013FF002301202374D1E789
:10742000600800212DE9F0430F460446062187B08D
:1074300007F10C0009F02DFF0588EDB1B0F80280CE
:10744000B8F1000F17D0A84516D3002382888DF815
:1074500000308DF804304FF42053684601A9D7F866
:107460000C90ADF80220ADF8063009F0CCFF0646CE
:1074700060B10A2301E0454601232A460621204641
:107480000BF020FA002007B0BDE8F083014614227B
:1074900001A83F7C0EF0F8FF07212046FFF7D4FC3F
:1074A0000290D8B10A2341468DF81530284601AB29
:1074B0000B4ACDE9036901948DF814700BF01FFAA3
:1074C0009DF8153002992BB10846FCF763FA9DF838
:1074D0001530D2E720460BF01FF9D3E71120D2E791
:1074E000152A02012DE9F0410E8A0446043EF6B247
:1074F000022E08468CB001D0102E76D104210C301B
:1075000009F0C7FE0DF1040805884788011D3246C1
:10751000404609F0A5FF002869D085B377B3BD4286
:107520002DD8012160680CF0A6F9064678BB42F61A
:1075300002038DF8000069464046ADF8023009F0BC
:1075400062FF20B342F60303404606A98DF8186097
:10755000ADF81A3009F057FFC8B1012D03D14FF62D
:10756000FF739F4213D004F14C000BF0ECF900289C
:1075700014BF002012200CB0BDE8F0813D4601236D
:107580002A46082120460BF09DF90020F3E7182237
:1075900000210DEB02000EF077FF09212046FFF7D6
:1075A00053FC0890F8B101210C30CDE9064809F0F0
:1075B00040FE0023099003700A2339468DF82C30D1
:1075C000284606AB0B4A0BF09AF99DF82C30089927
:1075D0002BB10846FCF7DEF99DF82C30D0E72046A9
:1075E0000BF09AF8D1E71120C5E70420C3E70E207D
:1075F000C1E700BFC57801012DE9F0410E8A0446BC
:10760000043EF6B2022E08468CB001D0102E64D192
:1076100004210C3009F03DFE0DF10808058847886B
:10762000011D3246404609F01BFF002857D0A5B384
:1076300000268FB3BD4230D84FF42053404601A9F5
:107640008DF80460ADF8063009F0DDFE48BB142269
:10765000002107A80EF018FF11212046FFF7F4FBC8
:107660000990002837D001210C30CDE9074809F0F6
:10767000E0FD00230A90394603701A4A0B9328460E
:1076800007AB0BF03CF9DDE909131B78FBB90846A1
:10769000FCF780F90A2301E03D4601232A46102128
:1076A0000EE042F60103404607A98DF81C60ADF8D4
:1076B0001E3009F0A8FE0028C9D010232A4619461A
:1076C00020460BF0FFF800200CB0BDE8F08120460A
:1076D0000BF022F8F7E71120F6E70420F4E70E207C
:1076E000F2E700BF0D7801012DE9F0410B8A044655
:1076F0000D46002B3AD00668012105F10C0009F077
:10770000C8FD737B0746072B30D154F8043C6BB39C
:1077100000230178184E043C16F833004FEAC308E2
:10772000884206EBC30211D1298A5378994220D3AB
:10773000536829462046984703464644B278012AB2
:1077400014D19BB1397889B100220CE001330E2BA2
:10775000E2D10846FFF796FA2122C24012F0010258
:1077600004D119B1062320460BF0ACF80020BDE887
:10777000F0810423E1E700BF1C740201F0B51D464F
:10778000036804460E4685B00121186817460CF0C0
:1077900072F838B904F14C000BF0D5F850BB122048
:1077A00005B0F0BD65B31022002168460EF06CFEF6
:1077B00039462046FFF748FB029018B3BDF8283041
:1077C0002946ADF80430012328468DF80C300E4AC6
:1077D0006B4600940BF093F89DF80C3002995BB166
:1077E0000846FCF7D7F82A46314620469DF80C306B
:1077F0000BF068F80020D3E720460AF08DFFF9E788
:107800000120CDE71120CBE7E52C02012DE9FF4156
:107810004FF000084FF4205305460E46006802A9B9
:10782000144617688DF80880ADF80A3009F0EBFDB2
:10783000A0B142F60103286803A98DF80C80ADF8C9
:107840000E3009F0E0FD48B123691BB15A88B242FD
:1078500000D25E80012004B0BDE8F0816168286834
:1078600009F0D1FD10B100232361F3E7E368A068BC
:107870001A786AB1B7F82AC0798B038A8C4594BF0D
:10788000C3EB0C03C3EB0103934201DA0020E2E7F0
:1078900004210C3009F0CDFC2061068023692946C3
:1078A0005E80074B0194009338460023A2680BF0DA
:1078B0004EF90028EADB2069003818BF0120CAE72A
:1078C000A52802012DE9F347176805468946006897
:1078D00051681446D7F804A009F095FD80460028A9
:1078E0004BD19522294650460BF0C0FE0646207526
:1078F00040B1E3681B780BB184F81480002002B01B
:10790000BDE8F087294650460BF0EFFF10B9082379
:107910002375F3E7A068267509F058FC02210C30A6
:1079200009F087FC164B2061A0F8009000930194A9
:10793000334629463846A2680BF009F9002807DAD1
:1079400010F1FF0F32BF0E204042C0B22075D5E7C4
:107950002369002BD2D0A0680AF02EFE7B8B7A8D93
:107960009A4294BFC0EB0200C0EB0300E3681B78AF
:10797000984294BF00200120C1E70120BFE700BF6B
:10798000C9250201F7B5002304460E4600226946C8
:10799000294804F07BFE0546D0B9FBF7F5FC274BE0
:1079A00029461A58264B00981A602C220EF06CFDBE
:1079B000009B00221C60009C0023C4E90155C4E91F
:1079C0000955204801A9019504F060FE054620B143
:1079D0006FF00B05284603B0F0BD0146A0220198C8
:1079E0000EF052FD0198184B836054300DF084FC6A
:1079F000019B4C33D3E8EF2FC3E8E15F0029F9D1B5
:107A0000019B1C60636A019F2BB904F10C000DF00F
:107A100073FCC4E90755626A07F19803C7F8982018
:107A2000A26A636202B9A3621722019B5A855A8334
:107A300004333360CEE700BFEC06002108000000ED
:107A4000BC2B002108070021000500212DE9F74F7C
:107A50000646EFF31187402383F31288BFF36F8F3D
:107A6000414C20460AF09EFD23680546009387F3AB
:107A70001188BFF36F8F00285FD0FBF7EBFE182251
:107A800002FB00F33949C81851F803B0036900211B
:107A9000D0E90247019390F80480B0F806A00EF0F8
:107AA000F3FCA87AFBF7CEFE6969814651B16A7A88
:107AB000D00705D4D9F81C20284612689268904750
:107AC00000226A61294648460DF029FCB8F1000FF2
:107AD00023D014B3236803B31B68F3B1BBF1000FC9
:107AE0001BD1201D0BF02EF94046FFF7CBF80528DF
:107AF00013D8DFE800F025031225120304F14C032C
:107B0000D3E8AF3FDA0708D5236D33B14FF47022C5
:107B1000002304F1680005F083F9009B6BB1314646
:107B200000200DF0AEFC002807DA002383F3118853
:107B3000BFF36F8F0323184602DF03B0BDE8F08F59
:107B400054F84C3B1D68D4E8AF3FDB07E5D5002F68
:107B5000E3D0002403E028460199B8470134A3B2DA
:107B60005345F8D3D9E700BF6C2B0021742B0021BB
:107B700007B50B4600210246FBF706FC01910E49B2
:107B800009580E480068884204D00D48D0F8B0006B
:107B9000884201D10022134601A90A4804F076FD6B
:107BA000014638B91C2201980EF06EFC019803B012
:107BB0005DF804FB0020FAE708000000BC2B002160
:107BC000402800212407002110B50446806818B120
:107BD000FBF7E0FE0023A3602146BDE8104001480A
:107BE0000DF0B7BA240700212DE9F74304466830A9
:107BF0000F4690461E460DF081FC206D48B9201DB1
:107C000000F028F81321606803B0BDE8F0430AF0E3
:107C1000B7BA0F4B98424FF0000317D04568436046
:107C2000206DD0F81890FFF7CFFF00232068236560
:107C30000AF009FD3DB12068CDF8009043463A4670
:107C400031460068A84703B0BDE8F0831D46ECE765
:107C5000C02B0021F7B550F8044C0546002C5FD02E
:107C600000F1940104F124000AF054FE2E1F05F1E6
:107C7000500700220023384604F0F8FD024690BB6E
:107C8000EB6C2BB101466FF067033046FFF7ACFF9A
:107C9000002345F8043C05F14803D3E8EF1F21F029
:107CA0000101C3E8E21F002AF7D1636A002B37D134
:107CB00004F11C06304609F06FFAB8B904F10C065D
:107CC00000220023304604F0D1FD90B966689EB9C9
:107CD0002146144826600DF03CFA286803B0BDE840
:107CE000F04001F02BB9FBF755FEC2E7FBF752FE5F
:107CF000E0E7FBF74FFEE3E7A26833689642636074
:107D000008BFA36077683FB1B3696FF06701009364
:107D1000002320681A46B8473046FFF755FFD5E7DD
:107D200003B0F0BDEC060021F8B51D460F4616461F
:107D3000FBF790FD1823044C03FB00400123C0E92E
:107D40000376C3800575F8BD742B002110B5184665
:107D5000144603491022A04700EAE07010BD00BF9E
:107D6000481C002170B50D4C064623780D46834211
:107D700004D12846611C0BF04EF958B9237CB3425C
:107D80000AD1284606490BF046F910B1012004EB50
:107D9000001070BD0020FAE70020FAE7F42B002164
:107DA000052C002170B50D4C064623780D46834204
:107DB00004D12846611C0BF02EF958B9237BB3423D
:107DC0000AD1284606490BF026F90028054808BFC5
:107DD000002070BD2046FCE70020FAE7F01B0021E0
:107DE000FD1B0021FC1B002170B50E4C05462378BD
:107DF0000E46834203D1601C0BF00DF968B9237B5A
:107E0000AB420CD1314608480BF005F920B10120F6
:107E1000404200F00C00204470BD0020F8E7002034
:107E2000FAE700BF3E3500214B35002138B5144636
:107E30000D4B82680D469A4211D122792168C068A3
:107E40000BF0F1F858B1D4F8C8302F2B09D804EB57
:107E500083021581018901335181C4F8C8300120A2
:107E600038BD0020FCE700BF5982010170B5204BEE
:107E7000144682689A420FD1A568C66875B92279FE
:107E8000304621680BF0CFF8024628B1194901307D
:107E90000BF0EEF815701581012070BDE068002828
:107EA000FBD02B888B420AD0F6D2E068A368013859
:107EB0000433E060003818BF0120A360EDE72568B7
:107EC0002279294630460BF0AEF8024660B93046BA
:107ED00008490BF0A8F802460028E6D029460130F0
:107EE0000BF0C6F823791370A3685B881381DCE775
:107EF000598201018A81020138B5054648B1154B06
:107F00001A4613F8011C5C1E0AF0A8F958B1204665
:107F100006E011490F480BF07EF878B10D4B581E62
:107F200038BD0020FCE72846217C04F111020AF04C
:107F300095F90028F5D004F11000F1E7054B06494A
:107F400003F110000BF067F80028EAD0014B03F1B1
:107F50000F00E5E7F52B00218A81020110B54A1CCC
:107F60000C4628B109780AF079F930B1204610BDE5
:107F7000104603490BF04FF8F7E70020F7E700BF82
:107F80008A8102012DE9F04106468846174609F02C
:107F900033FD60B341463046FFF704FF0546B0B9F4
:107FA00014480BF06CF80446F8B113480BF067F86E
:107FB00068B90124114D6342114A03F00C030133E7
:107FC000D01841460BF054F80C235C4316550121A0
:107FD00005F10800B9400BF035F8BDE8F0414FF469
:107FE00000420023074804F01BBF054DE3E7BDE84E
:107FF000F08100BFF81B0021041C0021FC1B0021A4
:10800000F01B0021081C00212DE9F04180460F469D
:1080100016461D46FFF7E8FE044648B91649FFF725
:10802000E3FE044630B3394600F8018B0BF020F82C
:1080300023899BB962899AB926816581254615F8FD
:10804000010B294609F0D8FCA0B122462946BDE81B
:10805000F041042312F8080BFBF72CBFB34204D8FD
:108060006289AA4206D2B342E7D963892681AB422C
:10807000E4D2E2E7BDE8F0818A8102012DE9FF4107
:108080000E4617469846044628B96FF0150528464F
:1080900004B0BDE8F08102A909F08FF90546002877
:1080A000F3D1204601A908F0B7FE0198D0B900200D
:1080B00002A9FFF799FE0446D8B9002EE7D011496E
:1080C000FFF792FE0446D0B1002302A900F8013B5D
:1080D0000AF0CEFF0422404604F10801B84700EA46
:1080E000E075D4E70A22294607F0EEFA0028DED030
:1080F000CBE7002EEED1066046608660C7E76FF0E2
:108100000B05C4E78A81020138B51546084B826821
:108110009A420AD1C4682968013420460AF07BFFDC
:1081200018B1204669680AF0A3FF012038BD00BFDE
:108130005982010108B513468168074A914209D165
:108140001A791968C0680AF06EFF18B1002303603D
:1081500043600381012008BD598201014FF4A472DC
:108160000023014804F05CBEC81C002108B50421AE
:1081700008480AF067FF6FF0020106480AF06DFF39
:1081800004480AF07CFFC30701D5FFF7E7FF002092
:1081900008BD00BFF81C0021024608B507490130A0
:1081A0000AF066FF00230C3202F8043CD2E8EF1F0D
:1081B000C2E8E03F0028F9D108BD00BF8A81020172
:1081C0002DE9F041214B1546826807469A4202D1BB
:1081D000C4686389E3B90120BDE8F08105F1700846
:1081E0004146287A09F008FC68B9194B9C4202D133
:1081F00028460AF0D2FF304616490AF039FF00231C
:108200002370238119E0414630460AF031FF14E023
:10821000238993B1264616F8011B284632460AF0F8
:108220001DF80028DAD131462078FEF7E9FA20B1AE
:10823000457BFDF72DFF072DCDD00021E36861813F
:10824000002BC8D038469847C5E700BF59820101C6
:10825000600500218A8102012DE9F0471F46BDF823
:10826000203006468846D1F80C90002B46D17B1E64
:10827000012B46D8012F49460CBF15781588FFF70A
:108280006DFE044678B915B93846BDE8F087494611
:10829000FFF764FE0446B8B306F1700101300AF03E
:1082A000E7FE337A2370D9F81030DBB9B4F808A0B0
:1082B0002581B9F80A30AB4203D0494640460AF05E
:1082C000E1FEAA4505D00022307A06F17001FFF7E1
:1082D00059FE002DD8D10E49601C0AF0C9FE257048
:1082E0002581D1E72A464146304698470028CCDB15
:1082F00001380128DAD96FF00D00C6E76FF00600EB
:10830000C3E76FF00C00C0E76FF01000BDE700BFDF
:108310008A81020108B5012111480AF093FE10F08C
:10832000010F104B0AD1104A9A610D480AF0A7FEBE
:10833000830713D4BDE80840FFF710BF1A8B588B92
:10834000012A4FF6FF7205D8904207D04FF6FF7210
:108350005A83EAE790421983E7D0F7E708BD00BFE8
:10836000F81C0021A81C00210100FFFF104908B5DE
:1083700010480AF050FE014640B90E4B581E0AF054
:10838000A4FF0C4911F8010C0AF02DFF08490A4816
:108390000AF041FE014650B908480AF096FF084B22
:1083A000187C03F11101BDE808400AF01CBF08BDAC
:1083B0008A810201F52B0021052C0021042C0021CB
:1083C000F42B002110B56FF0020104460E480AF0AC
:1083D00044FE0D480AF053FEC20704D500220023D4
:1083E0000A4804F01DFD20460AF0D3FD58B120468E
:1083F000FFF782FD38B1037ADB0704D5BDE81040F2
:1084000001210AF072BF10BDF81C0021C81C002118
:10841000012110B51A480AF015FEC3072ED4022117
:1084200017480AF00FFE084007D11649164A0B8874
:10843000164CA2421CD300B10B80154915480DF013
:1084400051F84FF4A47200231248FBF70FFE1249B3
:1084500012480DF047F8022111480AF0F3FD1148C7
:1084600011490DF03FF8BDE810401048FEF7C2BAC0
:108470005068083203449BB20120DAE710BD00BF08
:10848000142C00215635002130690201786902015F
:108490005D350201581C0021E18A0101C81C002140
:1084A000F81C0021081C0021ED35020138050021CF
:1084B00000234360044B021D596811B9C3E900222F
:1084C00070470A605A607047182C002103462DE956
:1084D000F04148B1008A38B901244FF0140C114919
:1084E000DFF844E0714501D3BDE8F081D1E90076C1
:1084F000BB4204D30CFB0672143A93420ED93444A7
:10850000A2B214460831EDE70CFB0578434507D0CD
:1085100001356219AE4292B2F6D1F2E70025F8E7D2
:108520001046E1E730690201786902012DE9F74F51
:1085300099464FF6FF73BDF830500746002D08BF2F
:108540001D46244B90461B88009183423CD203B0C9
:10855000BDE8F08F73682344BB4232D29CB2083628
:108560001D4B9E42F6D3F2E740468958019308F02E
:108570004AFF019B90B101340AF1010AA4B2736869
:108580005345ECD9009B9C42E1D8BC42F3D30BFB92
:108590000AF231688B18B8F1000FE5D1B9F1000F7C
:1085A0000BD1013D1846ADB221460E9A0D9B98475E
:1085B000002DCCD00028DED1C9E7DA689145DAD1A8
:1085C000EFE74FF0000ADAE701244FF0140B034EF7
:1085D000C6E700BF56350021786902013069020103
:1085E00030B5E5B01022002101A80DF04DFF182292
:1085F00000210DEB02000DF047FF4FF41053ADF8D2
:1086000014308023ADF816304FF480631D4D01A95E
:10861000CDE90735102262AB05A805F001FD0CACD1
:10862000014660BB4FF4AC7220460DF02DFF2A4688
:10863000204662990DF06EFB08BB23464FF6FF7192
:108640000120114A0AF07FFF102220460F4905AB96
:108650000DF075FB0546629805F0A4FC7DB9082273
:108660000A4B03F11001187811F8014D013A03F893
:10867000014B0870F7D1082105480AF0E3FC65B00A
:1086800030BD00BF0002C00321320201381C0021AE
:10869000F81C00212DE9F04119490446A1F13000F0
:1086A00015461E46BDF818700CF03BFF15480AF041
:1086B000E6FC010707D4FFF793FFFFF757FE1021F1
:1086C0001148FBF739FC2046FFF716FC68B1037A26
:1086D000DA070AD500F10C0420460AF0D0FCC307E3
:1086E00003D4022120460AF0ADFC10233A4606933B
:1086F00031462846BDE8F041034B0AF0DBBC00BF21
:10870000881C0021F81C0021381C002110B51B48D2
:108710000AF0B5FCC0F3C00080F0010408B9FFF70F
:108720005FFF16480AF0ABFC034614480AF0A7FCAA
:10873000DA0621D5830608D5F4B1FFF717FEBDE8A8
:10874000104010210E48FBF7F7BB20210B480AF020
:1087500079FC10220A4988180DF09EFE48B9094894
:108760000CF0CCFEBDE810406FF0010103480AF0A8
:1087700074BCFFF7CFFDE0E710BD00BFF81C00217F
:10878000381C0021C81C002108B5102103480AF03C
:1087900059FCFFF7BBFF002008BD00BFF81C0021FB
:1087A0002DE9F041B8B00C46164621496A463E987C
:1087B0001F4608F00DFB002837D0009D01A9284670
:1087C00008F02AFB65B1019870B900230DF1080883
:1087D000284641468DF8143008F0EFFD054650B1AB
:1087E0006FF0150425461AE00A22002106F06CFFFE
:1087F0000028EAD0F4E7CDF81080A4B1C0223846B2
:1088000008A9B047041EEDDBA40808ABCDE9063487
:108810004FF6FF710120074A04AB0AF094FE284688
:1088200038B0BDE8F0812346F0E76FF01505F6E7B4
:10883000917F02016D7E0101002330B5B5B0019139
:108840008DF808003393044601AB0D4601204FF626
:10885000FF71074A0AF077FE339B3BB19B0003AAE6
:1088600029462046FBF752FB35B030BD1A46F7E7E4
:108870002D7E01012DE9F34100F17008CDE90012D0
:1088800004460F46007A4146164609F0B5F80546FB
:108890006B464FF6FF7101200C4A0AF054FE1DB1E1
:1088A0004146207AFFF7C8FF3946207AFFF75AFA87
:1088B00040B1314601300AF0DBFB1DB14146207A60
:1088C0000AF091FC02B0BDE8F08100BF098101010E
:1088D000002307B50193FFF7F9FD411C89B2084653
:1088E000034A01AB0AF02FFE019803B05DF804FBC8
:1088F000D72F0201002370B586B006460C461546F8
:108900000593FFF7E3FDA0B14FF6FF7124B1031902
:108910008B42A8BF0B4699B205AB0293074B2A4680
:108920000193012300930023FFF700FE059806B092
:1089300070BD002EFBD14FF6FF71EDE7D72F02017E
:108940002DE9F843154689469422696806460AF0DF
:108950008DFE8046002842D10222304669680AF026
:10896000C0FE00283ED04FF470200021AF8AFFF7F0
:10897000FFF80237044680B11D211C4B47613A467F
:108980004174C0F80C804360856130460AF03DFABE
:10899000074638B92046FFF717F96FF00B05284650
:1089A000BDE8F883012342464146FFF7BDF9A98A95
:1089B00007F10C00023108F03CFC20F8029BAA8A67
:1089C00029690DF054FD21463046A7600AF0C4FA2B
:1089D00005460028E3D02046FFF7F6F8DFE74FF022
:1089E000FF35DCE76FF01505D9E700BFDD2F020189
:1089F00070B504468AB037480AF041FB42070D467D
:108A000061D514B1637B072B60D16E683046059643
:108A1000FFF75CFD2A68ADF8180032B305A9029192
:108A20002D4900230191012100914FF6FF7105931B
:108A3000FFF77CFD059E1EB96FF001000AB070BD06
:108A40006E60002330688DF8103042F6030304A9ED
:108A5000ADF8123008F0D7FC70B90598C3689B795F
:108A60009B0605D46FF01500E8E70028E9D1E3E79D
:108A70000AF022FDADF81800BDF818003CB1012342
:108A800001462A462046AB75FFF75AFFD6E76FF03E
:108A90007F0307930223ADF8203042F60213ADF8AE
:108AA000123005ABAC7502930C4B4FF6FF7101937E
:108AB000012304AA0093234609958DF81040FFF77F
:108AC00035FD0798BAE76FF00A00B7E76FF07F004F
:108AD000B4E700BF6C0100210B300201F98C0101E9
:108AE00073B5044650F8083C00F130056FF0010101
:108AF000A0F12006284601930AF0AFFA0D4B0020A2
:108B000044F81C3C0C4B314644F8183C01AB44F88B
:108B1000103C042324F8080C24F8060C24F80C3C20
:108B2000FFF766FF18B9022128460AF08BFA02B057
:108B300070BD00BFDC740201C58301012DE9F04165
:108B40002D4B1646826805469A4223D1C768346881
:108B50003B89FBB13A46204612F8011B09F07EFB27
:108B6000C0B14FF49572294620460AF07FFDA0B1AE
:108B700003280FD0052820460CBF4FF003084FF004
:108B8000020809F065FB804507D93379434501D2D6
:108B900086F804800120BDE8F081394628460AF0B5
:108BA00071FA164B9F42F5D1207A04F17001FFF75C
:108BB0001BF905460028EDD0038913B94389002B22
:108BC000E8D02046FDF764FB2A890D4B0D4923F8B8
:108BD00020206A8903EB80035A80182202FB0011CF
:108BE0000B610423084A20464A60084A8B828A6047
:108BF000FFF7FEFECEE700BF5982010160050021AC
:108C00003A350021DC2B0021DC7402018F33020194
:108C100070B504468AB035480AF031FA42070D466D
:108C20005DD514B1637B072B5CD16E683046059629
:108C3000FFF74CFC2A68ADF8180032B305A9029181
:108C40002B4900230191012100914FF6FF710593FB
:108C5000FFF76CFC059E1EB96FF001000AB070BDF5
:108C60006E60002330688DF8103042F6030304A9CB
:108C7000ADF8123008F0C7FB70B90598C3689B794E
:108C8000DB0605D46FF01500E8E70028E9D1E3E73B
:108C90000AF012FCADF81800BDF818002CB101461E
:108CA0002A4620460AF0B0FDD8E76FF07F0342F66F
:108CB000021207930123ADF8122005AA02920D4A71
:108CC000ADF82030CDE900324FF6FF71234604AAFB
:108CD00009958DF81040FFF729FC0798BEE76FF063
:108CE0000A00BBE76FF07F00B8E700BF6C0100210E
:108CF0000B300201F98C01012DE9F0413D4B154685
:108D0000826807469A4203D001273846BDE8F081C1
:108D1000D0F80C80384B984512D0B8F80820AB89B1
:108D20009A42F1D1414611F8010BFDF769FD064663
:108D30000028E9D0437B072B24D0FDF7A9F9E3E70E
:108D400000262E4C20462E490AF065F978B90722F4
:108D5000214614F8010CFDF76DFD80B92B69214601
:108D60001A6914F8010C53881288FFF74DF9731C27
:108D7000022B4FF0010604F10C04E3D1CDE7FDF71F
:108D800087F9F4E7D8F8143023B13946984708B981
:108D90003046D2E73946942230460AF067FC07464F
:108DA0000028F5D1AB89022B15D1B8F808309A0705
:108DB0001ED530462A69A988FFF7C2FD044618B9B6
:108DC0002A69937D013393753046FDF761F9002CD4
:108DD000AC609ADB98E7012B0AD1B8F80830DB07C2
:108DE00006D530462A69A9880AF00EFD0446EBE74D
:108DF0003C46E9E759820101600500213F35002129
:108E00008A810201012370B500F170058EB004461D
:108E100003902946007A8DF8103008F0EDFD90B1EE
:108E2000227A1AB302AE0421304607F012F90096F6
:108E300024210F4A2B4605A8FAF78AFF05AA1046F7
:108E40000C49F9F70DFD4FF6FF7101200A4A03ABFB
:108E50000AF079FB204609F0FBF99DF810108842D2
:108E600002D2204609F0C3F90EB070BD0092DFE7D0
:108E7000947F0201A18701013D8B01012DE9F041A1
:108E80000D4B06461B680F46904623B153F8044924
:108E900004B1043C0BB9BDE8F0811B681BB142462C
:108EA0003946304698472CB1656805B1043D2346E4
:108EB0002C46EFE72546FAE7182C002113B50446A7
:108EC000009001204FF6FF716B46074A8DF80400B1
:108ED0000AF039FB002120460AF0CDFC08B9FFF763
:108EE00019FA02B010BD00BF3D8B010137B5044631
:108EF0000D466B46104A00918DF804004FF6FF7145
:108F000001200AF020FB29462046FBF70DF8002837
:108F100010DB294620460AF031F929462046FEF7A3
:108F200021FF08B1FFF738F929462046FAF7E6FF96
:108F300000EAE07003B030BD3581010173B504462D
:108F400003464FF6FF710120184A04F170060AF03B
:108F5000FAFA3146207A0AF013FB3146207A08F0FB
:108F60004BFD50B1237A4FF6FF718DF8043001208C
:108F70006B460F4A00960AF0E6FA2046FEF7BCFF61
:108F8000054688B13146207A08F036FD28B92846D2
:108F900002B0BDE87040FFF7FFB83146681C02B070
:108FA000BDE870400AF064B802B070BDC181010133
:108FB000358101017FB54FF420520023ADF8162012
:108FC00004AA02920A4A0120CDE900324FF6FF714D
:108FD00005AA04938DF81430FFF7A8FA049B012B1F
:108FE00014BF6FF01500002007B05DF804FB00BF50
:108FF000F3380201054BD3F8EC0020B9044AEC33F6
:109000005A600B6070476FF00B007047001D002125
:1090100054750201014608B505480AF088FC044B66
:109020000028A3F1040314BF1846002008BD00BFA8
:10903000041D0021084B00F5B4701A68074BD0E8F6
:10904000EF1F994204D1C0E8EC2FBCF1000FF6D11C
:10905000D0E8AF0F704700BF202B0021001D00217A
:1090600008B5FFF7E7FFB8B1036843B1426832B112
:10907000826812B90B4A12783AB904200BE0094A07
:10908000127812B10BB1826842B9426842B9002B22
:1090900014BF0020032008BD0320FCE70120FAE7ED
:1090A0000220F8E70B36002138B50446051D0821DB
:1090B00028460AF09AFC064904F15700FCF776FEB0
:1090C00020B1284608210AF06DFC082038BD00BFF9
:1090D000453F020138B50546EC2200210DF0D4F9D8
:1090E000102105F1270002F0D3FD044648B90521FF
:1090F00028460AF07AFCFCF74BFE034B186020462A
:1091000038BD0824FBE700BF202C002170B50446C1
:109110000E4686B0FFF78EFF04F137021146F36862
:10912000054603F1100053F8046B834241F8046BC9
:10913000F9D1237A052B40D8DFE803F01723230366
:109140003F6502AB45490093096804F1270304F128
:10915000570001F053F880BB0A21201D0AF045FC9E
:10916000AB680299D4F8EC00984720460D210AF02C
:109170003CFC201D10210AF038FC20460AF089FC36
:1091800019E094F8DC10D4F8D83002ADCB40334964
:1091900003F001030095096843F0800304F15700D0
:1091A0000BF073F848B91022294604F117000DF0AE
:1091B00073F920B1042006B070BD0820FBE703213D
:1091C00020460AF012FC0AF064FC0028F5D194F85D
:1091D000DC300133DBB2142B84F8DC3009D10D21F3
:1091E00020460AF002FC1021201D0AF0FEFB0020A0
:1091F000E1E7102104F1270002F04AFD003818BF12
:109200000120C000D7E7102104F1270002F040FD43
:109210000028D2D105B3EB68F3B1114BE27A1B8879
:1092200012F0010FADF80830A37C08BF0320DB0764
:1092300003D5002814BF0120022000238DF8090067
:10924000C4E93833201D0C210AF0CFFBEB68D4F8B9
:10925000EC0002A99847CAE70220ACE7202C0021C5
:10926000506D020173B5047A0546022C23D844B12F
:1092700090F8DC30D0F8D840DC4004F0010444F031
:109280008004032128460AF0E5FB0646A8B1102118
:109290000C3007F0CEFF009010482346006805F11F
:1092A000270205F157010AF0F0FF044650B130469D
:1092B000FAF770FB01E0032C02D0082002B070BD69
:1092C0000024DEE70246314628460AF078FB281DD6
:1092D00021460AF067FB2046F0E700BF202C002162
:1092E000F7B50446FFF7A6FE261D05460E213046BB
:1092F0000AF01DFB38B9484B2022196804F15700C9
:109300000DF0CAF898B30C2120460AF0A3FB0746DB
:1093100068B340210C3007F08CFF3F4B02461B68BE
:10932000014603F1200053F804CB834241F804CBFB
:10933000F9D1203203F1200153F8040B8B4242F89B
:10934000040BF9D10022394620460AF038FB237A73
:10935000052B0CD8DFE803F0033D0E030B5A042164
:1093600020460AF042FBFFF77DFF002840D008208E
:1093700003B0F0BD2046D4F8EC70FFF75BFE04218B
:109380004FF0FF3305460DEB0100019302F080FC26
:109390000028ECD1019B214A84F8DC00B3FBF2F1F8
:1093A00002FB11330193C4F8D83055B12B6843B197
:1093B0000B2130460AF019FB38462B68D4F8D81038
:1093C0009847032120460AF010FB0E210AF00DFBFE
:1093D0000EE0204603210AF008FB0E210AF005FBEF
:1093E00030460A210AF001FB6B68D4F8EC0098477C
:1093F000304607210AF0F9FA0820FFF70BFE40B9C2
:10940000204603B0BDE8F040FFF74EBE04212046E1
:10941000DCE70020ACE700BF202C002140420F0019
:1094200070B505460E4605F15704FFF703FE2246C8
:10943000F36803F1200153F8040B8B4242F8040B4C
:10944000F9D105F1770203F1200153F8040B8B42A7
:1094500042F8040BF9D12046FCF716FC18B3281D7E
:109460000E210AF0C2FAD5F8EC40D4F8A40080B975
:10947000207A04F1700100F083FCC4F8A40040B924
:10948000104B1C68B4B9281D06210AF0AEFA20461C
:1094900008E0438A03F02403002BF1D0437C9B07B0
:1094A000EED4032070BD2046FCF7FAFB0028E7D17C
:1094B0000B20F7E72846FFF713FF003818BF0120FD
:1094C000C000EFE7202C002138B504460D49A0F17B
:1094D000EC054C300CF006F828460AF019FC0A4A54
:1094E00004F17C03D3E8EF1FC3E8E02F0028F9D193
:1094F0004FF0FF338034D4E8EF2FC4E8E13F002978
:10950000F9D138BD83400201001D002138B5134B4D
:1095100005461B78E3B101F00F042846FFF7A0FDD4
:109520000F4B03281B780CBF04F00B0444F0040419
:1095300005F5B670D0E8EF2F013203D1C0E8E13F66
:109540000029F7D1D0E8AF3F2BB144F0010038BD7E
:1095500001F00704E1E704F0FE00F8E70B36002114
:10956000D9060021F8B50D460446D0F8EC70FFF797
:1095700061FDED68EB78102B01D00620F8BDD7F81F
:10958000A430002B73D0261D0F2130460AF0CFF9EE
:1095900020B92046FFF79EFD002871D10123637298
:1095A0002B682046C4F80A30AB88E3810223237479
:1095B000A978FFF7ABFFE0742046FFF751FD1023B9
:1095C000607423752B7903F0030363756B7903F0E3
:1095D0000303A375E37C1A0754D4052130460AF02F
:1095E000A6F900285ED0584B1B78A374E37C98063C
:1095F00006D5AB78990603D5142130460AF0F5F963
:10960000E37CDA0750D5AB78DB074DD50D2130462A
:109610000AF0EBF9A37D032184F8E830637D30463E
:1096200084F8E9300AF0E1F9237BE17C2D7803EA44
:109630000102100704D5E27AA07C0243D20737D496
:10964000042D37D80B4313F0040307D02046FFF74F
:1096500007FD3E4B05EB85052B441B5C2372204622
:10966000D7F8A4100AF069F930BB032086E7387AEE
:1096700007F1700100F084FBC7F8A400002882D134
:1096800008207BE7AB781B07A7D5052130460AF0F9
:10969000ACF9637D03F002036375A37D03F002035D
:1096A000A3759AE72A4B9FE700236375A375B1E77B
:1096B0000523D3E70023D1E7D4F8EC309B7A032BC2
:1096C00034D023D8013B012BDAD8052130460AF0EB
:1096D0002EF90028C9D00C2120460AF086F9022173
:1096E0000AF0B8F905460028CAD006210C3007F068
:1096F000A0FDD4F8113000220360B4F815302946DB
:10970000838020460AF05BF9002037E7042BB7D1AD
:10971000237D627B934228BF1346102B7FF42DAF2D
:10972000052130460AF003F900289ED0237A002B49
:109730009BD0052130460AF0FAF80028C5D1237ADB
:10974000013B012BC1D890E70D3600215782020161
:109750000C3600212DE9F041C7780446012F04D0D2
:109760006FF015042046BDE8F0810AF0D9F80546EF
:10977000002800F0A980061D042130460AF0D7F821
:10978000002840F0A480032130460AF0D0F810B140
:109790006FF00F04E6E7394630460AF0C8F80028B3
:1097A000F6D12846FFF746FCD5F8EC3007469B7A01
:1097B000032B40D030D8013B012B46D90F21201D6F
:1097C0000AF0B5F80028CBD1D4F8A40090B904F180
:1097D00070073A462020217A00F06AFBC4F8A40002
:1097E00040B93A460420217A00F062FBC4F8A40094
:1097F0000028B5D0438A13F0240FB1D0A27A022AF0
:1098000023D9417CC907ABD5032A1ED09B06A7D517
:10981000037C102BA4D118E0042BCFD12846FFF7EE
:109820001FFC032804D1002FC8D0FB68002BC5D033
:10983000284B1B7807E02846FFF712FC032804D1C9
:10984000002FBBD0FB68002BB8D0D4F8A4303BB1BC
:109850002846FFF73FFC044670B16FF0680481E7CB
:10986000207A04F1700100F08BFAC4F8A4000028FB
:10987000EED16FF00B0475E70B2128460AF0EAF8E9
:1098800007460028E9D001210C3007F0D2FC09215D
:1098900080462846FFF73AFE2346224688F8000015
:1098A000394605F1EC0008F0E5FD044618B13846EC
:1098B000FAF770F856E730460F210AF096F80121C2
:1098C00028460AF092F84DE76FF07F044AE76FF000
:1098D000040447E70B360021F8B5D0F8EC40054604
:1098E000D4F8A430061D002B74D079BB0D2130466E
:1098F0000AF01DF8074620B1D4F8A40008B10AF018
:10990000A4FC374B1B6823B153F80C6906B10C3E1D
:1099100073B928460AF0FCF9637B072B5ED1627AA3
:10992000A37A9A425AD02046BDE8F840FFF712BF0A
:109930001B6813B13946204698472EB1F26802B130
:109940000C3A33461646E3E73246FAE70139C9B224
:109950000E2998BF234A1B7C8CBF0927575C002B1C
:1099600031D1D4F8A4000AF05DFC0023C4F8A4307F
:109970000221304609F0DBFF48B9072F94BF1A4B8C
:109980001F213A46204698BFD95DFCF7D7FE032138
:10999000304609F0CCFF0028BBD0114B1B68002BD0
:1099A000B7D053F80C6906B10C3E002BB1D05B6800
:1099B00013B139462046984776B1F26802B10C3AA5
:1099C00033461646F1E70221304609F0B0FF002881
:1099D000C7D1CDE70927CBE73246F1E7F8BD00BF95
:1099E000182B00214882020137820201104B10B56A
:1099F000044618604FF0FF324FF0FF330D4802F07D
:109A000073FE0D4803F012FA0A4802F0DFFE04B9B3
:109A100010BD0A4CD4E8AF3F5B06F9D5201FFFF715
:109A20005FFC0028F4D00821201F0AF044FAEFE779
:109A3000202C0021780500218C050021041D002127
:109A40002DE9F0410B8A04460E46B3B3012106F11D
:109A50000C0007F01EFCA4F1EC05E83C07460421CD
:109A6000204609F064FF40BB39780E2925D8DFF87D
:109A7000508058F8313023B9072128460AF01BFAE4
:109A80001BE028460AF031F930B90321204609F0DD
:109A90004EFF90B10821F0E73B78318A08EBC30212
:109AA0001279914201D00A21E7E73146284658F859
:109AB0003330984701460028DFD10020BDE8F0810F
:109AC0007C7502012DE9FF4190F8E930CF6823F061
:109AD000020380F8E9303B780446D0F8EC6023B10B
:109AE000BB7903F0C003C02B73D106F170080722C5
:109AF000394640460CF0D0FC88B13946307A00F047
:109B00002BFA054658B10146204609F016FF18B950
:109B1000082004B0BDE8F08128460AF083FB0D213F
:109B2000201D09F004FF00283FD042460220317A70
:109B30000AF064FB05460028EAD0F378002B41D1F7
:109B400006F17E031878012827D19A7902F0C00225
:109B5000402A22D1D3F80120C5F83E20B3F80530C1
:109B6000A5F8423096F87030BBB196F8763003F025
:109B7000C003C02B11D0194901AACDE90187039573
:109B8000FCF74AFB3B683046C5F80130BB88A5F8B6
:109B90000530BB79EB71FCF7A1FD00212846FBF7EE
:109BA00089FAC0B92846FBF797FA94F8E9305B07C1
:109BB00003D50A21204609F018FFB4F8E81021B1B6
:109BC0000020A6E706F17703BCE72046FFF784FEF6
:109BD000F6E70A209DE703209BE700BF473D02010F
:109BE0002DE9F0410546A0F1E80604460F4630464F
:109BF000012155F8EC890AF078F8002800F0A180DE
:109C0000E7B10321304609F092FE002800F0998068
:109C10003846FAF79FFD0138C0B208288CBF0024EF
:109C20004D4B4FF0020198BF1C5C304609F0DDFE41
:109C300021462846BDE8F041FFF74EBE98F80B30AC
:109C4000002B7ED00321304609F071FE20B9284652
:109C5000BDE8F0410AF05CB80521304609F067FE26
:109C6000B8B114F8043C1B0707D514F8033C1F07D0
:109C700003D51121304609F0B8FE14F8043C23F056
:109C8000080304F8043C14F8033C23F0080304F828
:109C9000033C14F8033CD80755D50621284609F0A3
:109CA000A4FE3046022109F0A0FE2668D6F8A430B2
:109CB000002B46D014F8043C9B073DD508212846CC
:109CC00009F0C8FE074600283BD010210C3007F0F1
:109CD000B0FA0246337ADFF88480153308EB0313B9
:109CE00003F1100E9C46BCE80300F445106051607F
:109CF000634602F10802F5D139460022284609F0F0
:109D00005EFE0921284609F0A5FE0746C8B10721D5
:109D10000C3007F08EFA337A3946C3EBC30308EBF5
:109D2000030258F8033003609388838093790C4AC8
:109D30008371284609F043FE34F8041C00293FF4DF
:109D400078AFBDE8F081990701D50821A6E75A0749
:109D5000A7D50A21A2E700BF3F8202019800002197
:109D60009F400201012208B5034B04481A70FBF71B
:109D7000CFFF002008BD00BF0B3600219405002155
:109D8000F7B5054624480C4603780126AB4203D1BB
:109D900030440AF024FAD0B926B1204920480AF00C
:109DA0001EFAB0B11C4B1A4602F8015B2168C3F8D9
:109DB0000110A1889180A179917140F21162194935
:109DC000DA600A6801320A605A64174A136012485E
:109DD00020E000236A4601201449ADF80030FCF76A
:109DE0001BFA9DF800306E469BB90B4BD3F801006F
:109DF000B3F80510DA7900905F1CB180187831460D
:109E0000B271FAF783FC384604490AF0E8F90028F1
:109E1000C8D1002003B0F0BD2C2C00218A810201A2
:109E20002D2C0021282C0021242C00217D9F0101B4
:109E3000F7B5002304460D4616460C4F798A3A784A
:109E40000BB103B0F0BD0029FBD0A242F9D1084B01
:109E5000186899889B790090ADF8041068463146DF
:109E60008DF80630A8470123E8E700BF2C2C00211D
:109E70002D2C0021F8B5164604460D460022064F4B
:109E80007B8A234002B1F8BD002BFCD03146384616
:109E9000A8470122F4E700BF2C2C002108B50022BE
:109EA00002200249FFF7E6FF002008BDEF41020152
:109EB00038B5094C0D46638A11460340227806D016
:109EC000AA4204D1601C0AF08AF910B938BD0020FA
:109ED000FCE72046FAE700BF2C2C0021F8B50B78F0
:109EE0000646012B0C4601D00020F8BD8B7903F00B
:109EF000C003402BF8D1154D002329466F8A11F875
:109F00003E2BBF0704F1010006D5B24204D1062260
:109F10000CF0C2FAB8B10023002BE5D16B8A9B0785
:109F2000E2D52B78B342DFD1661C3146084807F0F2
:109F30001AFA0028D8D0D4F80130C5F83E30B4F869
:109F40000520044B9A800148CFE700BF2C2C00214C
:109F50005A2C00216A2C002110B5074C237883422B
:109F600007D1601C0AF03BF9002814BF20460020EE
:109F700010BD0020FCE700BF2C2C002138B5427B2F
:109F80000C46072A10D1057A08F090F901462846B8
:109F9000FFF7E2FF40B148216278044B01FB023336
:109FA000984204BF0123237038BD00BF2C2C002130
:109FB000F0B506461446184693B026B33C2203A9D2
:109FC000A047041E1FDB304601A907F0F6F905463D
:109FD000C8B96946304606F01FFF009868B9ACB9A9
:109FE00021463F2001AAFFF763FF18B1482221460E
:109FF0000CF04AFA284613B0F0BD0A22294605F0B3
:10A0000063FB0028EBD06FF01505F3E7002001A9F2
:10A01000FFF7B6FE034600286FD03C2C9DF80C20BD
:10A020003DD0102A28D8382C53D140F2116203AE0B
:10A03000C26000F1100411AF324603CABA42206078
:10A040006160164604F10804F6D1D97BB3F80D20FF
:10A0500042EA0142062A3CD15A7CD10705D512F0CA
:10A06000300F04BF22F001025A745A6C244B196855
:10A070008A42BFD91A60BDE7382C2AD103AE00F15D
:10A080000C0411AF324603CABA4220606160164622
:10A0900004F10804F6D11A7B112AD6D019E0102A4F
:10A0A0001BD840F2116203AEC2600FAF00F1100284
:10A0B000344603CCBC4210605160264602F10802CF
:10A0C000F6D1206810605A8A02F022019006598267
:10A0D000BBD418460AF0A6F895E703AA00F10C04D1
:10A0E00011AF164603CEBE4220606160324604F1D5
:10A0F0000804F6D130682060CDE76FF00B0579E7F2
:10A10000282C002108B5FFF727FF48B1054A13683E
:10A11000834205D0044910600B6801330B6043642F
:10A1200008BD00BF242C0021282C00212DE9F0437C
:10A130008446894616462F4C9BB01D46DDE9238791
:10A140000CAB04F1300E1A4620686168083403C273
:10A1500074451346F7D1206861461060227904A83F
:10A160001A7120220AF079F86B462022224804A9AD
:10A1700000F072F80446C0BB102249460DF13500CC
:10A180000AF06BF8102231460DF145000AF065F82F
:10A19000294611F8013B06220DF156008DF8553085
:10A1A0000AF05BF82299062211F8013B0DF15D00DF
:10A1B0008DF85C300AF051F84346352268460CA908
:10A1C00000F04AF8044680B940460AF050F80123EE
:10A1D00035228DF8303068463B460CA900F03CF83B
:10A1E000044610B938460AF042F820461BB0BDE8D4
:10A1F000F08300BF526D02017082020170B50E46FD
:10A200001D46144698B00146202204A80AF025F8FD
:10A21000202231460CA80AF020F81022294614A862
:10A220000AF01BF81022214668460AF016F86B4621
:10A230005022684604A900F00FF840B9039B054A74
:10A240001BBAB3FBF2F102FB11331C9A136018B076
:10A2500070BD00BF40420F002DE9F0418EB00746AF
:10A260000C4615460021182208A81E460CF00CF9D1
:10A270004FF41053ADF81C308023ADF81E304FF46E
:10A280004063DFF844801022CDE90938394605AB38
:10A2900007A803F0C5FE20B16FF004000EB0BDE8C2
:10A2A000F08106AB0293102322464146CDE90063BC
:10A2B00005982B460BF070FD0446059803F072FEDE
:10A2C0002043EBD0E8E700BF0002C00310B5094C03
:10A2D0000A44914200D110BD11F8013B58400309D6
:10A2E000E35C0001C0B243401809205C1B01DBB2F3
:10A2F0005840EEE780820201084B70B5C31A0D4644
:10A3000007499B1004465943402206480AF03BF88F
:10A310002B4601462046BDE870401847882C002196
:10A32000B76DDBB698660201402373B50B4C009302
:10A33000041B0B460D460A49A41061430646094A10
:10A3400009480AF04BF8014628B130462B4602B0C6
:10A35000BDE87040184702B070BD00BF882C0021D6
:10A36000B76DDBB64B44020198660201F8B50022D6
:10A37000012105460520F8F723FF104801F040FDB4
:10A380000446B8B90AF03AFB2F690D49384605F082
:10A3900020FF031E09DB01263E642D69084905F1F3
:10A3A0001C0005F016FF031E02DA1C462046F8BD0D
:10A3B000EE64FBE76FF00404F8E700BFF1A40101CD
:10A3C000F47502011FB5002201236C46CDE902237A
:10A3D0006B46074ACDE900440AF030F828B94FF43B
:10A3E00080420023684602F0A7FA04B010BD00BF07
:10A3F0005D44020110B5EFF31184402383F312880A
:10A40000BFF36F8F074A136823F00201DB07116067
:10A4100002D401200AF0ECFA84F31188BFF36F8FA5
:10A4200010BD00BFD82C00210C22104B014602FBAE
:10A430000033002030B4D3E90E529863EFF311805B
:10A44000402484F31288BFF36F8F1C6C04F0C004A7
:10A4500044F002041C6480F31188BFF36F8F1DB1B8
:10A460002B4630BC0248184730BC7047882C00216E
:10A470009866020110B4EFF31180402282F3128833
:10A48000BFF36F8F17490B6843F0020413F0010309
:10A490000C6019D0144BD3F80C14D3F80C3413F00F
:10A4A000010311D0EFF3118182F31288BFF36F8F94
:10A4B0000E4A136C03F0C00343F00203136481F3EC
:10A4C0001188BFF36F8F012380F31188BFF36F8F63
:10A4D0001BB1002010BCFFF7A7BF012010BC01F08A
:10A4E0007FBC00BFD82C002100500041882C0021E7
:10A4F00010B1012804D07047034B1B6C5B0701D1DE
:10A50000FFF792BF704700BF882C00212DE9F04172
:10A51000012280463549D1E8EF3FC1E8E02F00280D
:10A52000F9D133B9324933484B60CB608A6005F0CA
:10A5300063FE08F1FF33012B4CD8B8F1010F06D1AF
:10A540002D4BD3F81C3403F00303022B42D00BF045
:10A5500020F8054650B1EFF31186402383F31288AB
:10A56000BFF36F8F0125244C244F21E0244B1B782F
:10A57000002BF0D00222204B0646C3F80823F2E756
:10A5800055B3304606F0A4FDD4F81835DBB2012BE4
:10A590000ED1D4F804215AB10022C4F80421D4F811
:10A5A00004210222C4F818252022C7F88021A360C4
:10A5B000D4F81824D4F81834D203E1D503F00303F7
:10A5C000022B02D0B8F1010FDAD155B186F3118810
:10A5D000BFF36F8FBDE8F081002121200BF073F8ED
:10A5E000D2E70222044BC3F80423F3E7842C0021B2
:10A5F000742C0021A42C00210050004100E100E057
:10A60000A336002108B507480AF047FD38B10648CF
:10A61000F9F7DEF80448F7F7D9FA002008BD6FF023
:10A620001200FBE7086702012DA601010A2838B5D0
:10A630000446074D04D1AB680D2128465B68984756
:10A64000AB6803485B68E1B29847204638BD00BF5D
:10A6500008670201EFF31182402383F31288BFF3EE
:10A660006F8F0A4BD3F8001161B10021D3F80805B0
:10A67000C3F80011D3F80031C0B282F31188BFF3E0
:10A680006F8F70476FF00A00F7E700BF009000413E
:10A69000F0B503468478C678EFF3118E402080F33E
:10A6A0001288BFF36F8F1D7893F801C0641B34408C
:10A6B000A24288BFA2B2AF18374028461F708EF35F
:10A6C0001188BFF36F8F8F188F4217D165450CD15A
:10A6D000EFF31181402080F31288BFF36F8F187859
:10A6E000587081F31188BFF36F8F1B79A41AA342AE
:10A6F00090B222BF0122064B1A60F0BD03EB000EA0
:10A700009EF805E0013001F801EB3040DCE700BFC6
:10A7100000900041DB432DE9F04713F001050F469F
:10A72000144604D02448FFF7B3FFBDE8F087B2B366
:10A73000EFF31186402383F31288BFF36F8F092054
:10A74000F8F730FD80460920F8F718FD86F31188E8
:10A75000BFF36F8FDFF864A04FF40079CAF800519F
:10A76000DAF8003101232546154ECAF80030C6F844
:10A770008091DAF80031A3B1FFF76CFF031EA4BF8C
:10A7800005F1FF35ADB2C6F88091A8BF7B55002D0D
:10A79000EFD1B8F1000F02D00920F8F7E1FC204614
:10A7A000C3E7EFF31180402383F31288BFF36F8F69
:10A7B00006F08EFCDDE700BFFC2C0021009000417C
:10A7C00000E100E070B50D4614460CB9204670BD9E
:10A7D0004FF0FF334FF0FF320C4802F0ADF8224645
:10A7E00029460B48FFF754FF0646084802F070F868
:10A7F0003EB94FF0FF324FF0FF33064802F09CF8AD
:10A80000E6E7A41BA4B23544DFE700BFDC2C00213F
:10A81000112D0021EC2C002138B5012217481146DA
:10A820000AF08BFD154D0122002105F110000AF000
:10A8300084FD40F207432B874FF070632B620C239B
:10A840000024012185F824300D4B85F83540EC8635
:10A85000D3F80425092022F00102C3F80425C3F827
:10A860000041D3F80021C3F8041322461960F8F719
:10A87000A7FC0920F8F774FC204638BDDC2C002129
:10A880000090004110B5FFF7E5FE002820DB174BD4
:10A89000C0B293F8222093F8214093F82310141BA0
:10A8A00031EA04040DD193F8372093F8364093F839
:10A8B0003810141B31EA04040BD101220C4B5A60EE
:10A8C0000EE09C180132114084F8250083F8221014
:10A8D00010BD9C180132114084F83A0083F83710FB
:10A8E0000448BDE8104001F0F3BF00BFDC2C00219C
:10A8F00000900041EC2C0021024B0B6001231360FF
:10A90000704700BF202D00210048704710760201DB
:10A9100010B50122074811460AF00FFD01F0BAFAFE
:10A920000AF09DFB044C20600AF096FB606000205A
:10A9300010BD00BF282D0021202D0021F0B587B0CB
:10A940000D4616460AF088FB31460746284609F0B0
:10A950001DFE00283BD0B5FBF7F307FB1353B3BB39
:10A96000B6FBF7F407FB14648CBBBE4224D305F19D
:10A9700080754FF0FF324FF0FF33164801F0DCFFD7
:10A980000AF03FF81022014602ABC0B1214618463A
:10A990000BF07AFD01228DF814200F4ACDE9035601
:10A9A000CDE900200D4801F07DFA684601F080FAFB
:10A9B0000446084801F08CFF204607B0F0BD184659
:10A9C0000BF062FDCDE9035609F0BCFDF0E76FF036
:10A9D0001504F1E7282D002145450201645E0100C0
:10A9E00038B5037B04460BB10AF017F80125A368BC
:10A9F000032B06D8124AD2F80034DB07FBD500201F
:10AA000038BD23686068196801F0DAFC63680135B5
:10AA100004336360236804332360A368043BA360AA
:10AA2000237B002BE3D0284601F0A6FA0028DED0D5
:10AA3000034AD2F80034D907FBD50120E0E700BF74
:10AA40000000084170B50D4686B0194628461646E6
:10AA50001C4609F09BFD70B305F1807545EA0403BF
:10AA60009B0728D1FCB14FF0FF334FF0FF32134862
:10AA700001F062FF09F0C5FF0346CDE9026502A8B7
:10AA800004949BB101238DF814300D4BCDE90030B7
:10AA900041F64C5001F006FA684601F009FA044606
:10AAA000064801F015FF204606B070BD8DF8143041
:10AAB000FFF796FFF3E76FF01504F4E7282D002168
:10AAC000E1A901012DE9F04340F206364768D006BE
:10AAD00048BF4FF0030C3B7C02EA060658BFC2F3A6
:10AAE000401C87B001F01F05B6F5837F144645EA88
:10AAF00043158DF803C043D00DD8062E16D005D8C7
:10AB0000A6B1022E3ED06FF0150036E0B6F5807F7C
:10AB1000F9D101260AE040F20222964234D0B6F57D
:10AB2000407F33D0B6F5007FEDD1022622032FD52A
:10AB300001237A688B409360B86890BB05F01F03CF
:10AB40006D092CD0012D75D13C4A02EB8302C4F370
:10AB50000043D2F8001283F00103C4F3404444EAF6
:10AB6000430421F4706144EA8C0421F00F0144EAAB
:10AB700006230B43C2F80032002007B0BDE8F08383
:10AB80000726D3E70426D1E70526CFE70326CDE73E
:10AB9000630341BF01237A688B40D360CCE7284A26
:10ABA000D3E729460DF102020AF0CAF914F4403F36
:10ABB00080460CD12946B8680AF0F7F9B8F1000FC1
:10ABC000DAD19DF80210B86801F0E4FAD4E74FF04A
:10ABD000000901ABCDE90199CDE90439CDF80C901C
:10ABE0002946B86803AA0AF080F84845C4DB14F483
:10ABF000003314D09DF80330C4F3004484F0010402
:10AC00008DF80E308DF80C608DF80D404B462946BE
:10AC1000B86803AA0AF01CF90028CFDAACE7CDE93E
:10AC200004330DF1030303932946B86803AA0AF01D
:10AC30005CF8F1E7803350F82330FFDE00088C41E8
:10AC400000058C414209034670B502D0012A17D095
:10AC500070BD0D4E326951680029F9D0012503F00D
:10AC60001F030C689D400029F2D08A682A4002D058
:10AC700030464B6898472CB1236821461C46F2E7C2
:10AC8000024EE7E72346F8E7D0660201B466020108
:10AC900038B54568A86890B10AF081F9014670B9E5
:10ACA000A8680AF060F9044658B902460649A8683F
:10ACB0000AF043F9224605210A20F8F781FA00201C
:10ACC00038BD6FF00400FBE745AC0101F0B5446806
:10ACD0001646A068227C01F01F0587B045EA4215A0
:10ACE00000286CD0B6F5001F04D129460AF0AFF950
:10ACF000002055E06268607CB6F5800F50624FF02E
:10AD0000000001AA0190506037D1B3F1007F14BF59
:10AD1000052304238DF804300023CDE90423039395
:10AD2000E3680DF1030723FA01F111F0010139D1B4
:10AD3000B6F1A07F36D105F01F036A0903F1800345
:10AD400026D0012A3ED1214A52F82330DB0729D4EC
:10AD50003A462946A0680AF0F3F816301AD002974E
:10AD60002946A06803AA09F0C0FF002818DB0122C9
:10AD70002946A0680AF01BF9BAE7B3F1C06F05D005
:10AD8000B3F1007F14BF01230223C3E70323C1E70C
:10AD90000F4AD9E73946A06801F002FA0028DEDA46
:10ADA00007B0F0BD3A462946A0680AF0C9F8002865
:10ADB000D6D19DF80310A06801F0ECF9D0E76FF050
:10ADC0008500EDE751F82330FFDE00BF00088C411D
:10ADD00000058C412DE9F04F40F2FF1C0026DFF802
:10ADE000ECE03B4DF3B2994202D80020BDE8F08F71
:10ADF00050F82670C7F3C324082CC7F3080356D8AD
:10AE00003F0E634508BF4FF0FF331EF80440032F89
:10AE100050D8DFE807F0023A4144C2F80C355F1C15
:10AE200031D05F093ED0012F47D1DFF8A8804FF025
:10AE3000010A03F01F070AFA07F7C8F8087050F86C
:10AE400026B003F01F081BF4004F0EBFD1464FF091
:10AE500001094FF0000A5B0927D0012B30D11D4FAB
:10AE600007EB8807D7F80032CBF3412B03EA05083C
:10AE7000230243EA8B0343EA0A0343EA490343EA12
:10AE80000803C7F800320136ACE7C2F814355F1C7E
:10AE9000F9D04FF0000AD2E7C2F80835BFE7C2F890
:10AEA0001035F4E7DFF83080C1E70B4FD8E76FF0DB
:10AEB00015009BE76FF0850098E700239B60FFDE9D
:10AEC000002308F1800853F82830F8E79082020147
:10AED000F0F0FCFF00088C4100058C412DE9F041A9
:10AEE00004460D4647680AF054FB88B14FF040080D
:10AEF000EFF31186314688F31288BFF36F8F6068D5
:10AF000009F0E6FB50BB86F31188BFF36F8FEFE7C4
:10AF10001F4B1B78002BE9D04FF040086426606877
:10AF200009F0D6FB70B9012009F07BFD013EF6D196
:10AF3000002121200AF0C7FBF0E786F31188BFF358
:10AF40006F8FF5E7EFF31186314688F31288BFF370
:10AF50006F8F606809F0BCFB0028EED0FB69002011
:10AF60001D706368FA691B68C3F844250122C3F8A1
:10AF70004825C3F82001D3F82041C3F85801D3F87D
:10AF800058019A6081F31188BFF36F8FBDE8F0819B
:10AF9000A33600210123834070B5DC430C4AD2E87C
:10AFA000EF1F01EA0405C2E8E65F002EF7D14FF477
:10AFB000803282400748C0F80823BFF35F8FBFF399
:10AFC0006F8F03EA0100003818BF012070BD00BF79
:10AFD000602D00210060014170B4124922F07F46CB
:10AFE000D1E90034D01AC31844F10004C1E9003497
:10AFF000A6F50013B3F5400F09D20B4B1B681A0AD4
:10B000001B069C19094B42F10005C3E90045EFF30B
:10B010001181402383F31288BFF36F8F70BC02F05D
:10B0200045BC00BF801E0021642D0021881E002128
:10B03000D9B101230D4A8340D2E8EFCF4CEA030C8B
:10B04000C2E8E1CF0029F7D14FF48033084A8340AA
:10B05000C2F80433074BD3E8AF3FC340DB0742BF1E
:10B060004FF48002044BC3F800217047602D00218B
:10B07000006001415C2D002100E100E00D4B1868EB
:10B08000010A0006BFF35F8F0B4BD3F80435181885
:10B0900041F10001B3F5801F0AD2084BD3E9002328
:10B0A000904271EB030303D210F1807041F1000173
:10B0B000704700BF642D002100600141881E0021FF
:10B0C0002DE9F04F85B016461F4604469DF840A076
:10B0D000FFF760FF0190FFF7D1FFB04271EB07036C
:10B0E0005CD23B4B301A67EB0101984271F10001D1
:10B0F00009D36FF0150520460199FFF799FF2846FF
:10B1000005B0BDE8F08F334B03EB0413D3E9022302
:10B110009F4208BF96424ED04FF480382E4908FA1D
:10B1200004F8204626F07F4BC1F8488309F07FFBE6
:10B130004FF00309584604F15005AD00ADB205F1DA
:10B14000824504F5A87305F5B0350293029A20F004
:10B150007F4341F82230C1F84483D1F804351F4AB7
:10B16000C01A033820F07F40904224D9286868B183
:10B17000D1F80435A3EB0B0020F07F40B0F5000FB1
:10B18000039318D9204609F052FB039BBAF1000F34
:10B19000AFD109EB030009F10109D7E7BAF1000FBC
:10B1A000A7D101230E4AA340D2E8EF0F1843C2E80B
:10B1B000E10F0029F8D107490E982301C8500F9BD1
:10B1C00001EB04120025C2E90267536093E700BF58
:10B1D00001008000701E002100600141FDFF7F0022
:10B1E0005C2D00217FB500254FF0FF304FF0FF317F
:10B1F000194C1A4B0226C4F80833C4F84833184BCC
:10B20000C4F80855C3E902014FF480334FF48002BB
:10B21000C4F80433134B0121C4F804631620C3F8A7
:10B2200080212A46F7F7CCFF1620F7F799FF012374
:10B230000D4AA360236013600C4B0D4A009328460F
:10B240000023CDE90155FFF73BFF3046FFF75EF9DC
:10B25000284604B070BD00BF0060014103000F002C
:10B26000701E002100E100E0602D0021D9AF010136
:10B27000FFFF7F002DE9F74306F056F8294BD3F87E
:10B28000042391070BD5D3F8042142B10022C3F85F
:10B290000421254AD3F80431136801331360214C8B
:10B2A000D4F80433DA031FD5204BD3E8EF2F22F074
:10B2B0000101C3E8E01F0028F7D1D30702D4D4F876
:10B2C00040318BB10025C4F84051D4F84031FFF72C
:10B2D000D5FEEFF3108272B6154BD3E90267B04288
:10B2E000B94104D282F3108803B0BDE8F0834FF077
:10B2F000FF38D3E900104FF0FF391D60C3E9028920
:10B300004FF48033C4F84833C4F84051D4F8403186
:10B3100082F310880029E7D0009032463B46284649
:10B320008847E1E700600141642D00215C2D002188
:10B33000701E002130B5431C124C85B005D08442EC
:10B34000A8BF0446012CB8BF0124FFF797FE0E4B9F
:10B350000C4DD3E90013401AB0F5000F0FD222189C
:10B36000AA4228BF2A46002052180849CDE9010008
:10B37000009143F10003FFF7A3FE05B030BD2A465C
:10B38000F1E700BFFFFF7F00801E0021D9AF010160
:10B3900008B5FFF773FE024B1B68C01A08BD00BF5B
:10B3A000801E002102460B46014801F09DB900BFF6
:10B3B00040070021014801F009BA00BF4007002101
:10B3C0001FB500240A2201940294CDF80B4000918D
:10B3D000014601A80BF082F8009A01A9074804F081
:10B3E0001EFE074804F01BFE84F31188BFF36F8F25
:10B3F0000323184602DF04B010BD00BF178002010E
:10B40000D77D020170B5064688B00D462348244911
:10B410000AF01BF803A8F1F7DAFF224809F03DFE15
:10B42000002834D0204B01A80193E6F78BFD88BBA0
:10B430004FF0FF304FF0FF31FFF7B4FF044638B94B
:10B440001A491B48E6F7DEF8044620B1FFF7B2FFC1
:10B45000204608B070BD41F64C5302A80293E8F7AD
:10B460001DFA20B1FFF7A6FF6FF08504F0E7012376
:10B4700068468DF80030F3F77CF90028F2D1FFF729
:10B4800099FF33690B481D60F8F794FEE0E76FF011
:10B490001204DDE76FF01504DAE700BF6C2D002120
:10B4A000F3480201EC660201C5B50101901E0021BE
:10B4B000DDB5010199B5010130B5324885B0E5F738
:10B4C00085FF0446002857D1E6F7DEF8E6F7E8F8EE
:10B4D000F1F77FFFF1F77FFFF1F77FFFF1F77FFFD4
:10B4E0000121204601AA8DF80440E5F7B7FF0028A6
:10B4F00041DB01250221204601AA8DF80450E5F721
:10B50000ADFF002837DB08230721204601AAADF84C
:10B510000430E5F7A3FF00282DDB4FF0451301931E
:10B5200040F203230321204601AAADF80830E5F7D5
:10B5300095FF00281FDB0421204601AA8DF8045046
:10B54000E5F78CFF002816DB1F230621204601AA01
:10B55000ADF80430E5F782FF00280CDB40F27E7383
:10B5600098420CD984F31188BFF36F8F04231846D7
:10B5700002DF6FF00B000446204605B030BD2046C8
:10B58000F9E700BFC1B301010149024809F079BFE1
:10B590006C2D002110260021094B93F84A30042B12
:10B5A00002D1810709D47047022B02D1020704D4CB
:10B5B0007047082B03D1830601D5FFF7E5BF70471D
:10B5C0001036002110B403460A46034881680C680F
:10B5D0001946234610BC1847EC66020170B5334C7F
:10B5E00094F84A30EBB194F84A30042B3AD12078E1
:10B5F0003E2828D1A678B31E5E425E4163780233AE
:10B600004A2B3DD8002200233146F8F7DDFD0546E0
:10B61000D8B9BEB1002384F84A30BDE87040FFF7C6
:10B62000B3BF4FF0FF304FF0FF31FFF7BBFE48B91B
:10B63000204604F14A0100F015FB0546FFF7BAFE6B
:10B64000002DD0D070BD0026D8E7627802321749AD
:10B6500005F10C0005F0F3FD154B29461B68154854
:10B660009847D7E7022B14D1002200230820F8F7CF
:10B6700089FD05460028E5D0628804324A2AE6D9C9
:10B68000002383F31188BFF36F8F0423184602DF72
:10B69000C0E7082BBED1002200232020F8F772FD5E
:10B6A000628805460028E8D1CCE700BF10360021AB
:10B6B000682D0021246702012DE9F341A94D0746B9
:10B6C0002C78002C40F0C68204238DF80730A64B5E
:10B6D0000688D3F80080B8F1000F15D1B6F5105FD9
:10B6E0004FEA96230BD2002B00F0A782013B072BD9
:10B6F00062D8DFE803F026614D95616161DD3F2B83
:10B7000000F0DE81012019E20DF106030DF10702C0
:10B71000691CC0470128E1D09DF8063013B9012803
:10B7200040F08E820F236B700423AB700123E8700E
:10B730002B71A5F80560012300202B7002B0BDE835
:10B74000F081384640F2064230F9033B934219D06B
:10B7500040F21D42934218D0012042F219039E424A
:10B7600000F2588242F20C039E4200F24C8240F2F8
:10B77000064340F21D429E4218BF964214BF012468
:10B78000002430E0E7F750FEE7E7E7F701FFE4E7E2
:10B79000384640F6634230F9033B934234D00EDC26
:10B7A00040F60342934223D040F62D42934222D0EA
:10B7B00040F60142934213D00120044613E040F6C4
:10B7C0007B42934223D040F67C429342F4D19DF8D1
:10B7D0000730664902338DF80730F2F754FF01E075
:10B7E000E5F79CFF012484F001038DF8063093E710
:10B7F000F1F7E4FDF6E79DF807305C4903338DF877
:10B800000730F2F742FDEDE7E5F79AFFEAE79DF82A
:10B810000730564904338DF80730F2F711FFE1E79E
:10B820003B88A3F58053013B082BC5D801A252F8F1
:10B8300023F000BF59B801016BB801017FB80101C5
:10B84000B9B70101B9B70101B9B70101B9B7010130
:10B85000B9B701019FB801019DF80730434808338B
:10B860008DF80730F2F7FFFCBCE79DF807303F4842
:10B8700040338DF8073009F03EF80020B2E700228F
:10B880009DF8073008338DF80730384B1A605A603E
:10B89000EB7A23F0600343F06003EB72EDE79DF871
:10B8A0000730324806338DF80730F2F723FD99E769
:10B8B000384630F8033BA3F50053013B4D2B00F213
:10B8C0009381DFE813F0550062006B009101740072
:10B8D000770091017A007D00800091019101910132
:10B8E00091019101910191019101910191019101C8
:10B8F000830086008F0091019800A100AA009101A9
:10B900009101910191019101B5009101BE00910158
:10B910009101C100C400C700CA0091019101D30088
:10B92000D600D900E200EB00EE00910191019101F7
:10B930009101910191019101910191019101910177
:10B940009101910191019101910191019101910167
:10B9500091019101910191019101F10091019101F8
:10B96000FA0000BF5B3600217C2D002162360021E9
:10B97000E5F7F0FE42F264039E423FF434AF42F238
:10B9800064039E4200F2DA80E7E69DF80730B34890
:10B9900003338DF80730E7F73DFDEBE79DF80730FF
:10B9A000AE4808338DF80730F2F7B7FDE2E7F2F75B
:10B9B000BEFCDFE7E7F702FFDCE7F2F7DBFDD9E7E4
:10B9C000F2F7B3FDD6E7F2F7FAFDD3E7F2F795FD0C
:10B9D000D0E79DF80730A14910338DF80730F2F712
:10B9E00080FCC7E79DF807309C4808338DF8073086
:10B9F000F2F745FCBEE79DF80730984902338DF811
:10BA00000730F2F7FDFDB5E79DF8073093490233A3
:10BA10008DF80730F2F705FEACE79DF807300020FF
:10BA200008338DF807308F23EB71C023EB72A1E749
:10BA30009DF80730894902338DF80730F2F787FC0B
:10BA400098E7E7F761FD95E7F2F7A5FB92E7F2F7D4
:10BA5000C5FB8FE7F2F7F5FB8CE79DF807307F48D1
:10BA600001338DF80730F2F7FAFB83E7F2F7D9FBE1
:10BA700080E7F2F7CDFB7DE79DF807307748083384
:10BA80008DF80730F2F797FC74E79DF8073073499B
:10BA900004338DF80730F2F7B6FC6BE7E7F74CFD9F
:10BAA00068E7F2F7EFFC65E79DF807306B48023373
:10BAB0008DF80730F2F704FC5CE7F2F78DFC59E7EC
:10BAC00038464FF60C5230F8033B934222D84FF6DB
:10BAD0000252934212D803F2FF3292B20A2A3FF680
:10BAE00011AEA3F57C43013B0A2B7FD8DFE803F0BE
:10BAF0001E347E7E7E5B7E7E49525E00A3F57D43D2
:10BB0000033B092B72D8DFE803F05A715D71717144
:10BB1000607171634FF6145293425CD04FF6165227
:10BB200093427FF4EFADE7F7C1FE07E09DF80730E1
:10BB30004A480C338DF80730F1F753FC42F2850385
:10BB40009E4274D842F267039E4251D842F2660385
:10BB5000F41A18BF012446E600209DF80730403350
:10BB60008DF807303D4B1880EB7923F0230343F029
:10BB70002303EB712B7A23F0070343F007032B72A7
:10BB8000DCE79DF80730354817338DF80730F1F7BB
:10BB900043FCD3E79DF80730304820338DF8073059
:10BBA000F1F75EFCCAE7F1F735FCC7E79DF807300F
:10BBB0002A4801338DF80730F1F76FFCBEE7F2F742
:10BBC000D8FDBBE7E7F76AFEB8E7F1F77CFCB5E71D
:10BBD000F2F7B8FDB2E79DF80730204904338DF83D
:10BBE0000730F1F774FCA9E70120C3E60120C6E69F
:10BBF000A6F50153283B9AB2194BD34003F0010339
:10BC000083F00104EFE5A6F500530D3B9AB241F233
:10BC10004123F2E742F232039E423FF4E4ADA6F53F
:10BC20000153033B012B94BF00240124DBE54FF6B5
:10BC3000025226F008039C1A8BE701242046D2E525
:10BC40009DF807300E22AB7001236A70EB70AE8056
:10BC5000A87170E54FF0FF3070E500BF623600213B
:10BC60002F80402038B5094C0D4623781BB9BDE81C
:10BC70003840F1F79EBDA278611C02320AF0F7FB52
:10BC80000020042320702B7038BD00BF5B360021DC
:10BC900070B505460E46084C204609F0FEF938B14D
:10BCA000A36829462046B2B21B68BDE87040184719
:10BCB0006FF0120070BD00BFEC6602011FB50024DA
:10BCC0000A2201940294CDF80B400091014601A88C
:10BCD0000AF004FC009A01A9074804F0A0F90748FB
:10BCE00004F09DF984F31188BFF36F8F0323184686
:10BCF00002DF04B010BD00BF48800201D77D020101
:10BD0000322337B50125ADF8043000231A216846E7
:10BD1000134A8DF80630ADF800508DF80230F0F778
:10BD200023FF0446C8B908F0A0FB80B2EEF7D6FDA9
:10BD300029460C48F5F71FF9044670B901462A4612
:10BD40000C20F7F73DFA2A4621461120F7F738FA7A
:10BD50002A4621460820F7F733FA204603B030BDC3
:10BD6000BDBC0101802D00210149024809F089BBB9
:10BD7000E02D00211026002113B500246FF00903E7
:10BD80004FF480620A490B48009400F0ABFF0A4967
:10BD9000084801F083F80949094809F056FB224692
:10BDA00004211A20F7F70CFA204602B010BD00BF9C
:10BDB000E84A0021102600215D8002018549020128
:10BDC000E02D002110B9024B1B681847704700BFD7
:10BDD000F02D0021014B01201B681847F02D002198
:10BDE00028B1012807D100200349EEF7ABBC034B73
:10BDF00001201B6818477047C5BD0101F02D0021C7
:10BE0000014B186000207047F02D002110B51D482F
:10BE1000D0E8AF3F23B9062904D8042926D839B180
:10BE2000002010BD0729FBD1383800F051FDF7E79D
:10BE300050F8203CA0F13804D3E9002090470128B5
:10BE400008D0114B984203D00223606384F82C3051
:10BE50000E48E6E742F21073A362032384F82C3005
:10BE600004F11C0384F821002363F1E700F8173C78
:10BE7000074BA0F11C0140F8103C3838007CF5F766
:10BE8000BBF8CDE72C2E00211F646602202E002176
:10BE9000FF3F420F01220021014809F04EBA00BFC6
:10BEA000F42D0021014B5861704700BFF42D002193
:10BEB00038B54FF0FF3105464FF0FF30FFF772FA0B
:10BEC00029492A48F0F74AFD0446FFF773FA002C87
:10BED00046DB40F20113264C002223846369A561EE
:10BEE0006433636242F21073A3626FF073032277CC
:10BEF000636304F13805D5E8EF3FC5E8E12F002979
:10BF0000F9D14FF0FF314FF0FF30FFF74BFA04F15A
:10BF10001C01207CF5F770F8FFF74CFA002320464F
:10BF2000144A00F009FD00282B4606DA0122D3E866
:10BF3000EF1FC3E8E02F0028F9D14FF0FF314FF099
:10BF4000FF30FFF72FFA207CF5F738F8FFF732FAC9
:10BF5000D5E8AF3F13B1064800F014FD606B38BD63
:10BF60006FF00B00FBE700BF042E00210DBE0101A6
:10BF7000F42D002192BD05000122074B1A64D3F86D
:10BF80004035B3FBF0F01844044B5B69984234BF72
:10BF900000200120704700BF00C00041F42D0021A7
:10BFA0000022D30003F1FF7303F58033D3F80013AD
:10BFB000013107D0D3F800130132D3F80433202A1B
:10BFC0000B60EED11E4BD3F83021072A0DD1D3F8E8
:10BFD0003431022B09D11B4BD3F80024D00742BFC8
:10BFE0000022C3F81421C3F81821154BD3F83021CF
:10BFF000072A1FD1134AD2F80014C90744BF6FF0B3
:10C000000101C2F80014D3F83431023B022B11D9DC
:10C010007F230D4A0D49C2F818310023C1F8043EB0
:10C02000C1F8083EC2F82431C2F82C3102F57F2253
:10C03000C2F81031064B1A68064BC3F84425704706
:10C040000000FF01005000410020004100000841B5
:10C050000080FF0100600041014B1860704700BF85
:10C06000302E002110B5054B1446186808F0DBFC93
:10C070000028A4BF2070002010BD00BF302E00217A
:10C080000123024A8340C2F80435704700F00041A2
:10C09000036803F01F025B09026004D0012B034810
:10C0A00018BF002070470248704700BF00088C414D
:10C0B00000058C41034A4309D35C00F01F0018447B
:10C0C000C0B2704799820201024611F0010030B5FA
:10C0D00011D18B07C1F3400019D50D49086A506092
:10C0E0000C4A0862D2F83021072A08BF0A6A0038D1
:10C0F00018BF01200BE0084C064D236A1360236231
:10C10000D5F83051072D08BF246A002BE1D030BD8F
:10C1100000088C410000FF0100058C41F7B5044682
:10C120000846FFF7C7FF04EB4006B38A0D46DB075E
:10C130002AD5204608F0B7FD2946204608F023FD01
:10C1400050B1204608F035FD0023276807EB80003A
:10C15000C0F81035C0F810352946204608F052FDC9
:10C16000002101A8B1820195FFF792FF019B00EB2E
:10C170008300D0F80022064B134043F00203C0F8BE
:10C180000032084603B0F0BD6FF01500FAE700BFBB
:10C19000F0F0FCFF014808F060BC00BFA0050021E2
:10C1A00010B504480C4608F03EFC0028A4BF2070DF
:10C1B000002010BDA00500212DE9F04F074657F8DB
:10C1C000049B8346D9F804130822C9B2484689B0B3
:10C1D00041F0004108F03FFD051E2FDA0023032146
:10C1E00006A8CDE90633FFF76FFF4FF0000A5E4B5C
:10C1F0000DF118080193019A5C4912F8013B019274
:10C20000DA088A5C03F0070322FA03F3DB071BD486
:10C210000AF10103022B4FF0010A08F10408EAD1E8
:10C220004FF000410022484608F015FD032106A802
:10C23000FFF74AFF0028D8D125F000450124002D42
:10C240007CD109B0BDE8F08F494B53440293D8F834
:10C250000060002EDCD096FAA6F6B6FA86F6029BAF
:10C260001C7846EA44142046FFF724FF0BEB4000FD
:10C27000818AF208C1F3820303930093012318F823
:10C28000020006F0070603FA06F620EA060008F8A0
:10C29000020005A80594FFF7FBFE059A11F0100FA8
:10C2A00002F1800250F82260039BC6F301462CD0B5
:10C2B0003846009A214608F086FC05A80594FFF749
:10C2C000E7FE059BF6B2803350F82330C3F30143F9
:10C2D0009E4207D10021204608F046FC3146204608
:10C2E00008F042FC05A80594FFF7D2FE0122059B49
:10C2F00002FA03F303621F4BD3F83031072B01BF5F
:10C30000036A036A036A036AA1E7022E14BF0221CB
:10C3100003212046039308F027FC039B032B03D043
:10C32000022E07D1012BDDD121463846009A08F0B4
:10C330004AFCD7E7032ED5D1022BF4E795FAA5F3F3
:10C34000B3FA83F304FA03F225EA020503F5A272B5
:10C3500059F822200BEB43033846B3F87C10C2F3A4
:10C36000014208F030FC6AE7A982020198760201D6
:10C37000A98202010000FF01044AD2F80834DB0759
:10C38000FBD50160BFF35F8F704700BF000008411D
:10C39000C0F30A0373B90222084BC3F804254FF017
:10C3A000FF320260D3F80024D207FBD50020C3F887
:10C3B000040570476FF00C00704700BF0000084193
:10C3C000012310B5044CC4F80435FFF7D5FF002352
:10C3D000C4F8043510BD00BF0000084138B5EFF3C4
:10C3E0001185402383F31288BFF36F8F064B9C683F
:10C3F00008F066FE85F31188BFF36F8F2046BDE815
:10C400003840F6F759BF00BF342E002138B50A4B2B
:10C4100053F82040013053F82050A54200D838BDD1
:10C42000606830B1037EDB0701D408F01EFE0834DB
:10C43000F3E723689847FAE79C760201012270B57A
:10C440002A4B86B003201A70FFF7E0FFF7F7A6FB30
:10C4500009F034FA0420FFF7D9FF254C254D264674
:10C46000AE4204F130040FD300F046FF204CAC4242
:10C4700026D300F055FFF5F76DFA1F4A938923F094
:10C480000103938106B070BD54F80C3C059354F839
:10C49000103C049354F8143C039354F8183C029352
:10C4A00054F81C3C019354F8203C009354E90A23AF
:10C4B00054E90C0100F002FD54F8303C5E65CEE713
:10C4C000D4E90A23B3F1FF3F08BFB2F1FF3F05D023
:10C4D00052EA0301206803D109F00EF93034C6E7AF
:10C4E0000649183001F052F9F8E700BFA3360021E1
:10C4F0004C6802014C680201902700215556020148
:10C50000B02370B5144E86B003FB0066134B0122B6
:10C5100005930F23CDE903320023CDE90133142322
:10C520000F4D104903FB0055044601EB00214FF469
:10C53000807230460C4B009500F0C0FC337C2C74AC
:10C5400023F004033374094B013403EBC423EE607E
:10C550006B6006B070BD00BFE0260021678002015D
:10C56000342E0021E8560021C3510201E84E00217B
:10C570007FB50020FFF74AFF294B03F5006282F3E5
:10C58000088883F30A88E023264C002584F82230AB
:10C590002023E37725766576A57684F82050636AB4
:10C5A00043F4E023636284F82350F6F741FDF6F785
:10C5B0006DFE4FF0FF33A362E362F7F74FF8F6F733
:10C5C000E9FE194800F00CFDF7F7E0FA0120FFF74B
:10C5D0001DFF0220154CFFF719FF00F0CBFE144B96
:10C5E0004FF48D625C61134B134905930123204680
:10C5F000CDE90353CDE90155104B009500F05EFCE9
:10C600000646237C204623F00403237408F0FFFF32
:10C610002846FFF775FF31462046084AF6F714FE14
:10C62000E84E002100ED00E01029002190270021B4
:10C63000342E00216C800201E85700213DC4010125
:10C6400038B5064C064DAC4201D3002038BD20461B
:10C65000D4E9011208F037FD1434F4E74007002153
:10C660004007002138B5074C074DAC4201D30020EC
:10C6700038BD204608F04BFD08B91C34F5E76FF0D3
:10C680001500F5E7EC0600214007002173B50C46C4
:10C69000EFF31181402585F31288BFF36F8FC568D2
:10C6A0005DB125602B68C36083690133836100201D
:10C6B00081F31188BFF36F8F11E052EA030603D1B3
:10C6C0006FF00B002560F3E7CDE900230246083048
:10C6D00000F070FD18B9034B9B685B69236002B0E2
:10C6E00070BD00BF342E00212DE9F34104461746EA
:10C6F0001E46EFF31188402383F31288BFF36F8F38
:10C70000304BC2689B6872B18068984217D057EA74
:10C71000060216D188F31188BFF36F8F6FF00F00F8
:10C7200002B0BDE8F08193F90E1001322161C4E935
:10C73000023288F31188BFF36F8F0020F0E7216980
:10C74000F3E793F90E1090F90E30994230DA9942DE
:10C75000A8BF194608F040FD054622464146CDE9EE
:10C760000076194800F026FD0028E6D0EFF3118688
:10C77000402383F31288BFF36F8FA068D0B1236882
:10C7800021699C420AD04BB193F90E309942A8BF5F
:10C7900019466FF07F039942B8BF194608F01CFD97
:10C7A00040B13146084808F065FF6FF00A00B7E76E
:10C7B0000025D2E7002DF4D186F31188BFF36F8FE7
:10C7C000F3E700BF342E0021A4360021F8B58368BA
:10C7D0000546002B40D0234A926893423FD1C3685C
:10C7E000012B03D9013BC3600020F8BDEFF3118793
:10C7F000402383F31288BFF36F8F0169806808F0CC
:10C80000EBFC2C68A54207D10023C5E9023387F36E
:10C810001188BFF36F8FE7E7002CF5D0D4E9003221
:10C82000002613605A60237CC4E9006623F00203EB
:10C830002374A66004F1180008F0B8FFAC6094F906
:10C840000E3020462B61C4F8AC6008F0E0FE39469B
:10C85000054808F00FFFC7E76FF01500C5E74FF078
:10C86000FF30C2E7342E0021A436002137B511462F
:10C87000EFF31185402282F31288BFF36F8F0468B3
:10C880009CB12368426823F003039442036008BF0D
:10C8900043600121204608F023FD044685F31188FA
:10C8A000BFF36F8F204603B030BD51EA0302F5D0CD
:10C8B00000F10802CDE900131046294600F07AFC89
:10C8C0000028EFD1014B9B685C69EBE7342E002117
:10C8D00070B5EFF31186402383F31288BFF36F8F97
:10C8E0000468A0421BD0D4B1D4E900320025136003
:10C8F0005A60237CC4E9005523F002032374A56029
:10C9000004F1180008F052FF2046C4F8AC5008F0BB
:10C910007EFE3146BDE87040064808F0ABBED0E967
:10C9200002329A4218BF0133836086F31188BFF345
:10C930006F8F70BDA436002113B5EFF31181402431
:10C9400084F31288BFF36F8F846844B1013C846024
:10C9500081F31188BFF36F8F002002B010BD52EA3F
:10C96000030406D181F31188BFF36F8F6FF00F00BE
:10C97000F3E7CDE900230246014800F01BFCECE799
:10C98000A436002170B50546EFF31186402383F3EA
:10C990001288BFF36F8F00232C68A54219D0C4B151
:10C9A000D4E9003213605A600023227CC4E90033CA
:10C9B00022F002022274A36004F1180008F0F6FECF
:10C9C0006FF00A032046C4F8AC3008F020FE0123C3
:10C9D000E2E70022AA6023B986F31188BFF36F8FC4
:10C9E00070BD3146BDE87040014808F043BE00BF4D
:10C9F000A436002107B5074B4FF4006200930649A7
:10CA00004FF0FF33054800F06DF9002003B05DF8EA
:10CA100004FB00BFB4760201505C002140280021D5
:10CA20002DE9FF4104464027534EEFF3118887F369
:10CA30001288BFF36F8FD4F8B450F5B9022104F116
:10CA4000CC0008F086FC002870D004F1C405002258
:10CA50000121284608F070FE0028F8D100234FF08D
:10CA6000FF3202934FF0FF334146CDE900234348A4
:10CA700004F1BC0200F0ACFDD7E7D4F8B8202B6875
:10CA80009542C4F8B43008BFC4F8B830D4F8CC30FC
:10CA900043F00203C4F8CC30EB6823F0040343F006
:10CAA0000103EB606B6888F31188BFF36F8F284632
:10CAB0009847EFF3118887F31288BFF36F8FEB6805
:10CAC000D80623F001023ED4EA60EB689A0717D536
:10CAD000306823F00203EB6090B10021036878B165
:10CAE000426895423DD10368002934D172683360B1
:10CAF000904200D17360002340F8083BFFF7E8FE46
:10CB0000D4F8CC3023F00203C4F8CC30DB0530D4A9
:10CB1000D4F8B430003B18BF012388F31188BFF369
:10CB20006F8F002B81D000F02DFC7EE7D4F8CC3045
:10CB3000D90693D5C4F8CC0088F31188BFF36F8F62
:10CB400004B0BDE8F08123F01103EB6005F11000A3
:10CB5000FFF7BEFEB9E70B607368984208BF7160CB
:10CB6000C9E701461BB11A6818461346B7E71A46CB
:10CB7000FAE70023D1E700BF582E0021A436002198
:10CB800070B5C3680546C3F340069B070C460DD538
:10CB90000122002104F1080008F0CFFB00232360EC
:10CBA000054B65605A681AB9C3E90044304670BD48
:10CBB00014605C60FAE700BF582E0021F8B5C36826
:10CBC00004469A070E46C3F3400542D45F0742D499
:10CBD0000B680BB983680B60E368D80742BFA36892
:10CBE00002253360376858BF012557B31B4B9A683D
:10CBF000D7F8B0309A421ED108F0CBFC80F001008B
:10CC0000C0B2D7F8CC30D907C3F380021CD5F2B13B
:10CC1000F8B100232360D7F8B83073B9C7E92D44C1
:10CC2000384608F0B1FBE36843F00403E36033687F
:10CC3000A3602846F8BD0020E3E71C60C7F8B840B1
:10CC4000EEE76FF0150506E06FF0120503E01B0735
:10CC5000DFD56FF00F0500233360EAE7342E0021A3
:10CC6000F8B5C368064603F00503002B0C4614BF55
:10CC7000012700271CD085680122002104F1100043
:10CC800008F05BFB2046134908F0DFFBE36843F044
:10CC90001003E360F3685B0712D5336823606BB958
:10CCA000D5F8B83033B9C5E92D44284608F06CFBF7
:10CCB0003846F8BD1C60C5F8B840F6E73460F4E7C4
:10CCC000D5F8B4302360D5F8B830C5F8B440002B9F
:10CCD000EBD1F0E7695302010146014808F0D1BBEE
:10CCE00040280021F0B50446002089B00E9DC4E91B
:10CCF0002D0004F1BC00C4E92F0004F1C400C4E914
:10CD0000310055B32879002840F2011008BF0120F6
:10CD1000C4F8CC0000204FF0FF364FF0FF37CDE9CC
:10CD20000330CDE90100CDE9066720460C4B0094A5
:10CD300000F02AF955B1296811B1204600F0AEF88B
:10CD40006B791BB1A38943F00103A381204608F04E
:10CD5000D3FCC4F8B04009B0F0BD0120D8E700BF53
:10CD600021CA010137B501900846EFF31184402133
:10CD700081F31288BFF36F8FC16811F01E0F16D1B7
:10CD800053EA020508D101A9FFF718FF84F31188BF
:10CD9000BFF36F8F03B030BD41F00801C16001994E
:10CDA00010308161034900F0F1FC0120EEE7002022
:10CDB000ECE700BFFD53020101460148FFF7D2BF77
:10CDC00040280021F7B50C4616461D460190EFF3AA
:10CDD0001187402383F31288BFF36F8F084608F052
:10CDE000C4FA55EA060309D1204601A9FFF7E6FE79
:10CDF00087F31188BFF36F8F03B0F0BDE36832464D
:10CE000043F00803E360019B0449A36204F11000AE
:10CE10002B4600F0BBFC0120EAE700BFFD530201F6
:10CE200001460148FFF7CEBF402800212DE9F0411F
:10CE30000546EFF31187402383F31288BFF36F8F0A
:10CE40000468A0421BD0D4B10026204608F094FB11
:10CE500004F1180008F0AAFCB0462046C4F8AC80E3
:10CE600008F0D5FB2C680136A54210D07CB12046D5
:10CE700008F082FB04F1180008F098FCEDE787F356
:10CE80001188BFF36F8F00263046BDE8F081394628
:10CE9000014808F0EFFBF7E7A436002110B504467F
:10CEA00008B9054B9C681F2204F1740009F016FBB9
:10CEB000002084F8930010BD342E00212DE9F04F9E
:10CEC000984685B000F15803C0E91633129B00253F
:10CED00083810423D61D26F007060374119B01EB02
:10CEE000060A0F46C0E90655514685608373C5732F
:10CEF0000446DDF838B0DDF84C90F5F7B1FE109B34
:10CF0000073020F00700C4E92576C4F89C0002939E
:10CF10000F9BAAEB0006CDE900B3324643463946E3
:10CF20002046F6F775F90F9BC4E9188BA366109B92
:10CF30006565E366EFF31183402282F31288BFF345
:10CF40006F8F104F3A6A3C62226783F31188BFF3F8
:10CF50006F8FB9F1000F11D01F22494604F1740000
:10CF600009F0BCFA84F89350BB680BB1D3F8A03039
:10CF70003046C4F8A03005B0BDE8F08F84F8749056
:10CF8000F2E700BF342E0021F0B5002587B00595EB
:10CF9000109DDDE9127604950F9D044603950E9DC4
:10CFA00002950D9D01950C9D0095FFF787FFB6F149
:10CFB000FF3F08BFB7F1FF3F05D056EA070305D191
:10CFC000204608F099FB204607B0F0BD3A463346AC
:10CFD00004F11800014900F0D9FBF4E755560201AD
:10CFE0000123037483810023C0E92533C0F8A030F6
:10CFF000014B9860704700BF342E00216FF00A018A
:10D00000094A9368C3F8AC100849C3F8A8004B68F4
:10D0100043F080534B60002383F31188BFF36F8F7D
:10D020009368D3F8AC007047342E002100ED00E087
:10D0300070B590F91020037C002A2FDBD9062DD182
:10D040001A4C63F07F032246037452F8183FE169DB
:10D05000934207D1C0E900210860E0610FE09942E6
:10D06000F8D01B68002BF5D093F90E6090F90E50A4
:10D07000AE42F4DD5968C0E9003108605860A56926
:10D08000954200D005B9E568A3681A7CD20606D19E
:10D09000DA897F2A03D9AA690AB9636170BDAB42F4
:10D0A00002D0284600F0D6FA6561F7E7342E002159
:10D0B00038B590F910200146002A037C04DA03F009
:10D0C0007F03037408F06BFA0D4D2A4652F8184F8F
:10D0D000AB68944200D004B9EC688B4207D01A7C4C
:10D0E000D20604D1DA897F2A01D9A2692AB1A342E2
:10D0F00002D0204600F0AEFA23466B6138BD00BF77
:10D10000342E0021B3F1FF3F08BFB2F1FF3F03D03F
:10D110000249183000F03ABB704700BF5556020173
:10D12000034648B9EFF3058232B9064A516992685D
:10D13000914201D0FFF762BF83F31188BFF36F8F75
:10D14000704700BF342E002138B5184CA168E06943
:10D150000B68814214BF1A46002249680B6059606F
:10D16000A368E1692AB9124AC3E900210B60E361AF
:10D170000AE092F90E5093F90E00854212DD5168D3
:10D18000C3E900210B605360A569094B9D4200D0A3
:10D1900005B9E568A3689D4202D0284600F05AFA16
:10D1A000656138BD8A42DED01268DBE7342E00218B
:10D1B0004C2E0021F8B5DDE906670D4B0C4698684A
:10D1C00011460C4A1060EFF31182402282F312885C
:10D1D000BFF36F8F9D68284608F0F3F92846324662
:10D1E0003B46FFF78FFF2046BDE8F840FFF706BF3C
:10D1F000342E0021602E0021F8B50446EFF311878C
:10D20000402383F31288BFF36F8F037C49B203F08E
:10D210001F02002A0CBF0126002635D103F07F0330
:10D220002A4D037408F0BBF92A46037C817363F02E
:10D230007F03037452F8183FE869934207D1C4E9A9
:10D2400000200460EC610DE09842F8D01B68002BD0
:10D25000F5D093F90EC08C45F6DD5968C4E900316C
:10D260000C605C60AC69944200D004B9EC68AB68B7
:10D270009C4202D0204600F0EDF96C6187F31188E2
:10D28000BFF36F8F3046F8BD9B071CD5856808F04B
:10D2900086F981732B689D4209D16B68C4E90053FC
:10D2A0001C606C60EAE76A689A42F6D01B68002B43
:10D2B000F3D093F90E208A42F5DD5A68C4E90032B2
:10D2C00014605C60DAE78173D8E700BF342E002178
:10D2D000034648B9EFF3058232B9064A51699268AC
:10D2E000914201D0FFF78ABE83F31188BFF36F8F9D
:10D2F000704700BF342E0021EFF31181402383F3E8
:10D300001288BFF36F8F054B9A68D37B013BD373B1
:10D3100081F31188BFF36F8F704700BF342E002157
:10D3200070B5EFF31186402383F31288BFF36F8F3C
:10D330000F4DAB68DA7B0132DA732A4652F8184F88
:10D34000944200D004B9EC681A7CD20604D1DA8980
:10D350007F2A01D9A2692AB19C4202D0204600F05E
:10D3600079F923466B613046BDE87040FFF7D8BEBF
:10D37000342E0021024B03F11802C3E90622704744
:10D38000342E002170B5EFF31186402383F3128809
:10D39000BFF36F8F1A4CA168E0690B68814214BF1C
:10D3A0001A46002249680B605960A368E1692AB9EE
:10D3B000144AC3E900210B60E3610AE092F90E50C0
:10D3C00093F90E00854216DD5168C3E900210B6018
:10D3D0005360A5690B4B9D4200D005B9E568A36871
:10D3E0009D4202D0284600F035F965613046BDE81F
:10D3F0007040FFF703BE8A42DAD01268D7E700BF59
:10D40000342E00214C2E0021F8B550EA01030646C7
:10D410000C4603D1FFF7B6FF0020F8BDEFF31187EC
:10D42000402383F31288BFF36F8F124D124BA8680D
:10D430001860FFF73DFEA868234632460F491830B2
:10D4400000F0A4F9AA680446137C384643F00403AC
:10D450001374FFF7D3FDAB68D3E90A23B3F1004F90
:10D4600008BF002AD8D108F0D6F9201A20EAE070C7
:10D47000D3E700BF342E0021602E00215556020153
:10D48000014B9868704700BF342E00212DE9F84306
:10D4900004468789EFF31186402383F31288BFF394
:10D4A0006F8F037C190705D586F31188BFF36F8F43
:10D4B000BDE8F883D90943F0080272D10274A36869
:10D4C00013B1204608F073F804F1180008F06EF963
:10D4D000A56D04F15808A84511D04FF0000975B1A9
:10D4E000284608F064F805F1180008F05FF92846AE
:10D4F000C5F8AC90FFF79CFDA56DA845EFD1DFF80E
:10D50000C480D8F808309C4253D1EFF30589B9F1B3
:10D51000000918BF4FF00109D8F818502A4A95425F
:10D5200000D00DB9D8F80C50AB4202D0284600F01C
:10D5300091F82046C8F8145003F0A5FD204600F0ED
:10D54000D9F8B9F1000F02D02048FFF749FDD8F80B
:10D5500008309C4230D1EFF305836BBBA289D20720
:10D5600011D586F31188BFF36F8F83F31188BFF352
:10D570006F8F0423184602DFEFF31186402383F3F5
:10D580001288BFF36F8F3046FFF738FDFB078FD54A
:10D59000002383F31188BFF36F8F0423184602DF43
:10D5A00086E703F07F0343F00803037407F0F7FFF7
:10D5B00085E74FF00009AFE786F31188BFF36F8F5F
:10D5C000E4E700BF342E00214C2E00211029002159
:10D5D000D3B5DDE90667089CCDE90067FFF7EAFDF2
:10D5E0001CB1034B9B685B69236002B0D0BD00BFD8
:10D5F000342E0021027C034612F01F0210D10A498A
:10D6000088420DD00949086868B1D9897F2909D8AD
:10D6100093F90E20064B1B689A42B8BF0020704752
:10D620000020704710467047E0260021A405002125
:10D63000642E00210122044BC01A044BC010584331
:10D64000034B1A54704700BFC0290021ABAAAAAAF5
:10D65000A436002170B50C4B0C4D1E7CFFF7CAFFA1
:10D66000182303FB06550446284608F09FF80022BD
:10D67000074B9A553CB1621E2846BDE870400549EB
:10D68000D31700F083B870BD342E0021C0290021CB
:10D69000A436002135D6010138B5EFF311854023BA
:10D6A00083F31288BFF36F8F0F4B104A9C6810688A
:10D6B000A04206D1FFF7CEFF85F31188BFF36F8F2D
:10D6C00038BD00211B7C1160094AD35C002BF3D0CC
:10D6D0002046FFF78FFF0028EED0237CDB0601D128
:10D6E000FFF732FD2046E5E7342E0021602E0021B1
:10D6F000A4360021EFF31181402383F31288BFF396
:10D700006F8F0A4A136A834207D11B6F136281F33A
:10D710001188BFF36F8F70471346002BF7D01A6F35
:10D720008242F9D1026F1A67F1E700BF342E00215F
:10D73000024B1868984208BF00207047A8050021D6
:10D74000034B1B680BB9FDF723BE0020704700BFD9
:10D75000682E002130B570B10B4B5B6898420AD03F
:10D76000036843B1D3E90421D0E90445121941EB20
:10D770000501C3E90421D0E9003213605A60002397
:10D78000C0E9003330BD00BFA8050021B3F1FF3F61
:10D7900008BFB2F1FF3F2DE9F84F04469946154600
:10D7A0001F467AD08160EFF31188402383F31288FB
:10D7B000BFF36F8FB9F1000FDFF8E4A020DBFFF7B4
:10D7C000BFFFDAE90027013549F100092D1849EBBF
:10D7D000E07306464FF00109C4E90453AD1843EB6A
:10D7E0000707FFF7A5FF0346DFF8B8E0DEF804A05F
:10D7F000EBB9C4E900EACAF80040CEF8044028E0DA
:10D800006FF00103DAE900125B1A4FF0FF3161EBB0
:10D8100002025B1B62EB0902012B72F10001BCBF2B
:10D82000012300224FF00009C0E90432D9E7D3E90F
:10D83000041CD4E904208A4270EB0C0B24DA891A08
:10D840005A686CEB0000C3E90410C4E900321460AC
:10D850005C60FFF76DFF84420ED1134B1B685BB910
:10D86000B9F1000F02D1FFF76BFF0646304607F013
:10D8700086FF0021FDF75EFD88F31188BFF36F8FEF
:10D8800028463946BDE8F88F521A60EB0C00534524
:10D89000C4E90420ADD01B68AAE700252F46EFE7B6
:10D8A000D8290021A8050021682E00212DE9F04784
:10D8B000DFF8A8900246C9F800000D46FFF738FFD0
:10D8C00000260027DFF898804FEAE27ED8E90013AF
:10D8D00050B1D0E9044CA2427EEB0C0A1ADAA41A29
:10D8E0006CEB0E06C0E904460024521843EB0E030D
:10D8F0002046C8E90023C9F8004007F040FF214650
:10D90000FDF718FD85F31188BFF36F8FBDE8F04771
:10D91000FFF7C2BE611843EBE473C0E90467C8E9CE
:10D920000013FFF717FF01224FF00043C0E9042363
:10D9300085F31188BFF36F8F83689847EFF31185E4
:10D94000402383F31288BFF36F8FD9F80020121B96
:10D95000C9F80020FFF7ECFEB6E700BF682E0021F3
:10D96000D829002110B5EFF31184402383F31288E6
:10D97000BFF36F8FFFF7E4FE0346054AD2E90001CB
:10D98000181841EBE37184F31188BFF36F8F10BD5A
:10D99000D8290021F8B507460C46164607F0F9FDD0
:10D9A00008B10020F8BD0E4B9B68D3F8A050002DA5
:10D9B000F7D0221DF5D2EFF31184402383F31288B0
:10D9C000BFF36F8F284647F00401B04784F31188F6
:10D9D000BFF36F8F0028E4D040F8045BE2E700BF9C
:10D9E000342E00210146024A0020FFF7D3BF00BFBA
:10D9F00093FF01010E4B0340B3F1607F06D1B1F5F7
:10DA0000885F0CBF00206FF086007047B3F1707F15
:10DA10000BD101F4E043B3F5005F06D111F4E06FE0
:10DA200014BF00206FF0860070476FF086007047CB
:10DA30000000C07F8A42F8B506460D4600F00A8114
:10DA400001F0FE41B1F1C06F61D1884C22F4FF7149
:10DA500021F00101A14222F0FF0014D004F5885406
:10DA6000A04210D022F47F7626F00306A4F570645D
:10DA7000A64208D004F5A064A04204D004F5745472
:10DA8000A14240F0EB80D1B2784E19B922F4806106
:10DA9000B14224D125F4FF7424F00104B44225F0EE
:10DAA000FF0112D0724EB1420FD025F47F7727F0DC
:10DAB0000307A6F57066B74207D006F5A066B14227
:10DAC00003D006F57456B44209D115F0FF0406D010
:10DAD000684E44F00074B44204BF02460D468BB158
:10DAE00022F4FF7323F00103B3F1062F06D0624B3B
:10DAF00022F4FF6121F00701994203D122F48072E0
:10DB000025F48075954214BF00200120F8BDB1F1C5
:10DB1000A06F16D102F0FE43B3F1A06F40F08880F1
:10DB200082EA050333F47E1340F0828028047FD517
:10DB3000C5F30540C2F3054290428CBF002001208E
:10DB4000E4E74E4B9D4209D1A3F500439A4200F011
:10DB500081804B4B22F47E109842D4E7B1F1407F94
:10DB600060D102F0FE43B3F1407F5BD182EA050051
:10DB700030F47E1456D131462846FFF73BFF00288B
:10DB80006AD1404912F47C1701EA020113D0B1F1C5
:10DB9000607FC2F3054333D1D1B241F0007101F18E
:10DBA0007E410339122901D83748445C15F47C1FA3
:10DBB0002DD19C42A7E7B1F1607F0AD1D3B243F0E7
:10DBC000007303F17E43033B122B4BD82F49CB5CF0
:10DBD000E2E7B1F1707F17D106F4E043B3F5005FDF
:10DBE00042D10123C6F302218B4006F4E041B1F596
:10DBF000005FDBD10120C6F3022600FA06F4D5E768
:10DC0000B1F1707FD2D1F0E700242346CEE71FB9EF
:10DC1000C5F30541A1421DD0290403D5C5F3054034
:10DC200098428AE71A4B9D4202D1B2F1082F6AE767
:10DC300025F0004323F47F03B3F1106F0CD102F001
:10DC4000FE43B3F1106F07D11248104040F010604E
:10DC5000A84258E7012059E7002057E7002B7FF43E
:10DC600046AF4FE7002397E70023BEE70002000618
:10DC700000130006FF000002004000060093C004ED
:10DC8000000140050000C07FAB820201AB820201AF
:10DC90000002C0030000FFF670B505460F480E46AF
:10DCA00008F0D6F9044618B16FF08F04204670BD15
:10DCB0006B6933602B7F012B0ABF022330602B7707
:10DCC000064818BF6FF0960408F0C8F90028EDD098
:10DCD000002CE9D06FF09604E8E700BFE0050021D2
:10DCE00038B50C4C0C4808F0B3F965780A4808F0D0
:10DCF000B5F90A4808F0ACF9022D08D12478E31FE1
:10DD00005C425C41054808F0A9F9204638BD002472
:10DD1000F8E700BF6C2E0021B0050021C8050021E6
:10DD20002DE9F047894615461C4600F02FFD0646B2
:10DD3000002851D1D9F80070B7F800A00AF4E043E8
:10DD4000B3F5804FBB6808BF25F0010535EA030332
:10DD50003AD1002C40D0B5F5006F40D0A5F5005267
:10DD600055425541284A24F4FF7323F0010393429E
:10DD700013D0264924F0FF028A420ED024F47F708B
:10DD800020F00300A1F57061884206D001F5A06182
:10DD90008A4202D01E4A934223D114F0FF0304D0DA
:10DDA0001C4A43F00073934222D02B462246504631
:10DDB000F968FFF73FFE804670B92B462246504671
:10DDC0003969FFF737FEE0B96FF084060023384663
:10DDD000C9F8003000F012FD3046BDE8F08701259B
:10DDE000C0E704F0FE43B3F1407F04D12304DCD547
:10DDF0006FF08606EAE7B3F1A06FF7D0054B9C42BF
:10DE0000D2E74646E8E700BF00020006001300061E
:10DE100000460006FF00000238B500F0FE43B3F1F3
:10DE2000407F04460D4602D06FF0860038BDFFF7F4
:10DE3000E1FD0028F8D114F47C1F18D0C4F3054389
:10DE4000032B137022D9224A2240B2F1607F31D1D4
:10DE5000E4B244F0007404F17E44033C122CE3D895
:10DE60001C4A125D9342DFD8202BDFD90EE0184BFD
:10DE70002340B3F1607F0FD1E3B243F0007303F1AD
:10DE80007E43033B122B04D9002313706FF08500EF
:10DE9000CCE71149CB5CD3E7B3F1707FF4D101F447
:10DEA000E043B3F5005FEFD10123C1F302218B40C2
:10DEB000DBB2C5E7B2F1707FB6D105F4E042B2F54E
:10DEC000005FB1D10122C5F30225AA40CAE700BF15
:10DED0000000C07FAB820201AB8202012DE9F34159
:10DEE0004768D0F81480044638460E4607F0C7FF4E
:10DEF0000546E8B9FFB22FB9B8F1000F05D06FF0B1
:10DF0000860515E0B8F1000FF9D0A36823F00313DC
:10DF100023F47F43002BF2D14FF6F87362889A42C4
:10DF200028D81648277908F093F828B16FF08F05A4
:10DF3000284602B0BDE8F08107B901A8314600F0DB
:10DF4000D5FB05460D4808F089F810B1002DEFD13A
:10DF5000ECE7002DECD10FCCD6F800C066460FC61A
:10DF600094E8070086E80700002FE1D1019BCCF878
:10DF70001430DDE76FF08505DAE700BFE00500212A
:10DF800010B5044650B1064808F062F8204607F084
:10DF9000A6FDBDE81040024808F060B810BD00BF03
:10DFA000E005002113B5044610B301A900F0EEFB13
:10DFB0000446E8B9194808F04BF80346019853B1F4
:10DFC000002407F047FF002818BF0446134808F054
:10DFD00045F868B109E0037F032B11D107F03AFF40
:10DFE00004460E4808F03AF828B10CB96FF08F04D7
:10DFF000204602B010BD002C08BF6FF08704F7E781
:10E00000022B07D1032303770379FF2BD8D16FF0BD
:10E010008404D6E76FF09604D3E700BFE005002143
:10E020002DE9F04190461E46002288B0038805463F
:10E030000F460592CDF81C803260B8F1000F57D022
:10E04000B8F1005F80F09A8023F0FF03B3F5E24F50
:10E0500002D0B3F5824F24D1284607F030FC0446A5
:10E06000002840F08280EB6883B16B8873B1288808
:10E0700000F44F42B2F5824F02D0B2F5884F05D17D
:10E08000C0B2222828D01FD812282AD03A4600230E
:10E0900008EB070112F8010B8A4243EA0003F9D1A9
:10E0A00033B3284605A9FFF719FF044660BB059B5B
:10E0B0009A6E72BB6B681B0A1DD1079A059B412A99
:10E0C00026D96FF085041FE02738C0B21B28DDD8A1
:10E0D0002C4AC240D207D9D50733B8EBD30FD5D2DB
:10E0E00006E040F209229342F6D1B8F1400FCDD8B4
:10E0F0006FF0860439E042463946284607AB07F000
:10E10000C8FE04460028D8D00598FFF739FF2CE058
:10E110009A6659882846069106A9029103F168017A
:10E12000CDE9002124334246394607F0DAFE0446A1
:10E130000028E9D10599069B4A88D2B94B804FF651
:10E14000F873069A9A42BCD82B88059813B10288B6
:10E150009A4210D16B8813B142889A420BD1314652
:10E16000FFF79AFD04460028CED1204608B0BDE84E
:10E17000F0819A42E3D06FF08604C5E76FF0850422
:10E18000F3E700BF0102000C2DE9F0411E46002319
:10E1900088B0079301F0FE43B3F1806F0C469046C0
:10E1A000109F11D06FF08605079800F027FB00281C
:10E1B00014BF02462A4610463B68D11723EA0103E2
:10E1C0003B6008B0BDE8F0810B464FF4007207A930
:10E1D000FFF7A6FD05460028E6D10798038803F45B
:10E1E000E042B2F5005F17D10121C3F3022213F41C
:10E1F000E06F01FA02F10FD01B4D24F48072AA42A5
:10E2000012D005F50075AC420ED0184DAC420BD0C3
:10E21000A5F53F45AA4207D042F20402934215D128
:10E22000134B9C4219D10C21B142BBD80F9B0497D0
:10E2300003930E9BCDF80080CDE9016300F124012A
:10E240002346826E07F0A3FE0546ADE742F20702C1
:10E25000934202D1064B9C4204D0064B9C42E5D12E
:10E260000D21E1E71821DFE70010C00400FF4004A2
:10E27000000180040013C00438B504460D46FFF7C2
:10E280002FFD30B12A462146BDE83840024807F04C
:10E29000DABE6FF0880038BD702E0021002273B501
:10E2A00003880A600092428804460D46002A00F066
:10E2B000FB80028802F4E042B2F5804F00F0F48067
:10E2C00023F0FF03B3F5E24F02D0B3F5824F05D13F
:10E2D000204607F0F4FA0646002848D16946204651
:10E2E000FFF7FCFD0646B8B900998A6E72BB6368F9
:10E2F0001B0A40F0CD802288618802F4E043B3F528
:10E30000805F0DD0B3F5005F0AD002F44F40B0F546
:10E31000824F2FD06FF085060098FFF731FE26E080
:10E32000104607F080FB06460028F5D147F20103AE
:10E330009A4231D14B080133DB0803EBC3033B3373
:10E340000193DDE90012412AE4D88A6601F16803ED
:10E350002046243107F0A7FD06460098002E40F025
:10E36000A0802946FFF798FC06460028D4D1304605
:10E3700002B070BDB3F5E04FCCD147F201039A4231
:10E38000D8D022F0FF03B3F5884F15D1CB1DDB08A1
:10E3900003EB43030133D3E744F201039A4202D172
:10E3A000CB081033CCE722F0FF03B3F5E84FEAD1F6
:10E3B000CB1DDB085B00C3E7B3F5EE4F66D0B3F5CA
:10E3C0008E4F02D1CB1DDB08BAE702F44F40B0F507
:10E3D000824F02D0B0F5884F06D1D0B2422801D189
:10E3E000CB08D7E74128EDD0B3F5E24FEAD0B3F53B
:10E3F000824F03D1CB1DDB085B00CBE744F20D035A
:10E400009A4223D844F201039A42DBD9A2F5804212
:10E41000023A0B2AD6D801A353F822F061E4010195
:10E42000C5E301016DE40101C5E30101C5E301019B
:10E4300075E401017DE40101C5E30101C5E30101CA
:10E4400085E40101C5E3010185E4010147F202030E
:10E450009A421BD047F204039A42B3D140236FE79C
:10E460004FF4A0724B095343203369E74FF4C07255
:10E470000B0AF8E7CB1DDB08183361E7CB1DDB087F
:10E480001C335DE7CB1DDB08023393E7202357E7FE
:10E49000204601A907F002FD064600283FF451AFCF
:10E4A0003AE707F011FB37E76FF086065FE700BF3A
:10E4B00010B51B4C1B4807F0CBFD2378590744BF10
:10E4C00003F0FB0323709A0705D500F0F5F82378D5
:10E4D00023F002032370134807F0C0FD124807F031
:10E4E000B7FD637813B1114807F0B0FD0023042194
:10E4F0000E48637000F0F0F90B4807F0AFFD0948D3
:10E5000007F0A6FD2378DB0705D507F0C1FC2378CB
:10E5100023F0010323700348BDE8104007F09EBDBF
:10E520006C2E0021C8050021B0050021702E0021AD
:10E5300070B5FFF7D5FB10B10024204670BD3448FC
:10E5400007F086FD044620B16FF08F04FFF7B0FF9F
:10E55000F3E7304D2B789E0706D400F0A5F804466B
:10E560002B7843F002032B70294807F077FD10B198
:10E57000002CE9D0EAE7002CE8D1254807F068FD37
:10E5800004460028E0D12B78D80706D407F07EFC9B
:10E5900004462B7843F001032B701D4807F05EFD05
:10E5A0000028E5D1002CD1D1194807F051FD0028F1
:10E5B000CAD117482E7807F051FD0028C4D116485B
:10E5C00007F046FD04460028BED16B783BB9F10741
:10E5D00005D5124807F035FD022304466B700E483E
:10E5E00007F03CFD0028C3D1002CAFD1084807F04C
:10E5F0002FFD0028A8D12B7805485A075CBF43F0AF
:10E6000004032B7007F02AFD002895D09CE700BF7B
:10E61000C80500216C2E0021B0050021702E0021BC
:10E6200000F140420F2A30B50CD86C241C4B04FB7F
:10E6300002331A7F022A02D15A69824224D06FF033
:10E640008B001AE06FF04043441E9C420ED2144AE5
:10E6500000241346157F022D02D15569854210D042
:10E660000134102C02F16C02F4D1E8E70D4BA2F555
:10E6700080529A42EBD96FF0870030BD6FF0960060
:10E68000FBE76C2202FB04331A7F022AF6D11A6AD6
:10E69000501CF3D001321A6200200B60EDE700BF7E
:10E6A000742E0021FFDFFF3F0122024B002083F880
:10E6B000C0267047742E00212DE9F0410A4C002538
:10E6C00026464FF0010803272046C4F8208027770C
:10E6D000013507F004FA102D04F16C04F4D1002385
:10E6E00086F8C036BDE8F081742E0021F8B5244DBF
:10E6F000064624480F4607F0ABFC95F8C046214873
:10E7000007F0ACFC002C34D000242B462246197FA5
:10E71000F9B13CB9022905D1196A19B91979002949
:10E7200018BF1C460132102A03F16C03EFD114B953
:10E730006FF08C000BE0237F022B04D1236A5A1C5C
:10E740001CBF01332362204607F0C9F910B1002431
:10E750000DE01C46237F7BB90123237736B10A4B9A
:10E76000651BAD105D4305F18045356000203C60C0
:10E77000F8BD6FF08800EAE76FF09600E7E700BFAA
:10E78000742E0021C805002113DA4B68002370B5F0
:10E790000B60044616480D4607F05AFC154B14480A
:10E7A00093F8C06607F05AFCFEB1134807F050FC1E
:10E7B000064618B16FF08F04204670BD20462946EA
:10E7C000FFF72EFF10F18C0F044607D00A4807F020
:10E7D00045FC0028F0D0002CEED1EBE706482E6077
:10E7E00007F03CFC6FF08704E6E76FF08804E3E78E
:10E7F000C8050021742E0021E005002110B5044653
:10E80000084807F025FC40B9204607F023FB0446E2
:10E81000044807F023FC10B10CB96FF08F042046B8
:10E8200010BD00BFE005002170B40A4EDCB245689F
:10E8300044F00074B4424FEA152503D035B970BCDA
:10E8400000F0B0B86FF0850070BC70476FF08600C4
:10E85000FAE700BF05000002F7B5089E0D4FF5B2BC
:10E86000044645F000754868BD424FEA10200AD0C2
:10E8700060B9009604F1080000F060F808B91C23A4
:10E88000236003B0F0BD6FF08500FAE76FF08600FB
:10E89000F7E700BF05000002F7B5089E0D4FF5B27F
:10E8A000044645F000754868BD424FEA10200AD082
:10E8B00060B9009604F1080007F0CDFC08B91C23EC
:10E8C000236003B0F0BD6FF08500FAE76FF08600BB
:10E8D000F7E700BF0500000210B50A46044619B16B
:10E8E000024B00211B68984710BD00BFC076020193
:10E8F0007FB50024C0F848410F4C0546009407F04E
:10E9000051FB044698B9102203AB05F59C760193A0
:10E9100028463346009205F5947107F056FB0446ED
:10E9200028B9304607F0C6FB204604B070BD284623
:10E9300007F057FBF8E700BF004440042DE9F04121
:10E940001E46069B1746154A23F47E13934204463F
:10E950000D461BD10B88B3F5105F17D1A6F110023D
:10E96000102A17D80E4BD340DB0713D54FF4A672ED
:10E97000002107F089FD022384F84C313A463346E2
:10E9800029462046BDE8F041FFF7B2BF6FF0850091
:10E99000BDE8F0816FF08600FAE700BF0002C00317
:10E9A000010101002DE9F04323F47E16124BDDF83E
:10E9B0002C909E42DDE9077CDDE909E815D103884A
:10E9C000B3F5105F11D1A2F11004102C11D80B4D2A
:10E9D00025FA04F4E3070CD53B46CDE90989CDE9D6
:10E9E00007CEBDE8F04307F00DBC6FF08500BDE831
:10E9F000F0836FF08600FAE70002C0030101010016
:10EA0000F7B50F46B7F5105F114604461A46089D44
:10EA10009DF824601BD1A3F11007102F14D80D4BC3
:10EA2000FB40DB0710D50C4B25F480679F420ED1CD
:10EA300073000093002300F0BFF8002084F81C61ED
:10EA4000C4F8185103B0F0BD6FF08600FAE76FF01C
:10EA50008500F7E701010100004040042DE9F04185
:10EA60001F46D0F8183116460F4A23F480639342AC
:10EA70000546884611D1314600F0BEF8069B044693
:10EA800098420DD8334628464246394600F0C2F82F
:10EA90000020079B1C60BDE8F0816FF08500FAE75D
:10EAA0006FF08900F7E700BF00404004F0B5008830
:10EAB000C9B0B0F5105FDDF848C1DDE94E64DDE9AD
:10EAC000507E0FD1A2F11000102836D81E4D25FA25
:10EAD00000F0C00731D51D48834206D000F58060A4
:10EAE00083421BD06FF0850016E00F2C25D9230739
:10EAF00023D1103C744523D80223CCF8004003A84E
:10EB00000093334600F058F8234606F1100203A89C
:10EB1000394600F07FF8002049B0F0BD14F00F0333
:10EB20000BD174450CD80220CCF80040009003A80B
:10EB300000F042F823463246E9E76FF08600EBE743
:10EB40006FF08900E8E700BF0101010000404004C8
:10EB500070B5184E049CB342458802D06FF0850012
:10EB600070BDEE1DB2EBD60F4FEAD60302D06FF0A8
:10EB70008600F5E7079A934218D8089A136047F27F
:10EB8000121200889042E9D1059A5B00013393424A
:10EB9000EDD12378042BEAD1B5F5807FDED106983C
:10EBA000621C00F067F90028DAD0E0E76FF0890016
:10EBB000D6E700BF00000209F8B5069F04461D46CF
:10EBC00061B11646AFB9E1F777FC002384F8116113
:10EBD00084F8127184F8103184F8133145B1102291
:10EBE000294604F1F00007F042FC012384F81331B8
:10EBF000F8BDE1F7F5FDE8E751B190F8103190F874
:10EC000012210B4402F001029B1A23F00F007047FF
:10EC1000084670472DE9F04F1E4690F8123187B034
:10EC200090F810910093002E52D0924603F0010804
:10EC3000C9F1100208EB0203B342044600F58077E5
:10EC400000F2C3800D46002A40F0B280009B002BEA
:10EC500069D194F8133104F1F009C846002B40F053
:10EC6000C08022463946484694F81131E1F7D0FA7F
:10EC70000F2E40F2CD80D046A6F1100323F00F03F3
:10EC80001033019305EB030B94F813311BB31023DE
:10EC900041464A4638469844E2F796F810224946DB
:10ECA000284607F0E4FB103522463946484694F8DA
:10ECB0001131E1F7ADFA5D45E6D116F00F0623D12B
:10ECC00084F81061C84610224146584607F0CFFB31
:10ECD00007B0BDE8F08F41461022384607F0C7FB69
:10ECE00010224946284607F0C2FB10352246394615
:10ECF000484694F81131E1F78BFAAB4508F110085A
:10ED0000C2D116F00F06DBD0019B9A44514638461B
:10ED1000324607F0ACFB009B84F81061002B7DD0DD
:10ED20000DF10808CFE794F811312246394602A8C0
:10ED3000E1F704FC94F81331002B5BD1B8F1000F1C
:10ED40000CBF4FF010094FF011094E4529D304F1C3
:10ED5000F00801E04E4524D3102251463846924433
:10ED600007F085FB1022284602A907F080FB94F8E3
:10ED700011312246394602A8E1F7E0FB94F813313D
:10ED8000103E1035002BE5D002A90846424610235C
:10ED9000E2F71AF810223946404607F068FB4E4564
:10EDA000DAD22EBBAB460DF1080884F810618AE771
:10EDB000514607EB0900924407F059FB009B103EB7
:10EDC0004E44002B3FF445AFADE707EB0900514639
:10EDD000324607F04CFBB14484F8109107B0BDE80F
:10EDE000F08F10234A4639463846E1F7EDFF38E701
:10EDF000AB468BE702A904F1F0094A460846102306
:10EE0000E1F7E2FF48461022394607F030FB95E76C
:10EE1000002EEDD1AB4684F8106154E704F1F009FF
:10EE200050E700BF00B589B00146684600F03EF8E3
:10EE300009B05DF804FB00BF00B591B0014668461B
:10EE400000F06CF911B05DF804FB00BF30B599B06B
:10EE50000546684600F02AF86946044608A800F00E
:10EE600055FA034608A928461C4300F08BF92046B2
:10EE700019B030BD70B598B005466846164600F02A
:10EE800015F83146044608A800F048F9034608A9D9
:10EE90006A4608461C4300F083F9034608A9284641
:10EEA0001C4300F06DF9204618B070BD38B50B68F2
:10EEB000124D1BBAC3614B682A461BBA83618B682B
:10EEC00004461BBA4361CB681BBA03610B691BBACA
:10EED000C3604B691BBA83608B691BBA4360CB6903
:10EEE00001461BBA0360E1F79DFC034620461C4621
:10EEF00029461A46E1F7B6FC601E38BDC476020109
:10EF00002DE9F04106460C46904688B0684602F16D
:10EF1000200106F12007E2F741F86A466946684693
:10EF2000E1F75EFF69463846E2F738F83A46394677
:10EF3000384604F12005E1F753FF6A466946684602
:10EF4000E1F74EFF41462846E2F728F86A46414677
:10EF50003046E2F70BF82A4629466846E1F740FFBB
:10EF60002A4669466846E1F73BFF69466846114A0A
:10EF7000E1F736FF69462046E2F710F832462146AF
:10EF80002046E1F76BFF324621462046E1F766FF57
:10EF9000224631462846E1F761FF6A46294628465F
:10EFA000E1F7E4FF3A4629462846E1F757FF08B063
:10EFB000BDE8F081A4770201F0B504460D4699B092
:10EFC0002A4668462146E1F749FF69466846E1F767
:10EFD000E5FF6A46214608A805F1200604F120074E
:10EFE000E1F7C4FF6A4629466846E1F7BFFF3246AB
:10EFF000394610A8E1F7F4FE324639463046E1F7CB
:10F000002DFF31462846E1F7C9FF6A46204608A988
:10F01000E1F7E6FE224629462846E1F71FFF6A4649
:10F02000684608A9E1F71AFF6A4639463846E1F70B
:10F030009DFF2A46684608A9E1F710FF6A46314657
:10F040003046E1F793FF3A4631463046E1F706FF96
:10F05000684610A9E1F7A2FF224669462046E1F77B
:10F06000FDFE08A922460846E1F7F8FE10A9084669
:10F0700008AAE1F77BFF3A46384610A9E1F7EEFE11
:10F0800019B0F0BD2DE9F04105460C46904688B018
:10F090000A4668462946E1F7E1FE69466846E1F717
:10F0A0007DFF6A462946284604F12006E1F75EFF07
:10F0B00005F120076A4621466846E1F757FF3246C8
:10F0C00039463046E1F7CAFE31462046E1F766FF91
:10F0D0002A4621462046E1F7C1FE6A4621462046DF
:10F0E000E1F7BCFE6A4629464046E1F7B7FE4246D4
:10F0F00039463846E1F73AFF224629466846E1F7A5
:10F10000ADFE6A4631463046E1F730FF3A463146B9
:10F110003046E1F7A3FE08B0BDE8F08170B50446C3
:10F120000D4690B004F1200600F014F9304605F1C8
:10F13000200100F00FF9214608A8E1F72FFF08A9E8
:10F1400008460D4AE1F74CFE08A922460846E1F7B9
:10F150000DFF08A90846094AE1F742FE3146684614
:10F16000E1F71CFF202269460DEB0200E1F70AFEE1
:10F17000013810B070BD00BFA4770201847702018E
:10F1800000F002B938B505460C4600F0FDF805F16F
:10F19000200004F12001BDE8384000F0F5B800BFC0
:10F1A00013462DE9F047B8B08946544A19468046BF
:10F1B00010A8E1F737FB5249024610A8E1F752FBCD
:10F1C0000746179E4D4907EAD676C6F1010210A8F8
:10F1D000E1F748FB179C4A46E44328A918A8FFF723
:10F1E0008FFEE40F20A90846C4F101024FF0FE0A89
:10F1F000C7F1010700F090F825466A4618A928A82B
:10F20000FFF740FF4FEA6A1338AA02EB830353F873
:10F21000A04C0AF01F03DC4004F0010465402A46BC
:10F2200028A918A8E1F77AFB2A4630A920A8E1F717
:10F2300075FB0AF1FF3A28A918A8FFF7BDFEBAF13D
:10F24000FF3FD9D1C4F1010220A908A800F064F859
:10F2500066406A4618A928A8FFF714FF324628A975
:10F2600018A8E1F75BFB324630A920A8E1F756FB6E
:10F2700008A96A460846E1F779FE08A9084600F0A1
:10F280009DF808A908F12004084609F12002E1F7D9
:10F290006DFE204620A908AAE1F768FE08AA684684
:10F2A00018A9E1F763FE69466846E1F777FE18AAF8
:10F2B000694608A8E1F75AFE21466846E1F76EFE66
:10F2C00008AA69461046E1F7C9FD68460D4A08A933
:10F2D000E1F7C4FD20462021E1F768FD024608A9B8
:10F2E000684654423C43E1F719FB40466946064AEA
:10F2F000E1F73CFE204638B0BDE8F0870477020114
:10F300002477020184770201E47602010A4601496A
:10F31000FFF746BF4477020170B588B004460D463A
:10F32000164600212022684607F0AEF80023294641
:10F3300020222046009307F09AF82A46694668463C
:10F34000E1F78CFD324669462046E1F7E7FA08B05E
:10F3500070BD00BF0B681BBAC3614B681BBA8361E9
:10F360008B681BBA4361CB681BBA03610B691BBA7C
:10F37000C3604B691BBA83608B691BBA4360CB695E
:10F380001BBA0360704700BFCB691BBA03608B696F
:10F390001BBA43604B691BBA83600B691BBAC3601D
:10F3A000CB681BBA03618B681BBA43614B681BBAFD
:10F3B00083610B681BBAC361704700BF70B50D460F
:10F3C000052498B0064610A8E1F7E8FD2A466846ED
:10F3D00010A9E1F7CBFD694610A8E1F7DFFD10A900
:10F3E0000846E1F7DBFD6A4610A908A8E1F7BEFD73
:10F3F00008A910A8E1F7D2FD10A90846E1F7CEFD53
:10F4000010A90846E1F7CAFD10A90846E1F7C6FDB4
:10F4100010A908AA0846E1F7A9FD10A90846E1F7D6
:10F42000BDFD10A90846E1F7B9FD10A96A4608A874
:10F43000E1F79CFD08A910A8E1F7B0FD10A9084666
:10F44000E1F7ACFD013C10A9F5D1084608AAE1F7A7
:10F450008DFD052410A90846E1F7A0FD10A9084676
:10F46000E1F79CFD013CF5D110A908AA0846E1F797
:10F470007DFD10A908A8E1F791FD08A90846E1F76C
:10F480008DFD08A96A466846E1F770FD10246946BB
:10F4900010A8E1F783FD10A90846E1F77FFD013CC4
:10F4A00010A9F5D12A460846E1F760FD402410A9CD
:10F4B0000846E1F773FD10A90846E1F76FFD013C2E
:10F4C000F5D110A96A460846E1F750FD102410A9AD
:10F4D0000846E1F763FD10A90846E1F75FFD013C2E
:10F4E000F5D110A96A460846E1F740FD102410A99D
:10F4F0000846E1F753FD10A90846E1F74FFD013C2E
:10F50000F5D110A9084608AAE1F730FD2A46304691
:10F5100010A9E1F72BFD18B070BD00BFF8B54F4A38
:10F520000D460023D0E90001EDF7DEFE002A044677
:10F53000B7BF02F5A8324A4B4A4B02F5C072E41835
:10F5400041F100064FF46161E01CB2FBF1F301FBF5
:10F5500013224FF03C01AB60B2FBF1F301FB13222D
:10F5600046F100016B6000232A600722EDF7BCFE24
:10F57000002A54DA0732AA613B4800233B4A20188C
:10F5800066F10001EDF7B0FE384B48F6AC6140F291
:10F59000B45703FB104440F26D164FF0050CB4FB5A
:10F5A000F1F1B4FBF7F32144C91A314BB4FBF3F387
:10F5B000C91A48F69463B1FBF3F3B1FBF6F2B1FB61
:10F5C000F7F123445B1A992106FB123303EB830402
:10F5D0005E1C0234B4FBF1F779430231B1FBFCF15C
:10F5E000761A40F2F9518C424FF4C8748CBF6FF018
:10F5F0000901022104FB00203944012998BF013090
:10F60000B3F5997F13D3A3F59973A0F26C70EB61F6
:10F610000023EE60C5E904102B622846F8BD002ED9
:10F62000AA61A9DB114A002320463146AAE79707C1
:10F6300010D14FF0640C92FBFCF70CFB17275FB95D
:10F6400092FBF4F704FB1722B2FA82F252093B3321
:10F650001344DAE70022FAE70122F8E780510100BB
:10F660006CFA0A006BFA0A0050C5FDFFB13A0200BD
:10F67000B03A02000CB430B58BB004460D462022DF
:10F68000002102A806F000FF0223002D06948DF849
:10F690000A300C4B039312DB01D06B1E1C440FAAE3
:10F6A0000E9902A80794019200F074F815B1069B18
:10F6B00000221A700BB0BDE8304002B07047002441
:10F6C000EDE700BFC7650201242AF0B5044601D862
:10F6D000012A40D12E4B1622F3F756FE1A5001B1E3
:10F6E0000C600020F0BD2F463D4615F8010B202888
:10F6F000F9D0A0F109060346042EF4D92B282CD00A
:10F700002D282CD101262B78BD1C302B2DD128780B
:10F7100040F02000782824D132F0100021D16B78FD
:10F720002C46102202350020392B82BF03F1FF3313
:10F7300043F02003263B303B9A421AD9A0FB020437
:10F740000CB9C01801D346F002062F462C4617F814
:10F75000013B3D46E8E70746C6E70026D3E700261B
:10F76000D3E7002A08BF0822DDE7002A08BF0A22E3
:10F77000D9E701B10C60F20748BF4042B307B1D5E9
:10F78000034B2222F3F700FE1A504FF0FF30A9E797
:10F790000C0000002DE9F04F43688BB08046924684
:10F7A000009383789C0740F1F980002508780028B1
:10F7B00000F0F68025280AD04B1C01930135414604
:10F7C000009B98470028C0F2E3800199EEE74E784D
:10F7D0008B1C252E0193F1D000270A22B9463C4606
:10F7E0001F2C22D8A6F12003102B20D8DFE803F02D
:10F7F000141F1F1A1F1F1F0B1F1F1F121F171F1F52
:10F80000090044F00104019B13F8016B0193002EE1
:10F81000E6D13AE044F0020444F00404F3E744F093
:10F820000804F0E744F01004EDE77F2C24D8A6F19B
:10F830003003092B08D860064EBF02FB073744F09F
:10F84000200402FB0939DEE72A2E0DD161065AF8A1
:10F85000043B53D4002BA7BF44F020049946C3F1C6
:10F86000000944F02804CEE72E2E05D1630600F1EE
:10F87000978044F04004C6E76C2E2ED028D8682E1E
:10F8800032D06A2E37D04C2E35D0002F46F02003D0
:10F89000B8BF24F04004A3F16502BCBF0027A4B2A6
:10F8A000022A01D9612B2BD10AF1070A07279D4EA5
:10F8B0002AF0070A0AF1080A210760D506EB070BB0
:10F8C00034465C455DD1AE1BA9EB0709A21959E18D
:10F8D000742E98D07A2E96D0D7E7260648BF44F4E7
:10F8E000007444F080048EE7E00548BF44F40074DF
:10F8F00044F4807487E744F4207484E71F4682E769
:10F90000A6F16302122A00F2D880DFE812F0130099
:10F910004D00D600D600D600D6004D00D600D60049
:10F92000D600D600D600E800D100D600D6001A00D6
:10F93000D600A0005AF8043B012704AE8DF8103021
:10F94000BAE75AF8046B784B002E08BF1E4614F035
:10F95000400F304614BF39464FF0FF3106F0D1FD5D
:10F960000746A9E741462020009B984700280FDB67
:10F97000013CA742F6D34D44A1462D1B9EE74C46C1
:10F98000F7E7414614F8010B009B9847002898DAE6
:10F9900098F8023043F0040388F802304FF0FF3546
:10F9A00028460BB0BDE8F08F220630D5A3052AD536
:10F9B0000AF1070A2AF007039A4659685AF8080B11
:10F9C00024F0100B00291FFA8BFB2FDA40424BF476
:10F9D000806B61EB410104AC0A23224606F09DFDD9
:10F9E0001BF0400FA0EB040200F08E802BF001040E
:10F9F0009742A4B240F38F80002E40F08E802BF00F
:10FA00001104A4B21DE05AF8040BC117D8E7E005B1
:10FA10005AF8041B01D40846F7E7A20547BF48B2CD
:10FA200041F3C01108B241F3C031C9E750EA010304
:10FA3000D1D16306CFD5002FCDD124F011043A46A1
:10FA4000A4B23B4640F206410C4262D124E024F0CD
:10FA500010040A23A4B214F0800243D014F40071FD
:10FA600017BF0AF1070A5AF8040B2AF00702924658
:10FA70001CBF51685AF8080B50EA01023ED124F02D
:10FA8000160B62061FFA8BFB3CD5002F3AD124F0EF
:10FA900017043A463B46A4B221075AD4E10705D5DC
:10FAA000994572DDA9EB03039F184B469B464AE03C
:10FAB00044F0100410237826CDE7782B04D1C6F14A
:10FAC000780343F01003C6E741462520009B984782
:10FAD0000028FFF65DAF02354146304670E6082348
:10FAE0000026B8E714F480715AF8040BC4D014F45B
:10FAF00000711ABFC0B2114680B2BDE724F00604FF
:10FB00001FFA84FB04AC68E713465C46E10699D50E
:10FB10002EB90133C0E71346F8E73B46F6E7023358
:10FB2000BAE700BFA68002019F800201CDE9023240
:10FB300041462020009B98470028FFF629AF0BF193
:10FB4000010BDDE90232D945F0DCEB1A03EB0B05C2
:10FB50005B46E10627D541463020CDE90232009BC5
:10FB600098470028FFF614AFDDE902327EB901356F
:10FB70002F44791B8A4229DB144604AE94BB2A44E5
:10FB8000A9EB03091546914440E017468EE702357C
:10FB900041463046CDE90232009B98470028DDE916
:10FBA0000232E5DAF4E640F206410C42E0D014F00D
:10FBB000020F05F10105414614BF2B20202014F44B
:10FBC000806FCDE9023218BF2D20E5E7CDE9023282
:10FBD0004146009B3020013598470028DDE902327C
:10FBE000C7DAD5E6013C4146CDE90232305D009BE3
:10FBF00098470028DDE90232C0DAC9E641462020F4
:10FC0000009B013598470028FFF6C2AEA9EB05031B
:10FC1000002BF3DCD9E500BF704700BF704700BF81
:10FC2000704700BF704700BF704700BF704700BFFC
:10FC3000704700BF704770B50D461C469DF81430E4
:10FC400011469B07BDF81000EE680AD50519142D62
:10FC50000ADC2246304406F00AFC00237355204695
:10FC600070BD6FF0FB04FAE76FF00604F7E7F8B534
:10FC70001C469DF81C300E4613F001051146BDF8D8
:10FC800018000AD107194A2F09DCF66822463044C9
:10FC900006F0EDFBF5552046F8BD0024FBE76FF0BC
:10FCA0000604F8E770B50C46BDF81000E668C51804
:10FCB000142D11461C4607DC1A46304406F0D7FBCB
:10FCC00000237355204670BD6FF00604FAE72DE956
:10FCD000FF41D1F80C80054640461F460C461646AB
:10FCE000F1F737FABDF8283080B2CDE901800093F2
:10FCF00032463B462146284603F0C2FB04B0BDE82D
:10FD0000F08100BF704700BF704700EBC100408822
:10FD100040087047F8B50346FFF7F7FFB0FA80F0E8
:10FD2000C0F11F0003EB800CDCF81060CA00171D47
:10FD30000C4606328DB256B9012101FA00F0D9689D
:10FD40000143D960CCF81040DD539D52F8BDF1005D
:10FD50000431585AD85303EBC0009E52C5805D52FF
:10FD6000F4E710B500EBC104E388994202F1040105
:10FD70000AD1012303FA02F2C36823EA0203C36033
:10FD8000002340F8213010BDA28840F8213000EB5C
:10FD9000C20100EBC300CB808280F4E708B50346C4
:10FDA000FFF7B3FFB0FA80F21846BDE80840C2F191
:10FDB0001F02FFF7D6BF2DE9F843B1FA81F3C3F173
:10FDC0001F0200EB8209D9F8107006460D4687B96C
:10FDD0004FF0FF34C3F120039C40F3681C4014D063
:10FDE00094FAA4F2B2FA82F2131D56F82340214687
:10FDF00008E03C464FF0030821463046FFF785FFF8
:10FE0000A84205D33046FFF7ACFF2046BDE8F88393
:10FE100006EBC404E488B8F10108C9F81040D7D053
:10FE2000A742E9D1D4E738B50446FFF76EFF0D4687
:10FE3000034611462046FFF768FF03449BB204EBDC
:10FE4000C5055A0020466A80FFF75FFF014424F889
:10FE5000313038BD70B50B460446FFF756FF04EB52
:10FE6000C305511A9B1A89B203444E009BB26E809F
:10FE700004EBC2005D00458024F832102046114694
:10FE8000FFF743FF014424F8313070BDF8B5002975
:10FE900051D004680D1F2D1BEE0825F007056219CF
:10FEA000538813F0010306D183F31188BFF36F8FDA
:10FEB0000423184602DF31462046FFF726FF304470
:10FEC00034F83030C01A864207D0002383F31188FB
:10FED000BFF36F8F0423184602DF5388314623F0A7
:10FEE000010353802046FFF710FF371804EBC703C8
:10FEF0005B88DA0708D439462046FFF74FFF3A46B9
:10FF000031462046FFF78FFF655B751B04EBC50389
:10FF10005B88DB0709D429462046FFF73FFF3246BE
:10FF200029462046FFF77FFF2E4631462046BDE892
:10FF3000F840FFF7EFBEF8BD70B509B9002070BDFD
:10FF4000056801F007030B33CC0804EBD304AB685E
:10FF500028469C4228BF1C462146FFF72CFF064638
:10FF60000028EBD001462846FFF7CFFEA04207D974
:10FF700028463219FFF76EFF11462846FFF7CAFEE2
:10FF800005EBC60210465388043043F0010353804A
:10FF9000D5E71146FFF7D0BF043A2DE9F843CC1D51
:10FFA000114424F0070421F00706A6EB04084FEAE9
:10FFB000D807B7FA87F24FF00009C2F12405AD0067
:10FFC0000735C2F12002ED0804604946A760C4F875
:10FFD0000C90920004F1100006F056FAAAB25300F9
:10FFE00043F0010363807B1B9BB204EBC501580007
:10FFF000A4F80090488024F83520A6F8029024F850
:020000040102F7
:10000000083004EBC7035A88294642F001025A809F
:100010002046BDE8F843FFF77DBE002070470FB4CF
:1000200007B504A951F8040B0191F1F7D5FD03B010
:100030005DF804EB04B070470FB407B504A951F89C
:10004000040B0191F1F7C8FD03B05DF804EB04B0B7
:100050007047F0B564230446042500204FF00A0CD5
:1000600011B1013D01D12570F0BDB2FBF3F79A4209
:10007000FEB202D2012B00D030B13036013901304E
:1000800004F8016BC9B2C0B203FB1722B3FBFCF347
:10009000D2B2E5E7A0F13003DBB2092B02D80B7036
:1000A00000207047A0F16103052B02D85738087073
:1000B000F6E7A0F14103052B01D83738F7E76FF0D9
:1000C00015007047F7B5054601F0010000EB510639
:1000D0009E424FEA510703D90026304603B0F0BDD7
:1000E00058B128780DF10701FFF7D4FF0028F3D1AC
:1000F0009DF80730013502F8013B01351744BA423B
:10010000EBD015F8010C0DF10701FFF7C3FF002834
:10011000E2D19DF807402401E4B2147015F8020BF7
:10012000FFF7B8FF0028D7D19DF807301C4402F82C
:10013000014BE4E7038B13F0070306D10368002BA0
:1001400018BF032008BF00207047022B05D1408B49
:10015000B0FA80F0400980007047012B04D1036899
:10016000002B18BF0520EDE70020704710B50C46A6
:1001700000B111B96FF0150010BD081D00F087F82F
:100180000028F9D1A368032BF6D9F3E72DE9F04154
:100190000D4607461946281D90461E4600F088F871
:1001A000044638B13346424629463846A446BDE89F
:1001B000F0416047BDE8F08110B4EFF311824024B4
:1001C00084F31288BFF36F8F416110BC0121F1F7F6
:1001D000A9BD38B50C46054658B151B10B6843B1BD
:1001E0004B6833B11C22002106F04EF900202C612F
:1001F00038BD6FF01500FBE7F8B504460E46FFF773
:10020000B5FF051E3BDBEFF31182402383F3128819
:10021000BFF36F8F4FF6FF71638B278B8B4207F015
:1002200007072ED0062F2FD8DFE807F0182E082E4C
:10023000180418006FF08505002303E00133638381
:100240000225012382F31188BFF36F8FBBB1002316
:100250003A4631462046FFF799FF10E0002333600D
:10026000636823B9C4E9006627B13D46E4E71E6030
:100270006660F9E702212046F1F754FD3D46284625
:10028000F8BD6FF00A05D7E76FF00405D4E7034621
:1002900058B1426802F00302012A03D0032A04D1B4
:1002A000026812B10020986070476FF01500704727
:1002B0004268034602F00302032A4FF00002816005
:1002C00014BF104600685A607047704710B48468C5
:1002D0006468A44610BC604770B4C66804680D0C1E
:1002E00006FB054489B2806A214484682468A446D8
:1002F00070BC60472DE9F0430646884617461C4609
:10030000C36A89B01D686D4205F020051CB92046FE
:1003100009B0BDE8F083AC42A14628BFA9466A46B1
:100320004B4641463046FFF7D7FF0028F0D16B46D9
:10033000484502D1241A8044E8E713F8012BBA4259
:1003400001D10130F4E70120E2E70B6803F58033C7
:100350000B60008A1A0CB0EB134F04BFA3EB0243EF
:100360000B60704738B5C26803680D0C090C044671
:1003700002FB0131806A2D0400F04EFE50B9E26AA2
:1003800029462046E3685279FFF7B4FF002818BFDA
:100390006FF0050038BD014610B507220446FF2066
:1003A000F9F794FFE07110BD2DE9F04F074653684F
:1003B000D06893B003445069C34203D1002013B006
:1003C000BDE8F08F0024A146F8683D680B0C00FBE7
:1003D0000355D7F82CB089B204ABDBF800800D448C
:1003E00092E8030083E80300D2E9020106AB83E848
:1003F0000300D2E9040108AB83E80300C8F100035D
:10040000019312AB03EBC90A5AF8346C4FEAC901E5
:10041000AEB909F10109B9F1030FF2D1002CCDD029
:100420000AAE9BF80510A8EB0402301906F02CF870
:10043000434632462946B86AFFF748FFBFE7B4B9DA
:10044000019B334013D05AF8382C2946B86ACDE9BD
:100450000223FFF73BFF0028B1D1DDE902231A4454
:10046000F61A4AF8382C4AF8346C1D44C9E7A8EB50
:100470000402B24228BF3246A2B101F148030DEB9B
:10048000030A5AF8381C0AAB1819CDE9021205F014
:10049000EEFFDDE902121144B61A4AF8381C4AF898
:1004A000346C14444445ACD123462946B86A0AAAA0
:1004B000FFF70CFF002882D125440446A1E7F8B5D8
:1004C0000D4606460722FF204C888F88F9F7FEFE6E
:1004D000EB79834205D13C44B4428CBF002001201B
:1004E000F8BD0020FCE70368012B81BFC91801F1AA
:1004F000FF315B4219400846704738B50D460A4641
:1005000081680446FFF750FFEB68696802461944AA
:100510006B69E06A1944FFF7E6FFA3680344A36030
:10052000104638BD70B50D4686B0044646681822A0
:100530000021684605F0A8FF029508256A46314665
:1005400020460395FFF730FF29460246E06AFFF791
:10055000CAFF63681B1A1046636006B070BD4FF691
:10056000FF7313B500220446ADF800308DF8063055
:1005700083686846ADF80420ADF80230FFF70BFF42
:1005800069462046FFF7CEFF02B010BD70B50646A3
:100590000C46C06A0821FFF7A6FF0546F068214611
:1005A000401B80B2FFF78BFF80B1A08878B94FF66F
:1005B000FF7322889A4209D16288F3689B1AB3FBC1
:1005C000F5F205FB1230B0FA80F0400970BD002052
:1005D000FCE7F7B504460D46C06A0821FFF783FF24
:1005E0000823074629682046FFF776FE06460028BE
:1005F00036D12B683B442B60E26899B2D21B914202
:100600002ED11A0C09BF228AA3F5803102F1FF32E4
:1006100003EB0241204608236A462960FFF75CFE8F
:10062000E8B9E36A5A796B4613F8011B8A420CD188
:1006300001300828F8D1636805E02B68BDF8022076
:100640006FF30F0313442B600AE069462046FFF75F
:100650009DFF0028F1D129462046F1F7B5FC06465A
:10066000304603B0F0BD2DE9F04F0446A1B024227E
:100670000D4617A8002105F007FF0821E06AFFF7E3
:1006800032FF8146636820466FF30F0306A9069385
:10069000FFF75BFE069BE66801931E44A6EB090686
:1006A00008233146204609AA0796FFF715FE0028C1
:1006B000C0F21581E36A09AA5979002312F8010BE7
:1006C000814240F0FB800133082BF7D1A3686268B8
:1006D0004B449A4280F0EB8020460199FFF742FE9E
:1006E000FDE0BDF826306FF30F061E440796204646
:1006F0000BAA07A9DDF81CA0FFF76BFF002840F04C
:10070000EE800BA91FFA8AF0FFF7D9FE48BB039BC6
:100710009A45ECD11022002113A805F0B5FE1F9ECA
:1007200017AB1193129695B1D4F82C80082140464E
:10073000FFF7D9FE2F890246F1194046FFF7D3FE95
:10074000A168636802440A44934280F09180002EBD
:10075000BCD0204611A9FFF7D0FE002840F0BF8092
:10076000B4E76768089720460DAA08A9FFF731FF8C
:10077000002840F0B480BDF83420BDF82C309A42F7
:1007800044D0089B62689A423ED1BA45BFD1BDF8B9
:100790003060002EBBD03DB12A88BDF82C309A4283
:1007A00002D12B89B342B2D9BDF82E803B0C1B0479
:1007B0009844E36A1F9A1B681644591E5B4203F073
:1007C00020030493A36801EA06001344009026EA7C
:1007D0000106ADF82E3006BB009B5BB11F9A17A92E
:1007E0009B1A20460A444146FFF776FD002876D141
:1007F000009B1F930BA8FFF7CEFD20460BA9FFF728
:1008000091FE002883D06AE01F46ACE70DA9B8B27C
:10081000FFF755FE0028B4D0B7E7049B1F9FB342F3
:1008200028BF334617AAA3EB070B029341465B464A
:1008300020463A44FFF750FD002850D11F9B014647
:100840005B44182211A8059305F01EFE17AB139305
:10085000059B204611A91493FFF74FFE00283ED1B7
:100860001F9BD844FF1A029B3744FE1A1F90B2E721
:1008700031446B68ADF83E10204611A9CDE913371D
:10088000FFF73BFE58BB2B880FA8ADF83C302B89F7
:10089000ADF84030FF238DF84230FFF77CFD204655
:1008A0000FA9FFF73FFED0B90123AB720EE7204638
:1008B000FFF755FE00283FF40FAF10E0A6EB090349
:1008C000204609A90393FFF761FE00287FF409AFD2
:1008D000204607A9F1F778FB00283FF408AF21B0C4
:1008E000BDE8F08F2DE9F04F1E46837C0446894613
:1008F000904695B0002B00F0CB80C26A08211046CC
:10090000FFF7F1FDB1B201901046FFF7ECFDE3688F
:10091000019A0746A3EB82038342C0F0BC801EB15C
:10092000B8F1000F00F0B780D4F804A0CDF810A003
:10093000204605AA04A9FFF74CFE0546002841D130
:10094000BDF814304B4507D0DDF810A0636853455F
:10095000EED1002E3CD135E005A91FFA8AF0FFF751
:10096000AEFD0028F0D0BDF818307EB3B3422FD1D1
:10097000B3464FEA1A43BDF816A01B049A44E36A33
:10098000CDF800801B685B4203F020030293029BBA
:1009900051465B4528BF5B4620460CAA0393FFF7F0
:1009A0009BFC002850D1039B00981A460CA905F027
:1009B00073FD68B9039B009ABBEB030B1A449A447E
:1009C0000092E4D1284615B0BDE8F08F002BF9D095
:1009D000002F3CD1BA4604F1140B4FF0FF324FF018
:1009E000FF335846FBF780FE238A9D424DD0D4E961
:1009F00001320AEB02018B422ED39BB263B3FF2379
:100A00000021ADF81E200CA818228DF82230ADF878
:100A10001C90ADF8206005F037FD20460CA9CDE90B
:100A20000E86FFF76AFD074648B907A8FFF7B3FC33
:100A3000204607A9FFF776FD074600B93746584616
:100A4000FBF7C4FE3D46BDE7C2DC0546BAE7019BA5
:100A50001F441FFA87FABEE72046F1F789FA3DB92D
:100A6000ADF82490CDF82880ADF82C608DF82E508C
:100A7000204609A9FFF7F7FD07460028DFD19DF8BA
:100A80002E300135002BAFD0D8E76FF01B07D6E72B
:100A90006FF00C0596E76FF0150593E700231A46F3
:100AA000FFF720BF2DE9FF471E46837C04460F4613
:100AB0009046BDF83090002B43D00821C06AFFF764
:100AC00012FDE368A3EB4003B3423DD34FF0000AAD
:100AD00065680195204602AA01A9FFF77AFD20BBAF
:100AE000BDF80830BB4206D102A9A8B2FFF7E7FC67
:100AF00050441FFA80FA019B62689A421AD0CA4594
:100B000016D9BDF80C30CBB1CA4517D3BDF80A10C1
:100B1000B3426FF30F0528BF3346424620462944AF
:100B2000FFF7DAFB08B9BDF80C0004B0BDE8F087A8
:100B30001D46CFE7BDF80830BB42E2D06FF00100A0
:100B4000F3E76FF00C00F0E76FF01500EDE713B579
:100B500000240094FFF7A6FF02B010BD704730B527
:100B60004C680368A34201D2012030BD8A68224448
:100B7000934201D30020F8E7D1E90452954203D310
:100B80006FF00B038B61F5E7CA681B1B42F8353029
:100B90004368086902EBC00253600B6901330B61C3
:100BA000E2E737B50C46C0B201A91546F1F7A0FB44
:100BB00000280CDB019850B121462A46F1F7BEFB14
:100BC00004460198FFF7CAFF204603B030BD6FF01E
:100BD0001504F9E72DE9FF41D1F80C8005464046A0
:100BE0001F460C461646F0F7B4FABDF8283080B21E
:100BF000CDE90180009332463B462146284602F06B
:100C00003FFC04B0BDE8F081F0B587B01F46044654
:100C10000D46164600F0EDFE022302930DF1160379
:100C20000193BDF83030ADF81600009332463B46D4
:100C30002946204602F024FC07B0F0BD70B592B002
:100C4000BDF8586015460021422201A81C4605F057
:100C50001BFC8EB9412C12D82246294601A805F06A
:100C600006FC04F148036B4401A803F8446CF3F755
:100C700089FD204612B070BD6FF00604F9E76FF0F1
:100C80000C04F6E72DE9FF411F460D4616460446C3
:100C9000F3F79CFD8046F0F75CFABDF8283080B28F
:100CA000CDE90180009332463B462946204602F0BA
:100CB000E7FB04B0BDE8F081082807D840F215131F
:100CC000C34013F0010F08BFFF207047FF2070479B
:100CD000072230B503888BB0A3F26C730693837838
:100CE0000446013B0593C3780D46049303790393AF
:100CF0004379029383790193C37901A8B3FBF2F29C
:100D0000C2EBC2029B1ADBB20793F0F797FFB1F177
:100D1000FF3F08BFB0F1FF3F034614D04FF47A7095
:100D2000A3FB003200FB0121C5E90031227A4243D6
:100D3000FF20B2FBF0F20020D31841F10001C5E919
:100D400000310BB030BD6FF08A00F8E770B519467E
:100D50008CB00446002310464FF47A72ECF7C4FAC4
:100D6000CDE90001FF211D46A2FB010600234FF43F
:100D70007A7201FB0561ECF7B7FA03A920726846A5
:100D8000FEF7CCFBB8B1089B03F26C732380079B82
:100D90000133A370069BE370059B2371049B637171
:100DA000039BA3719DF824301BB10020E3710CB0AC
:100DB00070BD0723F9E76FF08A00F8E7704700205D
:100DC00070470020F1F72EBD00221146F1F7F8BC64
:100DD000034610B508460AB10021116053B1D0B1E5
:100DE000411E11F8010F80B113F8014BA04201D14F
:100DF0003D28F6D100200EE0013313600AE03D28C3
:100E000008D0B0FA80F0400905E018782F28F6D114
:100E1000002AF1D1012010BD10B509B100230B60EB
:100E200058B103461A781C4601332AB13D2A03D033
:100E30002F2AF7D101B10B60201A10BD2DE9F34123
:100E4000DDF8208007460C4615461E460190B8F195
:100E5000000F07D0D8F8001081B9D8F804E0BEF12F
:100E6000000F14D1384601A9F1F722FD58B1C76827
:100E700033462A4621460198B84704E001AAFFF705
:100E8000A7FF0028E9D1002002B0BDE8F081D8F822
:100E900008302A46089321463346F446019802B0AA
:100EA000BDE8F04160470830704710B5134614465E
:100EB0000A4681880068FFF74AFEA042A8BF204684
:100EC00010BD2DE9F04F97B004469A46894601922D
:100ED00000297AD0DAB1BAFA8AF67609258F04F1B8
:100EE000080B0135ADB2A8466F1EBFB2B7F5004F73
:100EF00039D04A233946584603AAFFF728FE00286E
:100F000007DA10F1020F08BFB8463D46ECE70126AC
:100F1000E4E700F158030DEB0300002303A900F8F8
:100F20004C3C4846F0F70BF90028EED106BBB8461A
:100F3000B8F5404F4CD0238F04F10805434538D312
:100F400008F5804153462846019A89B2FFF7CAFC4A
:100F500000280ADB46B14846F0F7FBF84A4603464C
:100F6000414628461EE016B3002017B0BDE8F08FBA
:100F700039465846FFF792FD0028F6DB05F57F510C
:100F80003F31584689B2FFF789FD0028EDDB238FFA
:100F9000BB42E9D12246013B22F8383F4FF40041E1
:100FA00002235846FFF79EFC00EAE070DDE70126C9
:100FB000BEE7224602234FF40041284622F8388F2C
:100FC000FFF790FC0028BBDACFE76FF01500CCE705
:100FD0006FF00B00C9E773B5C36B04460363C3B17D
:100FE00000F108063046F1F721F8054670B90223F2
:100FF0004FF4004130460DF10602FFF7A8FD00282E
:10100000B4BF4FF40043BDF806302387284602B032
:1010100070BD6FF01205F9E72DE9F04187680446CD
:10102000FB680D4616469847BB682BB132462946E9
:101030002046BDE8F04118476FF05700BDE8F08149
:1010400005F022BA05F013BA01460068F1F7D4BDE5
:1010500008B5F1F701FEBDE80840F2F71DB900211F
:101060000120F1F7C9BD08B5F2F7C4F8F1F79CFD0E
:10107000F1F7A6FDF2F76AF9FBF77AFAD0F89430A7
:1010800083F30B8870476FF08500704761B662B6D6
:1010900080F31188BFF36F8F704708B5F2F7AAFC91
:1010A00072B6002383F31188BFF36F8F00F038F915
:1010B00050B1BFF34F8F30BF00BF00BF00BF00BFB4
:1010C00000BF00BF00BF00BF62B6BFF36F8F08BD97
:1010D00010B50446F2F78EFC72B6002383F3118834
:1010E000BFF36F8F00F01CF950B1BFF34F8F20BFDB
:1010F00000BF00BF00BF00BF00BF00BF00BF00BFF8
:1011000084F31188BFF36F8F62B610BD40E800F31F
:1011100013F4803FD8B208BF6FF01500704730B5A8
:101120000C684B6885B00A894D890094013B24F016
:101130001F04234402F01F0242EA451223F01F035A
:1011400069468DF808200393F2F75AF905B030BDCF
:1011500008B5F2F735FB002008BD70470023038275
:101160004369C3607047C1698968F2F795BBEFF3C3
:101170001182402383F31288BFF36F8F00230B602B
:10118000436833B9C0E9001182F31188BFF36F8F50
:10119000704719604160F7E7034610B5EFF311811E
:1011A000402282F31288BFF36F8F006828B15C6819
:1011B0000268A0421A6008BF5A6081F31188BFF329
:1011C0006F8F10BD027A01320272704703461846D3
:1011D0005B68002BFBD17047426810B52AB10B4603
:1011E0001C465B68002BFBD16260416010BD10B5EE
:1011F000044620B908460B7A01330B7210BD034632
:1012000018465B68002BFBD1FFF7E6FF2046F5E7A9
:1012100092B281600160C2808280704783680B4413
:101220000360704703680B6043684B6083688B60A2
:1012300070478388026819448180D018704730B4A1
:1012400084880568A3188380281930BC05F00FB97D
:1012500010B5838802685C1C8480D154D01810BDFE
:10126000034600689A88401A1144186099807047B4
:101270000268531E036083880133838002F8011CD7
:10128000704703468288521A8280006808441860BA
:101290007047034600689A88521A01449A80196080
:1012A000704710B5036801211C78FFF7EAFF20465C
:1012B00010BD10B5036802211C88FFF7E2FF20462D
:1012C00010BDF0B5D0F80473064617F002001CBF3D
:1012D000C2F1807018604FF0000518BF01204FF078
:1012E000010C4FF4803E0CFA05F40C4214D00EFAB7
:1012F00005F43C4210D005F5A87456F82440A41A11
:1013000034F07F4408BF4FF0807408B91C6002E0DD
:101310001868A042FAD801200135042DE3D1F0BDB0
:10132000F2F7E6BBF2F754BBF2F752BB7FB50646C5
:1013300014460A888B78ADF8002000210D220DF1AB
:1013400003008DF8023005F09FF86A466946304682
:1013500003F003FB28B9BDF800209DF8023022807D
:10136000A37004B070BD13B50C4601AA0331FFF79A
:10137000DDFF48B90322204601A905F08DF8B0FA37
:1013800080F0400902B010BD0020FBE770B5CE1C14
:1013900005460C4630460321FAF77AFC60B96379BA
:1013A000224603F03F0343F0400363713146284671
:1013B000BDE87040FFF7BABF70BD70B50D460021A3
:1013C0000446FFF729FD0D2818D1237B302B13D1BC
:1013D000002305F8063B04F10C062A4620460123AB
:1013E00002210234FEF76EFEB44205F1FF35F4D15E
:1013F000002070BD0123ECE7312BFBD06FF015000E
:10140000F7E7F1F70FBB10B50C460178227888B0EA
:101410008A420ED06946F2F735FE204604A9F2F75B
:1014200031FE102268460DEB020105F035F808B0D8
:1014300010BD012A06D0022A07D072B940886388FD
:10144000C01AF4E740686368FAE71022611C0130B3
:1014500008B0BDE8104005F01FB86FF01500E6E7D2
:10146000042A0AD0102A0DD0022A4FF0000315D109
:1014700003700B88438001207047012303700B68C1
:101480004360F8E7022300F8013B01F1100351F833
:10149000042B994240F8042BF9D1ECE71846704729
:1014A000012310B50621044600F8013BFAF7F0FBD2
:1014B00018B9A37903F03F03A37110BD012310B540
:1014C0000621044600F8013BFAF7E2FB18B9A379BC
:1014D00063F03F03A37110BD0B6803608B888380AA
:1014E0008B798371037823F00203037070470078CF
:1014F000C0F34000704738B50446807AF2F7A2F98D
:101500006169054649B1637ADB0704D4C3692046A3
:101510001B689B6898470023636121462846BDE805
:10152000384003F0FCBE2DE9F0410C461746054655
:1015300001F10C0800F10C0140461E46FFF772FE57
:101540006169E368BAB25B1A13446B8201232A8291
:101550006B7239464046FFF794FEE3682846736095
:101560000023628AE360728163823460BDE8F081A7
:1015700038B50C46D1E900320546DA600B684A8975
:101580005A820868F2F706FA20461022002104F079
:101590007BFF2846BDE83840FFF7ADBF438A23B93B
:1015A000C068B0FA80F0400970470020704770476B
:1015B000D0F8A43083B15A7CD1070DD5D2060DD511
:1015C0001B7C102B0CBF042303234372807A9842A8
:1015D0008CBF0020012070470223F6E70323F4E7C5
:1015E0000F2806D80D280BD8052814BF0220032089
:1015F0007047132804D01A2814BF02200120704716
:1016000001207047034610B5D3E8EF0F40EA01020E
:10161000C3E8E42F002CF7D110BD0B460146187823
:10162000F2F7F0BD38B5C3681D7875B90F21B3F86E
:101630000100F4F711FE044638B12946F4F774FDB1
:101640002046BDE83840F4F723BD38BD08B5C3686F
:101650000121B3F80100F4F7FFFD18B1BDE808401F
:10166000F4F716BD08BD08B5C36801211888F4F762
:10167000F3FD18B1BDE80840F4F70ABD08BD01212B
:101680000C30FFF706BE38B5C5680121B5F801007A
:10169000F4F7E2FD044698B12B783BB9D5F8033056
:1016A000C0F89930D5F80730C0F89D30201D4FF4B0
:1016B0008031FFF7A7FF2046BDE83840F4F7E8BCCB
:1016C00038BD30B40446084602EBC3039A4201D148
:1016D00030BC7047114611F8085BA54206D1018A5B
:1016E00053789942F4D330BC536818470A46EDE763
:1016F000D0E8EF3F0B40C0E8E23F002AF8D1704746
:1017000010B5F3F7D5FF04466FF480711030FFF782
:10171000EFFF2046BDE8104000F072BCC368DB78E4
:10172000012B01D1FFF7ECBF70472DE9F047D0F84E
:101730000C80028A98F800309B00013393423DD917
:10174000BDE8F08708EB86030F21B3F80100B3F87A
:101750000370F4F781FD044628B100F1C00947B9D0
:101760002046F4F795FC013698F800309E42E9DBFC
:10177000E6E76569002DF3D0A2692B689542204603
:10178000636108BFA361F4F725FCFBF7A1F8C5F876
:1017900000A0236A7BB9C4E90755D9E8EF3F013BB4
:1017A000C9E8E23F002AF8D100212046013FF4F7C2
:1017B0001DFCBFB2D3E71D602562EEE70026B246EE
:1017C000D2E7C0F30723537000231070000ED070CF
:1017D000C1F30720090E9370137150719371D17189
:1017E0007047C368DB78012B01D1FFF789BF7047D1
:1017F00010B5F3F75DFF6FF480711030FFF778FFDD
:101800000020F2F77FFD044648B13C23002103731A
:10181000F4F78AFC2046BDE81040F4F739BC10BD4F
:1018200073B5C5680121B5F80100F4F715FD04464C
:1018300000284DD02B78061D1A2B19D1C378012B07
:101840002DD14FF480413046FFF7DCFE42040FD427
:10185000D4F88C3069460093D4F894302046019334
:10186000F5F7E6F9204602B0BDE87040F4F710BC89
:101870002B78A3B940F2E242B5F803305343C4F8E1
:101880008830B5F80530A4F89030B5F80730A4F8E2
:1018900092306FF480513046FFF72AFF14E0D6E80B
:1018A000AF3FDB04F5D52B78202BF2D194F898309C
:1018B000002BEED0013B84F898304FF42032002307
:1018C00004F14000FBF778FA2046F4F77FFEC9E701
:1018D00002B070BD0020704710B5028843889A425C
:1018E00018D8052A16D9B3F5486F13D88488B4F5EB
:1018F000FA7F0FD2C18840F67640A1F10A0292B277
:10190000824207D804FB0333B3EB810F34BF0120BD
:10191000002010BD0020FCE738B5C3680F21B3F8E4
:1019200001001D78F4F798FC044638B365B12846E9
:10193000F2F710FF294602462046F4F7FFFE204644
:10194000BDE83840F4F7A4BB8378012B07D102F03F
:10195000BDFB2046FFF72CFE002808BF05252846C2
:10196000F2F7F8FE294602462046F4F7E7FE002D7E
:10197000E5D00521204600F003FCE0E738BD70B556
:10198000C6680F21B6F801003578F4F765FC044607
:1019900070B34DB12846F2F7DDFE294602462046D7
:1019A000F4F7CCFE204603E0F378C27A9A4203D1E2
:1019B000BDE87040F4F76CBB8278C372012A08D18D
:1019C0000BB102F083FB2046FFF7F2FD002808BFB1
:1019D00005252846F2F7BEFE294602462046F4F7C2
:1019E000ADFE002DDED00521204600F0C9FBD9E771
:1019F00070BD40F24130704708B5F8F7ADFA18B144
:101A0000408A003818BF012008BD73B506460D4650
:101A100042F22F00002101AAF2F72CFF044648B938
:101A20000198C368B3F801203280B3F803302B80EB
:101A3000F1F7B0FF204602B070BD70B506460D4606
:101A40004FF0FF304FF0FF31F2F738FE044668B137
:101A500003210C30FFF7EDFB068085702146BDE8C1
:101A60007040002240F20640F2F704BF6FF06800B9
:101A700070BDC06803781BB13C2B03D1FFF7B8BE23
:101A8000F2F77EBF704738B54FF0FF3105464FF093
:101A9000FF30F2F713FE044668B102210C30FFF765
:101AA000C8FB2B88214603800022BDE8384042F263
:101AB0001600F2F7DFBE6FF0680038BDF8B50746D4
:101AC0000E464FF0FF304FF0FF311546F2F7F6FDAE
:101AD000044678B106210C30FFF7ABFB3B8846800B
:101AE000038085802146BDE8F840002242F22200B2
:101AF000F2F7C0BE6FF06800F8BDF0B5C56801210F
:101B00002F8887B0B8B2F4F7A7FB064660B302ACE3
:101B1000D5F80220D5F8063001946989009102F0C9
:101B200036F918B34FF0FF304FF0FF31F2F7C6FD32
:101B30000546B0B112210C30FFF77BFB034622466D
:101B400023F8027B144603CC596006A98C42186026
:101B5000224603F10803F5D1294642F21A00F2F7B2
:101B600041FE3046F4F794FA07B0F0BD4FF0FF3075
:101B70004FF0FF31F2F7A2FD04460028F1D0022118
:101B80000C30FFF756FB2146078042F21B00E6E7C8
:101B900070B506460D464FF0FF304FF0FF31F2F7BB
:101BA0008DFD044660B103210C30FFF742FB068037
:101BB00085702146BDE8704042F22100F2F712BE66
:101BC00070BD73B5C368D9789A781E8842EA01223D
:101BD000ADF8002059791A79B4B242EA0122ADF881
:101BE0000220D9799A79204642EA0122ADF80420F0
:101BF0001A7A5B7A012142EA0323ADF80630F4F742
:101C00002BFB054628B902212046FFF7C1FF02B091
:101C100070BD6946F4F726FD38B91E212046FFF74E
:101C2000B7FF2846F4F734FAF1E74FF0FF304FF0F2
:101C3000FF31F2F743FD04460028F2D00E210C30AC
:101C4000FFF7F7FA00230680C0F80A30BDF800302D
:101C500021464380BDF802308380BDF80430C38044
:101C6000BDF80630038142F22000F2F7BBFDD8E751
:101C7000072208B504F010FCB0FA80F0400908BD56
:101C80000B6803608B8883808B7983717047D0E801
:101C9000AF0F704708B5FFF7FAFF084100F00100E9
:101CA00008BD00F1100210B510460C460821FFF7E0
:101CB000F1FF30B10C211046FFF7ECFF08B901230A
:101CC000237010BD10B400F11003D3E8EF2F22F4FD
:101CD0000051C3E8E41F002CF7D1930403D5012180
:101CE00010BC00F08BB910BC7047037A02465B074A
:101CF00005D501462E3211F8010BF3F787B870476E
:101D000038B54FF0FF3105464FF0FF30F2F7D6FC03
:101D1000044658B129460C30FFF79AFA2146BDE82F
:101D20003840002242F22D00F2F7A4BD6FF06800A7
:101D300038BDD0E8EF3F0B43C0E8E23F002AF8D1BE
:101D4000704700F1100210B5082104461046FFF755
:101D5000A1FF50B14FF400511046FFF7EAFF2046B3
:101D6000BDE81040002100F049B910BD70B504462F
:101D700086B00E4601300131FFF77AFF2E3416226D
:101D800000210546684604F07FFB10226946204684
:101D900004F082FB40B11022204606F12E0104F02F
:101DA0007BFBB0FA80F04009284300F0010006B048
:101DB00070BD38B54B6805460C4673B90B7A13B93C
:101DC000037A5B0709D520682A7803789A4204D001
:101DD0002946FFF7CBFF00B1656038BD00F1100266
:101DE00008B507211046FFF755FF60B90C211046D2
:101DF000FFF750FF38B9D2E8EF3F23F02003C2E8E5
:101E0000E13F0029F7D108BD10B50C4630B919B132
:101E1000F8F764F800B1441C204610BD0024FBE72D
:101E200018B111B10846F3F797B86FF01500704775
:101E300070B5F3F73DFC044668B9002635463046D8
:101E4000F3F7DAF8E0B9DCB1D5B12046BDE870406F
:101E5000012100F0ADB800F1100208211046FFF793
:101E600019FF05460028E8D00C211046FFF712FFA5
:101E700001460028E1D12046267800F099F8DEE7F7
:101E800070BD37B50546F8B1836C1B0316D568469F
:101E9000FFF706FB044670B928460DF10101FFF774
:101EA000BFFF044638B9072105F11000FFF7F2FE25
:101EB00008B9F2F78DFF204603B030BD007803B0BB
:101EC000BDE83040F3F798B86FF01504F3E7003839
:101ED00018BF01207047037AD90704D523F0010306
:101EE0000372F3F7F9B8990704D523F002030372DC
:101EF000F3F77CB97047D0E8AF0F70472DE9F74F83
:101F0000884601904FF0FF314FF0FF30F2F7D6FBDB
:101F10000446002849D020210C30FFF78AF9002719
:101F200006460021202204F0AFFA3946D8F80050C6
:101F300006F1010BD8F804309F4208D3317000221B
:101F40002146019803B0BDE8F04FF2F793BC6A78E0
:101F5000881C13181F2B95F800C05FFA80F908D968
:101F6000BCF1090FC9F11F0217D1002A15DD4FF08E
:101F7000080C5FFA82FA0AF1010E0BF801E0013158
:101F8000C9B20BF801C069685844D14404F06FFA33
:101F900001375FFA89F10835CCE72046F1F7FAFC02
:101FA0006FF0150003B0BDE8F08F6FF06800F9E73F
:101FB00070B506460D464FF0FF304FF0FF3186B04A
:101FC000F2F77CFB0446B0B10C3095B10121FFF76C
:101FD0003FF9204606F1100203A908230095F2F705
:101FE0005BFB0022214642F20A00F2F743FC06B0F6
:101FF00070BD2946EBE76FF06800F8E7FFF7D8BF40
:10200000183003F07BBAF3F715BD01F12003013856
:1020100013F8012D8B4200F8012FF9D170470023EE
:102020000B60436813B9C0E9001170471960416043
:102030007047D0F8B400003818BF01207047084638
:10204000896918301160426800211A6010F80D2C5F
:1020500004F01ABA034610B5D3E8EF0F40EA0102C4
:10206000C3E8E42F002CF7D110BD2438F3F786BF66
:10207000002203680BB9184670478B4210D10B68D9
:1020800042B942680360914200D1436000230120BD
:102090000B60704713604368994208BF4260F5E7E0
:1020A0001A461B68E6E710B50446006918B1F1F757
:1020B00071FC0023236110BD70B516460D46012149
:1020C0000446F3F793FF012E17D0022E17D1236990
:1020D00013B12046FFF7E7FF256121690A8A012A2B
:1020E00039D9CB681B8804339BB29A4233D32AD99F
:1020F0002046BDE87040FFF7D6BF206918B92046DA
:10210000FFF7D1FF01E02A8A22B92846BDE87040D6
:10211000F1F740BC018A438A46695B1AC168891B92
:102120005B1A9A4207D901460022204600F01EFAA7
:1021300000232361E9E7E9680C30FFF780F82846BF
:10214000F1F728FCC9E7002323612046BDE8704071
:10215000012200F00BBA70BD10B500F1C802D2E840
:10216000AF3F5BB1591CD2E8EF4F9C4204D1C2E8AB
:10217000EC1FBCF1000FF6D1F1D110BD1846FCE701
:1021800010B5437B0446023B062B16D8DFE803F06C
:1021900009041515150B0900017300212046F3F7FA
:1021A000C3FF002010BD0088FFF747FC0028F9D1CD
:1021B000637B072BF5D10821F0E76FF07F00F1E793
:1021C00010B50446D0F8A40028B9207A04F17001B3
:1021D000F7F7C2FE38B1E278438A2AB903F021004A
:1021E000003818BF012010BD03F02400F8E738B50F
:1021F00083780446012B23D1437B072B23D10B0685
:1022000001F07F050CD54FF400410430FFF722FFA9
:102210002046A572F7F79EFA08B1637AA37238BD1B
:10222000437AAB4212D2837AAB420FD2031DD3E87A
:10223000EF1F21F40041C3E8E21F002AE8D0F6E7CF
:102240006FF01500EBE76FF07F00E8E70020E6E7AE
:102250008378012B0CBF407A0020704738B5037A91
:1022600004468B42154615D100F17001072228461D
:1022700004F012F980B1E378072243B904F17E013A
:10228000284604F009F9B0FA80F0400938BD04F19D
:102290007701F5E70020F9E70120F7E708B5F4F743
:1022A000AFFA10B1F3F7F4FE012008BD8378012BDB
:1022B0000CBF703000207047F8B507460D464FF050
:1022C000FF304FF0FF31F2F7F9F90646D0B10E2199
:1022D0000C30FEF7AEFF04460E22002104F0D4F8C5
:1022E0003B88314623802B88002263806B8842F232
:1022F0001300A380AB88E380EB882381BDE8F8401E
:10230000F2F7B8BA6FF06800F8BD704710B5044630
:10231000FAF7F2FF234653F8402BD2F8B41061B914
:102320002164D2F8B81061B9C2E92D33FAF7F8FF89
:102330002068BDE81040F3F7D3BE8B42F6D00968A1
:10234000EDE70B60C2F8B830F0E703682BB14168E5
:102350001A688B42026008BF4260704770472DE9DF
:10236000F843446B2CB154F8085905B1083D0027D7
:102370000CB9BDE8F883D4E900682EB3FAF7BCFFC6
:102380000022D6F8B43004F1400163B1994233D150
:10239000236C4ABBD6F8B820C6F8B430914201D1BC
:1023A000C6F8B8302764FAF7BBFF04F13009002201
:1023B00000234846FAF75AFA064600BBD8F804301C
:1023C0000BB1204698472760E3680BB12046984739
:1023D000D8F820300BB120469847DDB1AB6803B187
:1023E000083B2C461D46C3E71360D6F8B830994227
:1023F00008BFC6F8B820D5E71A461B68C5E7B36919
:1024000023B16FF06D02F169206898473046F1F70B
:10241000C1FACCE72B46E4E738B5406B0D4620B156
:1024200050F8084904B1083C00B938BD43689B68BE
:102430000BB1294698472CB1A36803B1083B20464D
:102440001C46F1E72346FAE7F8B50E460021074699
:10245000154600234FF480320846F4F717FB044674
:1024600030B104210C30FEF7E4FE07704670458061
:102470002046F8BD70B505460068B8B1407B072816
:1024800014D1002A0CBF012002200E7A864210DCF3
:10249000C87A07280DD98A61CB6105F1300002F0B6
:1024A00033FF2846FFF732FF002070BD6FF07F003A
:1024B000FBE76FF01500F8E7406B28B1838B083815
:1024C0008B4201D08068F8E7704710B54AB989B2ED
:1024D000FFF7F2FF28B143689B6913B1BDE81040D4
:1024E000184710BD38B50D460521FFF7E5FF00235D
:1024F00029461A46FFF7BEFF044610B12846F1F7F9
:1025000049FA204638BD38B50B8A0546032B0C46E0
:1025100021D9042104F10C00FEF7BBFE238A428876
:102520009A4218D14178B1B10378012B13D0132B03
:1025300011D0022201202D68FFF786FF044650B11A
:1025400002210C30FEF775FE002321460370437014
:102550002846FFF7C7FF002038BD406B28B18389AC
:1025600008388B4201D08068F8E7704738B50B8A8D
:102570000546032B0C4604D82046BDE83840F1F749
:1025800009BA042104F10C00FEF783FE41882846B5
:10259000FFF7E3FF0028EFD0436821465B699847C7
:1025A000EAE770470346006828B159680268884224
:1025B0001A6008BF5A6070470346002003B970478D
:1025C0001A8A5B681044F9E710B5D46802312378A1
:1025D00013B92170012010BD8B42FBD0038A023B4E
:1025E000038200201061F6E72DE9F0410446886877
:1025F000FFF7E2FF638B628D0D46934228BF1346BF
:1026000083421DD300272165D1F808808F60FAF737
:1026100073FE41462046F4F76FFB064638B1C5F815
:1026200008802765FAF77CFE3046BDE8F081618DB1
:10263000638B2846994228BF194601F055F9F1E706
:102640006FF07906F0E72DE9F041446A074644B19E
:1026500054F8986906B1983E0022154607F104081F
:102660000CB9BDE8F081236D9BB905B98AB9404624
:10267000FFF798FF054658B101462046FFF7B4FF23
:102680000028EED07B682B60BB687D6003B9BD601D
:10269000224636B1D6F8983003B1983B34461E46F0
:1026A000DEE73346FAE773B51446014605464FF4B4
:1026B0009572206800F0DAFF207530B9294620684D
:1026C00001F015F920B908232375002002B070BD70
:1026D000237AB3B1A3F11802534253419B000193F3
:1026E000638A29460093AE68238AE2682068B0476F
:1026F000002808DB238A83420CD1002301202375A4
:10270000E4E70223EBE710F1FF0F03D34042C0B22E
:102710002075DAE70E20FBE738B504460D46F4F7DE
:10272000EBFA30B1294604F15400BDE8384002F01C
:10273000EBBD38BDF8B5936805460F4614461668DC
:1027400063B9506801210C30FEF773FDA0602B685F
:102750001B78002B14BF022301230370A3681B788E
:10276000012B03D0022B1FD000201CE02B681B780C
:10277000002BF9D1606804210C30FEF75AFDE060AF
:1027800007802A68E36852885A806168728D738B6B
:10279000088A9A4294BFC0EB0200C0EB03000428F1
:1027A00094BF00200120F8BD2B681B78022BDBD1E1
:1027B000606812210C30FEF73CFDE06007802B685A
:1027C000E268591C0232113351F8040B994242F865
:1027D000040BF9D16168728D738B088A9A4294BF99
:1027E000C0EB0200C0EB03001228D9E770B4066802
:1027F000726A5AB3144654F8983903B1983B0022D0
:1028000011467CB9438D408B8B4201D890421FD931
:10281000824238BF02469942306838BF194670BCC0
:10282000F6F72CBB844207D0658D648BA94238BF74
:102830002946A24238BF224633B1D3F8985005B199
:10284000983D1C462B46DCE71D46FAE71146D9E7C2
:1028500070BC70472DE9F041CB6805461F88BBB2BC
:10286000162B1BD90321F4F7EFFA0646C0B102215B
:102870000C30FEF7DEFC00244FF04108314680F8B2
:10288000008044702846FFF747FF2846A5F81A80C5
:102890006F85FFF7ABFF2046BDE8F0810420FBE722
:1028A0000E20F9E7D0680431037813B901700120D4
:1028B00070478B42FBD0002091680B8A043B0B824F
:1028C000106170472DE9F041884617460121042226
:1028D00005461E46F4F768FA044670B104210C3030
:1028E000FEF7A7FC80F80080A0F80170C6702146B2
:1028F0002846BDE8F041FFF70FBFBDE8F0811FB5E6
:10290000CDE9012300231A460093F5F70FFE05B029
:102910005DF804FB0022036803B970478B420FD1B6
:102920000B683AB942680360914200D143600023CA
:102930000B60704713604368994208BF4260F6E736
:102940001A461B68E8E7D0E8EF3F43F00802C0E80A
:10295000E12F0029F7D1C3F3C000704730B50C4612
:1029600085B0054601F10C00FEF7A3FC228A034660
:102970000292E26828460192002211460092F4F782
:1029800003FC05B030BD30B50C4685B0054601F1FD
:102990000C00FEF78EFC228A03460292E2681221A6
:1029A00001920022284600921322F4F7EDFB05B0B5
:1029B00030BD70B504460E46002200230846F9F7E4
:1029C00055FF054658B101462046F4F795F90446EF
:1029D00018B12946304602F0A2FC204670BD6FF0C7
:1029E0000104FAE707B5CA680C21138852880092DF
:1029F0000D22F4F7C3FE03B05DF804FB07B5002217
:102A0000CB680A211B8800920B22F4F7B7FE03B0B3
:102A10005DF804FB2DE9F04342F60103002591B077
:102A2000D2F8008007460E4600680BA9D8F804903B
:102A300014468DF82C50ADF82E30FEF7E4FC00283B
:102A400000F082804FF4205338680BA98DF82C5089
:102A5000ADF82E30FEF7D7FC38B1A3681BB15A8809
:102A6000B24200D25E80012010E061680846FFF7A4
:102A7000A3FDB8F82A20B8F81A309A4294BFC0EBE8
:102A80000200C0EB0300032803D8002011B0BDE80A
:102A9000F0830846FEF79AFB054661680846FFF793
:102AA0008BFD6B8A2A8AA3EB020C6B69EA68D21A47
:102AB000ACEB0203B8F81AC0B8F82A20944594BFCA
:102AC000C0EB0C00C0EB0200834228BF03466BB989
:102AD000887AF0F7B7FE00220023FEF744FB054694
:102AE0000028D2D001466068FEF781FB00230093E6
:102AF0003946D7F804801023484602AAC047071E6B
:102B000022DB227CE068BA421AD001460BA8FEF70D
:102B1000A7FCC8B1FAB202A906A8FEF7A1FC98B1B9
:102B200006A90BA8FEF76FFC70B90023042163749B
:102B300005F10C00FEF77DFBA0600680A36891E71D
:102B400002A903F0A9FCEFE70023A3608BE72DE9BE
:102B5000F04F064685B0104690469946FFF72CFD8B
:102B6000738B728D8B46934228BF1346834275D96F
:102B7000736840460393FEF729FB4FF0000A0446B2
:102B80004046FFF719FDE168228A658A6369AD1A3C
:102B9000CB1AED1A778B738D9F4294BFC0EB070061
:102BA000C0EB0300854228BF054625BB98F80A0004
:102BB000F0F748FE00220023FEF7D5FA044608B9D4
:102BC000574627E001464046FEF711FB4046FFF717
:102BD000F3FCE168228A658A6369AD1ACB1AED1AA3
:102BE000778D738B9F4294BFC0EB0700C0EB03004F
:102BF000854228BF0546CDF80090DBF804700A44F2
:102C000003985946ABB2B847071E07DABAF1000F6E
:102C100018BF5746384605B0BDE8F08F0E9BABB9DC
:102C2000394604F10C00FEF704FB4046FFF7C4FCF4
:102C3000738D728BB944934228BF13468342BA44C2
:102C40001FFA89F9BCD9AF429AD0B9E73946204674
:102C50000F9A0E9B98470028E2D1B1E70027D9E7E9
:102C600000232DE9F34117681446D7F80480014684
:102C7000137306469522404600F0F8FC0546207383
:102C800030B93146404600F030FE28B9082323739E
:102C9000002002B0BDE8F081A068798B7A8D038AAC
:102CA000914294BFC3EB0103C3EB0203012BEFDDA1
:102CB00002210C30FEF7BDFACDE900558046A3880D
:102CC00031463846A268FFF742FF031E06DA13F1C9
:102CD000FF0F2ABF5B420E23DBB2D8E70120A8F822
:102CE0000030D6E700232DE9F34117681446D7F8E2
:102CF00004800146137306469522404600F0B6FC58
:102D00000546207330B93146404600F0EEFD28B943
:102D100008232373002002B0BDE8F081CDE90055FF
:102D200031463846A388A268FFF711FF002807DA6A
:102D300010F1FF0F32BF0E204042C0B22073E9E70E
:102D40000120E8E7F8B5054650F8044C071F00F1EC
:102D50004803D3E8EF1F21F00401C3E8E21F002A73
:102D6000F7D1FCB1EB6C83B9636873B1201DFFF739
:102D700019FC064601463846FFF736FC90B16368F9
:102D80003360A368666003B9A660384605F1500158
:102D9000FFF70FFE30B1384604F10C01BDE8F840F2
:102DA000FFF707BEF8BD08B5437B072B01D0002015
:102DB00008BD0421FFF7D1FB0028F8D000F148033B
:102DC000D3E8AF3FDB07F2D550F8040CF0E738B595
:102DD0000546D1E8AF3FDB0716D550F8040C98B193
:102DE000EB6C8BB90430FFF7DDFB044660B10146A4
:102DF000281FFFF7F9FB38B155F8043C5A682260E8
:102E00009A685C6002B99C6038BD70B50E46154684
:102E1000FFF7C9FF78B1436A6BB1184650F898398B
:102E200003B1983B691C428D448BA24228BF2246C5
:102E3000914202D93BB9002070BD2A463146BDE817
:102E40007040F3F7B1BFD3F8984004B1983C1846EE
:102E50002346E8E7F5F7DCBA10B504466438F4F722
:102E6000F9FE54F8640C1321BDE81040FFF788B94F
:102E700070B550F8043C0446061F002B34D039B11D
:102E8000C36C002B30D01B7CDA072DD505231EE048
:102E900005682846F6F712F86B7A012B24D0E46C0B
:102EA00014B3237CDB071FD5E368002BEED030463C
:102EB0006269617CF3F778FF054638B1D4E9051201
:102EC000E368984750B12846F0F764FD0E230022CE
:102ED0003046BDE870401146F4F786BE29463046BC
:102EE000F3F70AFF0028EED170BD08B500230A8A67
:102EF000C968F4F779FE002008BD70B50D46FFF7EC
:102F000052FF044628B92846F0F744FD6FF07F00D1
:102F100070BD00F10C062946304602F0F5F9646AEE
:102F2000C4B154F8985905B1983D0022104607E005
:102F300022467DB1D5F8983003B1983B2C461D460A
:102F4000831C01D1002AF4D131462046FFF731FD20
:102F50000028EDD10020DBE738B505460C46FAF72E
:102F6000CBF92846FFF71FFF20B9FAF7D9F96FF020
:102F70007F0038BD0023236083683BB9C0E901446A
:102F8000FFF761FBFAF7CCF90020F2E71C608460E0
:102F9000F6E70120704708B5FFF705FF78B1436AEF
:102FA0006BB1983B03F14C02D2E8EF0F20F0080020
:102FB000C2E8E10F0029F7D1D3F89830F0E708BD57
:102FC00008B50421FFF7C9FA20B14830D0E8AF0FA7
:102FD000C0F3C00008BD10600020704710B5029C0F
:102FE000A36833B1B1F5807F28BF0E21CAB2214654
:102FF0009847A37DE268013BDBB2A37522B11BB900
:103000002046BDE81040104710BD106091800020A0
:10301000704700207047072208B503F03DFAB0FA68
:1030200080F0400908BD10B503780446934207D1EB
:103030000130FFF7F0FF002814BF2046002010BD2C
:103040000020FCE7034610B5D3E8EF0F40EA010289
:10305000C3E8E42F002CF7D110BD034610B5D3E828
:10306000EF0F00EA0102C3E8E42F002CF7D110BDF6
:103070000B6803608B8883808B7983717047D0E8FD
:10308000AF0F704770B50D46064611F8010BF3F708
:10309000B7FB044610B12C89F2F7FAFF6B89A34203
:1030A00007D0EB686C8123B121463046BDE8704003
:1030B000184770BD38B5BDF810401546A2420CD86F
:1030C0004CB16BB1A41A8C42A8BF0C46A4B22246E4
:1030D000591903F0CCF9204638BD6FF00604FAE721
:1030E0006FF00D04F7E730B585B0C96814461D468A
:1030F000F4F734FF00B100890223ADF80E0000930D
:1031000029462046BDF820200DF10E03FFF7D2FF1F
:1031100005B030BD1FB50C461946E36810461C7853
:10312000BDF818203CB110240133069404B0BDE86A
:103130001040FFF7BFBF5B88ADF80E30022300934D
:103140000DF10E03FFF7B6FF04B010BD30B51D46FC
:10315000002385B014468DF80C30F4F7CDFE10B185
:10316000037A8DF80C300123294600932046BDF8E0
:10317000202003ABFFF79EFF05B030BD10B5F4F77C
:1031800033FE044640B1014611F8010BF0F7A0FEF2
:10319000002323606360A36010BD70B500F170066A
:1031A00005463146007AFEF727FC04463146287A68
:1031B0001CB1BDE87040FFF7E1BFF4F715FE10B198
:1031C00004604460846070BD022A10B508D10023F9
:1031D00000F170011A46007AF4F716FF022010BDC4
:1031E000FFF7DBFFFAE737B504460D46F4F7BAFD03
:1031F000024698B1037A0C308DF80430FFF73FFF98
:1032000010F0010318BF01238DF80530022301AA35
:1032100029462046F0F764FE03B030BD0346F7E7C9
:10322000F0B5076806463D78144689B035BB7B8803
:10323000B3F5245F04D01BD8A3F52053032B1DD86E
:10324000ADF80A10022220460DF10A0102F065FDD8
:1032500048B97B88022220460DF10A01ADF80A30F8
:1032600002F05BFD70B16FF01503C4F85C3106E04D
:1032700003F55643FF339BB2042B15D9012528468D
:1032800009B0F0BD009003AA132331467768B84710
:10329000021E02DAC4F85C21F1E703A9204602F01D
:1032A0003CFD0028EAD0DEE7ADF80A1002222046F5
:1032B0000DF10A0102F031FD0028D4D17B880222F1
:1032C000ADF80A300DF10A01E8E708B50C3029B174
:1032D0000121FFF7B7FEC043084008BD6FF00101B0
:1032E000FFF7BBFE00F00100F7E710B50446FFF75B
:1032F000ECFF38B12146BDE81040012211F8010B66
:10330000F4F740BE10BD2DE9F0419846BDF81830E5
:103310000646012B17462ED84344012B45462DDC8B
:10332000F4F7EAFD044618B9F4F7E6FD044640B3A5
:10333000B8F1000F11D00023217A21FA03F2D0074F
:1033400003D53A78DA40D2071ED50133032BF4D1E6
:103350003B7803F007031943217206F17001601CEA
:10336000FFF786FE337A012120462370FFF7BDFF69
:103370002846BDE8F0816FF00605F9E76FF00C050F
:10338000F6E76FF01005F3E76FF01205F0E770B5A0
:1033900004461546FFF7FDFD48B12046F4F7ACFDA5
:1033A00028B1037ADB0702D50121FFF79EFF85B91B
:1033B000207A04F17001F4F717FD024648B1014686
:1033C00085600423BDE8704011F8010B0832F0F766
:1033D00071BD70BD2DE9FF41884616461F46044663
:1033E00028B96FF01505284604B0BDE8F08102A9A0
:1033F000FDF7E3FF05460028F3D1204601A9FDF7BC
:103400000BFD0198D0B9002002A9F4F7ABFC0446EB
:1034100048B9F4F771FD044678B3002302A900F817
:10342000013BFFF725FEB8F1000F22D002226946CA
:103430003846B047002808DA0546D4E70A2229466C
:10344000FCF742F90028DED0CBE79DF800300228D7
:10345000237204D000212046FFF747FFC3E79DF801
:1034600001100129F6D8204601F00101FFF72DFFD8
:10347000B9E72046F4F790FEB5E76FF00B05B2E729
:1034800038B5BDF81010BDF818401046A142059D92
:103490000CD84CB16DB1641A9C42A8BF1C46A4B2B2
:1034A0002246294402F0E3FF204638BD6FF00604AF
:1034B000FAE76FF00D04F7E713B5044610B90020E2
:1034C00002B010BD00238DF8043042F603030068FB
:1034D00001A9ADF80630FDF796FF0028EFD1E368AB
:1034E00098880028ECD12046F4F7F0FF013080B234
:1034F000E6E770B5CC681E46A37988B008468DF81B
:103500000C301546FFF7D8FFADF80D00246823787E
:103510006BB96388ADF80F30052300933146284618
:10352000BDF8302003ABFFF7C5FD08B070BD631CCC
:103530000DF10F02113453F8041BA34242F8041B8F
:10354000F9D11323E9E71FB5CDE9012300231A467A
:103550000093F4F7EBFF05B05DF804FBF5F7D6B880
:1035600038B5044659B100F170052946007AF5F7DF
:1035700063F92946207ABDE83840FFF734BE38BDEC
:10358000F8B506460F46F4F70DFC394604463046BA
:10359000FEF732FA48B344B304F108056FF00101B5
:1035A0002846FFF75AFDC20703D539463046F5F7DE
:1035B00043F96FF002012846FFF74FFD830703D55B
:1035C00039463046FFF70FFE2846FFF758FD60B931
:1035D000234603F8010BC4F80100C3F80300D5E843
:1035E000EF3FC5E8E20F002AF9D1F8BD10B5044657
:1035F000A0F1170110F8180CFFF7C2FF14F80C0C1B
:10360000A4F10B01BDE81040FFF7BABF1FB50C468F
:103610001946E36810461B88BDF81820ADF80E3037
:10362000022300930DF10E03FFF744FD04B010BD1B
:103630001FB50C461946E36810461A788DF8082025
:1036400093F901208DF809205A88ADF80A201A79DB
:10365000DB888DF80C20ADF80D300723BDF818205D
:10366000009302ABFFF726FD04B010BD38B54C8ABD
:10367000D3070546C4F30E0404D514F0950F2AD0E1
:103680004B6843B3900704D514F4957F25D08B681D
:103690001BB3144014F4DE7F0DD0EB7A2BB928460F
:1036A000FEF78EFDD8B9052038BD14F0300F04D1D7
:1036B00014F4C07F07D10020F6E72846FEF7C8FDC6
:1036C0000228F5D8EFE7D5F8A430002BEBD05B7CCF
:1036D000DB06E8D5EFE70220E6E70320E4E70F206A
:1036E000E2E72DE9F041437B0646072B0C461546E1
:1036F00086B040F0858000238DF8143042F6030335
:10370000206805A9ADF81630FDF77DFE90B9676811
:10371000002F75D001232146009004AAB847012844
:103720006ED19DF8103013F0300F69D02046F5F7B8
:10373000CFF80446002320688DF8143042F60213B7
:1037400005A9ADF81630FDF75EFE18B12046F5F775
:10375000BFF80446002742F60218206802A98DF837
:103760000870ADF80A80FDF74EFEF8B90023206816
:103770008DF8143042F6021305A9ADF81630FDF7A6
:1037800042FE00283CD16768002F39D00090022308
:103790002146304605AAB847022831D1BDF8143079
:1037A00005EA0300003818BF01202AE042F60303AF
:1037B000206803A98DF80C70ADF80E30FDF723FEDC
:1037C0000028D3D04FF42053206804A98DF810703E
:1037D000ADF81230FDF717FE0028C7D042F60103FE
:1037E000206805A98DF81470ADF81630FDF70BFEB2
:1037F0000028BBD02046F5F76BF804460028ACD172
:10380000002006B0BDE8F081F8B514460F469422BA
:1038100061680646FFF72AFF20BB01223046616837
:10382000FFF75FFF08B3A2891B2130460232FFF782
:10383000ECFA0546E0B1A1890C300231FDF7F9FC44
:1038400020F8027BA289A16802F011FED4E90412DB
:1038500028460123F4F768FA29463046BDE8F840C7
:10386000FFF74BBB4FF0FF30F8BD6FF01500FBE7E3
:103870006FF00B00F8E72DE9F04105468846F4F7B4
:103880003BFB0446E0B1037ADB0719D500F10C07D6
:103890003846FFF7F4FB10F0010611D1B8F1000F24
:1038A0000FD06FF002013846FFF7D7FB10F0020F80
:1038B000284609D0FFF76FFB01212046FFF715FDD1
:1038C00001263046BDE8F081FFF763FB0028F8D001
:1038D0002846FFF775FB0028F3D06FF00201384649
:1038E000FFF7BBFB2846E5E7704701207047012042
:1038F000704713B5C068144668B100238DF80430D2
:103900004FF4C05301A9ADF80630FDF77CFD10B9A6
:10391000236801332360012002B010BD07207047E7
:1039200008B50621FEF719FE00B1EC3808BDD0E855
:10393000AF0F084100F00100704738B50A46034652
:1039400009B9012038BD488A10F0240FF9D0197D3B
:103950005D7B147CA94228BF29468C4201D90020F6
:10396000F0E7800607D4517CC9070BD4187A0038D9
:1039700018BF0120E6E70521181DFFF7D8FF002832
:10398000F1D1ECE7197A0029E9D00521181DFFF7DC
:10399000CEFF18B9197A01390129E0D9527CD20732
:1039A000CFD4E3E701238B40DB43D0E8EF2F1A406D
:1039B000C0E8E12F0029F8D170470720704770B5A3
:1039C00000230446EC300D46FEF754FD20B1284696
:1039D000BDE87040EFF7DEBF04F59C704FF4702235
:1039E000BDE870400023F9F71BBA01238B40D0E8F3
:1039F000EF2F1A43C0E8E12F0029F8D1704708B52E
:103A00000E21FFF7F2FF002008BD38B505460B4632
:103A100004300D21FFF78BFFA0B1DC68D5F8EC3046
:103A20000220197A03F1700200F0E8FB80B122460F
:103A300000F12E0304F1100152F8040B8A4243F8FE
:103A4000040BF9D128460921FFF7CFFF002038BD2C
:103A50000820FCE770B5051D0E4628460421FFF737
:103A600066FF68B10022002100230846F3F70EF834
:103A7000044640B904212846FFF7B7FF204670BD31
:103A80004FF47022EFE701210C30FDF7D2FB0670F6
:103A9000F4E738B504210446FFF7DCFF0546A0B182
:103AA00010210C30FDF7C5FB04F1270304F13702A8
:103AB00053F8041B934240F8041BF9D1204600221E
:103AC0002946FFF77CFF002038BD0820FCE72DE9E0
:103AD000F047044690B00CAD10220021284602F0B9
:103AE000D3FC237A052B1ED8DFE803F00603030678
:103AF0001D21D4F8D8300C93D4F8EC3004F14702EF
:103B000004F1C707CDE9017204F1370803F17E0221
:103B100004F12709009241464A46773304F19700A1
:103B2000F6F704FB98B1082010B0BDE8F087D4F890
:103B3000E430002BE0D02E4603F11007324618681F
:103B40005968083303C2BB421646F7D1D4E7D4F80C
:103B5000EC3008AE03F177027E33019304F11103D8
:103B60000292009342462B4649463846039600F09F
:103B7000B1FB0028D7D1237A052B0FD1D4F8E01060
:103B8000002949D00B46AC4601F1100E6246186878
:103B90005968083303C273459446F7D1D4F8EC3022
:103BA0000DF1100A03F17E027733019304F10A0349
:103BB000029200934A462B4641463846CDF80CA067
:103BC00000F088FB0028AED11022514604F1B70066
:103BD00002F062FC28BB0D212046FFF73BFF0746A1
:103BE0000028A0D010210C30FDF723FB32460346FD
:103BF000164603CEAE4218605960324603F1080300
:103C0000F6D1002239462046FFF7D9FE201D0121BA
:103C1000FFF7EBFE002087E71022284602F034FC75
:103C2000BCE70B2080E770B5D0F8EC300446DB78B9
:103C3000012B19D1CD68061D10213046FFF7B2FEC9
:103C40002B4604F1B70205F1100153F8040B8B4227
:103C500042F8040BF9D107213046FFF768FE28B17E
:103C600009213046FFF7C1FE002070BD0A21304611
:103C7000FFF75DFE0028F3D12046BDE87040FFF756
:103C800026BF70B5061DCD6804460B213046FFF7F0
:103C900089FE2B4604F1170205F1100153F8040BBD
:103CA0008B4242F8040BF9D1237A012B09D0022B65
:103CB00013D120460421FFF798FEBDE87040F5F7C8
:103CC000D1BA0A213046FFF732FE0028F1D0304643
:103CD0000021FFF78AFE002070BD0820FCE70720C6
:103CE00070470720704707207047012303FA01F14E
:103CF000CA4330B5D0E8EF3F03EA0204C0E8E54F1D
:103D0000002DF7D101EA0300003818BF012030BDB3
:103D100038B504460025031DD3E8EF2FC3E8E15F63
:103D20000029F9D104F59C7001F0E8FB2572D4E874
:103D3000EF3FC4E8E25F002AF9D12046BDE83840F1
:103D40000121FFF752BE70B500F1700605460C4622
:103D500007223046096802F09FFBB8B963681A6809
:103D60002A679A88A5F874209B7985F87630D5F86B
:103D7000A4305BB1A268934208D062681168C3F8AE
:103D800001109188A3F805109279DA7170BD2DE9C0
:103D9000F84FDDF82C80044692461F46BDF8289067
:103DA000FFF7BEFD054600285CD0061DB9F1000FE7
:103DB00027D15AEA070324D103213046FFF7B7FD84
:103DC000F8B101213046FFF7B2FDD0B12C7D6B7BFD
:103DD00005F147019C4228BF1C462246404602F09E
:103DE00046FB0F2C06D84946C4F1100208EB04002C
:103DF00002F04AFB30460121FFF7F7FD0120BDE844
:103E0000F88FD4F8A43083B904F1700B5A462020FF
:103E1000217AF6F74DF8C4F8A40030B95A460120CB
:103E2000217AF6F745F8C4F8A400B9F1000F0CD1D7
:103E30005AEA070709D1D4F8A41031B14B8A9B067E
:103E400003D50C7C1E312246C8E70F213046FFF710
:103E50006EFD20B1022206212046F2F76FFC2846B3
:103E6000FFF756FF0020CAE76FF08500704730B5B6
:103E7000054685B010220C466846002102F004FB7E
:103E800010226946284602F007FB80B10123224632
:103E900023702146002328466370A370E37063609B
:103EA000A360E36005B0BDE8304000F056BD6FF0A0
:103EB000150005B030BDF8B5031D06460F4618467F
:103EC0000221FFF734FD044620B1B6F8E840B4FA09
:103ED00084F4640903211846FFF729FD58B13946D7
:103EE0003046F5F7F9FC052194B1D6F8EC00FEF761
:103EF00047F90020F8BD01211846FFF718FD0028FA
:103F0000EDD10F211846FFF712FD0028E7D1EAE7AF
:103F10003046FFF79FFD054688B101210C30FDF7C3
:103F200088F9234607702246294606F1EC00FEF781
:103F3000A1FA0028DDD02846EFF72CFDD9E76FF075
:103F40006800D7E770B504460820F5F763F8054622
:103F5000E0B1061D08213046FFF724FDBCB3072160
:103F6000FFF720FD234605F1970204F1200153F8E5
:103F7000040B8B4242F8040BF9D10A213046FFF7BB
:103F8000D6FC70B109213046FFF72FFD0720F5F769
:103F900041F80446E8B1F5F787F8D0B1082120468A
:103FA00012E010213046FFF7C2FC09210028EAD1B7
:103FB0003046FFF7BCFC0028E8D02846FFF787FD15
:103FC00001460028E2D02846FFF775FFDEE70B2107
:103FD000F9E770BD2DE9F0410E460446D0F8EC80BB
:103FE000F5F728F8F768261D05460A213046FFF741
:103FF0007CFE38B16DB920463978F5F76DFC0020AC
:10400000BDE8F0810B213046FFF76FFE0028F1D1AB
:10401000F1E72B69002BEED040469847EBE770B5EF
:104020000446A0F1EC0650F84C3BE83CD3F8A45011
:1040300001F064FA03212046FFF779FCA0B10821C2
:104040003046F5F749FC3DB16B8A13B16B7C9B0799
:1040500002D5284600F0E6F83046BDE870404FF43F
:10406000B872002102F010BA01212046FFF75FFC70
:104070000028E4D10F212046FFF759FC0028DED1AB
:10408000E1E710B504460821A0F59C70F5F724FC83
:10409000A4F59A700421BDE81040FFF7A6BC08B54E
:1040A0009AB98378012B10D10621FEF705FA10F892
:1040B000043C23F0020300F8043C30F8041C21B94E
:1040C000BDE80840EC38F5F707BC08BD70B50446FC
:1040D000FFF726FC0546002875D0061D0321304653
:1040E000FFF725FC00286ED0D4F8A40008B100F03A
:1040F00099F8207A04F17001F5F742FEC4F8A400A3
:1041000028B92846BDE870400821FFF7D4BE0E212B
:104110003046FFF70CFC28B1D4F8A420537C43F0C0
:10412000020353742B7A032B0DD8002B4CD1D4F8F7
:10413000A420537C23F020035374D4F8A420537C90
:1041400023F001030DE0053B012BF0D8D4F8A420A7
:10415000537C43F020035374D4F8A420537C43F0E1
:10416000010353742B7D697BD4F8A4208B4228BFB4
:104170000B46304613740521FFF7D9FBD4F8A42071
:10418000537C40B343F010030D2130465374FFF7C6
:10419000CEFBC0B12021D4F8A40000F03FF8D4F841
:1041A000A43005F147021E33573552F8041BAA42CA
:1041B00043F8041BF9D10023D4F8A4205361936180
:1041C000D4F8A420938370BD05213046FFF7AFFBE0
:1041D0000028ACD0C0E723F010035374F3E70722A4
:1041E00008B502F059F9B0FA80F0400908BD437CE7
:1041F0005B0602D40121F0F739BF704770B5044661
:104200000D461646F5F754FE38B931462846F5F7FF
:10421000B7FD10B1438A1C43448270BD438A1943E1
:104220004182704710B5037A04465B0701D5F0F769
:10423000DDFF214611F8010BEFF7F4FE2046BDE843
:1042400010404822002102F01FB9024601463C23DB
:1042500011F8010B0C32EFF7D7BE531E194402447C
:1042600011F8013900F8013B9042F9D1704710B5BF
:10427000431E00F11002073013F8011F12F8014D20
:1042800083421C701170F7D110BDF0B50E46144674
:104290001D4697B00146202205A81C9FFFF7DDFFB1
:1042A000202231460DA8FFF7D8FF2146102201A891
:1042B0008DF85450FFF7D1FF3B46412205A901A8D4
:1042C000F5F7CAFF044610B93846FFF7D0FF20467D
:1042D00017B0F0BD2DE9F04316461D4697B00446D1
:1042E000DDE91F98102205A8219FFFF7B6FF1022D5
:1042F000314609A8FFF7B1FF102229460DA8FFF7A4
:10430000ACFF03221E9911A8FFF7A7FF494611F839
:10431000013BD9F801008DF847308B8806221290B6
:1043200012A8ADF84C30FFF798FF414611F8013B59
:1043300006228DF84E30D8F801300DF14F00CDF83F
:104340004F308B88ADF85330FFF787FF214610229E
:1043500001A8FFF782FF3B46412205A901A8F5F716
:104360007BFF044610B93846FFF781FF204617B09F
:10437000BDE8F0830C220369C9B202FB0133186C5B
:1043800000F00700704770B50346C9B20069EFF34B
:104390001186402484F31288BFF36F8F0C2505FB30
:1043A0000104246C14F0C00401D0A24210D10122F7
:1043B00005FB01000264002086F31188BFF36F8FB4
:1043C00028B95B6803EBC1035B689847002070BDA8
:1043D0004FF0FF30F0E78022FFF7D5BFF8B5069F1A
:1043E00005460469C9B2EFF3118C402080F31288AE
:1043F000BFF36F8F0C2606FB0146306C00F0070EF2
:10440000BEF1010F11D1376400268CF31188BFF380
:104410006F8F46B90C2000FB0144C4E90E236B6882
:1044200053F8313098473046F8BD00F0C00087425D
:104430000CBF6FF077064FF0FF36E6E713B5802428
:104440000094FFF7CBFF02B010BD10B41C2400692C
:10445000CBB204FB0300002110BC10471046F8F754
:1044600037BA00F0C4BAF7F7B5BC4FF4AF60704785
:10447000F7B51C460023164682682360A3600D46EC
:104480005369694601AA9847019B5A1E01921BB9BC
:104490006FF0150003B0F0BD0098A268476821686E
:1044A000676085B9B31AD0F800C0634528BF63467A
:1044B00003FB07111A442160A26002689A4206D8E1
:1044C00008300090E0E76B1AB3FBF7F3EBE700204E
:1044D000E0E713460022FFF7CBBF2DE9F0470024A9
:1044E000836886B0884691465B6902AA01A998470D
:1044F000A2462546029BAB4202D806B0BDE8F08733
:104500000026019F07EBC5077B6804933A680AEB16
:104510000603B24202D89A460135EBE749460394B6
:10452000059303A8C0470028E7D0049B01361C442C
:10453000ECE710B50C4600F08CFD0023C4E9000345
:10454000184610BD70B5044600F086FD237B054675
:104550000BB100F062FA00266068F7F719FFA36854
:1045600001365B1BA36063682B446360237B3BB90C
:10457000A368002BF0D1A068003818BF012070BDDF
:104580003046F7F7F9FC0028F2D0F4E738B50546D5
:104590000C4600F05EFD002D07DBA84205D9401B4C
:1045A00084428CBF0020012038BD0020FCE770B59C
:1045B0000D461946284616461C46FFF7E7FF40B150
:1045C0002CB12246304605F1807101F050FF0020E9
:1045D00070BD6FF01500FBE7436800205B681B6946
:1045E0000B607047436802EA01005B6821EA020140
:1045F00098600020D9607047436800205B6899602C
:104600007047436800205B68D960704743685B6807
:104610005A6821EA0200114098600020D960704772
:1046200030B50369586800B30024884219D108687E
:104630008CB99C685860A14200D198600020086045
:104640002AB15A680A609A68596002B999600020D4
:104650000FE02846E9E720609868814208BF9C6027
:10466000ECE705680446002DF3D1002AE9D16FF08C
:10467000150030BDF7F7A0BD30B543681360057A6B
:10468000446804EBC504A34202D36FF0010030BDBF
:104690005C7908338C42F1D10020F8E743681B684D
:1046A000D3F88004C3F88004704742681368D3F8D5
:1046B000100150B10020126A12780A70C3F810017C
:1046C000D3F8102101221A6070474FF0FF30704775
:1046D00002680346D2F8580140B95B68DB0706D48C
:1046E000D2F82001003818BF012070470120704720
:1046F00043681B68D3F80423D20517D5D3F82021CB
:10470000A2B1EFF31182402181F31288BFF36F8FC2
:10471000D3F8201131B10021C3F82011D3F82011B2
:104720000121D96082F31188BFF36F8FD3F858311C
:10473000704713B501AA0446FFF79EFF002805DB6A
:10474000019B226819791868F6F744FB02B010BD86
:10475000F8B50546002201211320EEF731FD1320A4
:10476000EEF7FEFC6C680121E068FFF7E2FF6B6882
:1047700019682369C1F82435A27D637D207D134328
:10478000228B02431343C1F86C356E680022D6E9D0
:10479000004313F0010312D02F6904F10C01C4F897
:1047A000A02104F59070C4F88C2007F1080200F0F5
:1047B0006DF900283ADB387AF7F762FC012308220A
:1047C000C4F80025F2690121C4F844250022C4F888
:1047D0004825A1606BB9D4F82031002BFBD0C4F878
:1047E0002021D4F820310123E3604FF48073C4F812
:1047F0000433D4F85831002BFBD00021C4F8001545
:104800006D68E8682C68FFF794FF0823C4F800354A
:104810002A7A52B92B6AC4F834350123C4F83835E2
:10482000C4F81021D4F8102123600020F8BD002224
:1048300000F150039B009BB203F1824303F5B033B8
:104840001A601B68704708B5F6F718FC08BD10B56C
:104850004FF0FF304FF0FF31F6F7A4FD044628B9C2
:10486000DCF700FF044618B1F6F7A4FD204610BDA2
:10487000F6F7A0FD2046EFF79DFCF7E738B50B8A69
:104880000D463BB101F10C00FCF70BFD012818D0DF
:10489000022803D06FF01504204638BD4FF0FF30DA
:1048A0004FF0FF31F6F77EFD04460028F4D1E868AA
:1048B000E8F774FF0446F6F77DFDACB1F6F764FE49
:1048C000EAE74FF0FF304FF0FF31F6F76BFD04469B
:1048D0000028E1D1E868F6F7EFFE0446F6F76AFD36
:1048E000002CD9D1F6F750FE2846EFF753F80024F4
:1048F000D2E7F6F773BE10B532220021044601F06C
:10490000C3FD202323708023A3706FF03F036371E6
:104910000423A3722823A3730223E3730423A37540
:104920006FF0480363760323A3766FF01F03E376EB
:104930000E232377302384F82030402384F821305D
:10494000792384F822307E2384F82330802384F86E
:104950002630042384F8273010BD08B50323E8F778
:104960001DFA002008BD08B5F9F7E2FD48B10023A3
:1049700083F31188BFF36F8F0423184602DF6FF0B3
:10498000040008BD08B54FF0FF314FF0FF30F6F7D7
:1049900009FDECF7BFFBBDE80840F6F70BBD684624
:1049A00020F007018D4601B5E7F750F8BDE801405A
:1049B00085467047684620F007018D4601B5E7F748
:1049C00039F8BDE8014085467047684620F0070188
:1049D0008D4601B5FCF7A6FCE7F758FEBDE801409F
:1049E0008546704708B5ECF776F9002008BD70479A
:1049F000012802D10020E5F7C1BE70477047E5F7F6
:104A00004BBD08B5E8F706F930B1EFF30580033880
:104A1000032894BF0020012008BD704703460020F2
:104A2000184700F01EBB024610B5116891B1B1FAEB
:104A300081F3C3F11F000123834021EA0303D2E87D
:104A4000EF4F8C4204D1C2E8EC3FBCF1000FF6D12D
:104A5000EBD110BD6FF00B00FBE710B50368CB4046
:104A6000DB0710D401238B40026843EA0201D0E83F
:104A7000EF4F944204D1C0E8EC1FBCF1000FF6D117
:104A8000F2D1002010BD6FF01500FBE770B5D0F833
:104A900080300646002B0C46154613DBD1F88030DB
:104AA000002B0FDB00210846F7F7DCFA48B92B781A
:104AB00043F00043C6F880302B7843F00043C4F83D
:104AC000803070BD6FF01500FBE741F00041C0F889
:104AD000801000207047F7B51646DDE908470190C1
:104AE00001A81D46F7F7D4FA019BB6F1000C18BFD8
:104AF0004FF0010C00EB83000B1E18BF0123002DAB
:104B000043EA4C030CBF4FF0000C4FF00C0C002C90
:104B100043EA0C030CBF4FF0000C4FF4706C002FF5
:104B200043EA0C030CBF4FF0000C4FF4403CD0F8AC
:104B3000002243EA0C0322EA030301B109780EB113
:104B40003678760019430DB12D78AD0031430CB1A4
:104B50002478240229430FB13F783F040C433C439F
:104B6000C0F8004203B0F0BD1FB50DF10F03019373
:104B700000238DF80F101A4619460093FFF7ABFF7C
:104B800005B05DF804FB10B504460846F7F792FA45
:104B900004EB4004207DC0F3401010BD10B5044666
:104BA0000846F7F787FA04EB4004207DC0F3400085
:104BB00010BD10B504460846F7F77CFA04EB400434
:104BC000A08A400B10BD70B5044608461646F7F79C
:104BD00071FA083034F810300D46DA0509D5C3F300
:104BE000432304EBC3023146284654F8333052685D
:104BF0009847A3682BB131462846E268BDE870406B
:104C0000184770BD10B504460846F7F753FA04EB91
:104C10004000838ADA051DD5C3F3432123F4F853FA
:104C2000838204F1120204F1720032F8023F13F49D
:104C3000807F03D0C3F3432399420BD08242F4D147
:104C4000002204EBC1035A6004F17800BDE8104073
:104C5000FFF703BF10BDF0B5034600F580740020D8
:104C600001270546844695420AD1D3F87C2132B10A
:104C70000022C3F87C21D3F87C3140F00040F0BD25
:104C800025F0404607FA06F6314209D0D4F800E094
:104C9000BEF1000F04D0C4F800C0D4F800E03043E7
:104CA00001350434DFE738B504460D46FFF76BFFE6
:104CB000A8B12046FFF772FF88B92046FFF779FFB9
:104CC000012322688340C2F80833236803EB800085
:104CD000D0F8103523F00303C0F8103538BD28464E
:104CE000BDE838400021FFF73FBF2DE9F0431746EC
:104CF000044685B00846F7F7DDF9D7F800800E4680
:104D00000546B8F1000F1ED02046FFF747FF18B147
:104D10002046FFF738FF20BB00230DF10F02CDE93D
:104D200000338DF80E308DF80F30304643460DF1CC
:104D30000E01FFF7D0FE04EB4502938A23F0020335
:104D400043F0010393827B689BB33146204693F87E
:104D50000080D3F80490FFF721FF28B1B9F1000FCC
:104D60001FD06FF0150027E004EB4500838A23F481
:104D7000604323F020038382B9F1000F11D0B8F112
:104D8000030FEED87B6821685B6893F800C04FEA98
:104D90008C031944B8F1000F11D1C1F81085C1F886
:104DA000108504EB4502938A23F01C0343EA880331
:104DB0009382BB6843BB002005B0BDE8F083D1F807
:104DC000102522F00302C1F8102522681344D3F8FD
:104DD000102522F44F3222F44072C3F8102532021B
:104DE000D3F8101502F47C5242EA08420A43C3F891
:104DF000102504EB4C03A3F87C60838A43EA4C3310
:104E000043F020038382CCE73146D3E90078204683
:104E1000FFF7F8FE002FCED063689F4206D004F162
:104E20007800FFF700FE002804DAC5E7A36898457C
:104E3000F5D1002004EBC003C3E9017804EB45057C
:104E4000AB8AC0B243EA402343F48073AB82B2E73B
:104E50002DE9F043054685B0084616461F46F7F78C
:104E600029F90C46804626B32846FFF797FE18B965
:104E70002846FFF788FE18BB05EB4809B9F814303F
:104E800003F01C0313B17378012B19D001238DF8A3
:104E90000F3000232046CDE90063721CB31C0DF1D6
:104EA0000F01FFF718FEB9F8143043F00303A9F817
:104EB0001430002F3FD021462846FFF76FFE20B95F
:104EC0006FF0150005B0BDE8F08300223E782B6836
:104ED0004FEA860C03EB8603C3F81025C3F81025B0
:104EE00005EB4802938A23F4604323F02003938266
:104EF000787800B32968BF786144D1F81035000490
:104F000023F4991323F4F853C1F81035230200F465
:104F1000403003F47C5303433805D1F8105500F4B6
:104F2000801003432B43C1F81035938A43EA46337C
:104F300043F0200393820020C4E7C0E903127047C6
:104F400070B504461546FFF71EFE48B10846F7F750
:104F5000B1F804EB40040020A38A5B0B2B7070BDFA
:104F60006FF01500FBE738B590F88C4005469CB90A
:104F700060222146143001F087FA2868C0F87C418D
:104F8000D0F87C3140F30730EEF7EAF801232046F1
:104F900085F88C30AB6738BD6FF07700FBE790F891
:104FA0008C00003818BF01207047F7F7B7B82DE91B
:104FB000F34104461746FFF7E6FD0D462668F0B1BB
:104FC0002046FFF7EBFD8046C8B92046FFF7F1FD0C
:104FD000820002F5807346F80380F3582368134477
:104FE000D3F8102542F00102C3F8102527B10123A0
:104FF00022688340C2F8043302B0BDE8F081D6F8DD
:1050000004332846002BA4BF4FF00043C6F80433F6
:10501000F7F750F804EB4004A38AC3F38203042B90
:1050200011D0052B11D001A80195F7F731F8019B9C
:105030000169D94001F001010231284602B0BDE802
:10504000F041FFF791BD0321F7E70221F5E7FFF7F4
:105050002ABE4FF4802070474FF4006070478020D4
:10506000704708B1EEF7E8BD704710B543690446D4
:105070003BB90020E2684042537843F0010353708B
:1050800010BD98470028F4D00028B8BF4042FF2840
:10509000A8BFFF20E3681870ECE740B1C3685878F8
:1050A00010F001001EBF1878B0FA80F04009704778
:1050B000EFF31183402383F31288BFF36F8FFEE772
:1050C00008B5FFF7F5FF10B400F10C04C0E9034484
:1050D00010BCFAF761BF38B50446EFF311854023E1
:1050E00083F31288BFF36F8FFAF7D0FE04F10C0040
:1050F00000F0DAFA30B1294604F11400BDE8384076
:1051000000F0B8BA85F31188BFF36F8F38BD10B5C2
:1051100042696AB1836842EA0301890708D10169DB
:10512000A2FB011424B95B182CBF0121002102D37A
:105130006FF0150005E0C1609B1A02698A4201D830
:10514000002010BDC26801311A604269C3609B1A19
:10515000F3E72DE9F04105460F46EFF311884023B0
:1051600083F31288BFF36F8FC668FEB90468A0424C
:105170001CD0DCB1D4E9003213605A60237CC4E94E
:10518000006623F002032374A66004F1180000F007
:105190000DFB2046C4F8AC60676100F038FA414668
:1051A00005F10800BDE8F04100F064BA3E60AB696B
:1051B000EF60013BAB6188F31188BFF36F8FBDE8EF
:1051C000F081402408B5EFF3118384F31288BFF314
:1051D0006F8FFBF762FFF6E790F90E308B4201D03C
:1051E000F8F70AB80020704703460020C3E90033EF
:1051F000C3E902007047D0E9003213605A6000230F
:10520000027CC0E9003322F002020274836070471E
:105210002DE9F843904604460D469DF82020EFF313
:105220001187402181F31288BFF36F8F02B1456867
:10523000A66804F10809B14516D0AEB10024304685
:10524000FFF7D9FF06F1180000F0B0FA3046C6F8B3
:10525000AC40C6F8148000F0DAF94846394600F050
:1052600009FA2046BDE8F883A3B10820F8F7BAFB95
:10527000002832D00122C0F804800260016801F0E9
:1052800003015DB922680A430260626820606AB95E
:1052900060600BE04046C8F80030EFE72A68032A58
:1052A00010D80160616839B9C4E90000002087F3B3
:1052B0001188BFF36F8FD5E70A6802F0030202433B
:1052C0000A60E5E722F003020A4302602A6802F05E
:1052D000030240EA02032B60E8E76FF00B00E6E709
:1052E00010B5044630B10268930703D0446809B191
:1052F00000F0DDFA204610BD0023C0E9003300F1C4
:105300000803C0E902337047012307B50093002367
:105310000A461946FFF77CFF03B05DF804FB002343
:1053200007B50A4600931946FFF772FF03B05DF810
:1053300004FB00210068FFF7D3BF3AB18A4205D3CE
:10534000C0E90212C0E90000002070476FF01500AC
:105350007047012302688B4022EA0303036022FAAC
:1053600001F000F001007047704710B503210446BA
:105370000C30FFF7EEFF30B104F1100000F016FA28
:10538000B0FA80F0400910BD20B10022BC301146B7
:1053900000F0D2B9704770B5C3680446C3F3400645
:1053A0009B0716D4856802210C30FFF7D2FF80B12D
:1053B000D5F8B4206AB194421DD122689EB9D5F8BF
:1053C000B830C5F8B4209C4201D1C5F8B8200023FC
:1053D0002360E36813F01F001EBF43F00203E36085
:1053E00040F0020070BD3260D5F8B820944208BF8A
:1053F000C5F8B860EBE716461268DBE773B50446FC
:10540000EFF31185402383F31288BFF36F8F0023DE
:105410000193D0E90423B3F1004F08BF012A05D05E
:1054200085F31188BFF36F8F02B070BDA0F1100635
:1054300003210438FFF78DFF0028F1D0A36930461F
:1054400001A90193F7F7BAFBEAE738B504460D4620
:105450001022002101F018F8656038BD13B50190E5
:105460000846EFF31184402383F31288BFF36F8F54
:1054700001A9F7F7A3FB84F31188BFF36F8F02B084
:1054800010BD10B5FFF7EAFF041E08DDEFF3118031
:10549000402383F31288BFF36F8FF7F719FF20467D
:1054A00010BD70B50D46EFF31186402383F31288CB
:1054B000BFF36F8FF7F7D4FB044686F31188BFF371
:1054C0006F8F38B14FF0FF324FF0FF3305F110000E
:1054D000F7F732FA204670BD08B5D022002100F05F
:1054E000D3FF08BD38B530220D460021044600F038
:1054F000CBFF4FF480736560E36038BD38B5044678
:10550000EFF31185402383F31288BFF36F8FFFF70A
:105510002CFF2046FFF73FFF85F31188BFF36F8F05
:1055200038BDF8B504460D46EFF31187402383F3E9
:105530001288BFF36F8FC36803F01F03002B14BFE3
:105540000126002609D0FFF710FF2046FFF723FFB2
:1055500029462046F7F714FB034687F31188BFF36B
:105560006F8F3BB14FF0FF324FF0FF3305F1080072
:10557000F7F7E2F93046F8BDD0E9003213605A601F
:105580000023027CC0E9003322F00202027483602F
:105590007047EFF30580003818BF01207047D0E94D
:1055A000003213605A600023C0E90033704708B529
:1055B000FFF7F5FF037C23F00203037400238360ED
:1055C00008BD38B504460D46F7F772FD237C43F05D
:1055D00002032374D5B1A5602B689D4209D16B6885
:1055E000C4E900531C606C6010E06A689A42F6D00F
:1055F0001B68002BF3D093F90E1094F90E20914202
:10560000F3DD5A68C4E9003214605C6038BD10B53F
:10561000EFF31184402383F31288BFF36F8FF7F702
:1056200007FD84F31188BFF36F8F10BD08B5037CAD
:10563000014613F0280F0CD183680BB1FFF7B7FFB9
:105640000B7C084623F004030B74BDE80840F7F711
:10565000EFBC08BD10B5EFF31184402383F312882B
:10566000BFF36F8F1838FFF7E1FF84F31188BFF3A2
:105670006F8F10BD0846F7F753BD38B5054604686F
:105680000020AC4200D138BD002CFCD02046FFF7F2
:105690008EFF04F1180000F089F82046F7F7C8FCE7
:1056A0002C680120A542EDE710B5EFF311844023EB
:1056B00083F31288BFF36F8FFFF7DFFF84F3118846
:1056C000BFF36F8F10BD38B50C460546F7F79CFE4B
:1056D000B4F1FF3F08BFB5F1FF3F1FBF47F6FF73AF
:1056E00000224FF47A71E0FB013216BFD80B4FF065
:1056F000FF3040EA424038BD38B50446EFF311852B
:10570000402383F31288BFF36F8F037C5B070ED5B2
:10571000183000F04BF8237C204623F00403237458
:10572000F7F786FC2846BDE83840F7F7F9BC85F363
:105730001188BFF36F8F38BD38B5EFF31185402363
:1057400083F31288BFF36F8F0468A04213D0A4B113
:10575000C4F8AC1062612046FFF729FF04F118007D
:1057600000F024F82046F7F763FC012085F3118848
:10577000BFF36F8F38BD0020F8E72046F6E708B585
:105780000246F7F7D5FF70B1D0E904319B1A61EBFF
:10579000E272B3F1004F72F1000104DA002AACBFEB
:1057A0001846002008BD6FF00040FBE7024638B500
:1057B000EFF31185402383F31288BFF36F8F0368E3
:1057C000D3B1F7F7B5FF04461046F7F7C3FF002241
:1057D0004FF000438442C0E9042305D0002085F344
:1057E0001188BFF36F8F38BDF7F7AAFFFFF7C7FF28
:1057F0000021F5F79FFDF1E7D0E90413B3F1004F65
:1058000008BF012904D100204FF00041C2E9040182
:105810006FF01500E3E708B5F8F7A4F808BDF8F74E
:10582000A1B8B3F1FF3F08BFB2F1FF3F70B5064624
:105830001D46144614D01A4316D0002B08DBF8F787
:1058400091F8041941EB0501C6E90041304670BDED
:105850006FF001031C1B4FF0FF3363EB0501F3E70F
:105860004FF0FF342146EFE70024FBE7B3F1FF3FA1
:1058700008BFB2F1FF3FF8B5074616461C4610D0E8
:1058800054EA020311D0F8F76DF8B0420A46A1417C
:1058900003460AD2F31A64EB0204C7E9003438461F
:1058A000F8BD4FF0FF331C46F7E70023FBE720B1BC
:1058B000011F50F8040CFFF70EBC704770470346F9
:1058C000C068F8B15888E8B11B8803F44F42B2F5BC
:1058D000824F02D0B2F5884F09D1DBB2272B2AD0F4
:1058E00008D8172B0FD0222B34D0122B16D06FF0E4
:1058F00085007047302B2FD0413B012BF7D8FF2874
:1059000039D100207047C028FBD0E128F9D0B0F58C
:10591000807F14BF6FF086000020704720F02003C6
:10592000C02BEED020F08003B3F5807FE9D040F2A9
:1059300009239842EDE7E928E3D0EF28E1D040F2CF
:105940001B139842DDD040F299139842D9D040F20F
:105950003B23EEE7E928F1E720F02003C02BD0D06D
:1059600020F04003B3F5807FCBD0B0F5C07FC8D026
:10597000B0F5007FCDE7B0F5E07FCAE73AB1002986
:1059800018BF00232121D21A184400F07DBD7047B2
:105990002DE9F04F9B46002389B08DF81B30159BF5
:1059A0009146DDE912A7002B0D460B460CBF4FF4C4
:1059B00000624FF4806207A9DDF85080F8F7B0F973
:1059C0000446D8B9079E284631880DF11B02F8F726
:1059D00023FA044690B99DF81B30BB4220D8CDE98C
:1059E0000338CDE901BACDF800902B463046B26EAF
:1059F00006F12401F8F718FF044608B1C8F8007052
:105A00003A4621465046D8F80030FFF7B7FF0798CE
:105A1000F8F7F4FE002C18BF204609B0BDE8F08F5F
:105A20006FF08904EAE741F2062398421AD8B0F5EC
:105A3000905F09D241F2010398420CD0B0F5885F23
:105A400009D06FF0850070476923A0F5905080B2AF
:105A5000C340DB07F5D511F0070F14BF6FF08600C8
:105A600000207047B0F5105FEBD121F04003802B90
:105A700006D0B1F5807F14BF6FF08600002070471C
:105A800000207047F8B51E460F4615460388C2B180
:105A900003F4E043B3F5805F02D0B3F5005F10D1AB
:105AA000089BE90019600088FFF7BDFF044630B984
:105AB0002A463946304600F0DAFC079B1D60204636
:105AC000F8BD6FF08504FAE710B5836E04461BB18C
:105AD00041212430F8F700FF0020A06610BD38B542
:105AE0000446FFF7F1FF237F012B0FD0023B012B70
:105AF0000FD8236A012B14BF6FF0960500256C2286
:105B00000021204600F0C0FC284638BD236A002B47
:105B1000F1E76FF09605F2E738B514460288049D68
:105B200002F4E040B0F5805F07D0B0F5005F04D02C
:105B300002F44F42B2F5824F0ED1AC420FD8184654
:105B4000224600F094FC00212A1B204400F09CFC1B
:105B50000020059B1C6038BD6FF08500FBE76FF0EF
:105B60008900F8E7F0B50F461E46154685B0D2B15C
:105B700000230122336003A9F8F7D2F8044678B96C
:105B8000CDE9005603983B46826E00F1240100F0F7
:105B9000D1F904460398F8F731FE002C08BF0446FB
:105BA000204605B0F0BD6FF08904F9E770B50488B0
:105BB000154604F4E042B2F5804F049E22D144F22F
:105BC000010224F4405090420DD004F44F44B4F547
:105BD000824F08D0B4F5844F05D0B4F5884F02D079
:105BE000B4F58E4F0ED1B5420FD818462A4600F0B4
:105BF0003EFC0021721B284400F046FC0020059B5F
:105C00001D6070BD6FF08500FBE76FF08900F8E75D
:105C1000F0B50F461E46154685B002B3002303A912
:105C20001A463360F8F77CF8044690B90398038865
:105C30005B0411D5CDE900563B46826E00F124018C
:105C400000F083F904460398F8F7D8FD002C08BF4C
:105C50000446204605B0F0BD6FF08604F3E76FF010
:105C60008904F6E710B50368044643B100F0D6F99D
:105C700000232360A3886FF30803A38010BD184698
:105C8000FCE72DE9FF41984600230C4601680546D4
:105C90001646039300293AD14FF4A872083000F059
:105CA000F3FBB8F1000F204633460CBF4FF40062FF
:105CB0004FF4806203A9F8F733F80446C0B9039F94
:105CC000304639882A1DF8F7A7F8044680B96B7961
:105CD000394668F300036B71BB6E284607F1240256
:105CE0000096B8F1000F0FD0F8F7B6FD044610B1DA
:105CF0002846FFF7B7FF0398F8F780FD002C18BF80
:105D0000204604B0BDE8F081F8F7C6FDEEE76FF07D
:105D10008804EDE70123FFF7B4BF38B503680546F3
:105D200014464BB132B100F064F9044610B1284674
:105D3000FFF798FF204638BD6FF08804FAE72DE999
:105D4000F0411646026805460F469846F2B1427980
:105D5000D2071BD50279CAB1B2421AD800F052F963
:105D6000044618B10023C8F800602B7137B13246E1
:105D700021463846D8F80030FFF700FE2846FFF7E6
:105D800071FF002C18BF2046BDE8F0816FF0880439
:105D9000E8E76FF08904E5E71FB501240394089C48
:105DA0000294079C0194069C0094FFF7F1FD04B057
:105DB00010BD2DE9F04705469A46002388B00793A9
:105DC00025F0004323F47F03B3F1106F0846DDE9AB
:105DD00010961746DDF8488024D12B464FF48042B8
:105DE00007A9F7F79DFF044668B9CDE90368CDE937
:105DF00001A9079800972B46826E00F1240100F05C
:105E000015F9044628B131464846F8F735FAC8F87E
:105E100000600798F8F7F2FC002C18BF204608B085
:105E2000BDE8F0876FF08604EDE703461B8808465F
:105E300003F4E043B3F5805F114602D0B3F5005F91
:105E400001D1F8F719BA6FF0850070471C220021C4
:105E500000F01ABB034668B1017F8A1E012A0BD8E5
:105E60000329026A03D1012A01D1FFF738BE1AB112
:105E7000013A1A62002070476FF096007047C0B276
:105E8000002814BF6FF08500002070470020704785
:105E9000704700226FF086001A60704700236FF091
:105EA00086000B6070472DE9F041476804463F0AC1
:105EB0000D461646984611D107887F0407D44346FD
:105EC000324629462046BDE8F041FFF7AEBF00F05C
:105ED000E3F810F1860FF2D0BDE8F0816FF0860094
:105EE000FAE72DE9F04F476885B03F0A0446DDE93F
:105EF0000E9A0D4616469846DDF840B015D1CDE90C
:105F000001ABCDF8009000F0B9F810F1860F0ED17A
:105F10004346324629462046CDE90FABCDF83890AE
:105F200005B0BDE8F04FFFF7ADBD6FF0860005B0DE
:105F3000BDE8F08F10B44468240A02D110BCFFF70A
:105F4000EBBD6FF0860010BC70472DE9F347476842
:105F50000446DDE90A9A3F0A0D461646984611D1D5
:105F6000CDE9009A00F07CF810F1860F0CD1434681
:105F7000324629462046CDE90A9A02B0BDE8F047EC
:105F8000FFF714BE6FF0860002B0BDE8F08710B4D2
:105F90004468240A02D110BCF8F788BD6FF086006F
:105FA00010BC704713B504464868000A0AD104982B
:105FB000009004F1080000F075F908B91C23236073
:105FC00002B010BD6FF08600FAE710B404681C2C14
:105FD00003D110BC0830F8F741BD6FF0860010BC4B
:105FE000704703681C2B02D1083000F065B900200F
:105FF000704703681C2B02D1083000F02EB96FF0F7
:106000008600704710B404681C2C03D110BC083003
:1060100000F02CB96FF0860010BC704703681C2B91
:1060200002D1083000F02EB90020704710B4446847
:10603000240A02D110BC00F047B96FF0860010BCF2
:106040007047002070476FF0850070470020704750
:106050004FF0FF324FF0FF33F6F746BBF6F7B6BB13
:1060600010B4048804F44F44B4F5824F02D110BC3C
:1060700000F04FB96FF0850010BC704710B4048871
:1060800004F44F44B4F5824F02D110BC00F071B952
:106090006FF0850010BC704710B4048824F0FF0432
:1060A000B4F5E24F02D110BC00F0B6B96FF0850034
:1060B00010BC7047024612F8103B43F3C01303F0C4
:1060C000870312F8011D83EA4103904213704FEADF
:1060D0001323F6D170472DE9FF470546884614463D
:1060E00022B3D0F8486100F5947786B94FF01009D3
:1060F000A0440DF10C0A102CA8EB040237D823465B
:106100003946384600F0F8F8C5F848410EE0C6F1C7
:1061100010094A450FD8B91913460846424600F0FF
:10612000EBF8D5F848312344C5F84831002630460D
:1061300004B0BDE8F087B9F1000F08D0B9194246A4
:106140004B46084600F0D8F8103EC84434441022AC
:1061500003AB019339463B4628460092FFF735FFD3
:1061600006460028C2D02846FFF73BFFDFE7102392
:106170003946384600F0C0F83B46102239462846DA
:10618000CDE9009AFFF721FF06460028EBD1103C2D
:10619000B1E72DE9F0439846D0F848311746102B67
:1061A0000446894685B000F5947500F59C721CD1B3
:1061B0002946284600F0A0F8102203AB0193294697
:1061C0002B4620460092FFF700FF064630B93A46BC
:1061D0002946484600F04BF9C8F800702046FFF702
:1061E00000FF304605B0BDE8F083C618104696F8AB
:1061F000283183F0800386F82831FFF75BFF1023F6
:106200000246D5E7F0B504460E461746D5B04FF422
:10621000A672002101A81D4600F036F921463B4632
:10622000324601A8F8F764FB044680B929465A9A19
:1062300001A8FFF750FF044648B9DDE95C235B99EC
:1062400001A8FFF7A6FF0446204655B0F0BD01A8FF
:10625000FFF7C7FEF8E7F8F771BB90F84C31022B57
:1062600001D1FFF738BF6FF08800704710B490F885
:106270004C41022C02D110BCFFF78BBF6FF088009D
:1062800010BC704710B590F84C310446022B07D172
:10629000FFF7A7FE4FF4A8720021204600F0F4F8A3
:1062A000002010BD13B5002409880194049C0094BB
:1062B000F8F7A6FB02B010BD08B54FF490720021AC
:1062C00000F0E2F8002008BD10B4048804F44F4444
:1062D000B4F5824F02D110BCF8F73ABC6FF08500DC
:1062E00010BC704703460144002013F8012B8B4279
:1062F00040EA0200F9D1704730B50B4411F8014B68
:1063000012F8015B994284EA050400F8014BF5D1CB
:1063100030BDF8B505462F881846DDE9063607F486
:10632000E04CBCF5804F144606D19A421ED800F0CE
:106330009EF834600020F8BD47F21212974202D056
:106340006FF08500F7E7640001349C420ED8042208
:106350006B883460B3F5807F0270F1D10130F8F7BB
:1063600075FD0028E6D06FF08600E4E76FF0890045
:10637000E1E72DE9F0410E4644F212111F46038871
:1063800015468B42DDF8208042882ED047F212114C
:106390008B423BD102B9EA00B2F5807F36D1202D85
:1063A00003D06FF08600BDE8F08129463046FFF744
:1063B00099FF0028F5D03046F8F734FD0028F0D1D9
:1063C000D8F8004034F48074EBD1069B9D4220D86D
:1063D0002A463146384600F04AF8079B20461D60A1
:1063E0004FF48073C8F80030DDE71AB9EB07D8D551
:1063F0006A08D200B2F5807F08D1412DD1D133781F
:10640000042BCED1701CF8F717FDD7E76FF085008D
:10641000C9E76FF08900C6E7F8B51E4647F21213C8
:106420000C4647880188FD1D99424FEAD50502D0E8
:106430006FF08500F8BD954216D829462046F7F73B
:106440001BFF0028F6D129462046FFF74BFF002806
:10645000F3D0B7F5807FEBD12046F8F7E3FC0028B6
:10646000EBD120233360E5E76FF08900E2E70A44CF
:10647000431E914200D1704710B511F8014B914273
:1064800003F8014FF9D110BD02440346934200D1F5
:10649000704703F8011BF9E70139024410B5904237
:1064A00001D1002005E0037811F8014FA34201D08B
:1064B000181B10BD0130F2E710B56AB1013984181C
:1064C00010F8012B11F8013F9A4203D1A04201D0EC
:1064D000002AF5D1D01A10BD1046FCE70139034659
:1064E00010B532B111F8014F013A03F8014B002CFD
:1064F000F7D11A440021934200D110BD03F8011BCB
:10650000F9E70246014410B58A42134603D01C78CD
:106510000132002CF8D1181A10BDF0B5C3F13707BD
:10652000044603F01F031046FFB2082BE6B232D038
:10653000102B3DD06508A40845EAC17544EA817472
:106540008A082D1942EB5102290941EA02716D189E
:1065500042EB1212290A41EA02616D1842EB122243
:10656000290C41EA02416D1842EB1242AD1842F18A
:106570000002EC0844EA4274D10804EB8402A6EB62
:106580004205EDB2092D0CD90134A5F10A0541F1FE
:106590000001EDB212E0E40806F0070544EA417498
:1065A000C908303554EA010200F8015BBDD1F0BDE5
:1065B000240906F00F0544EA01740909092D84BF76
:1065C000ED19EDB2EDE7D1E9043293421EBF5A1C3A
:0865D0000A6118707047000019
:0865D8008AABFE7F0100000008
:1065E0005D3C01010000000000000000986602010F
:1065F00041C601010000000065C601010000000065
:1066000000000000D066020100000000B466020134
:1066100001BD010100000000E54902010000000089
:1066200000000000EC6602010000000008670201A3
:1066300005A6010100000000E5B101010000000015
:10664000E93701010000000000000000246702019A
:1066500079BD010100000000F5C901010000000042
:106660000000000040670201354001010000000009
:106670006749020100000000D14201010000000052
:106680008D2B010100000000E52501010000000044
:08669000BF0D02010000000033
:10669800B47F02010076020190680201DC06002145
:1066A800882C00216DA3010100000000ED7F02018C
:1066B800187602016C680201E2060021382D0021DB
:1066C80091AC010100000000FB7F02012C76020161
:1066D8006C680201E4060021442D002191AC0101FF
:1066E80000000000C37F0201000000004C680201A6
:1066F800DE060021DC2C002119A8010100000000A1
:106708000980020140760201AC680201E606002118
:10671800502D002151470201000000003D80020178
:106728000000000088760201E8060021682D00219B
:10673800B9B4010100000000D37F0201000000008D
:1067480054680201E00600210000000011A90101BF
:04675800000000003D
:10675C00000000005F100201000000005F10020149
:10676C00000000005F100201000000005F10020139
:10677C00000000005F100201FF4902011D4A0201E6
:10678C00000000005F100201000000005F10020119
:10679C00000000005F100201DC2C002185A8010123
:1067AC00E403002175460201000000005F100201A5
:1067BC00000000005F100201000000005F100201E9
:1067CC00000000005F100201000000005F100201D9
:1067DC00000000005F100201000000005F100201C9
:1067EC00000000005F10020108670201F14602017F
:1067FC00000000005F100201000000005F100201A9
:10680C000000000075B20101000000005F100201E1
:10681C00000000005F100201000000005F10020188
:10682C000000000069BD0101000000005F100201C2
:10683C00000000005F100201000000005F10020168
:08684C00C5A7010115A7010118
:10685400AF45020145AA01013DA9010109A90101B0
:0868640033450201F9A801010E
:10686C00C5AA0101D9450201E5450201F94502011C
:10687C00034602010D460201CDAC01012146020185
:04688C000000000008
:10689000C5A30101D74302013D44020100000000ED
:0C68A00075430201000000000000000031
:0C68AC00AB460201DDAE01019D46020179
:1068B80005000000716A010106000000F58F010162
:0868C8000400000085790101C4
:1068D00023FC010127FC0101000000000000000072
:1068E00000000000000000000000000000000000A8
:1068F0000000000059270101000000000000000016
:106900000000000000000000000000000000000087
:106910000000000000000000000000000000000077
:106920000000000075880101000000000000000068
:10693000B4740201080000002C700201070000007E
:10694000D071020105000000B870020106000000CD
:10695000786F020109000000307102010800000098
:106960003472020103000000A86E0201070000005B
:08697000CC6D02010B000000D8
:0C6978002BFC010103FD010107FD0101E2
:10698400040000000F0000000100000008000000E7
:1069940020000000600000007000000010000000F3
:1069A4000C0000000E000000500000007400000005
:1069B400A8000000FFFFFFFFFFFFFFFFFFFFFFFF37
:0469C400FFFFFFFFD3
:1069C800787E020100000000000000007D3C01010B
:1069D800913F010100000000917F020101000000C9
:1069E8000000000013300201000000000000000059
:1069F800A07F02010100000000000000D533020161
:106A08000000000000000000987F02010100000063
:106A1800000000004D7D0101898701010000000090
:106A2800AC7F02010100000000000000B19F0101DD
:106A38009D9E010100000000A67F020101000000E8
:106A4800000000007D8001016D810101000000004F
:106A60000000000003000000300000006000000093
:106A7000000000002526270001020303280400006F
:106A800090420000BE1100004C010000E80B000025
:106A90008604000001020303010203030101000256
:106AA00007000102040100010000010100000100D3
:106AB000010000010001000000000000020B0000C6
:106AC00001000B0002000A00050009000A0008008E
:106AD000140007001E000600320005004B000400F1
:106AE0006400030096000200FA000100F4010000B7
:106AF0000102030302030001F401FA00960064009E
:106B00004B0032001E0014000A00050002000100C4
:106B10000C0802170D0101020909010106020918FA
:106B2000180301010909838385030201230202245A
:106B30000910040405050B0B040B2B1B1B159A9A5B
:106B40001C021D16130501490D150508061B1B0F18
:106B500001010000FEFEFEFEFEFEFEFEFEFEFEFE4B
:106B6000FEFEFEFEFEFEFEFEFE16FEFEFEFEFEFE2D
:106B7000FEFEFEFEFEFE1F1FFE26FEFEFEFEFEFECB
:106B8000FEFEFEFEFEFEFEFEFEFEFEFE3E3EFEFEA5
:106B9000FEFE3B3B60009006BE022C01D012CE05EB
:106BA00028049042BE1164005006AE027205DA431A
:106BB000081300010202A301B103BF05EF02490659
:106BC000A309C505F50B2512010203030102030306
:106BD000010204010203030028049042BE11720561
:106BE000DA4308132C00D002CE0104401000280420
:106BF0009042BE112C00D002CE01B400500BEE0327
:106C000064005006AE02B400500BEE030102030311
:106C100028049042BE1128049042BE1101020303D1
:106C20000001020201000000070000000000000057
:106C300000000000000000000406080A0C0E1012FC
:106C40001416181C1E20222426282A2C2E303234FA
:106C500036383A3C3E40424446484A4C4E021A506E
:106C60000000000028000000180000005001000093
:106C70005001000000000000141E00003011000050
:106C80003C730000B45F0000B80BD0076C396C395E
:106C90000000000070170000A00F00003C2800005A
:106CA0003C2800000000DC05E803D41700000000C9
:106CB000000000000000000000000000141E0000A2
:106CC0003011000060EA000060EA000000002CA61D
:106CD000E0A120A820A800000000000000000000A3
:106CE00000003408E803280A280A00000000000019
:106CF00000000000E3A3C30001020005040008082F
:106D000000001800280000002A0000000000000019
:106D10000000000000000000000000000000010171
:106D20000101020202020303030304050607080926
:106D30000A0B0C0D0E0FD8ECF0F4F8F9FAFBFCFD81
:106D4000FEFF0001020300100200FA00000080FFB5
:106D500001030062746C6500000000000000000088
:106D60000000000000000000000000000000000023
:106D70000000000000000000000000000000000013
:106D80000000000000010000000000000000000002
:106D90000338FDD87047000099180101E11801017E
:106DA00021190101A5180101B51801010910000000
:106DB0003C790201010100001306002103060000D6
:106DC0000D06002107100000FD05002104780201D6
:106DD0001531020100000000F280020100000100F4
:106DE00000780201F334020100000000CC0200210F
:106DF00000000100E1800201CFFC0101A5FC0101BE
:106E00008906002100000C00FC770201E730020136
:106E100059820101B402002100000900F877020143
:106E2000F334020100000000AC0200210000010068
:106E3000D0800201CFFC0101A5FC010174060021F4
:106E400000003000F4770201F3340201000000007A
:106E5000A402002100000100BF800201CFFC01015B
:106E60006FFC01011406002100004300F0770201CD
:106E70000D36020100000000F805002100000100AD
:106E8000EC770201F3340201000000009C020021B3
:106E900000000100AE8002010000000037FC01018B
:106EA0005F0600210000020018780201153102017E
:106EB00000000000C006002100000100147802015B
:106EC000F3340201000000000C0300210000010067
:106ED000AF06002100000000151B010101000000A9
:106EE0000000030010780201E7300201598201011D
:106EF000F4020021000003000C780201F3340201C7
:106F000000000000EC020021000001009E060021AC
:106F1000000000000000000001000000000001006F
:106F200008780201E730020159820101D4020021F0
:106F3000000003000400000000000000000000004A
:106F400000C00000406702010100000000C0000016
:106F500000700100406702010200000000300200E2
:106F600000700100406702010300000000A0030060
:106F700000600000406702015078020115310201F3
:106F8000000000004C780201000001004878020176
:106F9000F33402010000000034030021000001006E
:106FA00040780201D50B0201000000009279020135
:106FB000000001003C780201F334020100000000EF
:106FC0002C0300210000010034780201D50B0201DE
:106FD000000000009F7902010000010030780201EA
:106FE000F33402010000000024030021000001002E
:106FF000287802017123010100000000D106002160
:107000000000010024780201F334020100000000B6
:107010001C030021000001001C780201D50B0201B5
:1070200000000000A3790201000001007C78020149
:107030001531020100000000787802010000010013
:1070400074780201F3340201000000004C030021B7
:10705000000001006C780201850C02013D0C020168
:10706000000000000000090068780201F33402010A
:1070700000000000440300210000010060780201CC
:10708000090C0201000000000000000000000100E7
:107090005C780201F3340201000000003C0300218F
:1070A00000000100547802018D230101000000005E
:1070B0000000000000000100A0780201153102016B
:1070C000000000009C780201000001009878020195
:1070D000F3340201000000007403002100000100ED
:1070E0009078020181240101312501010000000096
:1070F000000003008C780201E7300201598201018F
:107100005C0300210000030088780201F3340201CF
:1071100000000000540300210000010080780201FB
:107120002D240101D1230101000000000000030013
:10713000D07802011531020100000000CC78020174
:1071400000000100C8780201F334020100000000D1
:10715000A403002100000100C0780201000000002B
:10716000000000000000000000000000BC780201E8
:10717000E7300201598201018C0300210000030065
:10718000B8780201F33402010000000084030021FA
:1071900000000100B0780201F525010100000000A7
:1071A0000000000000000100AC780201F33402018D
:1071B000000000007C03002100000100A47802010F
:1071C00000000000A52501010000000000000200F1
:1071D000EC7802011531020100000000E87802019C
:1071E00000000100E4780201F33402010000000015
:1071F000C403002100000100DC78020179260101AE
:10720000000000000000000000000100D87802012A
:10721000E730020159820101AC03002100000300A4
:10722000D47802013136020100000000F07802013A
:107230000000010008790201153102010000000080
:10724000047902010000010000790201F334020117
:1072500000000000CC03002100000100F8780201CA
:107260000000000071270101000000000000020082
:10727000512A010100000000000000000000000091
:10728000C30E020100000000A70E02010000002151
:10729000000000000600010002000000A0720201D0
:1072A00000000001127E020102000000E0FF030165
:1072B000000000211A7E020121000000E0FF0021F1
:1072C00075380101000000005B110201C07202016B
:1072D000DC7202014A00000000000000506400213E
:1072E000C0720201F07202012E00000000000000D6
:1072F00018690021C072020104730201020100003A
:1073000000000000EC6900210E030000754C010133
:107310000F040000714D01011A010000AF150201B8
:107320000504000085420101130100002B17020132
:107330003E01000059440101011200001D17020125
:107340000A1E0000E3170201FF01000031430101A2
:107350003E01000051430101050400002516020111
:10736000080400007F19020130030000191902010E
:10737000100100007F16020101120000194B0101EB
:107380000A1E0000731A02010309000021180201FD
:10739000040B000087160201060A0000C31B02014D
:1073A000070A0000671602010C0500004D160201D5
:1073B000050C0000FB1A0201C0720201C873020131
:1073C0004700000000000000086B0021C0720201AD
:1073D000DC7302010000000000000000286C0021A6
:1073E000C0720201F07302014A00000000000000B8
:1073F000506C00210B2302015D23020100000000FC
:10740000000000000000000007250201000000004D
:107410000000000000000000000000000202010067
:107420005528020104040100E16E01010606010075
:107430002574010108040100E57401010A0201003C
:10744000FD2902010C040100E52902010E040100DE
:107450006170010120040100F570010110040100B8
:10746000F9750101120201008729020116040100C9
:10747000856F010118010100497201011E0004001D
:10748000EB2E0201520200005D290201C0720201CE
:107490009C7402014C00000000000000A86D002157
:1074A000C0720201B074020141000000000000003F
:1074B000846F0021387902011531020100000000BB
:1074C000347902010000010030790201F334020135
:1074D0000000000058050021000001002879020189
:1074E000000000000000000000000000000000009C
:1074F00024790201E730020159820101600500216F
:107500000000030020790201F334020100000000B2
:107510005005002100000100187902014D310201DF
:10752000073302010000000000000300147902018B
:10753000F3340201000000004805002100000100B2
:107540000C79020195860101000000000000000096
:1075500000000100C99401011F400201E19B0101EB
:107560000000000000000000419A0101000000003E
:10757000000000000000000000000000000000000B
:10758000000000006595010106000000E33C0201D7
:1075900006000000833C0201100000000D91010173
:1075A00010000000D53F0201010000001D3902015A
:1075B00010000000DF3C02010A0000000B3A02014B
:1075C00010000000C59A010107000000E73C02011D
:1075D00010000000BB3902010100000021940101EC
:1075E00040000000273C020110000000FF390201AA
:1075F0000100000029A30101F9A20101000000001F
:1076000075A40101F5A3010167440201634402016D
:107610000400000000FF0000FFFF000000088C4194
:10762000E40300210000000001000000FFFFFFFF55
:1076300000058C41E4030021000000000000000070
:1076400000300141010000000000000064760201EA
:107650000000D60100000000000000000F360021ED
:107660000E36002100300141707602010100000059
:107670007876020104000000210000000B000002E7
:10768000200600010A06000305B401014F4802016B
:107690007D4802010800000003000000E0650201CF
:1076A000E865020138660201406602018066020157
:1076B00098660201718002010001000000000000D4
:1076C00089640201512563FCC2CAB9F3849E17A7DD
:1076D000ADFAE6BCFFFFFFFFFFFFFFFF0000000069
:1076E000FFFFFFFFAAAAAAAAAAAAAAAAAAAAAAAAA6
:1076F000555555555555555555555555000000008E
:1077000055555555522563FCC2CAB9F3849E17A737
:10771000ADFAE6BCFFFFFFFFFFFFFFFF0000000028
:10772000FFFFFFFF512563FCC2CAB9F3849E17A770
:10773000ADFAE6BCFFFFFFFFFFFFFFFF0000000008
:10774000FFFFFFFF96C298D84539A1F4A033EB2D77
:10775000817D0377F240A463E5E6BCF847422CE163
:10776000F2D1176BF551BF376840B6CBCE5E316BA7
:107770005733CE2B169E0F7C4AEBE78E9B7F1AFE6B
:10778000E242E34F4B60D2273E3CCE3BF6B053CCB7
:10779000B0061D65BC86987655BDEBB3E7933AAA53
:1077A000D835C65AFCFFFFFFFFFFFFFFFFFFFFFFBB
:1077B00000000000000000000000000001000000C8
:1077C000FFFFFFFF647261676F6F6E2F6C696273FA
:1077D0002F73636865642F7372632F7363686564C6
:1077E0005F68616C5F7274632E63000000000328A1
:1077F00000000029000003280000032800000229DF
:1078000000000328000000280000022900000328CF
:107810000000022900000328000000280000252A9B
:107820000000252A000003280000502A0000502AEA
:10783000000003280000292A0000292A000003284C
:107840000000242A0000242A0000032800000A184F
:10785000000000280000042A0000042A0000032879
:107860000000012A0000012A000003280000002A6D
:107870000000002A00000328000000180000002873
:1078800000000F2A00000F2A000003280000022930
:1078900000002B2A00002B2A0000032800000518F6
:1078A000000000280000392A0000392A00000328BF
:1078B0000000382A0000382A0000032800000229AE
:1078C0000000372A0000372A0000032800000D18A6
:1078D0000000002800000429000002290000192AE5
:1078E0000000192A0000032800000F1800000028DB
:1078F0000400AD27010006010000062A0000062A48
:1079000000000328000002180000002800002A2BB5
:1079100000002A2B000003280000292B0000292B3F
:1079200000000328000002290000052A0000052AA3
:107930000000032800000118000000284E4E5320CC
:10794000666C616720636865636B65720025303221
:10795000782530327825303278253032782D253030
:107960003278253032782D25303278253032782D16
:1079700025303278253032782D2530327825303256
:1079800078253032782530327825303278253032FB
:107990007800466C616720636865636B6572004EB2
:1079A0004E530031333337002A2A2A20426F6F7436
:1079B000696E67206E524620436F6E6E6563742059
:1079C00053444B2076332E342E302D393935353310
:1079D00030353536303762202A2A2A0A002A2A2AE8
:1079E000205573696E67205A6570687972204F530D
:1079F0002076342E342E302D626638303165346571
:107A000033643139202A2A2A0A0072302F61313A30
:107A10002020307825303878202072312F61323A9A
:107A20002020307825303878202072322F61333A88
:107A300020203078253038780A0072332F61343AAC
:107A40002020307825303878207231322F69703A12
:107A50002020307825303878207231342F6C723AFB
:107A600020203078253038780A0020787073723AF8
:107A700020203078253038780A004661756C7469AA
:107A80006E6720696E737472756374696F6E2061BE
:107A900064647265737320287231352F7063293ADC
:107AA000203078253038780A00556E68616E646C35
:107AB0006564204952516E3A2025640A002A2A2A18
:107AC0002A2A205553414745204641554C54202AE7
:107AD0002A2A2A2A0A0020204469766973696F6E6F
:107AE000206279207A65726F0A002020556E616CE1
:107AF00069676E6564206D656D6F7279206163637F
:107B00006573730A002020537461636B206F766580
:107B100072666C6F772028636F6E7465787420616D
:107B2000726561206E6F742076616C6964290A0049
:107B300020204E6F20636F70726F636573736F7276
:107B400020696E737472756374696F6E730A0020B6
:107B500020496C6C6567616C206C6F6164206F6696
:107B6000204558435F52455455524E20696E746FFC
:107B70002050430A002020496C6C6567616C2075B9
:107B80007365206F662074686520455053520A0063
:107B90002020417474656D707420746F2065786561
:107BA0006375746520756E646566696E65642069C9
:107BB0006E737472756374696F6E0A002A2A2A2ABA
:107BC0002A20425553204641554C54202A2A2A2A1D
:107BD0002A0A002020537461636B696E6720657206
:107BE000726F720A002020556E737461636B696E48
:107BF00067206572726F720A002020507265636997
:107C00007365206461746120627573206572726FA0
:107C1000720A00202042464152204164647265731A
:107C2000733A20307825780A002020496D707265FB
:107C30006369736520646174612062757320657285
:107C4000726F720A002020496E73747275637469D2
:107C50006F6E20627573206572726F720A002A2A35
:107C60002A2A2A204D5055204641554C54202A2A74
:107C70002A2A2A0A002020537461636B696E6720E8
:107C80006572726F722028636F6E746578742061FC
:107C9000726561206D69676874206265206E6F741B
:107CA0002076616C6964290A002020446174612097
:107CB0004163636573732056696F6C6174696F6E9D
:107CC0000A0020204D4D4641522041646472657384
:107CD000733A20307825780A002020496E73747238
:107CE000756374696F6E20416363657373205669B1
:107CF0006F6C6174696F6E0A0052657365727665A8
:107D00006420457863657074696F6E202800537035
:107D10007572696F757320696E74657272757074AF
:107D200020284952512000535053454C20696E2061
:107D3000746872656164206D6F646520646F65733B
:107D4000206E6F7420696E6469636174652050539E
:107D5000500A002A2A2A2A2A204841524420464111
:107D6000554C54202A2A2A2A2A0A002020427573B8
:107D7000206661756C74206F6E20766563746F7217
:107D8000207461626C6520726561640A0020204481
:107D900065627567206576656E740A00202046610D
:107DA000756C7420657363616C6174696F6E2028F3
:107DB0007365652062656C6F77290A0041524348FC
:107DC0005F45584345505420776974682072656157
:107DD000736F6E2025780A0A002A2A2A2A2A20444C
:107DE00065627567206D6F6E69746F722065786368
:107DF000657074696F6E202A2A2A2A2A0A002A2AA4
:107E00002A2A2A20257320256429202A2A2A2A2A78
:107E10000A00464C4153485F30005352414D5F3099
:107E2000006964006E616D650069726B0062742F99
:107E300025732F2530327825303278253032782559
:107E4000303278253032782530327825752F2573F9
:107E50000062742F25732F25303278253032782533
:107E60003032782530327825303278253032782516
:107E7000750062742F2573006274004254204C57C1
:107E8000205751002530347800253038780062744E
:107E90005F74785F70726F636573736F72005745BC
:107EA00053545F544F504449522F7A657068797229
:107EB0002F7375627379732F626C7565746F6F744D
:107EC000682F686F73742F6863695F636F72652EC4
:107ED000630062745F6863695F6576745F67657489
:107EE0005F666C616773286864722D3E65767429DD
:107EF0002026202831554C203C3C202831292900BF
:107F0000415353455254494F4E204641494C205B02
:107F100025735D20402025733A25640A0065767438
:107F20005F666C6167732026202831554C203C3CED
:107F3000202830292900657272203D3D203000093B
:107F4000436F6E74726F6C6C657220756E726573C0
:107F5000706F6E736976652C20636F6D6D616E64F2
:107F6000206F70636F64652030782530347820741A
:107F7000696D656F75742077697468206572722009
:107F800025640A00425420525820575100627566F9
:107F90000062742F6363630062742F68617368000A
:107FA00062742F63660062742F73630062742F6BB8
:107FB00065797300636C6F636B40343130303530FA
:107FC00030300072616E646F6D4034313030393062
:107FD000303000666C6173682D636F6E74726F6C05
:107FE0006C65724034313038303030300067706941
:107FF0006F403431386330383030006770696F401B
:10800000343138633035303000756172744034314A
:1080100030313330303000536F66744465766963B5
:108020006520436F6E74726F6C6C657220415353A0
:108030004552543A2025732C2025640A0062745F4F
:108040006863695F736463004D50534C2041535320
:108050004552543A2025732C2025640A004D505374
:108060004C20576F726B0069646C65006D61696EBE
:1080700000737973776F726B7100FFFFFFFF1F0052
:10808000418866AA1AFFFF443300C8DA3098F9F035
:1080900034A44B6EBAD30819CC0CEA51DA47002845
:1080A0006E756C6C29002A666C6F61742A0002F48C
:1080B000DEBC9A785634127856341278563412024E
:1080C000F3DEBC9A7856341278563412785634124D
:1080D00002F2DEBC9A78563412785634127856344E
:1080E0001202F1DEBC9A7856341278563412785661
:1080F000341202F0DEBC9A78563412785634127874
:1081000056341243A70BC8E54E61CFFF8D0A6D7D33
:1081100009FE20DDE4BDFFF3B45D91A80B420FDC46
:10812000A73A90AF6D2D7655F11D6646B85959D4D2
:10813000CAA9BC395864FBBC039CD14F1EB6FAB225
:1081400095BD2DC267E789262D9B333CC23AEF5976
:10815000583B31E2D1016F63C132366525561708AD
:10816000F76F0F2FE96D47402F3EA712ADB224B134
:10817000BE475185E524848646C58897BE4893F658
:108180007ABF7600FFFFFFFFFFFF00000000000046
:1081900000FFFFFFFFFFFF000000000000000000E5
:1081A0000000001000800000805F9B34FB01040091
:1081B00002000000020000000000000005000000B6
:1081C0000000000000000000000000000500090998
:1081D0000909010209090909090909090909090720
:1081E0000909090909060909090909090909090902
:1081F00009090909090905E69D350E480103CCDB8B
:10820000FDF4AC1191F4EFB9A5F9E9A7832C5E2C2C
:10821000BE97F2D203B0208BD28915D08E1C742465
:1082200030ED8FC24563765C15525ABF9A32636D4A
:10823000EB2A65499C80DC0005061F1F29181203E4
:1082400008020305080A00080103040105040509E2
:1082500006070101060608000001000100030100F5
:1082600003020201000200000000000203010003FB
:108270006C888391AAF5A53860370BDB5A6083BE02
:1082800000070E091C1B1215383F363124232A2DF6
:1082900000010203040506070B00203030303030A7
:1082A00030303030303030303000011014140000E5
:1082B0001C2030401C2000001C20304000400000EA
:1082C000FFFFFFFFFF1F00001F0000000000000075
:1082D0007FFE0000E40700001D40000000000000D9
:1082E0000000000000000000FFFFFFFF1FFF1B0059
:1082F000BAABBABA10101010A0354D00FF00000044
:10830000C40900000000000000C00041000000009F
:10831000000000000C00000000FF7F0000000000D3
:1083200033E8000100000000CFE70001000000007A
:1083300009390001000000001BE8000100000000F6
:1083400017E80001000000006CA10001FF00000020
:10835000D4D2000101000000000000000000000075
:10836000000000000000000000000000000000000D
:1083700000000000000000000000000000000000FD
:1083800000000000000000000000000000000000ED
:1083900000000000000000000000000000000000DD
:1083A00000000000000000000000000000000000CD
:1083B00000000000000000000000000000000000BD
:1083C00000000000000000000000000000000000AD
:1083D000000000000000000000000000000000009D
:1083E000000000000000000000000000000000008D
:1083F000000000000000000000000000000000007D
:10840000000000000000000000000000000000006C
:10841000000000000000000000000000000000005C
:10842000A54B01010000000000000000000000005A
:10843000000000000000000000000000000000003C
:10844000000000000000000000000000000000002C
:10845000000000000000000000000000000000001C
:10846000000000000000000000000000000000000C
:1084700000000000000000000000000000000000FC
:1084800000000000000000000000000000000000EC
:1084900000000000000000000000000000000000DC
:1084A000000000002467020100000000000000003E
:1084B00000000000000000000000000000000000BC
:1084C00000000000000000000000000000000000AC
:1084D000000000000000000000000000000000009C
:1084E0000000000000000000840300000000000005
:1084F000000000000000000000000000000000007C
:10850000000000000000000000000000000000006B
:10851000000000000000000000000000000000005B
:10852000000000000000000000000000000000004B
:1085300000000000C5180101000000002FFC01012F
:1085400000000000000000000000000033FC0101FA
:10855000000000001FFC010100000000AE800201CD
:1085600000000400BF80020100008A00D0800201E8
:1085700000000A00000000000000000000000000F1
:10858000791801010000000000000000E1800201F4
:1085900000002A00000000000000000000000000B1
:1085A000951A010100000000000000009E06002155
:1085B00000001000000000000000000000000000AB
:1085C000851A01010000000000000000AF06002134
:1085D000000014001B000201386F02012078020124
:1085E000000002002C78020100000200387802012D
:1085F00000000200447802010000020058780201E5
:10860000000002006478020100000200707802019C
:1086100000000A008478020100000A000000000047
:108620000000000000000000B9230101000000006C
:10863000000000009478020100001A00A8780201EE
:1086400000000800B47802010000020000000000F1
:108650000000000000000000812501010000000072
:1086600000000000C47802010000100000000000BB
:108670000000000000000000BD0D0201000000002D
:1086800000000000E078020100001200FC78020106
:108690000000040000000000511102010000000071
:1086A0000000000000A000410000000000000000E9
:1086B00000000000000000000000000000000000BA
:1086C00000000000000000000000000000000000AA
:1086D000000000000000000000000000000000009A
:1086E000000000000000000000000000000000008A
:1086F000000000000000000000000000000000007A
:108700000000000000000000000000000000000069
:108710000000000000000000000000000000000059
:108720000000000000000000000000000000000049
:108730000000000000000000413E010100000000B8
:1087400000000000000000001D3E010100000000CC
:108750000000000000000000B14C0101000000001A
:108760000000000000000000714301010000000053
:108770000000000000000000B55B010100000000E7
:108780000000000000000000B15A010100000000DC
:10879000000000000000000049620101000000002C
:1087A0000000000000000000295F0101000000003F
:1087B000000000005871002100004501587100219F
:1087C0004D6F0101557C0101712E02010000000076
:1087D00000000000E9760101452D0201CF2D0201C4
:1087E0003D6E010100000000000000004D7A010113
:1087F00000000000000000006135020100000000E0
:1088000000000000000000001079020100000200DA
:108810001C79020100000A002C79020100002000EE
:108820000000000000000000000000000000000048
:10883000C9310201000000007805002178050021FF
:1088400000000000000000000E0000008C05002168
:108850008C050021ED990101000000000090D0037B
:10886000FF00000090020000A8050021A8050021DB
:10887000B0050021B005002100000000000000004C
:108880000E00000000000000C8050021C8050021FE
:1088900000000000000000000E00000000000000CA
:1088A000E0050021E00500210000000000000000BC
:1088B0000E00000000000000010080FF5AF0DEBC46
:1088C0009A7856341278563412785634120D180F9E
:1088D000180518064E4E537B746831355F69735F17
:1088E0006E30745F7468335F666C34677D000000BF
:1088F0000000000000000000000000000000000078
:108900000000000000000000000000000000000067
:108910000000000000000000000000000000004E09
:108920004E530000000000000000000000000000A6
:10893000000000004E4E5300000000000000000048
:108940000000000000000000004E4E530000000038
:10895000000000000000000000000000000002B560
:10896000444A452575EC25B1319B6F32A0000002C9
:10897000B5444A452575EC25B1319B6F31A0000007
:1089800002B5444A452575EC25B1319B6F30A000F6
:0A8990000001000000000100640176
:10899A0000000000000000000000000000000000CD
:0289AA000000CB
:1089AC00EC060021EC060021046F00210000000001
:1089BC00010000002C00000000000000080700214E
:1089CC0008070021484A00210000000001000000B7
:1089DC00A000000000000000240700212407002153
:1089EC00306F002100000000030000001C0000009C
:0489FC000000000077
:108A00004007002140070021000000000000000096
:108A10000E00000054070021540700210000000050
:088A2000000000000E00000040
:108A2800680700216807002100000000FFFFFFFF22
:108A380000000000000000008007002180070021DE
:108A480000000000000000009007002190070021AE
:108A5800030003001000000000000000E0730201A2
:108A6800306D00210000000000000000B407002164
:108A7800B40700210300030010000000916E0101FB
:108A88008C7402018C6E00210000000000000000C0
:108A9800D8070021D80700210300030000000000C8
:108AA80000000000E0720201A4690021000000003B
:108AB80000000000FC070021FC0700210100010064
:108AC80010000000715E0101CC730201286C0021C6
:108AD80000000000000000002008002120080021FC
:108AE800030003000000000000000000B87302014A
:108AF800E06B002100000000000000004408002195
:108B0800440800210C000C0004000000554101013C
:108B1800CC720201C86700210000000000000000BC
:108B2800680800216808002105000500040000000D
:108B380000000000A0740201CC70002100000000B9
:108B4800000000008C0800218C08002101000100B1
:108B58000000000000000000F4720201F06A002129
:048B680015E015E01F
:040000050101306560
:00000001FF
