0	115094184	115111887	stop	60 fd c0	acks=000
1	115114447	115132151	stop	60 09 00	acks=000
2	115439165	115455867	stop	60 fd c0	acks=000
3	115457887	115474597	stop	60 06 01	acks=000
4	115476649	115493364	stop	60 fd c0	acks=000
5	115495389	115512100	stop	60 05 7f	acks=000
6	115514156	115530868	stop	60 fd c0	acks=000
7	115532897	115550106	stop	60 04 fb	acks=000
8	115552693	115570392	stop	60 fd c0	acks=000
9	115572951	115590653	stop	60 01 00	acks=000
10	115593244	115610949	stop	60 fd c0	acks=000
11	115613510	115631220	stop	60 00 40	acks=000
12	115633811	115651520	stop	60 fd c0	acks=000
13	115654087	115666867	restart	60 06	acks=00
14	115666867	115677998	stop	61 01	acks=01
15	115680599	115698306	stop	60 fd c0	acks=000
16	115700872	115713645	restart	60 05	acks=00
17	115713645	115724772	stop	61 7f	acks=01
18	115727372	115745083	stop	60 fd c0	acks=000
19	115747649	115760425	restart	60 04	acks=00
20	115760425	115771554	stop	61 fb	acks=01
21	115774158	115791859	stop	60 fd c0	acks=000
22	115794423	115807198	restart	60 01	acks=00
23	115807198	115818325	stop	61 00	acks=01
24	115820923	115838622	stop	60 fd c0	acks=000
25	115841186	115853959	restart	60 00	acks=00
26	115853959	115865091	stop	61 40	acks=01
27	115868466	115886180	stop	60 fd 01	acks=000
28	115888742	115906441	stop	60 00 ff	acks=000
29	115909038	115926738	stop	60 fd 01	acks=000
30	115929296	115946999	stop	60 01 07	acks=000
31	115949596	115967301	stop	60 fd 01	acks=000
32	115969860	115987568	stop	60 02 ff	acks=000
33	115990165	116007866	stop	60 fd 01	acks=000
34	116010426	116028134	stop	60 03 07	acks=000
35	116030733	116048438	stop	60 fd 01	acks=000
36	116050997	116068701	stop	60 04 ff	acks=000
37	116071299	116089004	stop	60 fd 01	acks=000
38	116091562	116109269	stop	60 05 07	acks=000
39	116111867	116129577	stop	60 fd 01	acks=000
40	116132135	116149846	stop	60 06 ff	acks=000
41	116152445	116170153	stop	60 fd 01	acks=000
42	116172712	116190423	stop	60 07 07	acks=000
43	116193021	116210732	stop	60 fd 01	acks=000
44	116213292	116231004	stop	60 08 ff	acks=000
45	116233603	116251314	stop	60 fd 01	acks=000
46	116253874	116271583	stop	60 09 07	acks=000
47	116274181	116291893	stop	60 fd 01	acks=000
48	116294454	116312166	stop	60 0a ff	acks=000
49	116314764	116332473	stop	60 fd 01	acks=000
50	116335032	116352747	stop	60 0b 07	acks=000
51	116355347	116373059	stop	60 fd 01	acks=000
52	116375620	116393332	stop	60 0c ff	acks=000
53	116395930	116413641	stop	60 fd 01	acks=000
54	116416202	116433924	stop	60 0d 07	acks=000
55	116436524	116454244	stop	60 fd 01	acks=000
56	116456804	116474524	stop	60 0e ff	acks=000
57	116477122	116494835	stop	60 fd 01	acks=000
58	116497395	116515107	stop	60 0f 07	acks=000
59	116517706	116535417	stop	60 fd 01	acks=000
60	116537976	116555685	stop	60 10 ff	acks=000
61	116558283	116575990	stop	60 fd 01	acks=000
62	116578550	116596256	stop	60 11 07	acks=000
63	116598854	116616559	stop	60 fd 01	acks=000
64	116619118	116636828	stop	60 12 ff	acks=000
65	116639425	116657141	stop	60 fd 01	acks=000
66	116659702	116677417	stop	60 13 07	acks=000
67	116680015	116697728	stop	60 fd 01	acks=000
68	116700289	116718006	stop	60 14 ff	acks=000
69	116720605	116738320	stop	60 fd 01	acks=000
70	116740880	116758594	stop	60 15 07	acks=000
71	116761192	116778898	stop	60 fd 01	acks=000
72	116781457	116799171	stop	60 16 ff	acks=000
73	116801770	116819478	stop	60 fd 01	acks=000
74	116822038	116839748	stop	60 17 07	acks=000
75	116842343	116860052	stop	60 fd 40	acks=000
76	116862612	116880326	stop	60 00 00	acks=000
77	116882918	116900629	stop	60 fd 40	acks=000
78	116903190	116920907	stop	60 01 00	acks=000
79	116923498	116941204	stop	60 fd 40	acks=000
80	116943764	116961475	stop	60 02 00	acks=000
81	116964067	116981785	stop	60 fd 40	acks=000
82	116984347	117002062	stop	60 03 00	acks=000
83	117004654	117022359	stop	60 fd 40	acks=000
84	117024918	117042625	stop	60 04 00	acks=000
85	117045216	117062925	stop	60 fd 40	acks=000
86	117065485	117083191	stop	60 05 00	acks=000
87	117085781	117103489	stop	60 fd 40	acks=000
88	117106049	117123766	stop	60 06 00	acks=000
89	117126357	117144069	stop	60 fd 40	acks=000
90	117146629	117164338	stop	60 07 00	acks=000
91	117166929	117184640	stop	60 fd 40	acks=000
92	117187199	117204903	stop	60 08 00	acks=000
93	117207494	117225196	stop	60 fd 40	acks=000
94	117227756	117245468	stop	60 09 00	acks=000
95	117248059	117265765	stop	60 fd 40	acks=000
96	117268325	117286039	stop	60 0a 00	acks=000
97	117288630	117306336	stop	60 fd 40	acks=000
98	117308897	117326618	stop	60 0b 00	acks=000
99	117329210	117346924	stop	60 fd 40	acks=000
100	117349485	117367196	stop	60 0c 00	acks=000
101	117369788	117387505	stop	60 fd 40	acks=000
102	117390066	117407779	stop	60 0d 00	acks=000
103	117410370	117428079	stop	60 fd 40	acks=000
104	117430638	117448349	stop	60 0e 00	acks=000
105	117450941	117468647	stop	60 fd 40	acks=000
106	117471207	117488917	stop	60 0f 00	acks=000
107	117491508	117509215	stop	60 fd 40	acks=000
108	117511775	117529485	stop	60 10 00	acks=000
109	117532076	117549788	stop	60 fd 40	acks=000
110	117552349	117570066	stop	60 11 00	acks=000
111	117572658	117590373	stop	60 fd 40	acks=000
112	117592935	117610651	stop	60 12 00	acks=000
113	117613244	117630958	stop	60 fd 40	acks=000
114	117633518	117651229	stop	60 13 00	acks=000
115	117653819	117671520	stop	60 fd 40	acks=000
116	117674080	117691788	stop	60 14 00	acks=000
117	117694381	117712093	stop	60 fd 40	acks=000
118	117714652	117732346	stop	60 15 00	acks=000
119	117734934	117752629	stop	60 fd 40	acks=000
120	117755187	117772891	stop	60 16 00	acks=000
121	117775481	117793182	stop	60 fd 40	acks=000
122	117795741	117813443	stop	60 17 00	acks=000
123	117816036	117833738	stop	60 fd 40	acks=000
124	117836298	117854002	stop	60 18 00	acks=000
125	117856596	117874295	stop	60 fd 40	acks=000
126	117876854	117894561	stop	60 19 00	acks=000
127	117897155	117914855	stop	60 fd 40	acks=000
128	117917413	117935113	stop	60 1a 00	acks=000
129	117937707	117955410	stop	60 fd 40	acks=000
130	117957970	117975680	stop	60 1b 00	acks=000
131	117978275	117995983	stop	60 fd 40	acks=000
132	117998543	118016257	stop	60 1c 00	acks=000
133	118018851	118036555	stop	60 fd 40	acks=000
134	118039115	118056818	stop	60 1d 00	acks=000
135	118059411	118077117	stop	60 fd 40	acks=000
136	118079677	118097380	stop	60 1e 00	acks=000
137	118099974	118117676	stop	60 fd 40	acks=000
138	118120235	118137936	stop	60 1f 00	acks=000
139	118140529	118158230	stop	60 fd 40	acks=000
140	118160789	118178494	stop	60 20 00	acks=000
141	118181089	118198798	stop	60 fd 40	acks=000
142	118201359	118219065	stop	60 21 00	acks=000
143	118221659	118239369	stop	60 fd 40	acks=000
144	118241929	118259641	stop	60 22 00	acks=000
145	118262236	118279943	stop	60 fd 40	acks=000
146	118282503	118300206	stop	60 23 00	acks=000
147	118302801	118320506	stop	60 fd 40	acks=000
148	118323065	118340777	stop	60 24 00	acks=000
149	118343371	118361080	stop	60 fd 40	acks=000
150	118363640	118381335	stop	60 25 00	acks=000
151	118383928	118401630	stop	60 fd 40	acks=000
152	118404190	118421898	stop	60 26 00	acks=000
153	118424493	118442197	stop	60 fd 40	acks=000
154	118444757	118462467	stop	60 27 00	acks=000
155	118465061	118482769	stop	60 fd 40	acks=000
156	118485327	118503039	stop	60 28 00	acks=000
157	118505634	118523345	stop	60 fd 40	acks=000
158	118525905	118543612	stop	60 29 00	acks=000
159	118546207	118563916	stop	60 fd 40	acks=000
160	118566476	118584190	stop	60 2a 00	acks=000
161	118586784	118604490	stop	60 fd 40	acks=000
162	118607050	118624770	stop	60 2b 00	acks=000
163	118627366	118645076	stop	60 fd 40	acks=000
164	118647636	118665345	stop	60 2c 00	acks=000
165	118667940	118685644	stop	60 fd 40	acks=000
166	118688204	118705916	stop	60 2d 00	acks=000
167	118708511	118726226	stop	60 fd 40	acks=000
168	118728786	118746501	stop	60 2e 00	acks=000
169	118749096	118766809	stop	60 fd 40	acks=000
170	118769370	118787075	stop	60 2f 00	acks=000
171	118789669	118807372	stop	60 fd 40	acks=000
172	118809931	118827639	stop	60 30 00	acks=000
173	118830234	118847941	stop	60 fd 40	acks=000
174	118850501	118868214	stop	60 31 00	acks=000
175	118870809	118888515	stop	60 fd 40	acks=000
176	118891075	118908787	stop	60 32 00	acks=000
177	118911382	118929088	stop	60 fd 40	acks=000
178	118931648	118949360	stop	60 33 00	acks=000
179	118951954	118969654	stop	60 fd 40	acks=000
180	118972213	118989922	stop	60 34 00	acks=000
181	118992517	119010215	stop	60 fd 40	acks=000
182	119012774	119030473	stop	60 35 00	acks=000
183	119033067	119050771	stop	60 fd 40	acks=000
184	119053331	119071036	stop	60 36 00	acks=000
185	119073630	119091338	stop	60 fd 40	acks=000
186	119093898	119111607	stop	60 37 00	acks=000
187	119114201	119131901	stop	60 fd 40	acks=000
188	119134459	119152154	stop	60 38 00	acks=000
189	119154746	119172449	stop	60 fd 40	acks=000
190	119175009	119192720	stop	60 39 00	acks=000
191	119195313	119213008	stop	60 fd 40	acks=000
192	119215567	119233270	stop	60 3a 00	acks=000
193	119235863	119253562	stop	60 fd 40	acks=000
194	119256119	119273825	stop	60 3b 00	acks=000
195	119276419	119294122	stop	60 fd 40	acks=000
196	119296681	119314393	stop	60 3c 00	acks=000
197	119316988	119334696	stop	60 fd 40	acks=000
198	119337255	119354963	stop	60 3d 00	acks=000
199	119357557	119375260	stop	60 fd 40	acks=000
200	119377818	119395517	stop	60 3e 00	acks=000
201	119398110	119415810	stop	60 fd 40	acks=000
202	119418369	119436077	stop	60 3f 00	acks=000
203	119438670	119456374	stop	60 fd 40	acks=000
204	119458933	119476641	stop	60 40 00	acks=000
205	119479235	119496941	stop	60 fd 40	acks=000
206	119499499	119517205	stop	60 41 00	acks=000
207	119519800	119537498	stop	60 fd 40	acks=000
208	119540055	119557752	stop	60 42 00	acks=000
209	119560346	119578043	stop	60 fd 40	acks=000
210	119580600	119598298	stop	60 43 00	acks=000
211	119600891	119618587	stop	60 fd 40	acks=000
212	119621146	119638851	stop	60 44 00	acks=000
213	119641445	119659145	stop	60 fd 40	acks=000
214	119661702	119679402	stop	60 45 00	acks=000
215	119681996	119699694	stop	60 fd 40	acks=000
216	119702254	119719964	stop	60 46 00	acks=000
217	119722558	119740250	stop	60 fd 40	acks=000
218	119742808	119760506	stop	60 47 00	acks=000
219	119763098	119780788	stop	60 fd 40	acks=000
220	119783345	119801043	stop	60 48 00	acks=000
221	119803636	119821330	stop	60 fd 40	acks=000
222	119823887	119841585	stop	60 49 00	acks=000
223	119844177	119861875	stop	60 fd 40	acks=000
224	119864433	119882130	stop	60 4a 00	acks=000
225	119884722	119902418	stop	60 fd 40	acks=000
226	119904975	119922675	stop	60 4b 00	acks=000
227	119925268	119942968	stop	60 fd 40	acks=000
228	119945526	119963229	stop	60 4c 00	acks=000
229	119965822	119983525	stop	60 fd 40	acks=000
230	119986085	120003788	stop	60 4d 00	acks=000
231	120006382	120024083	stop	60 fd 40	acks=000
232	120026641	120044334	stop	60 4e 00	acks=000
233	120046925	120064615	stop	60 fd 40	acks=000
234	120067174	120084876	stop	60 4f 00	acks=000
235	120087469	120105169	stop	60 fd 40	acks=000
236	120107727	120125423	stop	60 50 00	acks=000
237	120128016	120145706	stop	60 fd 40	acks=000
238	120148265	120165975	stop	60 51 00	acks=000
239	120168570	120186272	stop	60 fd 40	acks=000
240	120188831	120206532	stop	60 52 00	acks=000
241	120209124	120226823	stop	60 fd 40	acks=000
242	120229381	120247084	stop	60 53 00	acks=000
243	120249678	120267374	stop	60 fd 40	acks=000
244	120269934	120287645	stop	60 54 00	acks=000
245	120290248	120307778	stop	60 fd 40	acks=000
246	120310307	120327818	stop	60 55 00	acks=000
247	120330382	120347894	stop	60 fd 40	acks=000
248	120349935	120366448	stop	60 56 00	acks=000
249	120368522	120385035	stop	60 fd 40	acks=000
250	120387041	120404553	stop	60 57 00	acks=000
251	120406638	120423150	stop	60 fd 40	acks=000
252	120425192	120442793	stop	60 58 00	acks=000
253	120445434	120463124	stop	60 fd 40	acks=000
254	120465683	120483380	stop	60 59 00	acks=000
255	120485973	120503674	stop	60 fd 40	acks=000
256	120506233	120523941	stop	60 5a 00	acks=000
257	120526537	120544242	stop	60 fd 40	acks=000
258	120546802	120564514	stop	60 5b 00	acks=000
259	120567108	120584810	stop	60 fd 40	acks=000
260	120587369	120605071	stop	60 5c 00	acks=000
261	120607664	120625360	stop	60 fd 40	acks=000
262	120627919	120645621	stop	60 5d 00	acks=000
263	120648215	120665911	stop	60 fd 40	acks=000
264	120668469	120686165	stop	60 5e 00	acks=000
265	120688758	120706455	stop	60 fd 40	acks=000
266	120709014	120726714	stop	60 5f 00	acks=000
267	120729307	120747006	stop	60 fd 40	acks=000
268	120749564	120767265	stop	60 60 00	acks=000
269	120769859	120787555	stop	60 fd 40	acks=000
270	120790114	120807817	stop	60 61 00	acks=000
271	120810410	120828114	stop	60 fd 40	acks=000
272	120830673	120848381	stop	60 62 00	acks=000
273	120850975	120868681	stop	60 fd 40	acks=000
274	120871240	120888944	stop	60 63 00	acks=000
275	120891537	120909239	stop	60 fd 40	acks=000
276	120911798	120929506	stop	60 64 00	acks=000
277	120932100	120949807	stop	60 fd 40	acks=000
278	120952367	120970073	stop	60 65 00	acks=000
279	120972667	120990374	stop	60 fd 40	acks=000
280	120992934	121010641	stop	60 66 00	acks=000
281	121013234	121030941	stop	60 fd 40	acks=000
282	121033501	121051211	stop	60 67 00	acks=000
283	121053804	121071506	stop	60 fd 40	acks=000
284	121074065	121091766	stop	60 68 00	acks=000
285	121094359	121112064	stop	60 fd 40	acks=000
286	121114623	121132326	stop	60 69 00	acks=000
287	121134918	121152608	stop	60 fd 40	acks=000
288	121155165	121172857	stop	60 6a 00	acks=000
289	121175450	121193145	stop	60 fd 40	acks=000
290	121195703	121213396	stop	60 6b 00	acks=000
291	121215988	121233683	stop	60 fd 40	acks=000
292	121236242	121253939	stop	60 6c 00	acks=000
293	121256532	121274236	stop	60 fd 40	acks=000
294	121276794	121294491	stop	60 6d 00	acks=000
295	121297085	121314780	stop	60 fd 40	acks=000
296	121317338	121335033	stop	60 6e 00	acks=000
297	121337625	121355318	stop	60 fd 40	acks=000
298	121357876	121375569	stop	60 6f 00	acks=000
299	121378163	121395870	stop	60 fd 40	acks=000
300	121398429	121416139	stop	60 70 00	acks=000
301	121418733	121436439	stop	60 fd 40	acks=000
302	121438998	121456695	stop	60 71 00	acks=000
303	121459286	121476972	stop	60 fd 40	acks=000
304	121479531	121497230	stop	60 72 00	acks=000
305	121499825	121517524	stop	60 fd 40	acks=000
306	121520082	121537782	stop	60 73 00	acks=000
307	121540376	121558077	stop	60 fd 40	acks=000
308	121560634	121578332	stop	60 74 00	acks=000
309	121580925	121598627	stop	60 fd 40	acks=000
310	121601186	121618890	stop	60 75 00	acks=000
311	121621484	121639186	stop	60 fd 40	acks=000
312	121641744	121659450	stop	60 76 00	acks=000
313	121662044	121679746	stop	60 fd 40	acks=000
314	121682306	121700012	stop	60 77 00	acks=000
315	121702605	121720309	stop	60 fd 40	acks=000
316	121722869	121740580	stop	60 78 00	acks=000
317	121743174	121760876	stop	60 fd 40	acks=000
318	121763435	121781136	stop	60 79 00	acks=000
319	121783729	121801418	stop	60 fd 40	acks=000
320	121803975	121821671	stop	60 7a 00	acks=000
321	121824265	121841960	stop	60 fd 40	acks=000
322	121844518	121862211	stop	60 7b 00	acks=000
323	121864803	121882492	stop	60 fd 40	acks=000
324	121885049	121902746	stop	60 7c 00	acks=000
325	121905338	121923028	stop	60 fd 40	acks=000
326	121925585	121943278	stop	60 7d 00	acks=000
327	121945871	121963568	stop	60 fd 40	acks=000
328	121966126	121983825	stop	60 7e 00	acks=000
329	121986418	122004112	stop	60 fd 40	acks=000
330	122006670	122024368	stop	60 7f 00	acks=000
331	122026960	122044651	stop	60 fd 40	acks=000
332	122047207	122064903	stop	60 80 00	acks=000
333	122067495	122085185	stop	60 fd 40	acks=000
334	122087743	122105437	stop	60 81 00	acks=000
335	122108030	122125721	stop	60 fd 40	acks=000
336	122128279	122145972	stop	60 82 00	acks=000
337	122148566	122166261	stop	60 fd 40	acks=000
338	122168819	122186514	stop	60 83 00	acks=000
339	122189108	122206801	stop	60 fd 40	acks=000
340	122209360	122227057	stop	60 84 00	acks=000
341	122229650	122247343	stop	60 fd 40	acks=000
342	122249902	122267602	stop	60 85 00	acks=000
343	122270195	122287895	stop	60 fd 40	acks=000
344	122290454	122308155	stop	60 86 00	acks=000
345	122310747	122328437	stop	60 fd 40	acks=000
346	122330994	122348691	stop	60 87 00	acks=000
347	122351284	122368980	stop	60 fd 40	acks=000
348	122371537	122389227	stop	60 88 00	acks=000
349	122391818	122409511	stop	60 fd 40	acks=000
350	122412068	122429771	stop	60 89 00	acks=000
351	122432365	122450057	stop	60 fd 40	acks=000
352	122452614	122470305	stop	60 8a 00	acks=000
353	122472897	122490590	stop	60 fd 40	acks=000
354	122493148	122510840	stop	60 8b 00	acks=000
355	122513433	122531128	stop	60 fd 40	acks=000
356	122533686	122551385	stop	60 8c 00	acks=000
357	122553978	122571675	stop	60 fd 40	acks=000
358	122574234	122591934	stop	60 8d 00	acks=000
359	122594526	122612223	stop	60 fd 40	acks=000
360	122614780	122632472	stop	60 8e 00	acks=000
361	122635064	122652753	stop	60 fd 40	acks=000
362	122655311	122673003	stop	60 8f 00	acks=000
363	122675594	122693284	stop	60 fd 40	acks=000
364	122695841	122713530	stop	60 90 00	acks=000
365	122716121	122733817	stop	60 fd 40	acks=000
366	122736375	122754071	stop	60 91 00	acks=000
367	122756664	122774354	stop	60 fd 40	acks=000
368	122776911	122794596	stop	60 92 00	acks=000
369	122797187	122814874	stop	60 fd 40	acks=000
370	122817431	122835123	stop	60 93 00	acks=000
371	122837714	122855403	stop	60 fd 40	acks=000
372	122857961	122875653	stop	60 94 00	acks=000
373	122878245	122895933	stop	60 fd 40	acks=000
374	122898490	122916185	stop	60 95 00	acks=000
375	122918776	122936457	stop	60 fd 40	acks=000
376	122939013	122956698	stop	60 96 00	acks=000
377	122959290	122976978	stop	60 fd 40	acks=000
378	122979534	122997227	stop	60 97 00	acks=000
379	122999820	123017514	stop	60 fd 40	acks=000
380	123020071	123037764	stop	60 98 00	acks=000
381	123040355	123058046	stop	60 fd 40	acks=000
382	123060604	123078299	stop	60 99 00	acks=000
383	123080892	123098583	stop	60 fd 40	acks=000
384	123101140	123118835	stop	60 9a 00	acks=000
385	123121427	123139122	stop	60 fd 40	acks=000
386	123141680	123159375	stop	60 9b 00	acks=000
387	123161981	123179670	stop	60 fd c0	acks=000
388	123182227	123199920	stop	60 09 03	acks=000
389	123207870	123225566	stop	60 fd 40	acks=000
390	123228130	123973895	stop	60 18 00 00 00 00 00 00 00 00 00 00 00 00 00 00 00 00 00 00 00 00 00 00 00 00 00 00 00 00 00 00 00 00 00 00 00 00 00 00 00 00 00 00 00 00 00 00 00 00 00 00 00 00 00 00 00 00 00 00 00 00 00 00 00 00 00 00 00 00 00 00 00 00 00 00 00 00 00 00 00 00 00 00 00 00 00 00 00 00 00 00 00 00 00 00 00 00 00 00 00 00 00 00 00 00 00 00 00 00 00 00 00 00 00 00 00 00 00 00 00 00 00 00 00 00 00 00 00 00 00 00 00 00	acks=00000000000000000000000000000000000000000000000000000000000000000000000000000000000000000000000000000000000000000000000000000000000000
391	123981350	123999035	stop	60 fd 40	acks=000
392	124001598	124747238	stop	60 18 00 00 00 00 00 00 00 00 00 00 00 00 00 00 00 00 00 00 00 00 00 00 00 00 00 00 00 00 00 00 00 00 00 00 00 00 00 00 00 00 00 00 00 00 00 00 00 00 00 00 00 00 00 00 00 00 00 00 00 00 00 00 00 00 00 00 00 00 00 00 00 00 00 00 00 00 00 00 00 00 00 00 00 00 00 00 00 00 00 00 00 00 00 00 00 00 00 00 00 00 00 00 00 00 00 00 00 00 00 00 00 00 00 00 00 00 00 00 00 00 00 00 00 00 00 00 00 00 00 00 00 00	acks=00000000000000000000000000000000000000000000000000000000000000000000000000000000000000000000000000000000000000000000000000000000000000
393	124754474	124772169	stop	60 fd 40	acks=000
394	124774734	125512151	stop	60 18 00 00 00 00 00 00 00 00 00 00 00 00 00 00 00 00 00 00 00 00 00 00 00 00 00 00 00 00 00 00 00 00 00 00 00 00 00 00 00 00 00 00 00 00 00 00 00 00 00 00 00 00 00 00 00 00 00 00 00 00 00 00 00 00 00 00 00 00 00 00 00 00 00 00 00 00 00 00 00 00 00 00 00 00 00 00 00 00 00 00 00 00 00 00 00 00 00 00 00 00 00 00 00 00 00 00 00 00 00 00 00 00 00 00 00 00 00 00 00 00 00 00 00 00 00 00 00 00 00 00 00 00	acks=00000000000000000000000000000000000000000000000000000000000000000000000000000000000000000000000000000000000000000000000000000000000000
395	125520880	125538570	stop	60 fd 40	acks=000
396	125541134	126287256	stop	60 18 00 00 00 7f 00 7f 00 00 00 00 00 00 00 00 00 00 00 00 00 00 00 00 00 00 00 00 7f 00 00 00 7f 00 00 7f 00 00 00 00 00 7f 00 00 7f 00 00 00 00 7f 00 00 00 00 00 00 00 00 00 00 00 00 00 00 00 00 00 00 00 00 00 00 00 7f 00 00 00 00 00 00 00 00 7f 00 00 00 00 00 7f 00 00 00 7f 00 00 00 7f 00 00 00 00 00 00 00 00 7f 00 00 00 00 00 00 00 00 00 00 7f 00 7f 00 00 7f 00 00 00 00 00 00 00 00 00 00 00 00	acks=00000000000000000000000000000000000000000000000000000000000000000000000000000000000000000000000000000000000000000000000000000000000000
397	126294466	126312165	stop	60 fd 40	acks=000
398	126314731	127060570	stop	60 18 00 00 00 7f 00 7f 00 00 00 00 00 00 00 00 00 00 00 00 00 00 00 00 00 00 7f 7f 7f 00 00 00 7f 00 00 7f 00 00 00 00 00 7f 00 00 7f 00 00 00 00 7f 00 00 00 00 00 00 00 00 00 00 7f 00 00 00 7f 00 00 00 00 00 00 7f 00 7f 00 00 00 00 00 00 7f 00 7f 7f 7f 7f 00 7f 7f 00 00 00 7f 00 00 00 7f 00 00 00 00 00 00 00 7f 7f 00 00 00 00 7f 00 00 00 00 00 7f 00 7f 00 00 7f 00 00 00 7f 00 00 00 00 00 00 00 00	acks=00000000000000000000000000000000000000000000000000000000000000000000000000000000000000000000000000000000000000000000000000000000000000
399	127067613	127085302	stop	60 fd 40	acks=000
400	127087865	127833543	stop	60 18 7f 00 00 7f 00 7f 00 7f 00 00 00 00 7f 00 7f 00 00 00 00 00 00 00 00 7f 7f 7f 7f 00 00 00 7f 00 00 7f 00 00 00 00 00 7f 00 00 7f 00 00 00 00 7f 00 7f 00 00 7f 00 00 00 00 00 7f 00 00 00 7f 00 00 00 00 00 00 7f 00 7f 00 00 00 00 00 00 7f 00 7f 7f 7f 7f 00 7f 7f 00 7f 00 7f 00 00 00 7f 00 00 7f 00 00 00 00 7f 7f 00 00 00 00 7f 00 7f 00 00 00 7f 7f 7f 00 00 7f 00 7f 00 7f 00 00 00 00 00 00 00 00	acks=00000000000000000000000000000000000000000000000000000000000000000000000000000000000000000000000000000000000000000000000000000000000000
401	128844991	128862687	stop	60 fd 40	acks=000
402	128865250	129611142	stop	60 18 7f 00 7f 00 00 00 00 7f 00 00 00 00 7f 00 7f 00 7f 00 00 00 00 00 00 7f 7f 7f 00 00 00 7f 00 00 00 7f 00 00 7f 00 00 00 00 00 00 00 7f 00 00 00 00 7f 00 00 7f 00 00 00 00 7f 7f 00 7f 00 7f 00 00 00 00 00 00 7f 00 00 00 7f 00 7f 00 7f 7f 00 00 7f 7f 7f 00 7f 00 00 7f 00 00 00 00 00 00 00 00 7f 00 00 00 7f 7f 00 7f 00 00 7f 7f 00 7f 00 00 7f 00 7f 00 7f 00 7f 00 7f 00 7f 00 00 00 00 00 00 00 00	acks=00000000000000000000000000000000000000000000000000000000000000000000000000000000000000000000000000000000000000000000000000000000000000
403	129618347	129636039	stop	60 fd 40	acks=000
404	129638603	130384702	stop	60 18 7f 00 7f 00 00 00 00 7f 00 00 00 00 7f 00 7f 00 7f 00 00 00 00 00 00 7f 7f 00 00 7f 00 7f 00 7f 00 7f 00 7f 7f 7f 00 00 7f 7f 00 00 7f 7f 7f 00 00 7f 00 00 7f 7f 00 00 00 7f 00 00 7f 7f 00 00 00 00 00 00 00 00 00 00 7f 7f 00 7f 00 7f 00 7f 00 00 00 00 7f 00 00 00 7f 00 00 00 00 00 00 00 00 7f 00 00 00 7f 00 00 7f 00 7f 7f 00 00 7f 00 00 7f 00 7f 00 7f 00 7f 00 7f 00 00 00 00 00 00 00 00 00 00	acks=00000000000000000000000000000000000000000000000000000000000000000000000000000000000000000000000000000000000000000000000000000000000000
405	130391745	130409439	stop	60 fd 40	acks=000
406	130412017	131149879	stop	60 18 00 00 7f 00 00 00 00 7f 00 00 00 7f 7f 00 7f 00 7f 00 00 00 7f 00 00 7f 7f 00 00 7f 00 7f 00 7f 00 7f 00 7f 7f 7f 00 00 7f 7f 00 00 7f 7f 7f 00 00 00 00 00 7f 7f 00 00 00 7f 00 00 7f 7f 00 00 7f 00 00 00 00 00 00 00 7f 7f 00 7f 00 7f 00 7f 00 00 00 00 7f 00 00 00 7f 00 00 00 00 00 00 00 00 00 00 00 00 7f 00 00 7f 00 7f 7f 00 00 00 00 00 7f 00 00 00 7f 00 7f 00 00 00 00 00 00 00 00 00 00 00 00	acks=00000000000000000000000000000000000000000000000000000000000000000000000000000000000000000000000000000000000000000000000000000000000000
407	132162102	132179789	stop	60 fd 40	acks=000
408	132182350	132927984	stop	60 18 00 00 7f 7f 00 00 7f 7f 00 00 00 7f 7f 00 7f 00 00 00 00 00 7f 00 00 7f 7f 00 7f 7f 00 00 7f 7f 00 00 00 7f 00 7f 00 00 7f 7f 7f 00 00 7f 7f 7f 00 00 00 7f 7f 7f 00 00 00 00 00 7f 00 7f 00 7f 7f 00 00 7f 00 00 00 00 7f 00 00 00 00 00 00 7f 00 00 00 00 7f 00 7f 00 7f 00 7f 7f 00 00 00 00 00 00 00 00 00 7f 00 00 00 00 7f 00 00 00 00 00 00 00 7f 00 7f 00 00 00 00 00 00 00 00 00 00 00 00 00 00 00	acks=00000000000000000000000000000000000000000000000000000000000000000000000000000000000000000000000000000000000000000000000000000000000000
409	132935191	132952873	stop	60 fd 40	acks=000
410	132955437	133701005	stop	60 18 00 00 7f 7f 00 00 7f 7f 00 00 00 7f 7f 00 7f 7f 00 00 7f 00 7f 00 00 7f 00 7f 7f 00 7f 00 7f 7f 00 00 00 7f 00 00 00 00 00 00 7f 00 00 7f 00 7f 00 00 7f 7f 7f 00 00 00 00 00 7f 7f 00 00 00 7f 7f 00 00 7f 7f 00 00 00 00 00 00 00 00 00 00 00 00 00 00 7f 7f 00 7f 00 7f 00 7f 7f 00 00 00 7f 00 00 00 00 7f 7f 7f 00 00 00 00 00 00 00 00 00 7f 00 7f 00 7f 00 00 00 00 00 00 00 7f 00 00 00 00 00 00 00	acks=00000000000000000000000000000000000000000000000000000000000000000000000000000000000000000000000000000000000000000000000000000000000000
411	133708046	133725731	stop	60 fd 40	acks=000
412	133728295	134474092	stop	60 18 00 00 7f 7f 00 00 7f 00 00 00 00 00 7f 00 7f 7f 00 00 7f 00 00 00 7f 00 00 7f 7f 00 7f 00 7f 7f 00 00 00 7f 00 00 00 00 00 00 7f 00 00 7f 00 7f 00 00 7f 7f 00 00 00 7f 00 00 7f 7f 00 00 00 7f 00 00 7f 7f 7f 00 00 00 00 00 00 00 00 00 00 00 00 00 00 7f 7f 00 7f 00 7f 00 7f 7f 00 00 00 7f 7f 00 00 00 7f 7f 7f 00 00 00 00 00 00 00 00 7f 7f 00 7f 00 7f 00 00 00 00 00 00 00 7f 7f 00 00 00 00 00 00	acks=00000000000000000000000000000000000000000000000000000000000000000000000000000000000000000000000000000000000000000000000000000000000000
413	135486818	135505016	stop	60 fd 40	acks=000
414	135507592	136247951	stop	60 18 00 00 00 00 00 00 00 00 00 00 00 00 7f 00 7f 7f 7f 7f 7f 00 00 00 7f 00 00 7f 00 00 7f 7f 7f 7f 00 7f 00 7f 7f 00 7f 00 00 00 00 00 7f 7f 00 00 7f 00 7f 00 00 00 00 7f 00 7f 7f 00 00 00 00 00 00 00 7f 00 7f 00 00 00 00 00 00 00 00 7f 00 00 7f 00 00 7f 7f 00 00 00 7f 00 00 7f 7f 00 00 7f 7f 00 00 00 7f 00 7f 7f 7f 00 00 7f 00 00 00 7f 7f 00 00 00 00 00 00 00 00 00 00 00 7f 7f 00 00 00 00 00 00	acks=00000000000000000000000000000000000000000000000000000000000000000000000000000000000000000000000000000000000000000000000000000000000000
415	136255216	136272913	stop	60 fd 40	acks=000
416	136275478	137021542	stop	60 18 00 00 00 00 00 00 00 00 00 00 00 00 7f 00 7f 00 7f 7f 00 00 00 00 7f 00 00 00 00 00 00 7f 7f 7f 00 7f 00 00 7f 7f 7f 00 00 7f 00 00 7f 7f 00 00 7f 00 7f 00 00 7f 00 7f 7f 7f 00 00 00 00 7f 00 00 00 7f 00 00 00 00 00 00 00 00 00 00 7f 00 7f 7f 7f 00 00 7f 00 00 00 7f 7f 00 7f 7f 00 00 7f 7f 00 00 00 00 00 00 7f 7f 00 00 7f 7f 00 00 7f 7f 00 00 00 00 00 00 00 00 00 00 7f 7f 7f 00 7f 7f 00 00 00	acks=00000000000000000000000000000000000000000000000000000000000000000000000000000000000000000000000000000000000000000000000000000000000000
417	137028587	137046284	stop	60 fd 40	acks=000
418	137048848	137794988	stop	60 18 00 7f 00 00 7f 00 00 00 00 7f 00 00 00 00 00 00 7f 7f 00 7f 00 00 00 00 00 00 00 00 00 7f 7f 7f 00 7f 00 00 7f 7f 7f 00 00 7f 00 00 7f 7f 00 00 7f 00 7f 00 00 7f 00 00 7f 7f 00 00 00 00 7f 00 00 00 00 00 00 00 7f 00 00 00 00 00 00 7f 00 7f 7f 7f 00 00 7f 00 00 00 00 7f 00 7f 7f 00 00 7f 00 00 00 00 00 00 00 7f 7f 7f 00 7f 7f 00 7f 00 7f 00 00 00 00 00 00 00 00 00 00 7f 7f 00 7f 7f 7f 00 00 00	acks=00000000000000000000000000000000000000000000000000000000000000000000000000000000000000000000000000000000000000000000000000000000000000
419	138806974	138824670	stop	60 fd 40	acks=000
420	138827234	139572829	stop	60 18 00 7f 7f 7f 7f 7f 7f 00 00 7f 00 00 00 00 00 00 00 00 00 7f 00 00 00 00 00 00 00 00 00 00 00 7f 00 00 00 00 00 7f 00 7f 00 7f 00 00 00 7f 00 7f 00 00 7f 7f 00 7f 00 00 7f 00 00 7f 00 00 7f 7f 00 00 00 7f 00 00 7f 7f 00 00 00 00 00 00 00 7f 7f 7f 00 00 7f 00 00 00 00 7f 00 00 00 00 7f 7f 00 00 00 00 00 00 00 00 7f 7f 00 00 7f 00 7f 00 7f 7f 7f 00 00 00 00 7f 00 00 00 7f 7f 00 7f 7f 7f 00 00 00	acks=00000000000000000000000000000000000000000000000000000000000000000000000000000000000000000000000000000000000000000000000000000000000000
421	139580035	139597718	stop	60 fd 40	acks=000
422	139600282	140346249	stop	60 18 00 7f 7f 7f 7f 7f 7f 00 00 7f 00 00 00 00 00 7f 00 00 00 7f 00 00 00 00 00 00 00 7f 7f 00 00 00 00 00 7f 00 00 00 00 7f 7f 00 00 00 00 00 7f 7f 00 00 7f 7f 00 00 00 00 00 00 00 7f 00 00 7f 7f 00 00 00 7f 00 00 7f 7f 00 00 00 00 00 00 7f 00 7f 7f 7f 00 00 00 00 00 00 00 00 00 00 00 7f 7f 00 00 00 00 7f 00 00 00 7f 7f 00 00 00 00 7f 00 7f 7f 7f 00 00 00 00 7f 00 00 00 7f 00 00 7f 00 00 00 00 00	acks=00000000000000000000000000000000000000000000000000000000000000000000000000000000000000000000000000000000000000000000000000000000000000
423	140353294	140370985	stop	60 fd 40	acks=000
424	140373549	141114038	stop	60 18 00 00 7f 7f 00 7f 7f 00 00 00 00 00 00 00 00 7f 00 00 00 00 7f 00 00 00 00 00 00 7f 7f 00 00 00 00 00 7f 00 00 00 00 7f 7f 00 00 00 00 00 7f 7f 00 7f 7f 7f 00 00 00 00 00 00 00 7f 00 00 7f 7f 00 00 00 7f 00 00 00 7f 00 00 7f 00 00 00 7f 00 7f 7f 7f 00 00 00 00 00 00 00 00 00 00 7f 7f 7f 00 00 00 00 7f 00 00 00 7f 00 00 00 00 00 00 00 7f 7f 7f 7f 00 00 00 7f 00 7f 00 7f 00 00 00 00 00 7f 00 00	acks=00000000000000000000000000000000000000000000000000000000000000000000000000000000000000000000000000000000000000000000000000000000000000
425	142125614	142143306	stop	60 fd 40	acks=000
426	142145867	142891948	stop	60 18 00 00 00 00 00 00 00 00 00 00 00 00 00 00 00 7f 00 7f 00 00 7f 00 00 00 00 00 00 7f 7f 00 00 00 00 00 7f 00 7f 00 7f 00 7f 00 7f 00 7f 00 7f 00 7f 7f 7f 00 00 00 00 00 00 00 00 00 7f 00 7f 7f 00 00 00 00 00 00 00 00 00 7f 7f 7f 00 00 7f 00 00 7f 7f 00 00 00 00 00 00 00 00 7f 7f 7f 00 7f 00 00 00 00 7f 7f 00 7f 00 00 00 7f 00 00 00 00 7f 7f 00 7f 00 7f 00 00 00 7f 00 7f 00 00 00 00 00 7f 00 00	acks=00000000000000000000000000000000000000000000000000000000000000000000000000000000000000000000000000000000000000000000000000000000000000
427	142899161	142916872	stop	60 fd 40	acks=000
428	142919440	143665573	stop	60 18 00 00 00 00 00 00 00 00 00 00 00 00 00 7f 00 00 00 7f 7f 00 7f 00 00 00 00 7f 00 7f 00 00 00 00 00 00 00 00 7f 00 7f 00 7f 00 7f 00 7f 00 7f 00 7f 7f 00 00 00 00 00 00 7f 00 00 00 7f 7f 7f 7f 00 00 00 00 7f 00 00 00 7f 7f 7f 7f 00 00 00 00 00 7f 00 00 00 00 00 00 00 00 00 7f 7f 7f 00 00 00 00 00 00 00 7f 00 7f 00 00 00 7f 7f 00 00 00 00 7f 00 7f 00 7f 00 00 00 7f 00 7f 00 00 00 00 7f 7f 00 00	acks=00000000000000000000000000000000000000000000000000000000000000000000000000000000000000000000000000000000000000000000000000000000000000
429	143672618	143690318	stop	60 fd 40	acks=000
430	143692884	144439156	stop	60 18 00 00 00 00 00 00 00 00 7f 00 00 7f 00 7f 00 00 00 7f 7f 00 00 00 00 00 00 7f 00 7f 00 00 00 00 00 00 00 00 7f 00 7f 00 7f 00 7f 00 7f 00 7f 00 7f 00 00 00 7f 00 00 00 7f 00 00 00 7f 7f 7f 7f 7f 00 00 00 7f 00 00 00 7f 7f 00 7f 00 00 00 00 00 7f 00 00 00 00 00 00 00 00 00 7f 7f 00 00 00 00 00 00 00 00 7f 00 7f 00 00 00 7f 7f 00 00 7f 00 7f 00 00 00 7f 7f 00 00 00 7f 7f 00 00 00 00 7f 00 00 00	acks=00000000000000000000000000000000000000000000000000000000000000000000000000000000000000000000000000000000000000000000000000000000000000
431	145451844	145469532	stop	60 fd 40	acks=000
432	145472095	146213647	stop	60 18 00 00 00 7f 00 00 00 00 7f 00 00 7f 00 7f 00 00 00 00 7f 00 00 00 00 00 00 7f 7f 7f 00 00 7f 00 00 7f 00 00 00 00 00 7f 7f 00 7f 00 00 00 7f 7f 00 00 00 00 7f 00 00 00 7f 00 00 00 00 7f 7f 00 7f 00 00 00 7f 00 00 7f 7f 00 00 00 00 00 00 00 00 7f 00 00 00 00 7f 00 00 00 7f 00 00 00 00 00 00 00 00 00 00 00 00 7f 00 00 00 00 7f 00 00 7f 00 00 00 00 7f 00 7f 7f 00 00 7f 7f 00 00 00 00 7f 00 00 00	acks=00000000000000000000000000000000000000000000000000000000000000000000000000000000000000000000000000000000000000000000000000000000000000
433	146221657	146240248	stop	60 fd 40	acks=000
434	146242853	146988580	stop	60 18 00 00 00 7f 00 00 00 00 7f 00 00 7f 00 00 00 00 00 00 7f 00 00 00 00 00 00 7f 7f 7f 00 00 7f 00 00 7f 00 00 00 00 00 7f 7f 00 7f 00 00 00 7f 7f 00 00 00 00 7f 7f 00 00 00 00 7f 00 00 00 00 00 7f 00 00 00 7f 7f 00 7f 00 00 00 00 00 00 00 00 00 00 00 7f 00 00 7f 00 00 7f 7f 00 00 00 00 00 00 00 00 00 00 00 00 7f 00 00 00 00 00 00 00 7f 00 00 00 00 7f 00 7f 7f 00 00 7f 00 00 00 00 7f 00 00 00 00	acks=00000000000000000000000000000000000000000000000000000000000000000000000000000000000000000000000000000000000000000000000000000000000000
435	146995627	147013323	stop	60 fd 40	acks=000
436	147015887	147761384	stop	60 18 7f 00 00 7f 00 00 00 00 00 00 00 00 00 00 7f 00 00 00 7f 7f 00 00 00 00 00 7f 7f 7f 00 00 7f 00 00 7f 00 00 00 00 00 7f 7f 00 7f 00 00 00 7f 7f 00 00 00 00 00 7f 00 7f 00 00 7f 00 00 00 00 00 00 00 7f 00 7f 7f 00 7f 00 00 00 00 00 00 00 00 00 00 00 7f 00 00 7f 00 00 7f 7f 00 00 00 00 00 00 7f 00 7f 00 00 00 7f 00 00 00 00 00 00 00 00 00 00 00 00 7f 00 00 7f 00 00 00 00 00 00 00 7f 00 00 00 00	acks=00000000000000000000000000000000000000000000000000000000000000000000000000000000000000000000000000000000000000000000000000000000000000
437	148773534	148791240	stop	60 fd 40	acks=000
438	148793804	149539777	stop	60 18 7f 00 7f 00 00 7f 00 00 00 00 00 00 00 00 7f 00 7f 00 7f 7f 00 00 00 00 00 7f 00 7f 00 7f 00 00 00 7f 00 00 00 00 00 00 7f 00 00 00 7f 00 7f 00 00 00 00 00 00 7f 00 7f 00 7f 7f 00 7f 00 00 00 00 00 7f 00 7f 7f 00 00 00 00 00 00 00 7f 00 00 00 00 00 7f 00 00 00 00 00 7f 00 00 00 00 7f 00 00 7f 00 7f 00 7f 00 00 7f 00 00 7f 00 00 00 00 00 00 7f 00 00 7f 00 00 00 00 00 00 00 00 00 7f 00 00 00 00	acks=00000000000000000000000000000000000000000000000000000000000000000000000000000000000000000000000000000000000000000000000000000000000000
439	149546984	149564675	stop	60 fd 40	acks=000
440	149567239	150312915	stop	60 18 7f 00 7f 00 00 7f 00 00 00 00 00 00 00 00 7f 00 7f 00 7f 7f 00 00 00 00 7f 7f 00 00 00 7f 00 00 00 7f 7f 00 00 7f 00 00 00 00 00 00 7f 7f 00 00 00 00 00 00 00 7f 00 7f 00 7f 00 00 7f 00 00 00 00 00 7f 00 7f 00 00 00 00 00 00 00 00 7f 00 7f 00 00 00 00 00 7f 00 00 00 7f 00 00 00 00 7f 00 00 7f 00 7f 00 7f 00 00 7f 00 00 7f 00 00 00 00 00 00 7f 00 00 7f 00 00 00 00 00 00 00 00 00 7f 00 00 00 00	acks=00000000000000000000000000000000000000000000000000000000000000000000000000000000000000000000000000000000000000000000000000000000000000
441	150319961	150337668	stop	60 fd 40	acks=000
442	150340234	151086148	stop	60 18 00 7f 7f 00 7f 7f 00 7f 00 7f 00 00 00 00 00 00 7f 00 7f 00 00 00 7f 7f 7f 7f 00 00 00 7f 00 00 00 7f 7f 00 00 7f 00 00 00 00 00 00 7f 7f 00 00 00 00 00 00 00 7f 00 00 00 7f 00 00 7f 00 00 00 00 00 00 00 7f 00 00 00 00 00 00 00 00 7f 00 7f 00 00 00 00 00 7f 00 00 00 7f 00 00 00 7f 7f 00 7f 00 00 00 00 7f 00 00 7f 00 00 7f 00 00 00 00 00 00 7f 00 00 7f 00 00 00 00 00 00 00 7f 7f 7f 00 7f 00 00	acks=00000000000000000000000000000000000000000000000000000000000000000000000000000000000000000000000000000000000000000000000000000000000000
443	152098325	152116016	stop	60 fd 40	acks=000
444	152118579	152864320	stop	60 18 00 7f 7f 7f 7f 7f 7f 7f 00 7f 00 00 00 00 00 00 00 00 7f 00 00 00 7f 7f 7f 7f 7f 00 00 00 7f 00 00 00 7f 00 7f 7f 00 00 00 00 00 00 00 7f 00 00 00 00 00 7f 00 7f 00 00 00 00 00 7f 00 00 00 7f 00 00 00 7f 7f 00 00 00 00 7f 00 7f 00 00 00 7f 00 00 00 00 00 7f 7f 00 00 7f 00 7f 00 7f 7f 00 7f 00 00 00 00 00 00 00 00 00 00 00 00 00 00 00 00 00 7f 00 00 00 00 00 00 00 00 00 00 7f 7f 7f 00 7f 00 00	acks=00000000000000000000000000000000000000000000000000000000000000000000000000000000000000000000000000000000000000000000000000000000000000
445	152871523	152889214	stop	60 fd 40	acks=000
446	152891778	153637397	stop	60 18 00 7f 7f 7f 7f 7f 7f 7f 00 7f 00 00 00 7f 00 7f 00 00 00 00 00 00 7f 7f 00 00 7f 00 7f 00 7f 00 00 00 00 7f 7f 00 00 00 00 00 00 00 00 00 00 00 00 00 7f 7f 00 7f 00 00 00 00 00 7f 00 00 00 7f 00 00 00 7f 00 00 00 00 00 7f 00 7f 00 00 7f 00 00 00 7f 00 00 00 7f 00 00 7f 00 7f 00 7f 7f 00 7f 00 00 00 00 00 00 00 00 00 7f 00 00 00 00 00 00 00 7f 00 00 00 00 00 00 00 00 00 00 7f 7f 7f 00 7f 00 00	acks=00000000000000000000000000000000000000000000000000000000000000000000000000000000000000000000000000000000000000000000000000000000000000
447	153644438	153662124	stop	60 fd 40	acks=000
448	153664687	154410088	stop	60 18 00 00 7f 7f 00 7f 7f 00 00 00 00 00 7f 7f 00 7f 00 00 00 00 00 00 00 00 00 00 7f 00 7f 00 7f 00 00 00 00 7f 7f 00 00 00 00 00 00 00 00 00 00 00 00 00 7f 7f 00 7f 00 00 00 00 00 7f 00 00 00 7f 00 00 00 7f 00 00 7f 00 00 7f 00 7f 00 00 7f 00 00 00 7f 00 00 00 7f 00 7f 7f 00 7f 00 7f 7f 00 00 00 00 00 00 00 00 00 00 7f 7f 00 00 00 7f 00 00 00 7f 7f 00 00 7f 00 00 7f 7f 00 00 7f 00 7f 00 00 00 00	acks=00000000000000000000000000000000000000000000000000000000000000000000000000000000000000000000000000000000000000000000000000000000000000
449	155422994	155440706	stop	60 fd 40	acks=000
450	155443271	156189277	stop	60 18 00 00 00 00 00 7f 00 00 00 00 00 00 7f 7f 00 7f 00 7f 00 00 00 00 00 00 00 00 00 00 7f 00 00 00 00 00 00 7f 7f 00 7f 00 00 00 00 00 00 00 00 7f 7f 00 7f 00 00 7f 00 00 00 7f 00 00 00 00 00 00 00 00 00 00 00 00 7f 00 00 7f 00 7f 00 7f 7f 00 00 00 7f 00 00 00 00 00 7f 7f 7f 7f 7f 7f 7f 00 00 00 00 00 00 00 00 7f 7f 7f 7f 7f 00 00 7f 00 00 00 7f 7f 7f 00 7f 00 00 7f 7f 00 00 7f 00 7f 00 00 00 00	acks=00000000000000000000000000000000000000000000000000000000000000000000000000000000000000000000000000000000000000000000000000000000000000
451	156196486	156214182	stop	60 fd 40	acks=000
452	156216747	156960445	stop	60 18 00 00 00 00 00 7f 00 00 00 00 00 00 7f 00 00 00 00 7f 00 00 00 00 00 00 00 00 00 00 00 00 00 7f 00 00 00 00 7f 00 7f 00 00 00 00 00 00 00 00 7f 7f 00 00 00 00 00 00 00 7f 7f 00 00 00 7f 00 00 00 00 00 00 00 7f 7f 00 7f 7f 00 7f 00 7f 00 00 00 7f 00 00 7f 00 00 00 7f 00 7f 7f 7f 7f 7f 00 00 00 00 00 00 00 7f 7f 7f 7f 00 7f 00 00 7f 00 00 00 7f 7f 7f 00 7f 00 00 7f 7f 00 7f 7f 00 00 7f 00 00 00	acks=00000000000000000000000000000000000000000000000000000000000000000000000000000000000000000000000000000000000000000000000000000000000000
453	156966943	156983455	stop	60 fd 40	acks=000
454	156985499	157731302	stop	60 18 7f 00 00 00 00 7f 00 00 00 00 00 7f 00 00 00 00 00 7f 00 00 7f 00 00 00 00 00 00 00 00 00 00 7f 00 00 00 00 7f 00 7f 00 00 00 00 00 00 00 00 7f 7f 7f 00 00 00 00 00 00 7f 7f 00 00 00 7f 00 00 7f 00 00 00 00 7f 7f 00 7f 7f 7f 7f 00 7f 00 00 00 7f 00 00 7f 00 00 00 00 00 7f 7f 7f 7f 7f 00 00 7f 00 00 00 00 7f 7f 7f 00 00 7f 00 00 00 00 00 00 7f 00 7f 00 7f 00 00 00 00 00 7f 7f 00 00 7f 00 00 00	acks=00000000000000000000000000000000000000000000000000000000000000000000000000000000000000000000000000000000000000000000000000000000000000
455	158743158	158760851	stop	60 fd 40	acks=000
456	158763413	159509275	stop	60 18 7f 00 00 00 00 00 7f 00 00 00 00 7f 00 00 00 00 7f 00 00 00 7f 00 00 00 00 00 00 00 00 7f 00 7f 00 00 00 00 7f 00 00 7f 00 00 00 00 7f 00 00 7f 00 7f 00 00 00 00 00 00 7f 00 00 7f 00 7f 00 7f 7f 00 00 00 00 7f 7f 7f 7f 7f 7f 7f 00 00 00 00 7f 7f 00 00 7f 00 00 00 00 00 7f 00 00 7f 00 00 00 7f 00 00 00 00 7f 00 00 00 00 00 00 00 00 00 00 00 00 00 7f 00 7f 00 00 00 00 00 7f 7f 00 00 7f 00 00 00	acks=00000000000000000000000000000000000000000000000000000000000000000000000000000000000000000000000000000000000000000000000000000000000000
457	159516484	159534175	stop	60 fd 40	acks=000
458	159536739	160282537	stop	60 18 7f 00 00 00 00 00 7f 00 00 00 00 7f 00 00 00 00 7f 00 00 00 7f 00 00 00 7f 00 00 00 00 7f 00 00 00 00 00 00 7f 00 00 7f 00 7f 00 00 7f 00 7f 7f 00 7f 00 00 00 00 00 00 00 00 7f 7f 00 00 00 7f 7f 00 00 00 00 00 7f 7f 00 7f 7f 7f 00 00 00 00 7f 00 00 7f 00 00 00 00 00 00 7f 00 00 7f 00 7f 00 7f 00 00 00 00 00 00 00 00 00 00 00 00 00 00 7f 00 00 00 7f 00 7f 00 00 00 00 00 00 7f 00 00 00 00 00 00	acks=00000000000000000000000000000000000000000000000000000000000000000000000000000000000000000000000000000000000000000000000000000000000000
459	160289578	160307268	stop	60 fd 40	acks=000
460	160309832	161055751	stop	60 18 00 00 00 00 00 00 7f 7f 7f 00 00 00 00 00 00 00 7f 00 00 00 00 00 00 7f 7f 00 00 00 00 7f 00 00 00 00 00 00 7f 00 00 7f 00 7f 00 00 7f 00 7f 7f 00 7f 00 00 7f 00 00 7f 00 00 7f 7f 00 00 00 7f 00 00 7f 00 00 00 7f 7f 00 7f 00 7f 00 00 00 00 7f 00 00 7f 00 00 00 00 00 00 7f 00 00 7f 00 7f 00 7f 00 00 00 00 00 00 00 00 00 00 00 00 00 7f 7f 00 00 00 7f 00 7f 00 00 00 00 00 00 7f 00 00 00 00 00 00	acks=00000000000000000000000000000000000000000000000000000000000000000000000000000000000000000000000000000000000000000000000000000000000000
461	162067723	162085235	stop	60 fd 40	acks=000
462	162087770	162825086	stop	60 18 00 00 00 7f 00 00 00 7f 7f 00 00 00 00 00 00 00 7f 7f 00 00 00 00 00 7f 7f 00 00 00 00 7f 00 00 00 00 00 00 00 00 00 00 00 7f 00 00 7f 00 7f 7f 7f 7f 00 7f 7f 00 00 7f 00 00 7f 00 7f 00 00 00 00 00 7f 7f 00 00 7f 00 00 00 00 00 00 00 00 00 00 00 00 7f 00 00 00 00 00 00 7f 00 00 7f 00 7f 00 7f 00 00 00 00 00 7f 00 00 00 00 00 00 00 7f 7f 7f 00 00 7f 7f 7f 00 00 00 00 00 00 7f 00 00 00 00 00 00	acks=00000000000000000000000000000000000000000000000000000000000000000000000000000000000000000000000000000000000000000000000000000000000000
463	162832355	162850057	stop	60 fd 40	acks=000
464	162852623	163598494	stop	60 18 00 00 00 7f 00 00 00 7f 7f 00 00 00 00 00 00 00 7f 7f 00 00 00 00 00 7f 00 7f 00 00 00 7f 00 00 00 00 00 7f 00 7f 00 00 00 00 00 00 7f 00 00 7f 7f 7f 00 7f 7f 00 00 7f 00 00 00 00 7f 00 7f 00 00 00 7f 7f 00 00 7f 00 00 00 00 00 00 00 00 7f 00 00 00 00 00 00 00 00 00 00 7f 00 00 7f 00 00 00 7f 00 00 7f 00 00 7f 00 00 00 00 00 00 00 7f 00 7f 00 00 7f 7f 7f 00 00 00 00 7f 00 7f 00 00 00 00 00 00	acks=00000000000000000000000000000000000000000000000000000000000000000000000000000000000000000000000000000000000000000000000000000000000000
465	163605538	163623227	stop	60 fd 40	acks=000
466	163625791	164371957	stop	60 18 00 00 00 7f 7f 00 00 7f 00 7f 00 00 7f 00 7f 00 7f 7f 00 7f 00 00 00 00 00 7f 00 00 00 7f 00 00 00 00 00 7f 00 7f 00 00 00 00 00 00 7f 00 00 7f 7f 7f 00 7f 7f 00 00 00 00 00 00 00 7f 00 7f 00 00 00 00 7f 00 00 7f 00 00 00 00 00 00 00 00 7f 00 00 00 00 00 00 00 00 7f 00 7f 00 00 7f 00 00 00 7f 00 7f 7f 00 00 7f 00 00 00 00 00 00 00 00 00 7f 00 00 7f 7f 7f 00 00 00 00 7f 00 00 00 00 00 00 00 00	acks=00000000000000000000000000000000000000000000000000000000000000000000000000000000000000000000000000000000000000000000000000000000000000
467	165384971	165402676	stop	60 fd 40	acks=000
468	165405240	166151095	stop	60 18 00 00 00 7f 7f 00 00 7f 00 7f 00 00 7f 00 7f 00 7f 00 00 7f 00 00 00 00 00 7f 7f 00 00 7f 00 00 00 00 00 7f 00 7f 7f 00 00 00 7f 00 7f 00 00 00 00 7f 00 7f 7f 00 00 00 00 00 00 00 00 00 7f 00 00 00 00 7f 00 00 7f 00 00 00 00 00 00 00 00 7f 00 00 00 00 00 00 7f 00 7f 00 00 00 7f 7f 00 00 00 7f 00 7f 7f 00 00 00 00 00 00 7f 00 00 00 00 00 00 00 00 00 00 7f 00 00 00 00 7f 00 00 00 00 00 00 00 00	acks=00000000000000000000000000000000000000000000000000000000000000000000000000000000000000000000000000000000000000000000000000000000000000
469	166158306	166176004	stop	60 fd 40	acks=000
470	166178568	166924506	stop	60 18 00 00 00 7f 7f 00 00 7f 00 7f 00 00 7f 00 7f 7f 7f 00 00 7f 00 00 00 00 00 00 7f 7f 7f 7f 00 7f 00 00 7f 00 00 00 7f 00 7f 00 7f 00 7f 7f 00 00 00 7f 00 7f 7f 7f 00 00 00 00 00 00 00 00 00 00 00 00 00 7f 00 00 7f 00 00 00 00 00 00 00 7f 00 00 00 7f 00 7f 7f 7f 00 7f 00 00 00 7f 7f 00 00 00 7f 00 7f 00 00 00 00 00 00 00 7f 7f 00 00 00 00 00 00 00 00 00 7f 00 00 00 00 00 7f 00 00 00 00 00 00 00	acks=00000000000000000000000000000000000000000000000000000000000000000000000000000000000000000000000000000000000000000000000000000000000000
471	166931550	166949247	stop	60 fd 40	acks=000
472	166951813	167691131	stop	60 18 00 00 00 7f 00 00 00 7f 00 00 00 00 00 00 7f 7f 7f 00 00 00 00 00 00 00 00 00 7f 7f 7f 7f 00 7f 00 00 7f 00 00 00 7f 00 7f 00 7f 00 7f 7f 00 00 00 7f 00 7f 7f 7f 00 00 00 00 00 00 00 00 00 00 00 00 00 7f 00 00 00 00 00 00 00 00 00 00 7f 00 00 00 7f 00 7f 7f 7f 00 7f 00 00 00 7f 00 00 00 00 7f 00 00 00 00 00 00 00 00 00 7f 7f 00 00 00 00 00 00 00 00 00 7f 00 00 00 00 00 7f 00 00 00 00 00 00 00	acks=00000000000000000000000000000000000000000000000000000000000000000000000000000000000000000000000000000000000000000000000000000000000000
473	168703607	168721292	stop	60 fd 40	acks=000
474	168723856	169469395	stop	60 18 00 00 00 7f 00 00 00 7f 00 00 00 00 00 00 7f 7f 00 00 00 00 00 00 00 00 00 00 00 7f 7f 00 00 7f 00 7f 7f 00 00 00 7f 00 7f 00 00 00 00 7f 00 00 00 7f 00 7f 7f 7f 00 00 00 7f 00 00 00 00 00 00 00 00 00 7f 00 00 00 00 00 00 00 00 00 7f 7f 00 7f 00 7f 00 7f 7f 00 00 7f 00 00 00 7f 00 00 00 00 7f 00 00 00 00 00 00 00 00 00 7f 7f 00 00 00 00 00 7f 00 00 00 7f 7f 00 00 00 00 7f 00 00 00 00 00 00 00	acks=00000000000000000000000000000000000000000000000000000000000000000000000000000000000000000000000000000000000000000000000000000000000000
475	169476601	169494288	stop	60 fd 40	acks=000
476	169496852	170242480	stop	60 18 00 00 00 7f 00 00 00 7f 00 00 00 00 00 7f 7f 00 00 00 7f 00 00 00 00 00 00 00 00 00 00 00 00 00 00 7f 00 00 00 00 7f 00 00 00 00 00 00 7f 00 00 00 7f 7f 7f 7f 00 00 00 7f 7f 00 00 00 7f 00 00 00 00 00 7f 7f 00 00 00 7f 00 00 00 00 7f 00 00 7f 00 00 00 7f 00 00 00 7f 00 00 00 7f 00 00 7f 00 7f 00 00 00 00 00 00 00 00 7f 7f 00 00 00 00 7f 00 7f 00 00 00 7f 7f 00 00 00 00 00 00 00 00 7f 00 00 00	acks=00000000000000000000000000000000000000000000000000000000000000000000000000000000000000000000000000000000000000000000000000000000000000
477	170249525	170267212	stop	60 fd 40	acks=000
478	170269775	171015518	stop	60 18 00 7f 00 7f 00 00 00 7f 00 00 00 00 00 7f 7f 00 00 00 7f 00 00 00 7f 00 00 00 00 00 00 00 00 00 00 7f 00 00 00 00 7f 00 00 00 00 00 00 7f 00 00 00 00 7f 7f 7f 00 00 00 7f 7f 00 00 00 7f 00 00 00 00 00 7f 7f 00 00 00 7f 00 00 00 00 7f 00 00 7f 00 00 00 7f 00 00 00 7f 00 00 00 7f 7f 00 7f 7f 7f 00 00 00 00 00 00 00 00 7f 7f 00 00 00 00 7f 00 7f 00 00 00 00 7f 00 00 00 00 00 7f 7f 00 7f 7f 00 00	acks=00000000000000000000000000000000000000000000000000000000000000000000000000000000000000000000000000000000000000000000000000000000000000
479	172026796	172044484	stop	60 fd 40	acks=000
480	172047046	172785589	stop	60 18 00 7f 7f 00 00 00 7f 7f 00 00 00 00 00 7f 7f 00 00 00 7f 00 00 00 7f 00 00 00 00 00 00 00 00 00 00 00 00 00 7f 00 7f 7f 00 00 00 00 00 7f 00 00 00 00 7f 00 7f 00 00 00 7f 00 00 7f 00 7f 00 00 00 00 00 00 7f 00 00 7f 7f 00 00 00 00 00 00 00 00 00 00 00 7f 00 00 00 7f 00 00 00 7f 7f 00 7f 7f 7f 00 00 00 7f 00 00 00 00 7f 7f 00 00 00 00 7f 7f 00 00 00 00 00 00 00 00 00 00 00 7f 7f 00 7f 7f 00 00	acks=00000000000000000000000000000000000000000000000000000000000000000000000000000000000000000000000000000000000000000000000000000000000000
481	172792858	172810549	stop	60 fd 40	acks=000
482	172813113	173558940	stop	60 18 00 7f 7f 00 00 00 7f 7f 00 00 00 00 00 00 7f 00 00 00 00 00 00 00 7f 00 00 00 00 00 00 00 00 00 00 00 00 00 7f 00 7f 7f 00 00 00 00 00 7f 00 00 00 00 7f 00 7f 00 00 00 00 00 7f 7f 00 00 7f 00 00 00 00 00 00 7f 00 7f 00 00 00 00 00 00 00 00 00 7f 00 7f 7f 00 00 00 7f 7f 00 00 7f 7f 00 7f 7f 7f 00 00 00 7f 7f 00 00 00 00 7f 00 00 00 00 00 7f 00 00 00 00 00 00 00 00 00 7f 00 7f 7f 7f 00 7f 00 00	acks=00000000000000000000000000000000000000000000000000000000000000000000000000000000000000000000000000000000000000000000000000000000000000
483	173565986	173583687	stop	60 fd 40	acks=000
484	173586252	174332106	stop	60 18 00 00 7f 00 00 00 7f 7f 00 00 00 00 00 00 7f 00 00 00 00 00 00 00 00 00 00 00 00 00 00 00 00 00 00 00 00 00 7f 00 7f 7f 00 00 00 00 00 7f 00 00 00 00 7f 00 00 00 00 00 00 00 7f 7f 00 00 7f 00 00 00 00 00 00 7f 7f 7f 00 00 00 00 00 00 00 00 00 7f 00 7f 7f 00 00 00 7f 7f 00 00 7f 00 00 7f 00 00 00 00 00 7f 7f 00 00 7f 00 7f 00 00 7f 00 00 7f 00 7f 00 00 7f 00 00 7f 7f 7f 00 00 00 7f 00 7f 00 00	acks=00000000000000000000000000000000000000000000000000000000000000000000000000000000000000000000000000000000000000000000000000000000000000
485	175343892	175361570	stop	60 fd 40	acks=000
486	175364130	176109735	stop	60 18 00 00 00 00 00 7f 00 7f 00 00 00 00 00 00 7f 00 00 7f 00 00 00 00 00 00 00 00 00 00 00 00 7f 00 00 00 00 00 00 00 00 00 00 00 7f 00 00 7f 00 7f 7f 00 7f 00 00 00 00 00 00 00 7f 00 7f 00 7f 00 00 00 00 00 00 7f 7f 00 00 00 00 00 00 00 00 00 00 7f 00 7f 7f 00 00 00 7f 7f 00 7f 00 00 7f 7f 00 00 00 00 00 00 7f 00 00 7f 00 00 00 00 7f 00 00 00 00 7f 00 7f 7f 00 00 7f 7f 7f 00 00 00 7f 00 7f 00 00	acks=00000000000000000000000000000000000000000000000000000000000000000000000000000000000000000000000000000000000000000000000000000000000000
487	176116947	176134643	stop	60 fd 40	acks=000
488	176137209	176883226	stop	60 18 00 00 00 00 00 7f 00 7f 00 00 00 00 00 00 7f 00 00 7f 00 00 00 00 00 00 7f 00 00 7f 00 00 7f 00 00 00 00 00 00 7f 00 00 7f 7f 7f 00 00 7f 7f 7f 7f 00 7f 00 00 00 00 00 00 00 00 00 7f 00 7f 00 00 00 00 00 00 00 7f 00 00 00 00 00 00 00 00 7f 00 7f 00 00 7f 00 00 00 7f 00 00 7f 00 00 7f 7f 00 00 00 00 00 00 00 00 00 7f 00 00 00 00 7f 00 00 00 00 7f 00 7f 7f 00 00 7f 7f 00 00 00 00 00 00 7f 00 00	acks=00000000000000000000000000000000000000000000000000000000000000000000000000000000000000000000000000000000000000000000000000000000000000
489	176890266	176907952	stop	60 fd 40	acks=000
490	176910516	177656493	stop	60 18 7f 00 00 00 00 7f 00 00 00 00 00 7f 00 00 00 00 00 7f 00 00 7f 00 00 00 7f 00 00 7f 00 00 7f 00 00 00 00 00 00 7f 00 00 7f 7f 7f 00 00 7f 7f 7f 7f 7f 7f 00 00 00 00 00 00 00 00 00 7f 00 7f 00 7f 00 00 00 00 00 00 00 00 00 7f 00 00 00 00 7f 00 7f 00 00 7f 00 00 00 7f 00 00 7f 00 00 7f 7f 00 7f 00 00 00 00 00 00 00 00 00 00 00 00 00 00 00 00 00 00 00 7f 00 00 00 00 7f 00 00 00 00 00 00 7f 00 00	acks=00000000000000000000000000000000000000000000000000000000000000000000000000000000000000000000000000000000000000000000000000000000000000
491	178668695	178686381	stop	60 fd 40	acks=000
492	178688944	179435073	stop	60 18 7f 00 00 00 00 00 00 00 00 00 00 7f 00 00 00 00 00 00 00 00 7f 00 00 00 7f 00 7f 7f 00 00 00 00 00 7f 00 00 00 7f 00 00 7f 7f 00 00 7f 7f 7f 00 00 7f 7f 00 00 00 00 00 00 00 00 00 00 00 7f 00 7f 00 00 00 00 00 00 00 00 7f 7f 7f 00 00 00 7f 00 7f 00 00 7f 00 7f 00 7f 00 00 00 00 00 00 7f 00 7f 00 00 00 00 00 00 7f 00 00 00 00 00 00 00 00 00 00 00 00 00 00 00 00 00 7f 00 00 00 00 00 00 7f 00 00	acks=00000000000000000000000000000000000000000000000000000000000000000000000000000000000000000000000000000000000000000000000000000000000000
493	179442282	179459979	stop	60 fd 40	acks=000
494	179462544	180208574	stop	60 18 7f 00 00 00 00 00 00 00 00 00 00 7f 00 00 00 7f 00 00 7f 00 7f 00 00 00 00 7f 7f 00 7f 00 00 00 00 7f 00 7f 00 00 00 00 7f 00 00 00 7f 00 7f 00 00 7f 7f 00 00 00 00 00 00 00 00 00 00 00 7f 00 7f 00 00 00 7f 00 00 00 00 7f 7f 7f 00 00 00 00 00 7f 00 00 7f 00 7f 00 7f 00 00 00 00 00 00 7f 00 7f 00 00 7f 00 00 00 7f 00 00 00 00 00 00 00 00 00 00 00 00 00 00 00 00 00 7f 00 00 00 00 00 00 7f 00 00	acks=00000000000000000000000000000000000000000000000000000000000000000000000000000000000000000000000000000000000000000000000000000000000000
495	180215619	180233318	stop	60 fd 40	acks=000
496	180235884	180982582	stop	60 18 7f 00 00 00 00 00 00 7f 7f 00 00 00 00 00 00 7f 00 00 7f 00 00 00 00 7f 00 7f 7f 00 7f 00 00 00 00 7f 00 7f 00 00 00 00 7f 00 00 00 7f 00 7f 00 00 00 7f 00 7f 00 00 7f 00 00 00 00 00 00 7f 00 00 00 7f 00 7f 00 00 00 00 7f 00 7f 00 00 00 00 00 7f 00 00 7f 00 7f 00 00 00 00 00 00 00 00 7f 00 00 00 00 7f 00 00 00 7f 00 00 00 00 00 00 7f 00 00 00 00 00 00 00 00 00 00 7f 00 00 00 00 00 00 7f 00 00	acks=00000000000000000000000000000000000000000000000000000000000000000000000000000000000000000000000000000000000000000000000000000000000000
497	181994879	182012580	stop	60 fd 40	acks=000
498	182015144	182761306	stop	60 18 7f 00 7f 7f 00 00 00 7f 7f 00 00 00 00 00 00 7f 00 00 7f 00 00 00 00 7f 00 7f 00 00 7f 00 00 00 00 00 00 7f 00 00 00 00 7f 00 00 00 00 00 7f 00 00 00 7f 00 7f 00 00 7f 00 7f 00 00 00 00 7f 7f 00 00 7f 00 7f 00 00 00 00 00 00 00 00 7f 00 00 00 7f 00 00 7f 00 00 00 00 00 7f 00 00 00 00 7f 00 00 00 00 7f 00 00 00 00 00 00 00 00 00 00 7f 00 00 00 00 7f 00 00 00 00 00 7f 00 00 00 00 00 00 7f 00 00	acks=00000000000000000000000000000000000000000000000000000000000000000000000000000000000000000000000000000000000000000000000000000000000000
499	182768513	182786217	stop	60 fd 40	acks=000
500	182788781	183528870	stop	60 18 7f 00 7f 7f 00 00 00 7f 7f 00 00 00 00 00 00 00 00 00 7f 00 00 00 00 7f 00 7f 00 00 00 00 00 00 00 00 00 00 00 00 00 00 7f 00 00 00 00 00 7f 00 00 00 00 00 7f 7f 00 7f 7f 7f 00 00 00 00 7f 7f 00 00 7f 00 00 00 00 00 00 00 00 00 00 7f 00 00 00 7f 00 00 00 00 00 00 00 7f 7f 00 00 00 00 7f 00 00 00 00 00 00 00 00 00 00 00 00 7f 00 00 7f 00 00 00 00 7f 00 00 00 00 00 7f 00 7f 00 00 7f 7f 7f 00 00	acks=00000000000000000000000000000000000000000000000000000000000000000000000000000000000000000000000000000000000000000000000000000000000000
501	183535971	183553665	stop	60 fd 40	acks=000
502	183556230	184302303	stop	60 18 7f 00 7f 7f 7f 00 00 00 00 7f 00 00 7f 00 7f 00 00 00 7f 7f 00 00 00 7f 00 7f 00 00 00 00 00 00 00 00 00 00 00 00 00 00 7f 00 00 00 00 00 7f 00 00 00 00 00 00 7f 00 00 7f 7f 00 00 00 00 7f 7f 00 00 00 00 00 00 00 00 00 00 00 00 00 7f 00 00 00 7f 00 00 00 00 00 00 7f 7f 7f 00 00 00 00 7f 00 00 00 7f 00 00 00 00 00 00 00 00 7f 00 00 00 00 00 00 00 7f 00 00 00 00 00 7f 00 7f 00 00 7f 7f 7f 00 00	acks=00000000000000000000000000000000000000000000000000000000000000000000000000000000000000000000000000000000000000000000000000000000000000
503	185315037	185332735	stop	60 fd 40	acks=000
504	185335298	186081039	stop	60 18 7f 00 00 00 7f 7f 7f 00 00 7f 00 00 7f 00 7f 00 7f 00 7f 7f 00 00 00 7f 00 7f 00 00 00 7f 00 00 00 00 00 00 00 00 00 7f 7f 00 00 00 00 00 7f 00 00 00 00 00 00 7f 00 00 7f 00 00 7f 00 00 7f 00 00 00 00 00 00 00 00 7f 00 00 00 00 00 00 00 00 7f 7f 00 00 00 00 00 00 7f 7f 00 7f 00 00 7f 7f 00 00 00 7f 00 00 00 7f 00 00 00 7f 7f 00 00 00 00 00 7f 00 00 00 00 7f 00 00 7f 00 7f 00 00 7f 7f 7f 00 00	acks=00000000000000000000000000000000000000000000000000000000000000000000000000000000000000000000000000000000000000000000000000000000000000
505	186088251	186105949	stop	60 fd 40	acks=000
506	186108515	186854780	stop	60 18 7f 00 00 00 7f 7f 7f 00 00 7f 00 00 7f 00 7f 00 7f 00 7f 7f 00 00 00 7f 00 7f 00 00 00 7f 00 7f 00 00 7f 00 00 00 00 7f 7f 00 00 00 00 7f 7f 00 00 00 00 00 00 7f 00 00 00 00 00 7f 00 00 7f 00 00 00 00 00 00 00 00 7f 00 00 00 00 00 00 7f 00 7f 00 7f 00 7f 7f 00 00 7f 7f 00 7f 00 00 7f 00 00 00 00 7f 00 00 00 7f 00 00 00 7f 00 00 00 00 00 00 7f 00 00 00 00 7f 00 00 7f 00 00 00 00 00 00 7f 00 00	acks=00000000000000000000000000000000000000000000000000000000000000000000000000000000000000000000000000000000000000000000000000000000000000
507	186861829	186879539	stop	60 fd 40	acks=000
508	186882104	187628385	stop	60 18 7f 00 00 00 00 7f 7f 00 00 00 00 00 7f 00 00 00 7f 00 7f 00 00 00 00 7f 00 7f 00 00 00 7f 00 7f 00 00 7f 00 00 00 00 7f 7f 00 00 00 00 7f 7f 00 00 00 00 00 00 7f 00 00 00 00 00 7f 00 00 7f 00 00 00 00 00 00 00 00 7f 00 00 00 00 00 00 7f 00 7f 00 7f 00 7f 7f 00 00 00 7f 00 7f 00 00 7f 00 00 00 00 00 00 00 00 7f 00 00 00 7f 00 00 00 00 00 00 7f 00 00 00 00 7f 00 00 7f 00 00 00 00 00 00 00 00 00	acks=00000000000000000000000000000000000000000000000000000000000000000000000000000000000000000000000000000000000000000000000000000000000000
509	188641360	188659062	stop	60 fd 40	acks=000
510	188661627	189407656	stop	60 18 7f 00 00 00 00 00 00 00 00 00 00 00 7f 00 00 00 00 7f 7f 00 00 00 00 7f 00 7f 00 00 00 00 00 7f 00 00 7f 00 7f 00 00 00 7f 00 00 00 00 7f 7f 00 7f 00 00 7f 00 7f 00 00 00 00 00 00 7f 00 7f 00 00 00 00 7f 00 00 00 00 00 7f 00 7f 00 00 7f 00 00 00 7f 00 7f 7f 00 00 00 7f 00 00 00 00 7f 00 00 00 00 00 00 7f 00 00 00 00 00 00 00 00 00 00 00 7f 7f 00 00 7f 00 00 00 00 7f 00 00 00 00 00 00 00 00 00	acks=00000000000000000000000000000000000000000000000000000000000000000000000000000000000000000000000000000000000000000000000000000000000000
511	189414863	189432552	stop	60 fd 40	acks=000
512	189435116	190181081	stop	60 18 7f 00 00 00 00 00 00 00 00 00 00 00 7f 7f 00 00 00 7f 7f 00 00 00 00 7f 00 7f 00 00 00 00 00 7f 00 00 00 00 7f 00 00 00 7f 00 00 00 00 00 00 00 7f 00 7f 7f 00 7f 00 00 00 00 00 00 7f 7f 00 00 00 00 00 7f 00 00 00 00 7f 7f 00 7f 00 00 00 00 00 00 00 00 00 00 00 00 00 7f 00 00 00 00 7f 7f 00 00 00 00 00 7f 00 00 00 00 7f 00 00 00 00 00 7f 7f 7f 00 00 7f 00 00 00 00 7f 00 00 00 00 00 00 00 00 00	acks=00000000000000000000000000000000000000000000000000000000000000000000000000000000000000000000000000000000000000000000000000000000000000
513	190188124	190205820	stop	60 fd 40	acks=000
514	190208385	190954334	stop	60 18 7f 00 00 00 00 00 00 00 00 00 00 00 7f 7f 00 00 00 7f 7f 00 00 00 7f 7f 00 7f 00 00 00 00 00 7f 00 00 00 00 7f 00 00 00 7f 00 00 00 00 00 00 00 7f 00 7f 7f 00 7f 00 00 00 00 00 00 7f 7f 00 00 00 00 00 7f 00 00 00 00 7f 7f 00 7f 00 00 00 00 00 00 00 00 00 00 00 00 00 7f 00 00 00 00 7f 7f 00 00 00 00 00 7f 00 00 00 00 7f 00 00 00 00 00 7f 7f 7f 00 00 7f 00 00 00 00 00 00 00 7f 00 00 00 00 00 00	acks=00000000000000000000000000000000000000000000000000000000000000000000000000000000000000000000000000000000000000000000000000000000000000
515	191966014	191983704	stop	60 fd 40	acks=000
516	191986266	192731999	stop	60 18 7f 00 00 00 00 00 00 00 00 00 00 00 7f 7f 00 00 00 00 7f 00 00 00 7f 7f 00 7f 7f 00 00 00 7f 7f 00 00 00 00 7f 00 7f 00 7f 00 7f 00 00 00 00 7f 00 00 7f 00 00 7f 00 00 00 00 00 00 00 7f 00 00 00 00 00 00 00 00 00 00 7f 7f 00 00 00 00 00 00 00 00 00 00 00 00 7f 00 00 7f 7f 00 7f 00 7f 7f 00 00 00 00 00 00 00 00 00 00 7f 00 00 00 00 00 7f 00 7f 00 7f 00 00 00 00 00 00 00 00 7f 00 00 00 00 00 00	acks=00000000000000000000000000000000000000000000000000000000000000000000000000000000000000000000000000000000000000000000000000000000000000
517	192739202	192756896	stop	60 fd 40	acks=000
518	192759460	193496755	stop	60 18 7f 00 00 00 00 00 00 00 00 00 00 00 7f 00 00 00 00 00 7f 00 00 00 7f 7f 00 00 7f 00 00 00 7f 7f 00 00 00 00 7f 00 7f 00 00 00 7f 00 00 00 00 7f 00 00 00 00 00 7f 00 00 00 00 7f 00 00 00 7f 00 00 00 00 00 00 7f 00 00 00 7f 00 00 00 00 00 00 00 7f 00 7f 00 00 7f 00 00 7f 7f 00 7f 00 7f 00 00 00 00 00 00 00 7f 00 00 00 00 00 00 00 00 00 7f 00 7f 00 7f 00 00 00 00 00 00 7f 00 7f 00 00 00 00 00 00	acks=00000000000000000000000000000000000000000000000000000000000000000000000000000000000000000000000000000000000000000000000000000000000000
519	193503856	193521547	stop	60 fd 40	acks=000
520	193524111	194269880	stop	60 18 00 00 00 00 00 00 00 00 00 00 00 00 7f 00 00 00 00 00 7f 00 00 00 7f 7f 00 00 7f 00 00 00 7f 7f 00 00 00 00 7f 00 7f 00 00 00 7f 00 00 00 00 7f 00 00 00 00 00 7f 00 00 00 00 7f 00 00 00 7f 00 00 00 00 00 00 7f 7f 00 00 7f 00 00 00 00 00 00 00 7f 00 7f 00 00 7f 00 00 7f 7f 00 7f 00 7f 00 7f 00 00 00 00 00 7f 00 00 00 00 00 00 00 7f 00 7f 00 7f 00 7f 00 00 00 00 00 00 7f 00 00 00 00 00 00 00 00	acks=00000000000000000000000000000000000000000000000000000000000000000000000000000000000000000000000000000000000000000000000000000000000000
521	195281588	195299278	stop	60 fd 40	acks=000
522	195301842	196047595	stop	60 18 00 00 00 00 00 00 00 00 00 00 00 00 7f 00 00 00 7f 00 7f 00 00 00 7f 7f 00 00 00 00 00 7f 00 7f 00 7f 00 00 7f 00 00 00 00 00 00 00 7f 00 00 7f 00 00 00 00 00 7f 00 00 00 7f 7f 00 00 00 7f 00 00 00 00 00 00 7f 7f 00 00 7f 00 00 00 7f 00 00 00 7f 00 7f 00 00 00 00 00 7f 7f 00 00 00 7f 00 7f 00 00 00 00 00 7f 00 7f 00 00 00 00 00 7f 00 7f 00 7f 00 00 00 00 00 00 00 00 7f 00 00 00 00 00 00 00 00	acks=00000000000000000000000000000000000000000000000000000000000000000000000000000000000000000000000000000000000000000000000000000000000000
523	196054801	196072491	stop	60 fd 40	acks=000
524	196075055	196820918	stop	60 18 00 00 00 00 00 00 00 00 00 00 00 00 7f 00 00 00 7f 00 00 00 00 00 7f 7f 7f 00 00 7f 00 7f 00 7f 00 7f 00 00 7f 7f 00 00 7f 7f 00 00 7f 00 7f 7f 00 00 00 00 00 00 00 00 00 7f 00 00 00 00 00 00 00 00 00 00 00 00 7f 00 00 7f 00 00 00 7f 00 7f 00 00 00 00 00 00 00 00 00 7f 7f 00 00 00 7f 00 7f 00 00 00 00 00 00 00 7f 00 00 00 00 00 7f 00 7f 00 7f 00 00 00 00 00 00 00 00 7f 00 00 00 00 00 00 00 00	acks=00000000000000000000000000000000000000000000000000000000000000000000000000000000000000000000000000000000000000000000000000000000000000
525	196827962	196845660	stop	60 fd 40	acks=000
526	196848224	197594167	stop	60 18 00 00 00 00 00 00 00 00 00 00 00 00 7f 00 00 00 7f 00 00 00 7f 00 7f 00 7f 00 00 7f 00 7f 00 7f 00 7f 00 00 7f 7f 00 00 7f 7f 00 00 7f 00 7f 7f 00 7f 00 00 00 00 00 00 00 7f 00 00 00 00 00 00 00 00 00 00 00 00 00 00 00 7f 00 00 00 7f 00 7f 00 00 00 00 00 00 00 00 00 7f 7f 00 00 00 7f 00 00 00 00 00 00 00 00 00 7f 7f 00 00 00 00 7f 00 7f 00 7f 00 00 00 00 00 00 00 00 7f 00 00 7f 00 00 00 00 00	acks=00000000000000000000000000000000000000000000000000000000000000000000000000000000000000000000000000000000000000000000000000000000000000
527	198606322	198624028	stop	60 fd 40	acks=000
528	198626594	199366973	stop	60 18 00 00 7f 7f 00 00 7f 00 00 00 00 00 7f 00 00 00 00 00 00 00 7f 00 7f 00 7f 00 00 7f 00 7f 00 7f 00 00 00 00 7f 7f 00 00 7f 7f 00 00 7f 00 7f 7f 00 7f 00 7f 00 00 00 00 00 00 00 7f 00 00 00 7f 00 00 00 7f 00 00 00 00 00 7f 00 00 00 00 00 7f 00 00 00 00 00 00 00 00 00 7f 7f 00 00 00 7f 00 00 00 00 00 00 00 00 00 00 7f 00 00 00 00 7f 00 7f 00 00 00 00 00 00 00 00 00 00 7f 00 00 7f 00 00 00 00 00	acks=00000000000000000000000000000000000000000000000000000000000000000000000000000000000000000000000000000000000000000000000000000000000000
529	199374242	199391939	stop	60 fd 40	acks=000
530	199394504	200140395	stop	60 18 00 00 7f 7f 00 00 7f 00 00 00 00 00 7f 00 00 7f 00 00 7f 00 7f 00 7f 00 00 7f 00 7f 7f 7f 00 7f 00 00 00 7f 7f 00 00 00 00 00 00 00 7f 00 00 7f 00 7f 00 7f 00 00 00 00 00 00 00 7f 00 00 00 7f 00 00 00 7f 7f 00 00 00 00 7f 00 00 00 00 00 00 00 00 00 00 00 00 00 00 00 00 7f 00 00 00 7f 00 00 00 00 00 7f 00 00 00 00 7f 00 00 00 00 7f 00 7f 00 00 00 00 00 00 00 00 00 00 7f 00 00 7f 00 00 00 00 00	acks=00000000000000000000000000000000000000000000000000000000000000000000000000000000000000000000000000000000000000000000000000000000000000
531	200147439	200165134	stop	60 fd 40	acks=000
532	200167698	200913595	stop	60 18 00 7f 7f 7f 00 00 7f 00 00 00 00 00 00 00 00 7f 00 00 7f 00 7f 00 7f 00 00 7f 00 7f 7f 7f 00 7f 00 00 00 7f 7f 00 00 00 00 00 00 00 7f 00 00 7f 00 00 00 7f 7f 00 00 00 00 00 00 7f 00 00 00 7f 00 00 00 7f 7f 00 00 00 00 7f 7f 00 00 00 00 00 00 00 00 00 00 00 00 00 00 00 7f 00 00 7f 7f 00 7f 00 00 00 7f 00 00 00 00 00 00 00 00 00 7f 7f 7f 00 00 7f 00 00 00 00 00 00 00 7f 00 7f 7f 00 00 7f 00 00	acks=00000000000000000000000000000000000000000000000000000000000000000000000000000000000000000000000000000000000000000000000000000000000000
533	201926472	201944165	stop	60 fd 40	acks=000
534	201946727	202692727	stop	60 18 00 7f 00 7f 00 00 00 00 00 00 00 00 00 00 00 7f 00 7f 7f 00 7f 00 7f 00 00 7f 00 7f 7f 7f 00 7f 00 00 00 7f 00 00 7f 00 00 00 00 00 7f 00 00 7f 7f 00 00 7f 7f 00 00 00 00 00 00 00 00 00 00 00 00 00 00 00 7f 00 00 00 00 7f 7f 00 00 00 00 00 00 00 00 00 00 00 00 00 00 00 7f 7f 7f 7f 00 00 7f 00 00 00 7f 00 00 7f 00 00 00 7f 00 00 7f 7f 7f 00 00 7f 00 00 00 00 00 00 00 7f 00 7f 7f 00 00 7f 00 00	acks=00000000000000000000000000000000000000000000000000000000000000000000000000000000000000000000000000000000000000000000000000000000000000
535	202699936	202717633	stop	60 fd 40	acks=000
536	202720196	203466121	stop	60 18 00 7f 00 7f 00 00 00 00 00 00 00 00 00 00 00 00 00 7f 00 00 7f 00 7f 00 00 00 00 7f 00 7f 00 00 00 00 00 00 00 00 7f 00 00 00 00 00 7f 00 00 7f 7f 00 00 7f 7f 7f 00 00 7f 00 00 00 00 00 00 00 00 00 00 00 7f 00 00 00 00 7f 7f 00 00 00 00 00 00 00 00 00 00 00 00 00 00 7f 7f 7f 7f 7f 00 00 7f 00 00 00 00 00 00 7f 00 00 00 7f 7f 00 7f 7f 7f 00 00 7f 00 00 00 00 00 00 00 7f 7f 7f 7f 7f 7f 7f 00 00	acks=00000000000000000000000000000000000000000000000000000000000000000000000000000000000000000000000000000000000000000000000000000000000000
537	203473165	203490863	stop	60 fd 40	acks=000
538	203493429	204232942	stop	60 18 00 00 00 7f 00 00 00 00 7f 00 00 00 00 00 7f 00 00 7f 00 7f 7f 00 7f 00 00 00 00 7f 00 7f 00 00 00 00 00 00 00 00 7f 00 00 00 00 00 7f 00 00 7f 7f 00 00 7f 00 7f 00 00 7f 00 00 00 00 00 00 00 7f 00 00 00 7f 00 7f 00 00 7f 00 00 00 00 00 00 00 00 00 00 00 00 00 00 00 7f 7f 7f 7f 00 00 00 00 00 00 00 00 00 00 7f 00 7f 00 7f 7f 00 7f 7f 7f 00 00 7f 00 00 7f 00 00 7f 7f 7f 7f 00 00 7f 7f 00 00 00	acks=00000000000000000000000000000000000000000000000000000000000000000000000000000000000000000000000000000000000000000000000000000000000000
539	205245114	205262815	stop	60 fd 40	acks=000
540	205265379	206011672	stop	60 18 00 00 00 7f 00 7f 00 00 7f 00 00 00 00 00 7f 00 00 00 00 7f 7f 00 7f 00 00 00 00 7f 00 7f 00 00 00 00 00 00 00 00 00 7f 00 00 00 00 7f 00 00 00 00 00 00 7f 00 7f 00 00 7f 00 00 00 00 00 00 00 7f 00 00 00 7f 00 7f 7f 00 00 00 00 00 00 00 00 7f 00 00 00 00 00 00 00 00 7f 7f 00 7f 00 7f 00 00 00 00 00 00 00 00 00 00 7f 00 7f 7f 00 7f 7f 7f 00 7f 7f 00 00 7f 7f 00 7f 7f 7f 7f 00 00 7f 7f 00 00 00	acks=00000000000000000000000000000000000000000000000000000000000000000000000000000000000000000000000000000000000000000000000000000000000000
541	206018884	206036580	stop	60 fd 40	acks=000
542	206039144	206785128	stop	60 18 00 00 00 7f 00 7f 00 00 7f 00 00 00 00 00 7f 00 00 00 00 7f 7f 00 7f 00 00 00 00 7f 00 7f 00 00 00 00 7f 00 00 00 00 7f 00 00 00 00 7f 7f 00 00 00 00 00 7f 00 00 00 00 00 00 00 00 00 00 00 00 7f 00 00 00 7f 00 7f 7f 00 00 00 00 00 00 00 00 7f 00 00 00 00 00 00 00 00 00 7f 00 7f 00 7f 00 00 00 00 00 00 00 00 00 00 7f 00 7f 00 00 7f 7f 00 00 7f 7f 00 00 7f 7f 00 7f 7f 7f 00 00 00 7f 00 00 00 00	acks=00000000000000000000000000000000000000000000000000000000000000000000000000000000000000000000000000000000000000000000000000000000000000
543	206792173	206809870	stop	60 fd 40	acks=000
544	206812434	207558359	stop	60 18 7f 00 00 7f 00 7f 00 00 00 00 00 7f 00 00 00 00 00 00 00 7f 7f 00 00 00 00 00 00 7f 00 7f 00 00 00 00 7f 00 00 00 00 7f 00 00 00 00 7f 7f 00 00 00 7f 00 7f 00 00 00 7f 00 00 00 00 00 00 00 00 7f 00 00 00 7f 00 00 7f 00 00 7f 00 00 00 00 00 7f 00 00 00 00 00 00 00 00 00 7f 00 7f 00 7f 00 00 7f 00 7f 00 00 00 00 00 00 00 7f 00 00 7f 7f 00 00 7f 00 00 00 00 7f 00 00 00 7f 00 00 00 7f 00 00 00 00	acks=00000000000000000000000000000000000000000000000000000000000000000000000000000000000000000000000000000000000000000000000000000000000000
545	208569824	208587524	stop	60 fd 40	acks=000
546	208590088	209328499	stop	60 18 7f 00 00 7f 00 7f 00 00 00 00 00 7f 00 00 00 00 00 00 00 7f 7f 00 00 00 00 00 00 7f 00 7f 00 00 00 00 7f 00 7f 00 00 00 00 00 00 00 00 7f 00 00 00 7f 00 7f 00 00 00 7f 00 00 00 00 7f 00 00 00 7f 00 00 00 7f 00 00 00 00 7f 7f 7f 00 00 00 00 00 00 00 00 00 00 00 00 00 00 00 00 7f 00 00 00 00 7f 00 7f 00 7f 00 00 00 00 00 7f 00 00 7f 7f 00 7f 00 00 00 7f 00 00 00 00 00 7f 00 00 00 7f 00 00 00 00	acks=00000000000000000000000000000000000000000000000000000000000000000000000000000000000000000000000000000000000000000000000000000000000000
547	209335768	209353470	stop	60 fd 40	acks=000
548	209356035	210101882	stop	60 18 7f 00 00 7f 00 7f 00 00 00 00 00 7f 00 7f 00 00 00 00 00 7f 7f 00 00 00 00 00 00 7f 00 7f 00 00 00 00 7f 00 7f 00 00 00 00 00 00 00 00 00 00 00 00 7f 7f 7f 00 00 00 7f 00 00 00 00 7f 00 00 00 7f 00 00 00 7f 00 00 00 00 7f 7f 7f 00 00 00 00 00 00 00 00 00 7f 00 00 00 00 00 00 7f 00 00 00 00 7f 00 7f 00 7f 00 00 00 00 00 7f 00 00 7f 7f 00 7f 00 00 00 7f 00 00 00 00 00 00 00 00 00 7f 00 00 00 00	acks=00000000000000000000000000000000000000000000000000000000000000000000000000000000000000000000000000000000000000000000000000000000000000
549	210108922	210126613	stop	60 fd 40	acks=000
550	210129176	210875151	stop	60 18 00 7f 00 7f 7f 7f 00 7f 7f 00 00 00 00 7f 00 00 00 00 00 7f 7f 00 7f 7f 00 00 00 7f 00 7f 00 00 00 00 7f 00 7f 00 00 00 00 00 00 00 00 00 00 00 00 00 7f 7f 7f 00 00 7f 00 00 00 00 7f 00 00 00 00 00 7f 00 7f 00 00 00 00 7f 00 7f 00 00 00 00 00 00 00 00 00 7f 00 00 00 00 00 00 7f 00 00 00 7f 00 00 00 00 7f 00 00 00 00 00 7f 00 00 00 7f 00 7f 00 00 00 7f 00 00 00 00 00 00 00 7f 7f 7f 00 00 00 00	acks=00000000000000000000000000000000000000000000000000000000000000000000000000000000000000000000000000000000000000000000000000000000000000
551	211886922	211904609	stop	60 fd 40	acks=000
552	211907172	212652809	stop	60 18 00 7f 00 00 7f 7f 00 7f 7f 00 00 00 00 7f 00 00 00 00 00 7f 7f 00 7f 7f 00 00 7f 7f 00 00 7f 00 00 00 7f 00 00 00 00 00 00 00 7f 00 00 00 00 7f 00 00 7f 7f 7f 00 00 7f 00 00 00 00 00 00 00 00 00 00 7f 00 7f 00 00 00 00 00 00 7f 00 00 00 00 00 00 00 00 00 7f 7f 00 00 00 7f 00 7f 00 00 00 7f 00 00 00 00 00 00 00 00 00 00 7f 00 00 00 7f 00 00 00 00 7f 00 00 00 00 00 00 00 00 7f 7f 7f 00 00 00 00	acks=00000000000000000000000000000000000000000000000000000000000000000000000000000000000000000000000000000000000000000000000000000000000000
553	212660012	212677696	stop	60 fd 40	acks=000
554	212680259	213425953	stop	60 18 00 7f 00 00 7f 7f 00 7f 7f 00 00 00 00 7f 00 00 00 00 00 7f 7f 00 7f 7f 00 00 7f 00 00 00 7f 00 00 00 7f 00 00 00 00 00 00 00 7f 00 00 00 00 7f 00 00 00 7f 7f 00 00 7f 00 00 00 00 00 00 00 00 00 00 7f 00 7f 7f 00 00 00 00 00 7f 00 00 00 00 00 7f 7f 00 00 00 7f 00 00 00 7f 00 7f 00 00 00 7f 00 00 00 00 00 00 00 00 00 7f 7f 00 00 00 7f 00 00 00 00 7f 00 00 00 00 00 00 00 00 7f 7f 7f 00 00 00 00	acks=00000000000000000000000000000000000000000000000000000000000000000000000000000000000000000000000000000000000000000000000000000000000000
555	213432995	213450691	stop	60 fd 40	acks=000
556	213453256	214199326	stop	60 18 00 00 00 00 7f 7f 00 00 00 7f 00 00 7f 7f 7f 00 00 00 00 7f 00 00 00 00 00 00 7f 00 00 00 7f 00 00 00 7f 00 00 00 00 00 00 00 7f 00 00 00 00 7f 00 00 00 7f 00 00 00 00 00 00 00 00 00 00 00 00 00 00 00 00 7f 7f 7f 00 00 00 00 7f 00 00 00 00 00 7f 7f 00 00 00 7f 00 7f 00 7f 00 7f 7f 00 00 00 00 00 7f 00 00 00 00 00 7f 7f 7f 00 00 7f 7f 00 00 00 7f 7f 00 00 00 00 7f 00 00 00 00 00 7f 00 7f 00 00	acks=00000000000000000000000000000000000000000000000000000000000000000000000000000000000000000000000000000000000000000000000000000000000000
557	215211723	215229418	stop	60 fd 40	acks=000
558	215231983	215977843	stop	60 18 00 00 00 00 7f 7f 00 00 00 7f 00 00 7f 7f 7f 00 7f 00 00 7f 00 00 00 00 00 00 00 00 00 7f 00 00 00 7f 7f 00 00 00 00 00 00 00 00 00 7f 00 00 00 00 00 00 00 00 00 00 00 00 7f 00 00 00 00 00 00 00 00 00 00 7f 7f 7f 00 00 00 00 7f 00 7f 00 00 00 7f 7f 00 00 00 00 00 7f 00 00 00 7f 7f 00 00 00 00 00 7f 00 00 00 00 7f 7f 7f 00 00 00 7f 7f 00 00 00 7f 7f 00 00 00 00 7f 00 00 00 00 00 7f 00 7f 00 00	acks=00000000000000000000000000000000000000000000000000000000000000000000000000000000000000000000000000000000000000000000000000000000000000
559	215985050	216002749	stop	60 fd 40	acks=000
560	216005313	216751110	stop	60 18 00 00 00 00 7f 7f 00 00 00 7f 00 00 7f 7f 7f 00 7f 00 00 7f 00 00 00 00 7f 00 00 00 00 7f 00 7f 00 7f 7f 00 00 00 00 00 00 00 00 00 7f 7f 7f 00 00 00 00 00 00 00 00 00 00 7f 00 00 00 7f 00 00 00 00 00 00 00 7f 7f 00 00 00 00 7f 00 7f 7f 00 00 00 7f 00 7f 7f 00 00 7f 00 00 00 7f 7f 00 00 00 00 00 7f 00 00 7f 00 7f 7f 00 00 00 00 7f 7f 00 00 00 7f 7f 00 00 00 00 7f 00 00 00 00 00 7f 00 7f 00 00	acks=00000000000000000000000000000000000000000000000000000000000000000000000000000000000000000000000000000000000000000000000000000000000000
561	216758153	216775837	stop	60 fd 40	acks=000
562	216778400	217524436	stop	60 18 00 00 00 00 00 7f 00 00 00 00 00 7f 00 7f 00 00 7f 00 00 7f 7f 00 00 00 7f 00 00 00 00 7f 00 7f 00 7f 7f 00 00 00 00 00 00 00 00 00 7f 7f 7f 00 00 7f 00 00 00 00 00 00 00 7f 00 00 00 7f 00 00 7f 00 00 00 00 7f 00 00 00 00 7f 7f 00 7f 7f 00 00 00 7f 00 7f 7f 00 00 00 00 00 00 7f 7f 00 00 00 00 00 00 00 00 7f 00 7f 00 00 00 00 00 00 00 00 00 00 00 7f 00 7f 00 00 00 7f 00 00 7f 00 7f 00 7f 00 00	acks=00000000000000000000000000000000000000000000000000000000000000000000000000000000000000000000000000000000000000000000000000000000000000
563	218536374	218554066	stop	60 fd 40	acks=000
564	218556629	219302570	stop	60 18 00 00 7f 7f 00 7f 7f 00 00 00 00 7f 00 7f 00 00 7f 00 00 7f 7f 00 00 00 7f 00 00 00 00 00 00 7f 00 00 7f 00 00 00 00 00 00 00 00 00 00 7f 7f 00 00 7f 00 7f 00 00 00 00 00 00 00 7f 00 7f 00 7f 7f 00 00 7f 00 7f 00 00 00 00 7f 7f 00 00 7f 00 00 00 7f 00 7f 7f 00 00 00 00 00 00 00 7f 00 00 00 00 00 00 00 00 7f 00 00 00 00 00 00 00 00 00 00 00 00 00 7f 00 7f 00 00 00 7f 00 00 7f 00 7f 00 7f 00 00	acks=00000000000000000000000000000000000000000000000000000000000000000000000000000000000000000000000000000000000000000000000000000000000000
565	219309776	219327466	stop	60 fd 40	acks=000
566	219330030	220062207	stop	60 18 00 00 7f 7f 00 7f 7f 00 00 00 00 7f 00 7f 00 00 7f 00 00 7f 7f 00 00 00 7f 7f 00 00 00 00 00 00 00 00 7f 7f 00 00 00 00 00 7f 00 00 00 00 00 00 00 7f 7f 7f 00 00 00 00 00 00 7f 7f 00 7f 00 7f 7f 00 00 7f 00 7f 00 00 7f 00 7f 7f 00 00 00 00 00 00 00 00 00 00 00 00 00 00 00 00 00 7f 00 7f 00 00 00 00 00 00 00 00 00 00 7f 00 00 00 00 00 7f 00 00 00 7f 00 7f 00 00 00 7f 00 00 7f 00 00 00 7f 00 00	acks=00000000000000000000000000000000000000000000000000000000000000000000000000000000000000000000000000000000000000000000000000000000000000
567	220069315	220087015	stop	60 fd 40	acks=000
568	220089580	220835940	stop	60 18 7f 00 7f 7f 00 7f 7f 00 7f 00 00 00 00 7f 00 00 7f 00 00 00 00 00 00 00 7f 7f 00 00 00 00 00 00 00 00 7f 7f 00 00 00 00 00 7f 00 00 00 00 00 00 00 00 7f 7f 7f 00 00 7f 00 00 7f 7f 00 7f 00 7f 00 00 7f 7f 00 7f 7f 00 7f 00 00 7f 00 00 00 00 00 00 00 00 00 00 00 00 00 00 00 00 00 7f 00 7f 00 7f 00 00 00 00 00 00 00 00 7f 00 00 00 00 7f 7f 00 00 00 7f 00 7f 00 00 00 7f 00 00 7f 00 00 00 7f 00 00	acks=00000000000000000000000000000000000000000000000000000000000000000000000000000000000000000000000000000000000000000000000000000000000000
569	221847384	221865076	stop	60 fd 40	acks=000
570	221867638	222613764	stop	60 18 7f 00 00 00 00 00 00 00 7f 00 00 00 00 7f 00 00 7f 7f 00 00 00 00 00 00 7f 7f 00 00 00 00 00 00 00 00 7f 7f 00 00 7f 00 00 7f 00 00 00 00 00 00 7f 00 7f 00 7f 00 00 7f 00 00 7f 00 00 7f 00 00 00 00 7f 7f 00 7f 7f 00 7f 00 00 7f 00 00 00 00 00 00 00 00 00 00 00 00 00 00 00 7f 7f 7f 00 7f 00 7f 00 00 00 00 00 7f 00 00 7f 7f 00 00 00 7f 7f 00 00 00 7f 00 7f 00 00 00 7f 00 00 7f 00 00 00 7f 00 00	acks=00000000000000000000000000000000000000000000000000000000000000000000000000000000000000000000000000000000000000000000000000000000000000
571	222620974	222638672	stop	60 fd 40	acks=000
572	222641237	223387072	stop	60 18 7f 00 00 00 00 00 00 00 7f 00 00 00 00 7f 00 00 7f 7f 00 00 00 00 00 00 7f 00 00 00 00 00 00 00 00 00 00 7f 00 7f 7f 00 00 00 00 00 00 00 00 00 7f 00 00 00 7f 7f 00 7f 00 00 7f 00 00 00 7f 00 00 00 7f 7f 00 7f 7f 00 00 00 00 7f 00 00 00 00 00 7f 00 7f 00 00 00 00 00 00 00 7f 7f 7f 00 00 00 7f 00 00 7f 00 7f 7f 00 00 00 7f 00 00 00 7f 00 00 00 00 7f 00 7f 00 00 00 7f 7f 7f 7f 00 00 00 7f 00 00	acks=00000000000000000000000000000000000000000000000000000000000000000000000000000000000000000000000000000000000000000000000000000000000000
573	223394114	223411805	stop	60 fd 40	acks=000
574	223414369	224160414	stop	60 18 7f 7f 00 00 7f 00 00 7f 00 7f 00 00 00 7f 7f 00 7f 7f 00 7f 00 00 7f 7f 7f 00 00 00 00 00 00 00 00 00 00 7f 00 7f 7f 00 00 00 00 00 00 00 00 00 7f 7f 00 00 00 7f 00 00 00 00 7f 00 00 00 7f 00 00 00 00 7f 00 7f 7f 00 00 00 00 7f 00 00 00 00 00 7f 00 7f 00 00 00 00 00 00 00 7f 7f 00 00 00 00 7f 00 7f 7f 00 7f 7f 00 00 00 7f 00 00 00 00 00 00 00 00 7f 00 7f 00 00 00 7f 7f 7f 7f 7f 00 00 7f 00 00	acks=00000000000000000000000000000000000000000000000000000000000000000000000000000000000000000000000000000000000000000000000000000000000000
575	225173199	225190211	stop	60 fd 40	acks=000
576	225192218	225937969	stop	60 18 7f 7f 00 00 7f 00 00 7f 00 7f 00 00 00 7f 7f 00 7f 00 00 7f 00 00 7f 7f 7f 00 00 00 00 00 00 00 00 00 00 7f 00 7f 7f 00 00 00 00 00 00 00 00 00 00 7f 00 00 00 7f 00 00 00 00 7f 00 00 00 7f 00 00 00 00 7f 00 7f 7f 00 00 00 00 00 00 00 00 00 7f 7f 00 7f 00 00 00 00 00 00 00 00 00 00 00 00 00 7f 00 7f 7f 00 7f 00 00 00 00 00 00 00 00 00 00 00 7f 00 7f 00 7f 00 00 00 7f 7f 7f 7f 7f 00 00 7f 00 00	acks=00000000000000000000000000000000000000000000000000000000000000000000000000000000000000000000000000000000000000000000000000000000000000
577	225945234	225962917	stop	60 fd 40	acks=000
578	225965481	226711346	stop	60 18 7f 7f 00 00 7f 00 00 7f 00 7f 00 00 00 00 7f 7f 7f 00 00 7f 00 00 7f 7f 7f 00 00 7f 00 00 00 00 00 00 7f 7f 00 7f 7f 00 7f 7f 00 00 00 7f 7f 00 00 7f 00 00 00 00 00 00 00 00 00 00 00 00 00 00 00 00 00 7f 00 7f 7f 00 00 00 00 00 00 00 7f 7f 7f 00 7f 00 00 7f 00 00 00 00 00 00 00 00 00 00 00 7f 00 7f 00 00 00 00 00 00 00 00 7f 00 00 00 00 00 7f 00 7f 00 7f 00 00 00 7f 00 7f 7f 7f 00 00 7f 00 00	acks=00000000000000000000000000000000000000000000000000000000000000000000000000000000000000000000000000000000000000000000000000000000000000
579	226718390	226736084	stop	60 fd 40	acks=000
580	226738649	227484729	stop	60 18 7f 00 00 00 00 00 00 7f 00 00 00 00 7f 00 00 7f 7f 00 00 00 00 00 00 7f 7f 00 00 7f 00 00 00 00 00 00 7f 7f 00 7f 7f 00 7f 7f 00 00 00 7f 7f 00 00 7f 00 00 7f 00 00 00 00 00 00 00 00 00 00 00 00 00 00 7f 00 7f 7f 00 00 00 00 00 00 00 7f 7f 7f 00 7f 00 00 7f 00 00 7f 00 00 00 00 00 00 00 00 7f 00 00 00 00 00 00 00 00 00 00 7f 00 7f 00 00 00 7f 7f 7f 00 00 00 00 7f 7f 00 7f 00 00 00 00 00 00 00	acks=00000000000000000000000000000000000000000000000000000000000000000000000000000000000000000000000000000000000000000000000000000000000000
581	228496840	228514544	stop	60 fd 40	acks=000
582	228517108	229263228	stop	60 18 7f 00 00 00 00 00 00 7f 00 00 00 00 7f 00 00 7f 7f 00 00 00 00 00 00 7f 7f 00 00 7f 00 00 00 00 00 00 7f 7f 7f 7f 7f 00 7f 7f 00 00 00 7f 7f 00 00 7f 00 00 7f 00 00 00 00 00 00 00 00 00 00 00 00 00 00 7f 00 7f 7f 00 00 00 00 00 00 00 7f 7f 7f 00 7f 00 00 7f 00 00 7f 00 00 00 00 00 00 00 00 7f 00 00 00 00 00 00 00 00 00 00 7f 00 7f 00 00 7f 00 7f 00 00 00 7f 00 7f 7f 00 7f 00 00 00 00 00 00 00	acks=00000000000000000000000000000000000000000000000000000000000000000000000000000000000000000000000000000000000000000000000000000000000000
583	229270440	229288139	stop	60 fd 40	acks=000
584	229290704	230037008	stop	60 18 7f 00 00 00 00 00 00 7f 00 00 00 00 7f 7f 00 7f 7f 00 7f 00 00 00 00 7f 7f 7f 00 00 7f 00 00 7f 00 00 00 7f 7f 00 7f 00 00 00 00 00 00 00 00 00 00 7f 7f 00 7f 00 00 00 7f 00 00 00 00 7f 00 00 00 00 00 7f 7f 00 7f 00 7f 00 00 00 00 00 00 00 7f 00 00 00 7f 00 00 00 7f 00 00 00 00 00 00 00 00 7f 00 00 7f 00 00 00 00 00 7f 00 00 00 7f 00 00 7f 00 7f 00 00 00 7f 00 7f 7f 00 7f 00 00 00 00 00 00 00	acks=00000000000000000000000000000000000000000000000000000000000000000000000000000000000000000000000000000000000000000000000000000000000000
585	230044057	230061761	stop	60 fd 40	acks=000
586	230064328	230803511	stop	60 18 7f 00 00 00 00 00 00 7f 00 00 00 7f 7f 7f 7f 7f 7f 00 7f 00 7f 00 00 7f 7f 7f 00 00 7f 00 00 7f 00 00 00 7f 7f 00 7f 00 00 00 00 00 00 00 00 00 00 7f 7f 00 7f 00 00 00 7f 00 00 00 00 7f 00 00 7f 00 00 7f 7f 00 00 00 7f 00 00 00 00 00 00 00 7f 00 00 00 7f 00 00 00 7f 00 00 00 00 00 00 00 00 00 00 00 7f 00 00 00 00 00 7f 00 00 00 00 00 00 7f 00 00 00 00 00 7f 00 00 00 00 7f 7f 00 00 00 00 00 00	acks=00000000000000000000000000000000000000000000000000000000000000000000000000000000000000000000000000000000000000000000000000000000000000
587	231815487	231833203	stop	60 fd 40	acks=000
588	231835769	232582305	stop	60 18 7f 00 00 00 00 00 00 7f 00 00 00 7f 7f 7f 7f 7f 00 00 7f 00 7f 00 00 7f 7f 7f 00 00 7f 00 00 7f 00 00 00 7f 00 00 7f 00 00 00 7f 00 00 00 00 7f 00 7f 7f 00 7f 00 00 00 7f 00 00 00 00 7f 00 00 7f 00 00 7f 7f 00 00 7f 7f 00 00 00 00 00 00 00 7f 00 00 00 7f 00 00 00 7f 00 00 00 00 00 00 00 00 00 00 00 7f 7f 00 00 00 00 7f 00 00 00 00 00 00 7f 00 00 00 00 00 00 00 00 00 00 7f 7f 00 00 00 00 00 00	acks=00000000000000000000000000000000000000000000000000000000000000000000000000000000000000000000000000000000000000000000000000000000000000
589	232589521	232607228	stop	60 fd 40	acks=000
590	232609793	233355962	stop	60 18 7f 00 00 00 00 00 00 7f 00 00 00 7f 7f 00 7f 00 00 00 00 00 7f 00 00 7f 00 00 00 00 00 00 00 7f 00 00 00 7f 00 00 7f 00 00 00 7f 00 00 7f 00 7f 00 7f 00 00 7f 7f 00 00 7f 00 7f 00 00 00 00 00 7f 00 00 7f 00 7f 00 7f 00 00 00 00 00 00 00 00 7f 7f 00 7f 7f 00 00 00 7f 7f 00 00 00 00 00 7f 00 00 00 00 00 7f 7f 00 00 00 00 00 7f 00 00 00 7f 7f 00 00 00 00 00 00 00 00 00 00 7f 7f 00 7f 7f 00 00 00	acks=00000000000000000000000000000000000000000000000000000000000000000000000000000000000000000000000000000000000000000000000000000000000000
591	233363007	233380695	stop	60 fd 40	acks=000
592	233383259	234129229	stop	60 18 00 00 00 00 00 00 00 00 00 00 00 00 7f 00 7f 00 00 00 00 00 00 00 00 7f 00 00 00 00 00 00 00 7f 00 00 00 7f 00 00 7f 00 00 00 7f 00 00 7f 00 7f 00 00 00 00 7f 7f 00 7f 7f 00 7f 00 00 00 00 00 00 00 7f 7f 00 7f 7f 7f 00 00 00 00 00 00 00 00 7f 7f 00 7f 7f 00 00 00 7f 7f 00 00 00 00 00 7f 00 00 00 00 00 7f 7f 00 00 00 00 00 7f 00 00 7f 7f 7f 00 00 00 00 00 00 00 00 00 00 7f 7f 00 7f 7f 00 00 00	acks=00000000000000000000000000000000000000000000000000000000000000000000000000000000000000000000000000000000000000000000000000000000000000
593	235141720	235159428	stop	60 fd 40	acks=000
594	235161994	235900101	stop	60 18 00 00 00 00 00 7f 00 00 00 00 00 00 7f 00 7f 00 00 00 00 00 00 00 00 7f 00 00 00 00 00 00 7f 7f 00 7f 00 7f 00 00 7f 7f 00 00 7f 00 7f 7f 00 00 00 00 00 00 7f 7f 00 7f 7f 00 7f 00 7f 00 00 00 00 00 7f 00 00 7f 7f 7f 00 00 00 00 00 00 00 00 7f 7f 00 7f 7f 00 00 00 7f 7f 00 00 00 00 7f 7f 00 00 00 00 00 00 7f 00 00 00 00 00 7f 00 00 7f 7f 7f 7f 00 00 00 00 7f 00 00 00 00 7f 7f 00 7f 7f 00 00 00	acks=00000000000000000000000000000000000000000000000000000000000000000000000000000000000000000000000000000000000000000000000000000000000000
595	235907369	235925068	stop	60 fd 40	acks=000
596	235927632	236673767	stop	60 18 00 00 00 00 00 7f 00 00 00 00 00 00 7f 00 7f 00 00 00 00 00 00 00 00 7f 7f 00 00 00 00 00 7f 7f 00 7f 00 00 00 7f 7f 7f 00 7f 7f 00 7f 7f 7f 00 00 00 7f 00 7f 00 00 7f 00 00 00 00 7f 00 7f 00 00 00 7f 00 00 00 7f 7f 00 00 00 00 00 00 00 7f 7f 00 00 00 7f 00 00 00 7f 00 00 00 00 00 7f 7f 00 00 00 00 00 00 00 00 00 00 00 00 00 00 00 7f 7f 7f 7f 00 00 00 00 7f 00 00 00 7f 7f 7f 00 00 00 00 00 00	acks=00000000000000000000000000000000000000000000000000000000000000000000000000000000000000000000000000000000000000000000000000000000000000
597	236680808	236698498	stop	60 fd 40	acks=000
598	236701061	237446950	stop	60 18 00 00 00 00 7f 7f 00 00 00 7f 00 00 7f 00 7f 00 00 00 00 7f 00 00 00 00 7f 00 00 00 00 00 7f 7f 00 7f 00 00 00 7f 7f 7f 00 7f 7f 00 7f 7f 7f 00 00 7f 7f 00 00 00 00 00 00 00 00 00 7f 00 7f 00 00 00 00 00 00 00 7f 7f 00 00 00 00 00 00 00 7f 7f 00 00 00 7f 00 00 00 00 00 00 00 00 00 7f 7f 00 00 00 00 00 00 00 00 00 00 00 00 00 00 00 00 7f 7f 7f 00 00 00 00 7f 00 00 00 7f 7f 7f 00 00 00 00 00 00	acks=00000000000000000000000000000000000000000000000000000000000000000000000000000000000000000000000000000000000000000000000000000000000000
599	238458821	238476527	stop	60 fd 40	acks=000
600	238479092	239225087	stop	60 18 00 00 7f 7f 7f 00 00 00 00 7f 00 00 7f 00 7f 00 00 00 00 7f 00 00 00 00 7f 00 7f 00 00 00 00 7f 00 7f 00 00 7f 7f 00 00 00 7f 7f 00 00 7f 7f 00 00 7f 7f 00 00 00 00 00 00 00 00 00 7f 00 7f 00 00 00 00 00 00 00 7f 00 00 7f 00 7f 00 00 00 7f 7f 00 00 00 7f 00 00 00 00 00 00 00 00 00 00 7f 00 00 00 00 00 7f 00 00 7f 00 00 00 00 00 00 00 7f 7f 00 00 00 7f 00 00 00 00 00 7f 7f 7f 00 00 00 00 00 00	acks=00000000000000000000000000000000000000000000000000000000000000000000000000000000000000000000000000000000000000000000000000000000000000
601	239232300	239250007	stop	60 fd 40	acks=000
602	239252572	239998879	stop	60 18 00 00 7f 7f 7f 00 00 00 00 7f 00 00 7f 00 7f 7f 00 00 00 7f 00 00 00 00 00 7f 7f 7f 7f 00 00 7f 00 7f 7f 7f 7f 00 00 00 7f 00 7f 00 00 7f 00 00 00 7f 7f 00 00 00 00 00 00 00 00 00 7f 00 7f 00 00 00 00 00 00 00 7f 00 00 7f 00 7f 00 00 7f 00 7f 7f 7f 00 00 00 00 00 00 00 00 00 00 00 00 7f 00 00 00 00 7f 7f 00 00 7f 00 00 00 00 00 00 00 7f 7f 00 00 00 7f 00 00 00 00 00 7f 00 7f 00 00 00 00 00 00	acks=00000000000000000000000000000000000000000000000000000000000000000000000000000000000000000000000000000000000000000000000000000000000000
603	240005923	240023626	stop	60 fd 40	acks=000
604	240026190	240766702	stop	60 18 00 00 7f 7f 00 00 00 00 00 00 00 00 00 00 00 7f 00 00 00 00 00 00 00 00 00 7f 7f 7f 7f 00 00 7f 00 7f 7f 7f 7f 00 00 00 7f 00 7f 00 00 7f 00 00 00 7f 7f 00 7f 00 00 00 00 00 00 00 7f 00 7f 00 00 00 00 00 00 00 7f 00 00 7f 00 7f 00 00 7f 00 7f 7f 7f 00 00 00 00 00 00 00 00 00 00 00 00 7f 00 00 00 00 7f 7f 00 00 7f 00 00 00 00 00 00 00 7f 7f 00 00 00 7f 00 00 00 00 00 7f 00 7f 00 00 00 00 00 00	acks=00000000000000000000000000000000000000000000000000000000000000000000000000000000000000000000000000000000000000000000000000000000000000
605	241778983	241796685	stop	60 fd 40	acks=000
606	241799250	242545564	stop	60 18 00 00 7f 00 00 00 00 00 00 00 00 00 00 00 00 7f 00 00 00 00 00 00 00 00 00 7f 7f 7f 7f 00 7f 7f 00 7f 7f 7f 00 00 00 00 7f 00 7f 00 00 7f 00 7f 00 7f 7f 00 7f 00 00 00 00 7f 00 00 00 00 7f 7f 00 00 00 00 00 00 7f 00 00 00 00 00 00 00 7f 00 00 7f 7f 00 00 00 7f 00 00 00 7f 7f 00 00 00 7f 00 00 00 00 7f 00 00 00 00 00 00 7f 00 00 00 00 7f 7f 00 00 7f 00 00 00 00 00 00 7f 00 7f 00 00 00 00 00 00	acks=00000000000000000000000000000000000000000000000000000000000000000000000000000000000000000000000000000000000000000000000000000000000000
607	242552775	242570474	stop	60 fd 40	acks=000
608	242573040	243319200	stop	60 18 00 00 7f 00 00 00 00 00 00 00 00 00 00 7f 00 00 00 00 7f 00 00 00 00 00 00 00 7f 7f 00 00 7f 00 00 7f 00 00 00 00 00 00 7f 00 7f 00 00 00 7f 7f 00 7f 7f 00 7f 7f 00 00 7f 7f 00 00 00 7f 7f 7f 00 00 00 00 7f 00 7f 00 7f 00 00 00 00 00 00 00 00 7f 00 00 00 00 7f 00 00 00 7f 7f 00 00 00 00 00 00 00 00 00 00 00 00 00 00 00 7f 7f 00 00 00 7f 7f 00 00 7f 00 00 00 00 00 00 7f 7f 7f 00 00 7f 00 00 00	acks=00000000000000000000000000000000000000000000000000000000000000000000000000000000000000000000000000000000000000000000000000000000000000
609	243326248	243343958	stop	60 fd 40	acks=000
610	243346523	244092869	stop	60 18 00 00 7f 00 00 00 00 00 00 00 00 00 00 7f 7f 00 00 00 7f 00 00 00 00 00 00 00 7f 7f 00 00 7f 00 00 7f 00 00 00 00 00 00 7f 00 7f 00 00 00 7f 7f 00 7f 7f 00 7f 7f 00 00 7f 7f 00 00 00 7f 7f 7f 00 00 00 00 7f 00 7f 00 7f 00 00 00 00 00 00 00 00 7f 00 00 00 00 7f 00 00 00 7f 7f 00 00 00 00 00 00 00 00 00 00 00 00 00 00 00 7f 7f 00 00 00 7f 7f 00 00 7f 00 00 00 00 00 00 7f 7f 00 00 00 7f 00 00 00	acks=00000000000000000000000000000000000000000000000000000000000000000000000000000000000000000000000000000000000000000000000000000000000000
611	245105224	245122918	stop	60 fd 40	acks=000
612	245125480	245865449	stop	60 18 00 00 7f 00 00 00 00 00 00 00 00 00 00 7f 7f 00 7f 00 7f 00 00 00 00 00 00 00 00 7f 00 7f 00 00 00 7f 00 00 00 00 00 7f 7f 00 7f 00 7f 00 7f 00 00 7f 7f 00 7f 7f 00 00 7f 7f 00 7f 00 7f 7f 00 00 00 00 00 7f 00 7f 7f 7f 00 00 00 00 7f 00 00 7f 7f 00 00 00 00 00 00 00 00 00 7f 00 00 00 00 00 00 00 00 00 00 00 7f 7f 00 00 00 7f 00 00 00 7f 00 7f 00 00 00 00 7f 00 00 00 7f 7f 00 00 00 7f 00 00 00	acks=00000000000000000000000000000000000000000000000000000000000000000000000000000000000000000000000000000000000000000000000000000000000000
613	245872718	245890409	stop	60 fd 40	acks=000
614	245892973	246639113	stop	60 18 00 00 7f 00 00 00 00 00 00 00 00 00 00 00 7f 00 7f 00 7f 00 00 00 00 00 00 7f 00 7f 00 7f 00 00 00 7f 00 00 00 00 00 7f 7f 00 7f 00 7f 7f 7f 00 00 7f 00 00 7f 00 00 00 00 7f 7f 7f 00 00 00 00 00 00 00 00 7f 7f 7f 7f 00 00 00 00 00 7f 00 00 7f 7f 00 7f 00 00 00 00 00 7f 00 7f 00 00 00 00 00 00 00 00 00 00 00 7f 7f 00 00 00 00 00 00 00 00 00 7f 00 00 00 00 7f 00 00 00 7f 00 00 00 7f 00 00 00 00	acks=00000000000000000000000000000000000000000000000000000000000000000000000000000000000000000000000000000000000000000000000000000000000000
615	246646163	246663874	stop	60 fd 40	acks=000
616	246666440	247412722	stop	60 18 00 00 7f 00 00 00 00 00 00 00 00 00 00 00 7f 00 7f 00 7f 00 00 00 00 00 00 7f 00 7f 00 7f 00 00 00 7f 00 00 00 00 00 7f 7f 00 7f 00 7f 7f 7f 00 00 7f 00 00 7f 00 00 00 00 7f 7f 7f 00 00 00 00 00 00 00 00 7f 7f 00 7f 00 00 00 00 00 7f 00 00 7f 7f 00 7f 00 00 00 00 00 7f 00 7f 00 00 00 00 00 00 00 00 00 00 00 7f 7f 00 00 00 00 00 00 00 00 00 7f 00 00 00 00 7f 00 00 00 7f 00 00 00 7f 00 00 00 00	acks=00000000000000000000000000000000000000000000000000000000000000000000000000000000000000000000000000000000000000000000000000000000000000
617	248425379	248443086	stop	60 fd 40	acks=000
618	248445651	249191865	stop	60 18 00 00 7f 7f 00 7f 7f 00 00 00 00 00 00 00 7f 00 00 00 7f 00 00 00 00 00 00 7f 00 7f 00 00 00 00 00 7f 00 00 7f 00 00 00 7f 00 00 00 00 7f 7f 00 7f 7f 00 7f 7f 00 00 00 00 00 7f 7f 7f 00 00 7f 00 00 00 7f 7f 7f 00 00 00 00 00 00 00 00 00 00 00 7f 00 7f 00 00 00 00 00 7f 00 7f 00 00 7f 00 00 00 00 00 00 7f 00 00 00 00 00 00 00 00 00 00 00 7f 00 00 00 7f 00 00 00 00 00 7f 00 00 00 7f 00 00 00 00	acks=00000000000000000000000000000000000000000000000000000000000000000000000000000000000000000000000000000000000000000000000000000000000000
619	249199076	249216775	stop	60 fd 40	acks=000
620	249219340	249965637	stop	60 18 00 00 7f 7f 00 7f 7f 00 00 00 00 00 00 00 7f 00 00 00 7f 00 00 00 00 00 7f 7f 00 7f 00 00 00 00 00 7f 00 00 7f 7f 00 00 00 00 00 00 00 7f 7f 00 7f 7f 7f 7f 7f 7f 00 00 00 00 00 7f 7f 00 00 7f 00 00 00 7f 7f 00 00 00 00 00 00 00 00 00 00 7f 00 00 00 00 00 00 00 00 00 7f 00 7f 00 00 7f 00 00 00 00 00 00 7f 00 00 00 00 00 00 00 00 00 00 00 7f 00 00 00 7f 00 00 00 00 00 00 00 00 00 7f 00 00 00 00	acks=00000000000000000000000000000000000000000000000000000000000000000000000000000000000000000000000000000000000000000000000000000000000000
621	249972687	249990398	stop	60 fd 40	acks=000
622	249992965	250739382	stop	60 18 00 7f 7f 7f 00 7f 7f 00 00 00 00 00 00 00 7f 00 00 00 7f 00 00 00 00 00 7f 7f 00 7f 00 00 00 00 00 7f 00 00 7f 7f 00 00 00 00 00 00 00 7f 7f 00 7f 00 7f 7f 7f 7f 00 00 00 00 00 7f 7f 00 00 7f 00 00 00 7f 7f 00 00 00 00 00 00 00 00 00 00 7f 00 00 00 00 00 00 00 00 00 7f 00 7f 00 00 7f 00 7f 00 00 00 00 7f 00 00 00 00 00 00 00 00 00 00 00 7f 00 00 00 7f 00 00 00 00 00 00 00 00 7f 7f 00 00 00 00	acks=00000000000000000000000000000000000000000000000000000000000000000000000000000000000000000000000000000000000000000000000000000000000000
623	251751700	251769409	stop	60 fd 40	acks=000
624	251771976	252518389	stop	60 18 00 7f 7f 00 00 7f 00 00 00 00 00 00 00 00 7f 00 00 7f 7f 00 00 00 00 00 7f 7f 7f 7f 00 00 7f 00 00 00 00 00 00 7f 7f 00 00 00 7f 00 00 7f 7f 7f 7f 00 7f 00 7f 7f 00 00 00 00 00 00 00 00 00 00 00 00 00 00 7f 00 00 00 00 7f 00 7f 00 00 00 7f 00 00 00 00 00 00 7f 00 00 7f 00 7f 7f 00 7f 00 7f 00 00 00 00 00 00 7f 00 00 00 7f 00 00 00 00 00 00 7f 00 00 00 00 00 00 00 00 00 00 00 7f 7f 00 00 00 00	acks=00000000000000000000000000000000000000000000000000000000000000000000000000000000000000000000000000000000000000000000000000000000000000
625	252525599	252543302	stop	60 fd 40	acks=000
626	252545868	253292110	stop	60 18 00 7f 7f 00 00 7f 00 00 00 00 00 00 00 00 7f 7f 00 7f 00 00 00 00 00 00 00 7f 7f 00 7f 00 7f 00 00 00 00 7f 00 00 7f 00 00 00 7f 00 00 7f 00 7f 7f 00 7f 00 7f 7f 00 00 00 00 00 00 00 00 00 00 00 00 00 00 7f 00 00 00 00 7f 00 7f 00 00 00 00 00 7f 00 00 00 00 7f 00 00 7f 00 7f 7f 00 7f 00 7f 00 00 00 00 00 00 7f 00 00 00 7f 00 00 00 00 00 00 7f 00 00 00 00 00 00 00 00 00 00 00 7f 7f 00 00 00 00	acks=00000000000000000000000000000000000000000000000000000000000000000000000000000000000000000000000000000000000000000000000000000000000000
627	253299156	253316858	stop	60 fd 40	acks=000
628	253319422	254065225	stop	60 18 00 00 7f 00 00 7f 00 00 00 00 00 00 00 00 7f 7f 00 7f 00 00 00 00 00 00 00 7f 7f 00 7f 00 7f 00 00 00 00 7f 00 00 7f 00 00 00 7f 00 00 7f 00 7f 7f 00 7f 00 00 7f 00 00 00 00 00 00 00 00 00 00 00 00 00 00 7f 00 00 00 00 7f 00 7f 00 00 00 00 00 7f 00 00 00 00 7f 00 00 7f 00 7f 7f 7f 7f 00 00 00 00 00 00 00 00 7f 00 7f 00 7f 00 00 00 00 00 00 7f 7f 00 00 00 00 00 7f 00 00 00 7f 00 7f 00 7f 00 00	acks=00000000000000000000000000000000000000000000000000000000000000000000000000000000000000000000000000000000000000000000000000000000000000
629	255077883	255095585	stop	60 fd 40	acks=000
630	255098149	255844209	stop	60 18 00 00 00 00 00 7f 00 00 00 00 00 00 00 00 7f 7f 00 00 00 00 00 00 00 00 00 7f 00 00 7f 00 00 00 00 7f 00 7f 7f 00 00 00 00 00 00 00 7f 7f 00 00 00 00 7f 00 00 7f 00 00 00 7f 00 00 00 00 00 00 00 00 00 00 7f 00 00 00 00 7f 00 7f 00 7f 00 00 00 7f 00 00 00 00 00 00 00 7f 7f 7f 00 7f 7f 00 00 00 00 00 00 00 00 00 7f 7f 00 00 00 00 00 00 00 00 7f 7f 7f 00 00 00 00 7f 00 00 00 7f 00 7f 00 7f 00 00	acks=00000000000000000000000000000000000000000000000000000000000000000000000000000000000000000000000000000000000000000000000000000000000000
631	255851420	255869127	stop	60 fd 40	acks=000
632	255871694	256610617	stop	60 18 00 00 00 00 00 7f 00 00 00 00 00 00 00 00 7f 00 00 00 00 00 00 00 00 00 00 00 00 00 00 00 00 00 00 7f 00 00 7f 00 00 00 00 00 00 00 7f 7f 7f 00 00 00 7f 00 00 7f 00 00 7f 7f 00 00 00 00 00 00 00 00 00 00 00 00 00 00 00 7f 00 7f 00 7f 00 00 00 7f 00 00 00 00 00 00 00 00 7f 7f 00 7f 7f 00 00 00 00 00 00 00 00 00 7f 7f 00 00 00 00 00 00 00 00 7f 7f 7f 00 00 00 00 7f 00 00 7f 7f 00 7f 7f 7f 00 00	acks=00000000000000000000000000000000000000000000000000000000000000000000000000000000000000000000000000000000000000000000000000000000000000
633	256617728	256635436	stop	60 fd 40	acks=000
634	256638002	257384519	stop	60 18 00 00 00 00 00 7f 00 00 00 00 00 7f 00 00 00 00 00 00 00 00 00 00 00 00 00 00 00 00 00 00 00 00 00 7f 00 00 7f 00 00 00 00 00 00 00 7f 7f 7f 00 00 00 7f 00 00 7f 00 00 7f 7f 00 00 00 00 00 00 7f 00 00 00 00 00 7f 00 00 7f 7f 7f 00 7f 00 00 00 7f 00 00 00 00 00 00 00 00 7f 7f 00 7f 7f 00 00 00 00 00 00 00 00 00 7f 00 00 00 00 00 00 00 00 00 7f 00 7f 00 7f 00 00 00 7f 00 7f 7f 00 7f 7f 7f 00 00	acks=00000000000000000000000000000000000000000000000000000000000000000000000000000000000000000000000000000000000000000000000000000000000000
635	258396518	258414232	stop	60 fd 40	acks=000
636	258416797	259162871	stop	60 18 00 00 7f 7f 00 7f 7f 00 00 00 00 7f 00 00 00 00 7f 00 00 00 00 00 00 00 00 00 00 00 00 7f 00 00 00 00 00 00 7f 00 00 7f 00 00 00 00 00 7f 7f 7f 00 00 7f 00 00 7f 00 00 7f 00 00 7f 00 00 00 7f 7f 00 00 00 00 00 7f 7f 00 7f 7f 7f 00 00 00 00 7f 7f 00 00 00 00 00 00 00 00 7f 00 00 7f 00 00 00 00 00 00 00 00 00 00 00 00 00 00 00 00 00 00 00 00 7f 00 7f 00 7f 00 00 00 7f 00 7f 7f 00 7f 7f 7f 00 00	acks=00000000000000000000000000000000000000000000000000000000000000000000000000000000000000000000000000000000000000000000000000000000000000
637	259170073	259187753	stop	60 fd 40	acks=000
638	259190316	259936491	stop	60 18 00 00 7f 7f 00 7f 7f 00 00 00 00 7f 00 00 00 00 7f 00 00 00 00 00 00 00 00 7f 00 00 00 7f 00 00 00 00 00 00 7f 00 00 7f 00 00 00 00 00 00 7f 7f 00 00 7f 00 00 00 00 00 00 00 00 7f 00 00 00 7f 7f 00 00 00 00 00 7f 7f 00 7f 7f 7f 00 00 00 00 7f 7f 00 00 00 00 00 00 00 00 7f 00 00 7f 00 00 00 00 00 00 00 00 00 00 00 00 00 00 00 00 00 00 00 00 7f 00 7f 00 7f 00 00 00 7f 00 00 7f 00 00 00 7f 00 00	acks=00000000000000000000000000000000000000000000000000000000000000000000000000000000000000000000000000000000000000000000000000000000000000
639	259943540	259961246	stop	60 fd 40	acks=000
640	259963812	260710298	stop	60 18 7f 00 7f 7f 00 7f 7f 00 7f 00 00 00 00 00 00 00 7f 00 00 00 00 00 00 00 00 7f 00 00 00 7f 00 00 00 00 00 00 7f 00 00 7f 00 00 00 00 00 00 7f 7f 00 7f 7f 00 00 00 00 7f 00 00 00 7f 00 00 00 7f 00 00 7f 00 00 00 7f 7f 00 7f 00 7f 00 00 00 00 7f 7f 00 00 00 00 00 00 00 00 7f 00 00 7f 00 00 00 7f 00 00 00 00 00 00 00 00 00 00 00 00 00 00 00 00 7f 00 7f 00 7f 00 00 00 7f 00 00 7f 00 00 00 7f 00 00	acks=00000000000000000000000000000000000000000000000000000000000000000000000000000000000000000000000000000000000000000000000000000000000000
641	261722836	261740545	stop	60 fd 40	acks=000
642	261743111	262489453	stop	60 18 7f 00 00 00 00 00 00 00 7f 00 00 00 00 00 00 00 7f 7f 00 00 00 00 00 00 00 7f 00 00 00 7f 00 00 00 00 00 00 7f 00 00 00 00 00 00 00 7f 00 7f 7f 7f 7f 7f 7f 00 00 00 7f 00 00 00 00 7f 00 00 00 00 00 7f 7f 00 00 7f 00 00 00 00 7f 00 00 00 00 00 7f 00 00 00 00 00 00 00 00 7f 7f 00 7f 00 00 00 7f 00 00 00 00 00 7f 00 00 00 7f 00 00 00 00 00 7f 00 00 7f 7f 7f 00 00 00 7f 00 00 7f 00 00 00 7f 00 00	acks=00000000000000000000000000000000000000000000000000000000000000000000000000000000000000000000000000000000000000000000000000000000000000
643	262496670	262514381	stop	60 fd 40	acks=000
644	262516949	263263487	stop	60 18 7f 00 00 00 00 00 00 00 7f 00 00 00 00 00 00 00 7f 7f 00 00 00 00 00 00 00 7f 00 00 00 7f 00 00 00 00 00 00 7f 00 00 00 00 00 00 00 7f 00 7f 7f 7f 7f 00 7f 00 7f 00 7f 00 00 00 00 7f 00 00 00 00 00 7f 7f 00 00 7f 00 00 00 00 7f 00 00 00 00 00 7f 00 00 00 00 00 00 00 00 7f 7f 00 7f 00 00 00 7f 00 00 00 00 00 7f 00 00 00 7f 00 00 00 00 00 7f 00 00 7f 7f 7f 00 00 00 7f 00 00 7f 00 00 00 7f 00 00	acks=00000000000000000000000000000000000000000000000000000000000000000000000000000000000000000000000000000000000000000000000000000000000000
645	263270535	263288243	stop	60 fd 40	acks=000
646	263290810	264037082	stop	60 18 7f 7f 00 00 7f 00 00 7f 00 7f 00 00 00 00 00 00 7f 7f 00 00 00 00 7f 7f 00 7f 00 00 00 7f 00 00 00 00 00 00 7f 00 00 00 00 00 00 00 7f 00 7f 7f 7f 7f 00 7f 7f 7f 00 00 00 00 00 00 7f 00 00 00 00 00 00 7f 00 00 7f 00 00 00 00 7f 00 00 00 00 00 7f 00 00 00 00 00 00 00 00 7f 7f 00 00 00 00 00 7f 00 7f 00 00 00 7f 00 00 00 7f 00 00 00 00 00 7f 00 00 7f 7f 7f 00 00 00 7f 00 00 00 7f 00 00 00 00 00	acks=00000000000000000000000000000000000000000000000000000000000000000000000000000000000000000000000000000000000000000000000000000000000000
647	265049014	265066713	stop	60 fd 40	acks=000
648	265069277	265815405	stop	60 18 7f 7f 00 7f 7f 00 00 7f 00 7f 00 00 00 00 00 00 7f 00 00 00 00 00 7f 7f 00 7f 7f 00 00 7f 00 00 00 00 00 00 00 00 7f 00 00 00 7f 00 7f 00 7f 7f 00 7f 00 7f 7f 7f 00 00 00 00 00 00 00 00 00 00 00 00 00 7f 00 00 7f 00 00 00 00 00 00 00 00 00 00 7f 00 00 00 00 7f 00 00 00 00 00 7f 00 00 00 00 7f 00 7f 00 00 00 00 00 00 00 00 00 00 00 00 00 00 7f 00 7f 00 7f 00 00 00 7f 00 00 00 7f 00 00 00 00 00	acks=00000000000000000000000000000000000000000000000000000000000000000000000000000000000000000000000000000000000000000000000000000000000000
649	265822616	265840316	stop	60 fd 40	acks=000
650	265842882	266579817	stop	60 18 7f 7f 00 7f 7f 00 00 7f 00 7f 00 00 00 00 00 00 7f 00 00 00 00 00 7f 7f 00 7f 7f 00 00 7f 00 00 00 00 00 00 00 00 7f 00 00 00 7f 00 7f 00 7f 7f 00 7f 00 7f 7f 7f 00 00 00 00 00 00 00 00 00 00 00 00 00 7f 00 00 7f 00 00 00 00 00 00 00 7f 00 00 00 7f 00 00 7f 7f 00 00 00 00 00 7f 00 00 00 00 7f 00 7f 00 00 00 00 00 00 00 00 00 00 00 00 00 00 7f 00 7f 00 7f 00 00 00 7f 00 00 00 7f 00 00 00 00 00	acks=00000000000000000000000000000000000000000000000000000000000000000000000000000000000000000000000000000000000000000000000000000000000000
651	266586923	266604621	stop	60 fd 40	acks=000
652	266607187	267353782	stop	60 18 7f 00 00 7f 00 00 00 7f 00 00 00 00 7f 00 7f 00 7f 00 00 00 00 00 00 7f 00 7f 7f 00 00 7f 00 00 00 00 00 00 00 00 7f 00 00 00 7f 00 7f 00 7f 7f 00 7f 00 7f 7f 7f 00 00 00 00 00 00 00 00 00 00 00 00 00 7f 00 00 00 00 00 00 00 00 00 00 7f 00 00 00 7f 00 00 7f 7f 00 7f 00 00 00 7f 00 00 00 00 7f 00 00 00 00 00 00 00 00 00 00 00 00 7f 00 00 00 7f 7f 7f 00 00 00 00 7f 00 00 00 00 00 00 00 00 00 00	acks=00000000000000000000000000000000000000000000000000000000000000000000000000000000000000000000000000000000000000000000000000000000000000
653	268366124	268383838	stop	60 fd 40	acks=000
654	268386403	269133038	stop	60 18 7f 00 00 7f 00 00 00 7f 00 00 00 00 7f 00 7f 00 7f 00 00 00 00 00 00 7f 00 7f 00 00 00 00 00 00 00 7f 00 00 7f 00 7f 00 00 00 00 00 7f 00 7f 00 00 7f 00 7f 7f 7f 00 00 00 7f 00 00 00 00 00 00 00 00 00 7f 00 00 00 00 00 00 00 00 00 7f 7f 00 00 00 7f 00 00 7f 00 00 7f 00 00 00 7f 00 00 00 00 7f 00 00 00 00 00 00 00 00 00 7f 00 00 7f 00 00 00 7f 7f 00 00 00 00 00 7f 00 00 00 00 00 00 00 00 00 00	acks=00000000000000000000000000000000000000000000000000000000000000000000000000000000000000000000000000000000000000000000000000000000000000
655	269140249	269157966	stop	60 fd 40	acks=000
656	269160532	269907044	stop	60 18 7f 00 00 7f 00 00 00 7f 00 00 00 00 7f 00 7f 00 7f 00 00 00 00 00 00 7f 00 7f 00 00 00 00 00 7f 00 7f 00 00 7f 00 7f 00 00 00 00 00 7f 7f 00 00 00 7f 00 7f 7f 7f 00 00 00 7f 00 00 00 7f 00 00 00 00 00 7f 00 00 00 00 7f 00 00 00 00 7f 00 00 00 00 00 00 7f 00 00 00 7f 00 00 00 7f 00 00 00 00 7f 00 00 00 00 00 00 00 00 7f 7f 00 00 7f 00 00 00 7f 7f 00 00 00 00 00 7f 00 00 00 00 00 00 00 00 00 00	acks=00000000000000000000000000000000000000000000000000000000000000000000000000000000000000000000000000000000000000000000000000000000000000
657	269914092	269931813	stop	60 fd 40	acks=000
658	269934380	270681060	stop	60 18 00 7f 00 7f 00 00 00 7f 00 00 00 7f 7f 00 7f 00 7f 00 00 00 7f 00 7f 7f 00 7f 00 00 00 00 00 7f 00 7f 00 00 7f 00 7f 00 00 00 00 00 7f 7f 00 00 00 00 00 7f 7f 7f 00 00 00 7f 00 00 00 7f 00 00 7f 00 00 7f 00 00 00 00 7f 00 00 00 00 7f 00 00 00 00 00 00 7f 00 00 00 7f 00 00 00 7f 00 00 00 7f 00 00 00 00 00 00 00 00 00 7f 7f 00 00 00 00 00 00 7f 00 00 00 00 00 00 00 00 00 00 7f 7f 00 00 00 00 00	acks=00000000000000000000000000000000000000000000000000000000000000000000000000000000000000000000000000000000000000000000000000000000000000
659	271692446	271710148	stop	60 fd 40	acks=000
660	271712714	272458873	stop	60 18 00 7f 7f 7f 00 00 7f 7f 00 00 00 7f 7f 00 7f 00 00 00 00 00 7f 00 7f 7f 00 7f 00 00 00 00 00 7f 00 00 00 00 7f 00 7f 00 00 00 00 00 00 7f 00 7f 00 00 00 00 7f 7f 00 00 00 00 00 7f 00 7f 00 00 7f 00 00 7f 00 00 00 00 7f 00 00 00 00 00 00 00 00 00 00 00 7f 00 00 00 7f 00 00 00 7f 00 00 00 7f 00 00 00 00 00 00 00 00 00 7f 7f 00 00 00 00 00 00 7f 00 00 00 00 00 00 00 00 00 00 7f 7f 00 00 00 00 00	acks=00000000000000000000000000000000000000000000000000000000000000000000000000000000000000000000000000000000000000000000000000000000000000
661	272466083	272483784	stop	60 fd 40	acks=000
662	272486351	273232418	stop	60 18 00 7f 7f 7f 00 00 7f 7f 00 00 00 7f 7f 00 7f 00 00 00 00 00 7f 00 7f 7f 00 00 00 00 00 00 00 7f 00 00 00 00 7f 00 7f 00 00 00 00 00 00 7f 00 7f 00 00 7f 00 7f 7f 00 00 00 00 7f 7f 00 00 00 00 7f 00 00 7f 00 00 00 00 00 00 00 00 00 00 00 00 00 00 00 7f 7f 00 00 00 7f 00 00 00 7f 00 00 7f 7f 00 00 00 00 00 7f 00 00 00 00 7f 00 00 00 00 7f 00 7f 00 00 00 00 00 00 00 00 00 00 7f 7f 00 00 00 00 00	acks=00000000000000000000000000000000000000000000000000000000000000000000000000000000000000000000000000000000000000000000000000000000000000
663	273239464	273257167	stop	60 fd 40	acks=000
664	273259732	274006071	stop	60 18 00 00 7f 7f 00 00 7f 00 00 00 00 00 7f 00 7f 00 00 00 00 00 00 00 00 00 00 00 00 00 00 00 00 7f 00 00 00 00 7f 00 7f 00 00 00 00 00 00 7f 00 7f 00 00 7f 00 00 7f 00 7f 00 00 7f 7f 00 00 00 00 00 00 7f 7f 00 00 7f 00 00 00 00 00 00 00 00 00 00 00 00 7f 7f 00 00 00 7f 00 00 00 7f 7f 00 7f 00 00 00 00 00 00 7f 00 00 7f 00 7f 00 00 7f 7f 7f 00 7f 7f 00 00 00 00 00 7f 00 00 00 00 00 00 00 7f 00 00	acks=00000000000000000000000000000000000000000000000000000000000000000000000000000000000000000000000000000000000000000000000000000000000000
665	275018629	275036327	stop	60 fd 40	acks=000
666	275038891	275785344	stop	60 18 00 00 00 00 00 00 00 00 00 00 00 00 7f 00 7f 00 00 7f 00 00 00 00 00 00 00 00 00 00 00 00 00 7f 00 00 00 00 7f 00 7f 00 00 00 00 00 7f 7f 00 7f 7f 00 7f 00 00 7f 00 7f 00 00 7f 00 00 00 00 00 00 00 7f 00 00 00 7f 00 00 00 00 00 00 00 00 00 00 00 00 7f 7f 00 00 00 7f 00 00 7f 00 7f 00 7f 00 00 00 00 00 00 7f 00 00 7f 00 7f 00 00 7f 7f 7f 00 7f 7f 00 00 00 00 00 7f 00 00 00 00 00 00 00 7f 00 00	acks=00000000000000000000000000000000000000000000000000000000000000000000000000000000000000000000000000000000000000000000000000000000000000
667	275792558	275810260	stop	60 fd 40	acks=000
668	275812826	276559193	stop	60 18 00 00 00 00 00 00 00 00 00 00 00 00 7f 00 7f 00 00 7f 00 00 00 00 00 00 00 00 00 00 00 00 00 7f 00 00 00 00 7f 7f 7f 00 00 7f 00 00 7f 7f 00 7f 7f 00 7f 00 00 00 00 7f 00 00 00 00 00 00 7f 00 00 00 7f 00 00 00 7f 00 00 00 00 00 00 00 00 7f 00 7f 00 00 7f 00 00 00 7f 00 00 7f 00 7f 00 7f 00 00 00 00 00 00 00 00 00 7f 00 7f 00 00 7f 7f 7f 00 7f 7f 00 00 00 00 00 7f 00 7f 00 00 00 00 00 7f 00 00	acks=00000000000000000000000000000000000000000000000000000000000000000000000000000000000000000000000000000000000000000000000000000000000000
669	276566238	276583942	stop	60 fd 40	acks=000
670	276586507	277326202	stop	60 18 00 00 00 00 7f 00 00 00 00 7f 00 7f 00 00 00 00 00 7f 00 7f 7f 00 00 00 00 00 00 00 00 00 00 7f 00 00 00 00 7f 7f 7f 00 00 7f 00 00 7f 7f 00 7f 7f 7f 7f 00 00 00 00 00 00 00 00 00 00 00 7f 00 7f 00 00 00 00 00 00 00 00 00 7f 00 00 00 00 7f 00 7f 00 00 7f 00 00 00 00 00 00 7f 00 7f 00 7f 00 00 00 00 00 00 00 00 00 00 00 7f 00 00 00 00 7f 00 7f 00 00 00 7f 00 00 00 7f 7f 00 00 00 00 00 7f 00 00	acks=00000000000000000000000000000000000000000000000000000000000000000000000000000000000000000000000000000000000000000000000000000000000000
671	278338800	278356512	stop	60 fd 40	acks=000
672	278359078	279105740	stop	60 18 00 00 00 7f 7f 00 00 00 00 7f 00 7f 00 00 00 00 00 00 00 7f 7f 00 00 00 00 00 00 00 00 00 00 7f 00 00 00 00 7f 7f 00 00 00 7f 00 00 7f 7f 00 7f 00 7f 7f 00 00 00 00 00 00 00 00 00 00 00 7f 00 7f 00 00 00 00 00 00 00 00 00 7f 00 00 00 00 7f 00 7f 00 00 7f 00 00 00 00 00 00 00 00 7f 00 7f 00 00 00 00 00 00 00 00 00 00 00 00 00 00 00 00 7f 00 00 00 00 00 7f 00 00 00 7f 7f 00 00 00 00 00 7f 00 00	acks=00000000000000000000000000000000000000000000000000000000000000000000000000000000000000000000000000000000000000000000000000000000000000
673	279112954	279130659	stop	60 fd 40	acks=000
674	279133224	279879941	stop	60 18 00 00 00 7f 7f 00 00 00 00 7f 00 7f 00 00 00 7f 00 00 00 7f 7f 00 00 00 00 00 00 7f 7f 00 00 00 00 00 7f 00 7f 00 00 00 7f 00 00 00 7f 00 7f 7f 00 7f 7f 00 00 00 00 00 00 00 00 00 00 00 7f 00 7f 00 00 00 00 00 00 00 00 00 7f 00 00 00 7f 00 00 7f 7f 00 00 00 00 00 00 00 00 00 00 7f 00 7f 00 00 00 00 7f 00 00 00 00 00 00 00 00 00 00 00 7f 00 00 00 00 00 7f 00 00 00 7f 7f 00 00 00 00 00 7f 00 00	acks=00000000000000000000000000000000000000000000000000000000000000000000000000000000000000000000000000000000000000000000000000000000000000
675	279886993	279904706	stop	60 fd 40	acks=000
676	279907272	280653501	stop	60 18 7f 00 00 7f 00 00 00 00 7f 00 00 00 00 00 00 7f 00 00 00 00 00 00 00 00 00 00 00 7f 7f 00 00 00 00 00 7f 00 7f 00 00 00 7f 00 00 00 7f 00 7f 7f 00 00 7f 00 7f 00 00 7f 00 00 00 00 00 00 7f 00 00 00 7f 00 00 00 00 00 00 00 00 00 00 00 7f 00 00 7f 7f 00 00 00 00 00 00 00 00 00 00 7f 00 7f 00 7f 00 00 7f 00 00 00 00 00 00 00 00 00 00 7f 7f 00 00 00 00 00 7f 00 00 00 7f 7f 00 00 00 00 00 7f 00 00	acks=00000000000000000000000000000000000000000000000000000000000000000000000000000000000000000000000000000000000000000000000000000000000000
677	281665035	281682748	stop	60 fd 40	acks=000
678	281685312	282423224	stop	60 18 7f 00 00 7f 00 00 00 00 7f 00 00 00 00 00 00 7f 00 00 00 00 00 00 00 00 00 00 00 7f 7f 00 00 00 00 00 7f 00 00 00 00 00 7f 00 00 00 7f 00 7f 7f 00 00 7f 00 7f 00 00 7f 00 00 00 00 00 00 7f 00 00 00 7f 00 00 00 00 00 00 00 00 00 00 00 7f 00 00 7f 7f 00 00 00 00 00 00 00 00 00 00 7f 00 7f 00 7f 00 00 7f 00 00 00 00 00 00 7f 00 00 00 7f 7f 00 00 00 00 00 7f 00 00 00 7f 7f 00 00 00 00 00 7f 00 00	acks=00000000000000000000000000000000000000000000000000000000000000000000000000000000000000000000000000000000000000000000000000000000000000
679	282430497	282448202	stop	60 fd 40	acks=000
680	282450768	283196731	stop	60 18 7f 00 00 7f 00 00 00 00 7f 00 00 00 00 7f 00 00 00 00 7f 00 00 00 00 00 00 7f 00 7f 00 00 00 00 00 00 00 00 00 00 00 00 7f 00 00 00 7f 00 7f 7f 00 00 00 00 7f 00 00 7f 7f 00 00 00 00 7f 7f 00 00 00 7f 00 7f 00 00 00 7f 00 00 00 00 00 00 00 00 7f 00 00 00 00 00 00 00 00 00 00 00 7f 00 00 00 7f 00 00 00 00 00 00 00 00 00 7f 7f 00 00 7f 00 00 00 00 00 00 7f 00 00 00 7f 7f 00 00 00 00 7f 7f 00 00	acks=00000000000000000000000000000000000000000000000000000000000000000000000000000000000000000000000000000000000000000000000000000000000000
681	283203773	283221467	stop	60 fd 40	acks=000
682	283224033	283970448	stop	60 18 7f 7f 00 7f 7f 00 00 7f 00 7f 00 00 00 7f 7f 00 00 00 7f 7f 00 00 00 7f 00 7f 00 7f 00 00 00 00 00 00 00 00 00 00 00 00 7f 00 00 00 7f 00 7f 7f 00 00 00 00 00 00 00 00 7f 00 00 00 00 7f 7f 00 00 00 00 00 7f 00 00 00 7f 00 00 00 00 00 00 00 00 7f 00 00 00 00 00 00 00 00 00 00 00 00 00 00 00 7f 00 7f 00 00 00 00 00 00 00 7f 7f 00 00 00 00 00 00 00 00 00 7f 00 00 00 7f 7f 00 00 7f 00 7f 00 00 00	acks=00000000000000000000000000000000000000000000000000000000000000000000000000000000000000000000000000000000000000000000000000000000000000
683	284982142	284999864	stop	60 fd 40	acks=000
684	285002429	285749240	stop	60 18 7f 7f 00 7f 7f 00 00 7f 00 7f 00 00 00 7f 7f 00 00 00 7f 7f 00 00 00 7f 00 7f 00 7f 00 00 00 00 00 00 00 00 00 00 00 7f 7f 00 00 00 7f 00 7f 00 00 00 00 00 00 00 00 00 7f 00 00 00 00 7f 7f 00 00 00 00 00 7f 00 00 7f 7f 00 00 00 00 00 00 00 00 7f 00 00 00 00 00 00 00 00 00 00 00 00 00 00 00 7f 00 7f 00 00 00 00 00 00 00 7f 7f 00 00 00 00 00 00 00 00 00 7f 7f 00 00 7f 7f 00 00 7f 00 7f 00 00 00	acks=00000000000000000000000000000000000000000000000000000000000000000000000000000000000000000000000000000000000000000000000000000000000000
685	285756457	285774181	stop	60 fd 40	acks=000
686	285776748	286523538	stop	60 18 7f 7f 00 7f 7f 00 00 7f 00 7f 00 00 00 00 7f 00 00 00 7f 7f 00 00 00 7f 00 7f 00 7f 00 00 00 00 00 00 7f 00 00 00 00 7f 7f 00 00 00 7f 7f 7f 00 00 00 00 00 00 7f 00 00 00 00 7f 00 00 00 00 00 00 00 00 00 7f 7f 00 7f 00 00 00 00 00 00 7f 00 00 00 7f 7f 00 7f 00 00 00 7f 00 00 00 00 00 00 00 7f 00 7f 00 00 00 00 00 00 00 7f 00 00 00 00 00 00 00 00 00 00 7f 7f 00 00 7f 00 00 00 7f 7f 00 00 00 00	acks=00000000000000000000000000000000000000000000000000000000000000000000000000000000000000000000000000000000000000000000000000000000000000
687	286530586	286548295	stop	60 fd 40	acks=000
688	286550862	287297626	stop	60 18 7f 00 00 7f 00 00 00 7f 00 00 00 00 7f 00 00 00 00 00 7f 00 00 00 00 7f 00 7f 00 7f 00 00 00 00 00 00 7f 00 00 00 00 7f 7f 00 00 00 7f 7f 7f 00 00 00 00 00 00 7f 00 00 00 00 7f 00 00 00 00 00 00 00 00 00 7f 7f 00 7f 00 00 00 00 00 00 7f 00 00 00 7f 7f 00 7f 00 00 7f 7f 00 00 00 00 00 00 00 7f 00 00 00 00 00 00 00 00 00 7f 00 00 00 00 00 00 00 7f 00 00 00 7f 00 7f 00 00 00 00 00 7f 00 00 00 00	acks=00000000000000000000000000000000000000000000000000000000000000000000000000000000000000000000000000000000000000000000000000000000000000
689	288309982	288327682	stop	60 fd 40	acks=000
690	288330246	289076545	stop	60 18 7f 00 00 7f 00 7f 00 7f 00 00 00 00 7f 00 00 00 00 00 7f 00 00 00 00 7f 00 7f 00 7f 00 00 00 00 00 00 7f 00 00 00 00 00 7f 00 00 00 00 7f 7f 00 00 00 00 00 00 7f 00 00 00 00 7f 00 7f 00 00 00 00 00 00 00 7f 7f 00 00 00 00 00 00 00 00 7f 00 00 00 7f 7f 00 7f 00 00 7f 7f 00 00 00 00 7f 00 00 7f 00 00 00 7f 00 00 00 00 00 7f 00 00 00 00 00 00 7f 7f 00 7f 00 00 00 7f 00 00 00 00 00 7f 00 00 00 00	acks=00000000000000000000000000000000000000000000000000000000000000000000000000000000000000000000000000000000000000000000000000000000000000
691	289083758	289101458	stop	60 fd 40	acks=000
692	289104022	289850167	stop	60 18 7f 00 00 7f 00 7f 00 7f 00 00 00 00 7f 7f 00 00 00 00 7f 00 00 00 00 7f 7f 7f 00 00 00 00 00 7f 00 00 00 00 00 7f 00 00 00 00 00 00 00 00 00 00 00 00 7f 00 00 7f 00 00 00 00 00 00 7f 7f 00 00 00 00 00 00 7f 00 00 00 7f 00 00 00 00 00 00 7f 00 00 00 00 7f 00 00 00 7f 7f 00 00 00 00 7f 00 00 7f 00 00 00 7f 00 00 00 00 7f 7f 00 00 00 00 00 00 7f 7f 00 7f 00 00 00 7f 00 00 00 00 00 7f 00 00 00 00	acks=00000000000000000000000000000000000000000000000000000000000000000000000000000000000000000000000000000000000000000000000000000000000000
693	289857213	289874915	stop	60 fd 40	acks=000
694	289877480	290623816	stop	60 18 00 7f 00 7f 00 7f 00 7f 00 00 00 7f 7f 7f 00 00 00 00 7f 00 00 00 7f 7f 7f 7f 00 00 00 00 00 7f 00 00 00 00 00 7f 00 00 00 00 00 00 00 00 00 00 00 00 7f 00 00 7f 00 00 00 00 00 00 7f 7f 00 00 7f 00 00 00 7f 00 00 00 7f 00 00 00 00 00 00 7f 00 00 00 00 7f 00 00 00 7f 7f 00 00 00 7f 7f 00 7f 00 00 00 00 7f 00 00 00 00 7f 7f 00 00 00 00 00 00 7f 00 00 7f 00 00 00 00 00 00 00 7f 7f 7f 00 7f 00 00	acks=00000000000000000000000000000000000000000000000000000000000000000000000000000000000000000000000000000000000000000000000000000000000000
695	291636175	291653892	stop	60 fd 40	acks=000
696	291656458	292403008	stop	60 18 00 7f 00 00 00 7f 00 7f 00 00 00 7f 7f 7f 00 00 00 00 7f 00 00 00 7f 7f 7f 7f 7f 00 00 00 7f 7f 00 00 00 00 7f 7f 00 00 00 00 00 00 00 00 00 00 00 00 7f 00 00 7f 00 00 00 00 00 00 00 7f 00 00 7f 00 00 00 7f 00 00 00 7f 7f 00 7f 00 00 00 7f 00 00 00 00 7f 00 7f 00 7f 7f 00 00 00 7f 7f 00 7f 00 00 00 00 00 00 00 00 00 7f 7f 00 00 00 00 00 00 7f 00 00 00 00 00 00 00 00 00 00 7f 7f 7f 00 7f 00 00	acks=00000000000000000000000000000000000000000000000000000000000000000000000000000000000000000000000000000000000000000000000000000000000000
697	292410221	292427928	stop	60 fd 40	acks=000
698	292430494	293166764	stop	60 18 00 7f 00 00 00 7f 00 7f 00 00 00 7f 7f 00 00 7f 00 00 00 00 00 00 7f 7f 00 00 7f 00 7f 00 7f 7f 00 00 00 7f 7f 00 00 00 00 00 00 00 00 00 00 00 00 00 00 00 00 7f 00 00 00 00 7f 00 00 00 00 00 7f 00 00 00 00 7f 00 00 00 7f 00 7f 00 00 00 00 00 7f 00 7f 7f 00 7f 00 7f 7f 00 00 00 7f 7f 7f 7f 00 00 00 00 00 7f 00 00 00 00 7f 00 00 00 00 7f 00 7f 00 00 00 00 00 00 00 00 00 00 7f 7f 7f 00 7f 00 00	acks=00000000000000000000000000000000000000000000000000000000000000000000000000000000000000000000000000000000000000000000000000000000000000
699	293173870	293191580	stop	60 fd 40	acks=000
700	293194147	293940608	stop	60 18 00 00 00 00 00 7f 00 00 00 00 00 00 7f 00 00 7f 00 00 00 00 00 00 00 00 00 00 7f 00 7f 00 7f 7f 00 00 00 7f 7f 00 00 00 00 00 00 00 00 00 00 00 00 00 00 00 00 7f 00 7f 00 00 7f 00 00 00 00 00 00 00 7f 00 00 7f 7f 00 00 7f 00 7f 00 00 00 00 00 7f 00 7f 7f 00 7f 00 7f 7f 00 00 00 7f 7f 7f 00 00 00 00 00 00 7f 00 00 7f 00 7f 00 00 7f 00 7f 00 7f 7f 00 00 7f 00 00 7f 7f 00 00 7f 00 7f 00 00 00 00	acks=00000000000000000000000000000000000000000000000000000000000000000000000000000000000000000000000000000000000000000000000000000000000000
701	294953274	294970987	stop	60 fd 40	acks=000
702	294973552	295720025	stop	60 18 00 00 00 00 00 7f 00 00 00 00 00 00 7f 00 00 7f 00 00 00 00 00 00 00 00 00 00 00 00 7f 00 00 7f 00 00 00 7f 7f 00 00 00 00 00 00 00 00 00 00 7f 00 00 00 00 00 7f 00 7f 00 7f 7f 00 00 00 00 00 00 00 7f 00 00 7f 7f 00 00 7f 00 7f 00 7f 00 00 00 7f 00 7f 7f 00 00 00 7f 7f 7f 00 00 7f 7f 7f 00 00 00 00 00 00 7f 00 7f 7f 00 00 00 00 7f 00 7f 00 7f 7f 7f 00 7f 00 00 7f 7f 00 00 7f 00 7f 00 00 00 00	acks=00000000000000000000000000000000000000000000000000000000000000000000000000000000000000000000000000000000000000000000000000000000000000
703	295727238	295744947	stop	60 fd 40	acks=000
704	295747514	296493945	stop	60 18 00 00 00 00 00 7f 00 00 00 00 00 00 7f 00 00 00 00 00 00 00 00 00 00 00 7f 00 00 00 00 00 00 7f 00 00 00 00 7f 7f 00 00 00 7f 00 00 00 00 7f 7f 00 00 00 00 00 00 00 7f 7f 7f 00 00 00 00 7f 00 00 00 7f 00 00 00 7f 00 00 7f 00 7f 00 7f 00 7f 00 00 00 00 7f 00 00 00 7f 00 7f 00 00 7f 7f 7f 00 00 00 00 00 00 00 00 7f 7f 00 00 00 00 7f 00 7f 00 7f 7f 7f 00 7f 00 00 7f 7f 7f 7f 7f 00 00 7f 00 00 00	acks=00000000000000000000000000000000000000000000000000000000000000000000000000000000000000000000000000000000000000000000000000000000000000
705	296501000	296518718	stop	60 fd 40	acks=000
706	296521285	297268071	stop	60 18 7f 00 00 00 7f 7f 00 00 00 7f 00 7f 00 00 00 00 00 00 00 00 7f 00 7f 00 7f 00 00 00 00 00 00 7f 00 00 00 00 7f 7f 00 00 00 7f 00 00 00 00 7f 7f 00 7f 00 00 00 00 00 00 7f 7f 00 00 00 00 7f 00 7f 00 00 00 00 00 7f 00 00 7f 7f 7f 00 7f 00 7f 00 00 00 00 7f 00 00 00 00 00 7f 00 00 7f 7f 7f 00 7f 00 00 00 00 00 00 7f 00 00 00 00 00 00 00 7f 00 7f 00 7f 00 7f 00 00 00 00 7f 7f 7f 00 00 7f 00 00 00	acks=00000000000000000000000000000000000000000000000000000000000000000000000000000000000000000000000000000000000000000000000000000000000000
707	298279587	298297295	stop	60 fd 40	acks=000
708	298299862	299046332	stop	60 18 7f 00 00 00 7f 00 7f 00 00 7f 00 7f 00 00 00 00 7f 00 00 00 7f 00 7f 00 7f 00 00 00 00 7f 00 7f 00 00 00 00 7f 7f 00 7f 00 7f 00 00 7f 00 7f 7f 00 7f 00 00 00 00 00 00 7f 00 00 7f 00 00 7f 7f 7f 00 00 00 00 00 7f 7f 00 7f 7f 7f 00 00 00 7f 7f 00 00 00 7f 00 00 00 00 00 7f 00 00 7f 00 7f 00 7f 00 00 00 00 00 00 00 00 00 00 00 00 00 00 7f 00 00 00 7f 00 7f 00 00 00 00 7f 7f 7f 00 00 7f 00 00 00	acks=00000000000000000000000000000000000000000000000000000000000000000000000000000000000000000000000000000000000000000000000000000000000000
709	299053553	299071275	stop	60 fd 40	acks=000
710	299073842	299820596	stop	60 18 7f 00 00 00 7f 00 7f 00 00 7f 00 7f 00 00 00 7f 7f 00 00 00 7f 00 7f 00 00 7f 00 7f 7f 7f 00 00 00 00 00 7f 7f 00 00 7f 7f 00 00 00 7f 00 00 7f 00 7f 00 00 00 00 00 00 00 00 00 7f 00 00 7f 7f 7f 00 00 00 00 00 7f 7f 00 7f 7f 7f 00 00 7f 00 7f 00 7f 00 00 00 00 00 00 00 7f 00 00 7f 00 7f 00 7f 00 00 7f 00 00 00 00 00 00 00 00 00 00 00 7f 00 00 00 7f 00 7f 00 00 00 00 7f 00 7f 00 00 00 00 00 00	acks=00000000000000000000000000000000000000000000000000000000000000000000000000000000000000000000000000000000000000000000000000000000000000
711	299827651	299845370	stop	60 fd 40	acks=000
712	299847938	300594614	stop	60 18 00 7f 00 00 00 00 7f 7f 7f 00 00 00 00 00 00 7f 7f 00 00 00 00 00 00 7f 00 7f 00 7f 7f 7f 00 00 00 00 00 7f 7f 00 00 7f 7f 00 00 00 7f 00 00 7f 00 7f 00 00 7f 00 00 7f 00 00 00 7f 00 00 7f 7f 00 00 7f 00 00 00 7f 7f 00 7f 00 7f 00 00 7f 00 7f 00 7f 00 00 00 00 00 00 00 7f 00 00 7f 00 7f 00 7f 00 00 7f 00 00 00 00 00 00 00 00 00 7f 7f 7f 00 00 00 7f 00 7f 00 00 00 00 7f 00 7f 00 00 00 00 00 00	acks=00000000000000000000000000000000000000000000000000000000000000000000000000000000000000000000000000000000000000000000000000000000000000
713	301607309	301625030	stop	60 fd 40	acks=000
714	301627596	302374408	stop	60 18 00 7f 00 7f 00 00 00 7f 7f 00 00 00 00 00 00 7f 7f 7f 00 00 00 00 00 7f 00 7f 00 7f 7f 7f 00 00 00 00 00 7f 00 00 00 00 7f 00 00 00 7f 00 00 7f 7f 7f 00 7f 7f 00 00 7f 00 00 00 00 7f 00 7f 00 00 00 7f 7f 00 00 7f 00 00 00 00 00 00 00 7f 00 00 00 7f 00 00 00 00 00 00 00 7f 00 00 7f 00 7f 00 7f 00 00 7f 00 00 7f 00 00 00 00 00 00 7f 7f 7f 7f 00 00 7f 7f 7f 00 00 00 00 7f 00 7f 00 00 00 00 00 00	acks=00000000000000000000000000000000000000000000000000000000000000000000000000000000000000000000000000000000000000000000000000000000000000
715	302381627	302399345	stop	60 fd 40	acks=000
716	302401912	303140352	stop	60 18 00 7f 00 7f 00 00 00 7f 7f 00 00 00 00 00 00 00 7f 7f 7f 00 00 00 00 7f 00 00 00 7f 00 7f 00 00 00 00 00 00 00 00 00 00 7f 00 00 00 7f 00 00 7f 7f 7f 00 7f 7f 7f 00 7f 7f 00 00 00 7f 7f 7f 00 00 00 7f 7f 7f 00 7f 00 7f 00 00 00 00 00 00 00 00 00 00 00 00 00 00 00 00 00 7f 00 00 7f 00 00 00 7f 00 00 00 00 00 7f 00 00 00 00 7f 00 7f 7f 00 7f 00 00 7f 7f 7f 00 00 00 00 7f 7f 7f 00 00 7f 00 00 00	acks=00000000000000000000000000000000000000000000000000000000000000000000000000000000000000000000000000000000000000000000000000000000000000
717	303147464	303165180	stop	60 fd 40	acks=000
718	303167748	303914007	stop	60 18 00 00 00 7f 7f 00 00 7f 00 7f 00 00 7f 00 7f 00 7f 7f 7f 7f 7f 00 00 00 00 00 00 7f 00 7f 00 00 00 00 00 00 00 00 00 00 7f 00 00 00 7f 00 00 7f 7f 7f 00 7f 7f 7f 00 00 7f 00 00 00 7f 7f 7f 00 00 00 00 7f 7f 00 7f 00 7f 00 00 00 00 00 00 00 00 00 00 00 00 00 00 00 7f 00 7f 00 00 00 00 00 7f 7f 00 7f 00 00 00 7f 00 00 00 00 7f 00 00 00 00 7f 00 00 7f 7f 7f 00 00 7f 00 7f 7f 00 7f 00 7f 7f 00 00	acks=00000000000000000000000000000000000000000000000000000000000000000000000000000000000000000000000000000000000000000000000000000000000000
719	304925933	304943642	stop	60 fd 40	acks=000
720	304946207	305692296	stop	60 18 00 00 00 7f 7f 00 00 7f 00 7f 00 00 7f 00 7f 00 7f 00 7f 7f 7f 00 00 00 00 00 7f 7f 00 7f 00 00 00 00 00 00 00 00 7f 7f 7f 00 7f 00 7f 00 00 00 00 7f 00 7f 7f 7f 00 00 7f 00 00 00 00 7f 7f 00 00 00 00 7f 7f 00 7f 7f 7f 00 00 00 00 00 00 00 7f 00 00 00 00 00 7f 00 7f 00 00 00 7f 00 00 00 7f 7f 00 7f 00 00 00 00 00 00 00 7f 7f 00 00 00 00 00 7f 00 00 00 7f 7f 00 7f 00 7f 7f 00 7f 00 7f 7f 00 00	acks=00000000000000000000000000000000000000000000000000000000000000000000000000000000000000000000000000000000000000000000000000000000000000
721	305699506	305717211	stop	60 fd 40	acks=000
722	305719777	306465986	stop	60 18 00 00 00 7f 7f 00 00 7f 00 7f 00 00 7f 00 7f 00 7f 00 7f 7f 7f 00 00 00 00 00 7f 7f 00 7f 00 7f 00 00 7f 00 00 00 7f 7f 7f 00 7f 00 7f 7f 00 00 00 7f 00 7f 7f 00 00 00 00 00 7f 00 00 00 00 00 00 00 00 7f 7f 00 7f 7f 00 00 00 00 00 00 7f 00 7f 00 7f 7f 7f 7f 7f 00 7f 7f 00 00 7f 00 00 00 7f 7f 00 7f 00 00 00 00 00 00 00 7f 00 00 00 00 00 00 7f 00 00 00 7f 7f 00 7f 00 00 00 00 7f 7f 00 7f 00 00	acks=00000000000000000000000000000000000000000000000000000000000000000000000000000000000000000000000000000000000000000000000000000000000000
723	306473030	306490727	stop	60 fd 40	acks=000
724	306493292	307239548	stop	60 18 00 00 00 7f 00 00 00 7f 00 00 00 7f 00 00 7f 00 7f 00 7f 00 00 00 00 00 00 00 7f 7f 00 7f 00 7f 00 00 7f 00 00 00 7f 7f 7f 00 7f 00 7f 7f 00 00 00 7f 00 7f 7f 00 00 00 00 00 7f 00 00 00 00 00 00 00 00 7f 7f 00 00 7f 00 00 00 00 00 00 7f 00 7f 00 7f 7f 7f 7f 7f 00 7f 7f 00 00 7f 00 00 00 00 7f 00 00 00 00 00 00 00 7f 00 7f 00 00 00 7f 00 00 7f 7f 00 00 00 7f 00 00 7f 00 00 00 00 7f 00 00 00 00	acks=00000000000000000000000000000000000000000000000000000000000000000000000000000000000000000000000000000000000000000000000000000000000000
725	308252031	308269044	stop	60 fd 40	acks=000
726	308274212	309016766	stop	60 18 00 00 00 7f 00 7f 00 7f 00 00 00 7f 00 00 7f 00 00 00 7f 00 00 00 00 00 00 00 00 7f 00 00 00 7f 00 7f 7f 00 7f 00 7f 00 7f 00 00 00 00 7f 00 00 00 7f 00 7f 7f 00 00 00 00 7f 7f 00 7f 00 00 00 00 00 00 7f 7f 00 00 00 00 00 00 00 00 7f 7f 00 00 00 7f 7f 7f 7f 00 00 7f 7f 00 00 7f 00 7f 00 00 7f 00 00 00 7f 00 00 00 7f 00 7f 00 00 00 7f 00 7f 00 7f 00 7f 00 00 00 00 7f 00 00 00 00 7f 00 00 00 00	acks=00000000000000000000000000000000000000000000000000000000000000000000000000000000000000000000000000000000000000000000000000000000000000
727	309024044	309041761	stop	60 fd 40	acks=000
728	309044328	309791053	stop	60 18 00 00 00 7f 00 7f 00 7f 00 00 00 7f 00 7f 7f 00 00 00 7f 00 00 00 00 00 00 00 00 00 00 00 00 00 00 7f 00 00 7f 7f 7f 00 00 00 00 00 00 7f 00 00 00 7f 7f 7f 7f 00 00 00 00 7f 00 00 7f 7f 00 00 00 00 00 7f 7f 00 00 00 7f 00 00 00 00 7f 00 7f 00 00 00 00 7f 00 00 00 7f 7f 00 00 7f 00 7f 7f 00 7f 00 00 00 7f 00 00 00 7f 7f 7f 00 00 00 7f 7f 7f 00 7f 00 7f 00 00 00 00 7f 00 00 00 00 7f 00 00 00 00	acks=00000000000000000000000000000000000000000000000000000000000000000000000000000000000000000000000000000000000000000000000000000000000000
729	309798102	309815816	stop	60 fd 40	acks=000
730	309818383	310565061	stop	60 18 7f 7f 00 7f 00 7f 00 7f 00 00 00 00 00 7f 7f 00 00 00 7f 7f 00 00 7f 00 00 00 00 00 00 00 00 00 00 7f 00 00 7f 7f 7f 00 00 00 00 00 00 7f 00 00 00 00 7f 7f 7f 00 00 00 00 7f 00 00 7f 7f 00 00 7f 00 7f 7f 7f 00 00 00 7f 00 7f 00 00 7f 00 7f 00 00 00 00 7f 00 00 00 7f 7f 00 00 7f 00 7f 7f 7f 00 00 00 00 7f 00 00 00 00 7f 7f 00 00 00 00 7f 7f 00 00 00 7f 00 00 00 00 00 00 00 7f 7f 7f 00 00 00 00	acks=00000000000000000000000000000000000000000000000000000000000000000000000000000000000000000000000000000000000000000000000000000000000000
731	311576918	311594632	stop	60 fd 40	acks=000
732	311597197	312343668	stop	60 18 7f 7f 7f 00 00 7f 7f 7f 00 00 00 00 00 7f 7f 00 00 00 7f 7f 00 00 7f 00 00 00 7f 00 00 00 7f 00 00 00 00 00 00 7f 7f 00 00 00 7f 00 00 7f 00 7f 00 00 7f 00 7f 00 00 00 00 00 00 7f 00 7f 00 00 7f 00 7f 00 7f 00 00 00 7f 7f 7f 7f 00 00 00 7f 00 00 00 00 7f 00 7f 00 7f 7f 00 00 7f 00 7f 7f 7f 00 00 00 00 00 00 00 00 00 7f 7f 00 00 00 00 7f 00 00 00 00 00 00 00 00 00 00 00 00 7f 7f 7f 00 00 00 00	acks=00000000000000000000000000000000000000000000000000000000000000000000000000000000000000000000000000000000000000000000000000000000000000
733	312350885	312368604	stop	60 fd 40	acks=000
734	312371171	313117797	stop	60 18 7f 7f 7f 00 00 7f 7f 7f 00 00 00 00 00 00 7f 7f 00 00 00 7f 00 00 7f 00 00 00 7f 00 7f 00 7f 00 00 00 7f 00 00 00 7f 00 00 00 7f 00 00 7f 00 7f 00 00 7f 00 7f 00 00 00 00 00 7f 7f 00 00 7f 00 7f 00 7f 00 00 7f 00 00 00 7f 7f 7f 00 00 00 00 00 7f 00 7f 7f 00 7f 00 7f 7f 00 00 7f 00 7f 7f 7f 00 00 00 00 00 7f 00 00 00 00 7f 00 00 00 00 00 00 00 00 00 00 00 00 00 00 00 7f 00 7f 7f 7f 00 00 00 00	acks=00000000000000000000000000000000000000000000000000000000000000000000000000000000000000000000000000000000000000000000000000000000000000
735	313124847	313142560	stop	60 fd 40	acks=000
736	313145128	313886697	stop	60 18 00 00 7f 00 00 7f 7f 00 7f 7f 00 00 00 00 7f 7f 00 00 00 00 00 00 7f 7f 00 00 7f 00 7f 00 7f 00 00 00 7f 00 00 00 7f 00 00 00 7f 00 00 7f 00 7f 00 00 7f 00 00 00 00 7f 00 00 7f 7f 00 00 7f 00 00 00 00 00 00 7f 7f 00 00 7f 00 7f 00 00 00 00 00 7f 00 7f 7f 00 7f 00 7f 7f 00 00 7f 7f 7f 7f 00 00 00 00 00 00 7f 00 00 7f 00 7f 00 00 7f 00 00 00 00 7f 00 00 00 00 00 7f 00 7f 00 00 00 7f 00 7f 00 00	acks=00000000000000000000000000000000000000000000000000000000000000000000000000000000000000000000000000000000000000000000000000000000000000
737	314898602	314916313	stop	60 fd 40	acks=000
738	314918877	315665026	stop	60 18 00 00 00 00 00 7f 00 00 7f 7f 00 00 00 00 7f 7f 00 7f 00 00 00 00 7f 7f 00 00 00 00 7f 00 00 00 00 7f 7f 00 00 00 00 00 00 00 00 00 7f 7f 00 00 7f 00 7f 00 00 00 00 7f 00 7f 7f 00 00 00 7f 00 00 00 00 00 00 7f 7f 00 00 7f 00 7f 00 7f 00 00 00 7f 00 7f 7f 00 00 00 7f 7f 7f 7f 00 7f 7f 7f 00 00 00 00 00 00 7f 00 7f 7f 00 00 00 00 7f 00 00 00 00 7f 7f 00 00 00 00 7f 00 7f 00 00 00 7f 00 7f 00 00	acks=00000000000000000000000000000000000000000000000000000000000000000000000000000000000000000000000000000000000000000000000000000000000000
739	315672232	315689924	stop	60 fd 40	acks=000
740	315692488	316438720	stop	60 18 00 00 00 00 00 7f 00 00 7f 7f 00 00 00 7f 7f 00 00 7f 00 00 00 00 7f 7f 7f 00 00 7f 00 00 00 00 00 7f 00 00 00 7f 00 00 7f 7f 00 00 7f 7f 7f 00 7f 00 7f 00 00 00 00 7f 7f 7f 00 00 00 00 7f 00 00 00 00 00 00 00 7f 00 00 7f 00 7f 00 7f 7f 7f 00 7f 00 00 7f 00 00 00 7f 00 7f 7f 00 7f 7f 7f 00 00 00 00 00 00 00 00 7f 7f 00 00 00 00 7f 00 00 00 00 7f 7f 00 00 00 00 7f 00 00 00 00 00 00 7f 7f 00 00	acks=00000000000000000000000000000000000000000000000000000000000000000000000000000000000000000000000000000000000000000000000000000000000000
741	316445767	316463475	stop	60 fd 40	acks=000
742	316466040	317212287	stop	60 18 00 00 00 00 7f 7f 00 00 00 00 00 7f 7f 7f 00 00 00 7f 00 00 7f 00 00 00 7f 00 00 7f 00 00 00 00 00 7f 00 00 00 7f 00 00 7f 7f 00 00 7f 7f 7f 00 7f 7f 7f 00 00 00 00 00 7f 7f 00 00 00 00 7f 00 7f 00 00 00 00 00 00 00 00 7f 7f 7f 00 7f 7f 7f 00 7f 00 00 7f 00 00 00 00 00 7f 7f 00 7f 7f 7f 00 00 00 7f 00 00 00 00 7f 00 00 00 00 00 7f 00 00 00 00 00 7f 00 7f 00 00 00 7f 00 00 7f 00 00 7f 7f 00 00	acks=00000000000000000000000000000000000000000000000000000000000000000000000000000000000000000000000000000000000000000000000000000000000000
743	318224841	318242538	stop	60 fd 40	acks=000
744	318245101	318991059	stop	60 18 00 00 7f 7f 7f 00 7f 00 00 00 00 7f 7f 7f 00 00 7f 00 00 00 7f 00 00 00 7f 00 00 7f 00 7f 00 00 00 00 00 00 00 7f 00 7f 7f 7f 00 00 00 7f 7f 00 00 7f 7f 00 00 00 00 00 7f 00 00 7f 00 00 7f 7f 7f 00 00 00 00 00 00 7f 00 7f 7f 7f 00 00 7f 7f 00 7f 00 00 7f 00 00 00 00 00 7f 00 00 7f 00 7f 00 00 00 7f 00 00 00 00 00 00 00 00 00 00 7f 00 00 00 00 00 7f 00 7f 00 00 00 7f 00 00 7f 00 00 7f 7f 00 00	acks=00000000000000000000000000000000000000000000000000000000000000000000000000000000000000000000000000000000000000000000000000000000000000
745	318998267	319015966	stop	60 fd 40	acks=000
746	319018532	319757456	stop	60 18 00 00 7f 7f 7f 00 7f 00 00 00 00 7f 7f 00 00 7f 7f 00 7f 00 7f 00 00 00 00 7f 00 00 7f 7f 00 7f 00 00 00 7f 00 00 00 7f 7f 00 00 00 00 00 7f 00 00 7f 7f 00 00 00 00 00 00 00 00 7f 00 00 7f 7f 7f 00 00 00 7f 7f 00 7f 7f 7f 7f 7f 00 00 00 00 00 7f 7f 00 00 7f 00 00 00 00 7f 00 00 7f 00 7f 00 00 00 7f 7f 00 00 00 00 00 00 00 00 00 7f 00 00 00 00 00 7f 00 7f 00 00 00 7f 00 00 7f 00 00 00 7f 00 00	acks=00000000000000000000000000000000000000000000000000000000000000000000000000000000000000000000000000000000000000000000000000000000000000
747	319764562	319782260	stop	60 fd 40	acks=000
748	319784827	320531162	stop	60 18 7f 00 7f 7f 00 00 7f 00 7f 00 00 00 00 00 00 7f 7f 00 7f 00 7f 00 00 00 00 7f 00 00 7f 7f 00 7f 00 00 00 7f 00 00 00 7f 7f 00 00 00 00 00 7f 00 00 00 7f 00 7f 00 00 7f 00 00 00 7f 00 00 7f 7f 00 00 7f 00 7f 7f 7f 7f 7f 7f 00 7f 00 00 00 00 00 7f 7f 00 00 7f 00 00 00 00 7f 00 00 7f 00 7f 7f 7f 00 00 7f 00 00 00 00 00 00 00 00 00 00 7f 00 00 00 00 7f 00 7f 00 00 00 7f 00 00 00 00 00 00 7f 00 00	acks=00000000000000000000000000000000000000000000000000000000000000000000000000000000000000000000000000000000000000000000000000000000000000
749	321543474	321561175	stop	60 fd 40	acks=000
750	321563740	322310135	stop	60 18 7f 00 00 00 00 00 00 00 7f 00 00 00 00 00 00 7f 7f 7f 7f 00 7f 00 00 00 00 7f 00 00 7f 7f 00 7f 00 00 00 7f 00 00 00 00 7f 00 00 00 00 00 7f 00 7f 00 7f 7f 7f 00 00 7f 00 00 00 00 7f 00 7f 00 00 00 7f 7f 7f 7f 7f 00 7f 00 00 00 00 00 00 00 00 7f 7f 00 00 7f 00 00 00 00 7f 7f 00 7f 00 7f 7f 7f 00 00 7f 00 00 7f 00 00 00 7f 00 00 00 7f 00 00 00 00 7f 7f 7f 00 00 00 7f 00 00 00 00 00 00 7f 00 00	acks=00000000000000000000000000000000000000000000000000000000000000000000000000000000000000000000000000000000000000000000000000000000000000
751	322317350	322335058	stop	60 fd 40	acks=000
752	322337625	323084006	stop	60 18 7f 00 00 00 00 00 00 00 7f 00 00 00 00 00 00 00 7f 7f 7f 00 7f 00 00 00 7f 7f 00 00 00 7f 00 00 00 00 00 00 00 00 00 00 7f 00 00 00 00 00 7f 00 7f 00 00 7f 7f 7f 00 7f 7f 00 00 00 7f 7f 7f 00 00 00 7f 7f 00 00 7f 00 00 00 00 00 00 00 00 00 00 7f 00 7f 00 00 00 00 00 7f 7f 7f 00 7f 00 00 7f 7f 00 00 00 00 00 7f 00 00 7f 7f 7f 00 00 7f 7f 00 00 00 7f 7f 7f 00 00 00 7f 00 7f 00 00 7f 7f 7f 00 00	acks=00000000000000000000000000000000000000000000000000000000000000000000000000000000000000000000000000000000000000000000000000000000000000
753	323091052	323108758	stop	60 fd 40	acks=000
754	323111324	323857765	stop	60 18 7f 7f 00 00 7f 00 00 7f 00 7f 00 00 00 00 7f 00 7f 7f 7f 7f 00 00 7f 7f 7f 7f 00 00 00 7f 00 00 00 00 00 00 00 00 00 00 7f 00 00 00 00 00 7f 00 7f 7f 00 7f 00 7f 00 00 7f 00 00 00 7f 7f 7f 00 00 00 00 7f 00 00 00 00 00 00 00 00 00 00 00 00 00 7f 00 7f 00 00 00 00 00 7f 7f 7f 00 00 00 00 7f 7f 00 7f 00 00 00 7f 00 7f 7f 7f 7f 00 00 7f 7f 00 00 00 7f 7f 7f 00 00 00 7f 00 7f 7f 7f 7f 7f 00 00 00	acks=00000000000000000000000000000000000000000000000000000000000000000000000000000000000000000000000000000000000000000000000000000000000000
755	324869798	324887516	stop	60 fd 40	acks=000
756	324890083	325636886	stop	60 18 7f 7f 00 00 7f 7f 00 7f 00 7f 00 00 00 00 7f 00 7f 00 7f 7f 00 00 7f 7f 7f 7f 7f 00 00 7f 00 00 00 00 00 00 00 00 7f 7f 7f 00 00 00 00 00 7f 00 00 7f 00 7f 00 7f 00 00 7f 00 00 00 00 7f 7f 00 00 00 00 7f 00 00 00 7f 00 00 00 00 00 00 00 00 7f 7f 00 7f 00 00 7f 00 00 7f 00 00 7f 00 7f 00 7f 7f 00 7f 00 00 00 00 00 7f 7f 00 7f 00 00 7f 7f 00 7f 00 00 00 7f 7f 00 00 7f 00 7f 7f 7f 7f 7f 00 00 00	acks=00000000000000000000000000000000000000000000000000000000000000000000000000000000000000000000000000000000000000000000000000000000000000
757	325644100	325661813	stop	60 fd 40	acks=000
758	325664380	326411073	stop	60 18 7f 7f 00 00 7f 7f 00 7f 00 7f 00 00 00 00 7f 00 7f 00 7f 7f 00 00 7f 7f 00 7f 7f 00 00 7f 00 00 00 00 7f 7f 00 00 7f 7f 7f 00 00 00 00 7f 7f 00 00 7f 00 7f 00 7f 00 00 00 00 7f 00 00 00 00 00 00 00 00 7f 00 00 00 7f 00 00 00 00 00 00 7f 7f 7f 00 7f 00 00 7f 7f 00 00 7f 00 00 7f 00 7f 00 7f 7f 00 7f 00 00 7f 00 00 7f 00 00 00 00 00 7f 00 00 7f 00 00 00 7f 7f 00 00 7f 7f 00 7f 7f 00 00 00 00 00	acks=00000000000000000000000000000000000000000000000000000000000000000000000000000000000000000000000000000000000000000000000000000000000000
759	326418122	326435840	stop	60 fd 40	acks=000
760	326438407	327185015	stop	60 18 7f 00 00 00 00 7f 00 7f 00 00 00 00 7f 00 00 00 7f 00 7f 7f 00 00 00 7f 00 7f 7f 00 00 7f 00 00 00 00 7f 7f 00 00 7f 7f 7f 00 00 00 00 7f 7f 00 00 00 00 7f 7f 7f 00 00 00 00 7f 00 00 00 00 00 00 00 00 7f 00 00 7f 7f 00 00 7f 00 00 00 7f 7f 7f 00 7f 00 00 7f 7f 00 7f 7f 00 00 7f 00 7f 00 00 7f 00 00 00 00 7f 00 00 7f 00 00 00 00 7f 00 00 00 7f 7f 00 00 00 7f 00 7f 00 7f 00 00 00 00 00 00 00 00	acks=00000000000000000000000000000000000000000000000000000000000000000000000000000000000000000000000000000000000000000000000000000000000000
761	328197504	328215204	stop	60 fd 40	acks=000
762	328217769	328963982	stop	60 18 7f 00 00 00 00 00 00 7f 00 00 00 00 7f 00 00 00 00 00 7f 7f 00 00 00 7f 00 7f 00 00 00 00 00 00 00 00 7f 7f 7f 00 7f 00 7f 00 00 00 00 7f 7f 00 00 00 00 7f 7f 7f 00 00 00 7f 7f 00 7f 00 00 00 00 00 00 7f 00 00 7f 00 00 7f 7f 7f 00 7f 7f 7f 00 00 7f 00 00 7f 00 00 7f 7f 00 00 7f 00 7f 00 00 7f 00 00 00 7f 7f 00 00 7f 00 00 00 00 7f 00 00 7f 7f 7f 00 7f 00 00 00 7f 00 7f 00 00 00 00 00 00 00 00	acks=00000000000000000000000000000000000000000000000000000000000000000000000000000000000000000000000000000000000000000000000000000000000000
763	328971189	328988886	stop	60 fd 40	acks=000
764	328991451	329737917	stop	60 18 7f 00 00 00 00 00 00 7f 00 00 00 00 7f 7f 00 00 00 00 7f 7f 00 00 00 7f 00 7f 00 7f 7f 00 00 7f 00 00 7f 00 7f 7f 7f 00 00 7f 00 00 00 00 00 00 00 00 7f 7f 7f 7f 00 00 00 7f 00 00 7f 7f 00 00 00 00 00 7f 00 00 7f 00 7f 7f 7f 7f 00 7f 00 00 00 00 00 00 7f 00 00 00 7f 7f 00 00 7f 00 7f 00 00 7f 00 00 00 7f 00 00 00 7f 7f 00 00 00 7f 00 00 7f 7f 7f 00 7f 00 00 00 7f 00 00 7f 00 00 00 00 00 00 00	acks=00000000000000000000000000000000000000000000000000000000000000000000000000000000000000000000000000000000000000000000000000000000000000
765	329744989	329762549	stop	60 fd 40	acks=000
766	329765084	330503940	stop	60 18 00 7f 00 00 00 00 00 7f 7f 00 00 7f 7f 7f 7f 00 00 00 7f 00 7f 00 7f 7f 00 7f 00 7f 7f 00 00 7f 00 00 7f 00 7f 7f 7f 00 00 7f 00 00 00 00 00 00 00 7f 7f 7f 00 7f 00 00 00 7f 00 00 7f 7f 00 00 7f 00 00 7f 00 00 00 00 7f 7f 7f 7f 00 7f 00 00 00 00 00 00 7f 00 00 00 7f 7f 00 00 7f 7f 7f 00 7f 00 00 00 00 7f 00 00 00 00 7f 00 00 00 00 00 00 7f 7f 00 00 7f 00 00 00 00 00 00 7f 7f 7f 00 00 7f 00 00	acks=00000000000000000000000000000000000000000000000000000000000000000000000000000000000000000000000000000000000000000000000000000000000000
767	331516148	331533865	stop	60 fd 40	acks=000
768	331536431	332283127	stop	60 18 00 7f 00 00 00 00 7f 7f 7f 00 00 7f 7f 7f 7f 00 00 00 7f 00 7f 00 7f 7f 00 7f 7f 7f 7f 00 7f 7f 00 00 7f 00 7f 7f 7f 00 00 7f 7f 00 00 00 00 7f 00 7f 7f 00 00 7f 00 00 00 00 00 7f 00 7f 00 00 7f 00 00 00 00 00 00 00 7f 7f 7f 00 00 00 00 00 7f 00 00 00 7f 00 7f 00 7f 7f 7f 00 7f 7f 7f 00 7f 00 00 00 00 00 00 00 00 00 7f 00 00 00 00 00 00 00 7f 00 7f 00 00 00 00 00 00 00 7f 7f 7f 00 00 7f 00 00	acks=00000000000000000000000000000000000000000000000000000000000000000000000000000000000000000000000000000000000000000000000000000000000000
769	332290341	332308052	stop	60 fd 40	acks=000
770	332310619	333056807	stop	60 18 00 7f 00 00 00 00 7f 7f 7f 00 00 7f 7f 7f 7f 7f 00 00 00 00 7f 00 7f 7f 00 00 7f 00 00 00 7f 7f 00 00 00 00 7f 00 7f 00 00 00 7f 00 00 7f 00 7f 00 7f 00 00 00 7f 00 00 00 00 7f 7f 00 00 00 00 7f 00 00 00 7f 7f 00 00 00 7f 7f 00 00 00 00 00 7f 7f 00 7f 7f 00 7f 00 7f 7f 7f 00 7f 7f 7f 7f 7f 00 00 00 7f 00 7f 00 00 00 00 00 00 00 00 00 7f 00 7f 00 7f 00 00 00 00 00 00 00 00 7f 7f 00 7f 7f 00 00	acks=00000000000000000000000000000000000000000000000000000000000000000000000000000000000000000000000000000000000000000000000000000000000000
771	333063850	333081544	stop	60 fd 40	acks=000
772	333084108	333830518	stop	60 18 00 00 00 00 00 00 7f 00 7f 00 00 00 7f 7f 00 7f 00 00 00 00 00 00 00 00 00 00 7f 00 00 00 7f 7f 00 00 00 00 7f 00 7f 00 00 00 7f 00 00 7f 00 7f 00 00 00 00 7f 7f 00 7f 00 00 7f 7f 00 00 00 00 00 00 7f 00 7f 7f 7f 00 00 7f 00 00 00 00 00 00 7f 7f 00 7f 7f 00 7f 00 7f 7f 7f 00 7f 00 7f 7f 00 00 00 7f 7f 00 7f 00 00 7f 00 00 00 00 7f 7f 7f 00 7f 7f 7f 00 7f 00 00 7f 7f 00 00 00 00 00 7f 7f 00 00	acks=00000000000000000000000000000000000000000000000000000000000000000000000000000000000000000000000000000000000000000000000000000000000000
773	334842388	334860098	stop	60 fd 40	acks=000
774	334862665	335604177	stop	60 18 00 00 00 00 00 00 00 00 7f 00 00 00 7f 7f 00 7f 7f 7f 00 00 00 00 00 00 00 00 00 00 00 7f 00 7f 00 7f 00 00 7f 00 00 7f 00 00 00 00 7f 7f 00 7f 7f 00 00 00 7f 7f 00 7f 00 7f 7f 00 00 00 00 00 00 00 7f 00 7f 7f 7f 00 00 7f 00 00 00 7f 00 00 00 7f 00 7f 7f 00 00 00 7f 7f 7f 00 00 00 7f 7f 00 00 00 7f 7f 00 7f 00 7f 7f 00 00 00 00 7f 7f 7f 7f 7f 7f 00 00 7f 00 00 7f 7f 00 00 00 00 00 7f 7f 00 00	acks=00000000000000000000000000000000000000000000000000000000000000000000000000000000000000000000000000000000000000000000000000000000000000
775	335611450	335629150	stop	60 fd 40	acks=000
776	335631716	336378047	stop	60 18 00 00 00 00 00 00 00 00 7f 00 00 00 7f 00 00 00 7f 7f 00 00 00 00 00 00 7f 00 00 00 00 7f 00 7f 00 7f 00 00 7f 7f 00 7f 00 7f 00 00 7f 00 7f 7f 7f 00 7f 00 7f 00 00 7f 7f 7f 00 00 00 00 7f 00 00 00 7f 00 00 7f 7f 00 00 7f 00 00 00 7f 00 7f 00 00 00 00 7f 7f 00 00 7f 00 7f 00 00 00 7f 7f 00 00 00 7f 00 00 00 00 7f 7f 00 00 7f 00 7f 7f 7f 7f 7f 7f 00 00 7f 00 00 7f 7f 7f 00 00 00 7f 00 7f 00 00	acks=00000000000000000000000000000000000000000000000000000000000000000000000000000000000000000000000000000000000000000000000000000000000000
777	336385093	336402793	stop	60 fd 40	acks=000
778	336405358	337151586	stop	60 18 7f 00 00 00 7f 00 00 00 00 7f 00 7f 00 00 7f 00 7f 7f 00 7f 7f 00 00 00 7f 00 00 00 00 7f 00 7f 00 7f 00 00 7f 7f 00 7f 00 7f 00 00 7f 00 7f 7f 7f 7f 7f 00 00 00 00 00 7f 7f 00 00 00 00 7f 00 7f 00 00 00 00 7f 00 00 00 7f 7f 00 00 7f 00 7f 00 00 00 00 7f 7f 00 00 00 00 7f 00 00 00 7f 7f 00 7f 00 7f 00 00 00 00 7f 00 00 00 7f 00 00 00 7f 7f 7f 00 00 00 00 00 00 00 7f 7f 00 00 00 7f 00 7f 00 00	acks=00000000000000000000000000000000000000000000000000000000000000000000000000000000000000000000000000000000000000000000000000000000000000
779	338164061	338181767	stop	60 fd 40	acks=000
780	338184331	338930456	stop	60 18 7f 00 7f 7f 7f 7f 7f 00 00 7f 00 7f 00 00 7f 00 00 00 00 7f 7f 00 00 00 7f 00 00 00 00 7f 00 7f 00 00 00 00 7f 7f 00 00 00 7f 7f 00 7f 00 7f 7f 00 7f 7f 7f 00 00 00 00 7f 00 00 7f 00 00 7f 7f 7f 00 00 7f 00 7f 00 7f 00 7f 7f 00 00 00 00 7f 00 00 00 00 7f 7f 00 00 00 00 7f 00 00 00 00 7f 00 7f 00 7f 00 00 00 00 00 00 00 00 7f 00 00 00 7f 00 00 00 00 7f 00 7f 00 00 7f 7f 00 00 00 7f 00 7f 00 00	acks=00000000000000000000000000000000000000000000000000000000000000000000000000000000000000000000000000000000000000000000000000000000000000
781	338937663	338955349	stop	60 fd 40	acks=000
782	338957912	339703807	stop	60 18 7f 00 7f 7f 7f 7f 7f 00 00 7f 00 7f 00 00 7f 7f 00 00 00 7f 7f 00 00 00 7f 7f 00 7f 7f 7f 00 00 00 00 7f 7f 7f 00 00 00 7f 00 7f 00 7f 7f 00 7f 00 7f 00 7f 00 00 00 00 00 00 00 7f 00 00 7f 7f 7f 00 00 7f 00 00 00 7f 00 7f 7f 00 00 00 7f 00 00 7f 7f 00 00 7f 00 00 00 00 7f 00 00 00 00 7f 00 7f 00 7f 7f 00 00 00 00 00 7f 00 00 00 00 00 7f 00 00 00 00 7f 00 7f 00 00 7f 7f 00 00 00 00 00 7f 00 00	acks=00000000000000000000000000000000000000000000000000000000000000000000000000000000000000000000000000000000000000000000000000000000000000
783	339710853	339728554	stop	60 fd 40	acks=000
784	339731119	340468211	stop	60 18 7f 00 7f 7f 00 7f 7f 7f 7f 00 00 00 00 00 00 7f 00 00 00 00 00 00 00 7f 7f 7f 00 7f 7f 7f 00 00 00 00 7f 7f 7f 00 00 00 7f 00 7f 00 7f 7f 00 7f 00 00 00 7f 7f 00 00 7f 00 00 00 7f 00 00 7f 7f 00 00 7f 7f 00 00 00 7f 00 7f 00 00 00 00 7f 00 00 7f 7f 00 00 7f 00 00 00 00 7f 00 00 00 00 7f 00 00 00 00 7f 00 00 00 00 00 7f 00 00 00 00 7f 7f 00 00 00 00 7f 00 7f 00 00 7f 7f 00 00 00 00 00 7f 00 00	acks=00000000000000000000000000000000000000000000000000000000000000000000000000000000000000000000000000000000000000000000000000000000000000
785	341481173	341498865	stop	60 fd 40	acks=000
786	341501427	342247115	stop	60 18 7f 00 00 7f 00 00 00 7f 7f 00 00 00 00 00 00 7f 00 7f 00 00 00 00 00 7f 7f 7f 00 7f 7f 7f 00 00 00 7f 7f 7f 00 00 7f 00 7f 00 00 00 7f 7f 00 7f 7f 00 00 7f 7f 00 00 7f 00 00 00 00 7f 00 7f 00 00 00 7f 00 00 00 00 00 00 00 00 7f 00 00 7f 00 00 7f 7f 00 00 7f 7f 00 00 00 7f 7f 7f 00 00 7f 00 00 00 00 7f 7f 00 7f 00 00 7f 7f 00 00 00 7f 7f 00 00 00 00 00 00 00 00 00 7f 7f 00 00 00 00 00 7f 00 00	acks=00000000000000000000000000000000000000000000000000000000000000000000000000000000000000000000000000000000000000000000000000000000000000
787	342254324	342272015	stop	60 fd 40	acks=000
788	342274579	343020208	stop	60 18 7f 00 00 7f 00 00 00 7f 7f 00 00 00 00 7f 00 00 00 7f 7f 00 00 00 00 7f 00 00 00 7f 00 7f 00 00 00 7f 00 7f 00 00 7f 00 7f 00 00 00 7f 00 7f 7f 7f 00 7f 7f 7f 7f 00 7f 7f 00 00 00 7f 7f 7f 00 00 00 7f 00 7f 00 00 00 7f 00 00 7f 00 00 00 00 00 00 00 00 00 00 7f 00 00 00 7f 7f 7f 00 00 00 00 00 00 00 00 7f 7f 7f 00 00 7f 7f 7f 00 00 7f 00 00 00 00 00 00 00 00 00 00 7f 7f 7f 00 00 00 7f 7f 00 00	acks=00000000000000000000000000000000000000000000000000000000000000000000000000000000000000000000000000000000000000000000000000000000000000
789	343027248	343044936	stop	60 fd 40	acks=000
790	343047500	343793415	stop	60 18 7f 00 00 7f 7f 00 00 00 00 7f 00 00 7f 7f 7f 00 00 7f 7f 7f 00 00 00 7f 00 00 00 7f 00 7f 00 00 00 7f 00 7f 00 00 7f 00 7f 00 00 00 7f 00 7f 7f 7f 00 7f 7f 00 7f 00 00 7f 00 00 00 7f 7f 7f 00 00 00 00 00 7f 00 00 00 7f 00 00 7f 00 00 00 00 00 00 00 00 00 00 7f 00 7f 00 7f 7f 7f 00 00 00 00 00 00 7f 00 7f 7f 7f 00 00 7f 7f 7f 00 00 00 00 00 00 00 00 00 00 00 00 00 7f 7f 7f 00 00 00 7f 7f 00 00	acks=00000000000000000000000000000000000000000000000000000000000000000000000000000000000000000000000000000000000000000000000000000000000000
791	344805883	344823574	stop	60 fd 40	acks=000
792	344826136	345563822	stop	60 18 7f 00 7f 7f 7f 00 00 00 00 7f 00 00 7f 7f 7f 00 00 00 7f 7f 00 00 00 7f 00 00 7f 7f 00 7f 7f 00 00 00 00 7f 00 00 00 7f 7f 00 00 00 7f 00 7f 00 00 00 7f 7f 00 7f 00 00 7f 00 00 00 00 7f 7f 00 00 00 00 00 7f 00 00 7f 7f 00 00 00 00 7f 00 00 7f 00 00 00 00 00 00 00 7f 00 00 00 7f 00 00 00 00 00 00 7f 00 00 7f 00 00 00 7f 7f 7f 00 00 00 00 00 7f 00 7f 00 00 7f 00 00 7f 7f 7f 00 00 00 7f 7f 00 00	acks=00000000000000000000000000000000000000000000000000000000000000000000000000000000000000000000000000000000000000000000000000000000000000
793	345571089	345588776	stop	60 fd 40	acks=000
794	345591340	346337278	stop	60 18 7f 00 7f 7f 7f 00 00 00 00 7f 00 00 7f 00 7f 00 00 00 7f 7f 00 00 00 7f 00 7f 7f 7f 00 7f 7f 7f 00 00 7f 00 00 00 00 7f 7f 7f 00 00 7f 7f 00 00 00 00 00 7f 00 00 00 00 00 00 7f 00 00 00 00 00 00 00 00 00 7f 7f 00 7f 00 00 00 00 00 7f 7f 00 7f 7f 7f 7f 7f 7f 00 00 7f 7f 00 00 7f 00 00 00 00 00 00 7f 00 00 7f 00 00 00 00 7f 00 00 00 00 00 00 7f 00 7f 00 00 7f 00 00 7f 00 7f 00 00 7f 00 7f 00 00	acks=00000000000000000000000000000000000000000000000000000000000000000000000000000000000000000000000000000000000000000000000000000000000000
795	346344323	346362025	stop	60 fd 40	acks=000
796	346364590	347110804	stop	60 18 7f 00 7f 7f 00 00 00 00 00 00 00 00 7f 00 00 00 00 00 7f 00 00 00 00 7f 00 7f 7f 7f 00 7f 7f 7f 00 00 7f 00 00 00 00 7f 7f 7f 00 00 7f 7f 00 00 00 00 00 7f 00 00 00 00 00 00 7f 00 00 00 00 00 00 00 00 00 7f 7f 00 7f 00 00 00 00 00 7f 7f 00 7f 7f 7f 7f 7f 7f 00 00 00 7f 00 00 7f 00 00 00 00 00 00 00 00 00 7f 00 00 00 00 7f 00 00 00 00 00 00 7f 00 7f 00 00 7f 00 00 7f 00 7f 00 00 7f 00 00 00 00	acks=00000000000000000000000000000000000000000000000000000000000000000000000000000000000000000000000000000000000000000000000000000000000000
797	348122995	348140707	stop	60 fd 40	acks=000
798	348143272	348889677	stop	60 18 7f 00 00 7f 00 7f 7f 00 00 00 00 00 7f 00 00 00 7f 00 7f 00 00 00 00 7f 00 7f 00 7f 00 00 00 7f 00 00 7f 00 7f 00 00 00 7f 7f 00 00 00 7f 00 00 00 00 00 7f 00 00 00 00 00 7f 7f 00 7f 00 00 00 00 00 00 00 7f 7f 00 00 00 00 00 00 00 00 7f 00 7f 7f 7f 7f 7f 7f 00 00 00 7f 00 7f 7f 00 7f 00 00 00 00 00 00 7f 7f 00 7f 00 00 7f 00 00 00 00 00 7f 00 00 00 7f 00 00 00 00 7f 00 7f 00 00 7f 00 00 00 00	acks=00000000000000000000000000000000000000000000000000000000000000000000000000000000000000000000000000000000000000000000000000000000000000
799	348896888	348914591	stop	60 fd 40	acks=000
800	348917157	349663481	stop	60 18 7f 00 00 7f 00 7f 7f 00 00 00 00 00 7f 7f 00 00 7f 00 7f 00 00 00 00 7f 7f 00 00 00 00 00 00 7f 00 00 00 00 7f 7f 00 00 00 7f 00 00 00 00 7f 00 00 00 7f 7f 00 7f 00 00 00 7f 00 00 7f 7f 00 00 00 00 00 00 7f 00 00 00 7f 00 00 00 00 00 00 7f 7f 00 00 00 00 00 00 00 00 7f 00 7f 7f 00 7f 7f 00 00 00 00 7f 7f 00 00 7f 00 7f 7f 00 00 00 00 7f 7f 00 00 00 7f 00 00 00 00 7f 00 00 00 00 7f 00 00 00 00	acks=00000000000000000000000000000000000000000000000000000000000000000000000000000000000000000000000000000000000000000000000000000000000000
801	349670527	349688222	stop	60 fd 40	acks=000
802	349690787	350437245	stop	60 18 7f 7f 00 7f 00 7f 7f 00 00 00 00 00 7f 7f 00 00 7f 00 7f 00 00 00 7f 7f 7f 00 00 00 00 00 00 7f 00 00 00 00 7f 7f 00 00 00 7f 00 00 00 00 7f 00 00 00 7f 7f 00 7f 00 00 00 7f 00 00 7f 7f 00 00 00 00 00 00 7f 00 00 00 7f 00 00 00 00 00 00 7f 7f 00 00 00 00 00 00 00 00 7f 00 7f 7f 7f 7f 7f 7f 00 00 00 7f 7f 00 00 7f 00 7f 7f 00 00 00 00 7f 7f 00 00 00 7f 00 00 00 00 00 00 00 7f 7f 7f 00 7f 00 00	acks=00000000000000000000000000000000000000000000000000000000000000000000000000000000000000000000000000000000000000000000000000000000000000
803	351449313	351467017	stop	60 fd 40	acks=000
804	351469583	352215632	stop	60 18 7f 7f 00 00 00 7f 00 00 00 00 00 00 7f 7f 00 00 00 7f 7f 00 00 00 7f 7f 7f 00 7f 00 00 00 7f 7f 00 00 00 00 00 7f 00 00 00 7f 7f 00 00 00 7f 7f 00 00 7f 00 00 7f 00 00 00 00 00 7f 00 7f 00 7f 00 00 00 7f 7f 00 00 00 7f 7f 00 7f 00 00 00 7f 00 00 00 00 00 00 7f 00 00 7f 00 00 7f 7f 7f 7f 7f 00 00 00 7f 00 00 00 00 00 7f 7f 00 00 00 00 7f 7f 7f 00 00 00 00 00 00 00 00 00 00 7f 7f 7f 00 7f 00 00	acks=00000000000000000000000000000000000000000000000000000000000000000000000000000000000000000000000000000000000000000000000000000000000000
805	352222842	352240539	stop	60 fd 40	acks=000
806	352243105	352989263	stop	60 18 7f 7f 00 00 00 7f 00 00 00 00 00 00 7f 00 00 7f 00 7f 00 00 00 00 7f 7f 00 7f 7f 00 7f 00 7f 7f 00 00 00 7f 00 00 00 00 00 00 7f 00 00 00 00 7f 00 00 00 00 00 00 00 00 00 00 7f 7f 00 00 7f 7f 00 00 00 7f 00 7f 00 00 00 7f 00 7f 00 00 00 00 00 7f 00 7f 00 00 7f 00 00 7f 00 00 7f 7f 7f 00 7f 00 00 00 7f 00 7f 00 00 00 00 7f 7f 00 00 00 7f 7f 7f 00 00 00 00 00 00 00 00 7f 00 7f 7f 7f 00 7f 00 00	acks=00000000000000000000000000000000000000000000000000000000000000000000000000000000000000000000000000000000000000000000000000000000000000
807	352996312	353014020	stop	60 fd 40	acks=000
808	353016587	353763064	stop	60 18 00 00 00 00 00 7f 00 00 00 00 00 00 7f 00 00 7f 00 7f 00 00 00 00 00 7f 00 7f 7f 00 7f 00 7f 7f 00 00 00 7f 00 00 00 00 00 00 7f 00 00 00 00 7f 00 00 00 00 00 00 00 00 00 00 7f 7f 00 00 7f 7f 00 00 00 7f 00 7f 7f 00 00 7f 00 7f 00 00 00 00 00 7f 00 7f 00 00 7f 00 00 7f 00 00 7f 00 7f 00 00 00 00 00 7f 00 7f 00 00 7f 00 7f 7f 00 7f 00 7f 7f 7f 7f 00 00 7f 00 00 7f 7f 7f 00 00 00 7f 00 7f 00 00	acks=00000000000000000000000000000000000000000000000000000000000000000000000000000000000000000000000000000000000000000000000000000000000000
809	354775497	354793195	stop	60 fd 40	acks=000
810	354795759	355542058	stop	60 18 00 00 00 00 00 7f 00 00 00 00 00 00 7f 00 00 7f 00 00 00 00 00 00 00 7f 00 7f 00 00 7f 00 00 7f 00 7f 00 7f 7f 00 7f 00 00 00 7f 00 7f 00 00 00 7f 00 00 00 00 00 00 00 00 7f 7f 00 00 00 7f 00 00 00 00 00 00 7f 7f 00 00 7f 00 7f 00 7f 00 00 00 7f 00 7f 00 00 00 00 00 7f 7f 00 00 00 7f 00 00 00 00 00 7f 00 7f 7f 7f 7f 00 00 7f 00 7f 00 7f 00 00 7f 7f 00 7f 7f 00 7f 7f 7f 00 00 00 7f 00 7f 00 00	acks=00000000000000000000000000000000000000000000000000000000000000000000000000000000000000000000000000000000000000000000000000000000000000
811	355549267	355566973	stop	60 fd 40	acks=000
812	355569539	356306757	stop	60 18 00 00 00 00 00 7f 00 00 00 00 00 00 7f 00 00 00 00 00 00 00 00 00 00 7f 7f 00 00 7f 00 00 00 7f 00 7f 00 00 7f 7f 7f 00 7f 7f 7f 00 7f 00 7f 00 7f 00 00 00 00 7f 00 00 7f 7f 00 00 00 00 00 00 00 00 00 00 00 00 7f 00 00 7f 00 7f 00 7f 00 7f 00 00 00 00 00 00 00 00 00 00 7f 00 00 00 7f 00 00 00 00 00 00 00 00 7f 7f 7f 00 00 7f 00 7f 00 7f 00 00 7f 7f 00 7f 7f 00 7f 7f 7f 7f 00 00 00 7f 7f 00 00	acks=00000000000000000000000000000000000000000000000000000000000000000000000000000000000000000000000000000000000000000000000000000000000000
813	356313863	356331563	stop	60 fd 40	acks=000
814	356334128	357080299	stop	60 18 7f 00 00 00 00 7f 00 00 00 00 00 7f 7f 00 00 00 00 00 00 00 7f 00 00 00 7f 00 00 7f 00 00 00 7f 00 7f 00 00 7f 7f 7f 00 7f 7f 7f 00 7f 00 7f 00 7f 7f 00 00 00 7f 00 00 7f 7f 00 00 00 00 00 00 7f 00 00 00 00 00 00 00 00 7f 7f 7f 00 7f 00 7f 00 00 00 00 00 00 00 00 00 00 7f 00 00 00 7f 00 00 7f 00 00 00 00 00 7f 7f 00 00 00 7f 00 00 00 7f 00 00 00 7f 00 00 7f 00 00 7f 7f 7f 00 00 00 7f 7f 00 00	acks=00000000000000000000000000000000000000000000000000000000000000000000000000000000000000000000000000000000000000000000000000000000000000
815	358092600	358110302	stop	60 fd 40	acks=000
816	358112866	358858788	stop	60 18 7f 00 7f 7f 00 00 7f 00 00 00 00 7f 7f 00 00 00 7f 00 00 00 7f 00 00 00 7f 00 00 7f 00 7f 00 7f 00 7f 00 00 00 7f 00 7f 7f 7f 00 00 00 00 7f 7f 00 7f 00 00 00 7f 00 00 7f 00 00 7f 00 00 00 7f 7f 00 00 00 00 00 00 7f 00 7f 7f 7f 00 00 00 7f 7f 00 00 00 00 00 00 00 00 00 7f 00 00 00 00 00 00 7f 00 00 00 7f 00 00 00 00 00 00 7f 00 00 00 7f 00 7f 00 7f 00 00 7f 00 00 7f 7f 7f 00 00 00 7f 7f 00 00	acks=00000000000000000000000000000000000000000000000000000000000000000000000000000000000000000000000000000000000000000000000000000000000000
817	358865994	358883684	stop	60 fd 40	acks=000
818	358886246	359632144	stop	60 18 7f 00 7f 7f 00 00 7f 00 00 00 00 7f 7f 00 00 7f 7f 00 7f 00 7f 00 00 00 00 7f 00 7f 7f 7f 00 7f 00 7f 00 7f 00 00 00 7f 00 00 00 00 00 00 00 7f 00 7f 00 00 00 00 00 00 00 00 00 7f 00 00 00 7f 7f 00 00 00 7f 00 00 7f 00 7f 7f 7f 00 00 00 00 7f 00 00 00 00 00 00 00 00 00 7f 00 00 00 00 00 00 7f 00 00 7f 7f 00 00 00 00 00 00 00 00 00 00 7f 00 7f 00 7f 00 00 7f 00 00 7f 7f 00 00 00 00 00 7f 00 00	acks=00000000000000000000000000000000000000000000000000000000000000000000000000000000000000000000000000000000000000000000000000000000000000
819	359639185	359656884	stop	60 fd 40	acks=000
820	359659449	360405432	stop	60 18 7f 00 7f 7f 00 00 7f 7f 7f 00 00 00 00 00 00 7f 7f 00 7f 00 00 00 00 7f 00 7f 00 7f 7f 7f 00 7f 00 7f 00 7f 00 00 00 7f 00 00 00 00 00 00 00 7f 00 00 00 00 7f 00 00 7f 00 00 00 7f 00 00 00 7f 00 00 7f 00 7f 00 00 7f 00 7f 00 7f 00 00 00 00 7f 00 00 00 00 00 00 00 00 00 7f 00 00 00 00 00 00 00 00 00 7f 7f 00 00 00 00 00 00 00 00 00 7f 7f 00 7f 00 7f 00 00 7f 00 00 7f 7f 00 00 00 00 00 7f 00 00	acks=00000000000000000000000000000000000000000000000000000000000000000000000000000000000000000000000000000000000000000000000000000000000000
821	361417393	361435091	stop	60 fd 40	acks=000
822	361437656	362183573	stop	60 18 7f 00 7f 00 00 00 00 7f 7f 00 00 00 00 00 00 7f 7f 7f 7f 00 00 00 00 7f 00 7f 00 7f 7f 7f 7f 7f 00 00 00 7f 7f 00 00 00 00 00 00 00 7f 00 00 00 7f 00 00 7f 7f 00 00 7f 00 00 00 00 7f 00 00 00 00 00 7f 7f 7f 00 00 00 00 00 00 00 00 00 00 00 00 00 00 00 00 00 00 00 00 00 7f 7f 00 00 00 00 00 00 00 00 7f 7f 00 7f 00 00 00 7f 00 00 00 7f 7f 7f 00 00 7f 7f 00 00 00 00 7f 7f 00 00 00 00 00 7f 00 00	acks=00000000000000000000000000000000000000000000000000000000000000000000000000000000000000000000000000000000000000000000000000000000000000
823	362190784	362208479	stop	60 fd 40	acks=000
824	362211044	362956619	stop	60 18 7f 00 7f 00 00 00 00 7f 7f 00 00 00 00 00 00 00 7f 7f 00 00 00 00 00 7f 00 00 00 7f 00 7f 7f 00 00 00 00 00 7f 00 00 00 00 00 00 00 7f 00 00 00 7f 00 00 7f 7f 7f 00 7f 7f 00 00 00 7f 00 00 00 00 00 7f 7f 7f 00 00 00 00 00 00 00 00 00 00 00 00 00 00 00 00 00 00 00 00 7f 7f 7f 00 00 00 00 00 00 00 00 00 7f 00 7f 00 00 00 7f 7f 00 00 7f 7f 7f 00 00 7f 7f 00 00 00 00 7f 7f 7f 00 00 7f 7f 7f 00 00	acks=00000000000000000000000000000000000000000000000000000000000000000000000000000000000000000000000000000000000000000000000000000000000000
825	362963654	362981327	stop	60 fd 40	acks=000
826	362983890	363729664	stop	60 18 7f 00 7f 00 7f 00 00 00 00 7f 00 00 7f 00 7f 00 7f 7f 00 7f 00 00 00 7f 00 00 00 7f 00 7f 7f 00 00 00 00 00 7f 00 00 00 00 00 00 00 7f 00 00 00 7f 00 00 7f 00 7f 00 00 7f 00 00 00 7f 00 00 00 00 00 00 7f 7f 00 00 00 00 00 00 00 00 00 00 00 00 00 00 00 00 00 00 00 7f 7f 7f 7f 00 00 00 00 00 00 00 7f 00 7f 00 7f 00 00 00 7f 7f 00 00 00 7f 7f 00 00 7f 7f 00 00 00 00 7f 7f 7f 00 00 7f 7f 7f 00 00	acks=00000000000000000000000000000000000000000000000000000000000000000000000000000000000000000000000000000000000000000000000000000000000000
827	364742056	364759761	stop	60 fd 40	acks=000
828	364762326	365508569	stop	60 18 7f 00 00 7f 7f 7f 00 00 00 7f 00 00 7f 00 7f 00 7f 00 00 7f 00 00 00 7f 00 00 7f 7f 00 7f 7f 00 00 00 00 00 00 00 7f 7f 00 00 7f 00 00 00 00 7f 00 00 00 7f 00 7f 00 00 7f 00 00 00 00 00 00 00 00 00 00 7f 7f 00 00 7f 00 00 00 00 00 00 00 00 7f 00 00 00 00 00 7f 00 7f 7f 00 7f 7f 00 7f 00 00 00 00 7f 00 00 00 00 7f 00 00 00 7f 00 00 00 7f 00 7f 00 00 00 00 7f 00 00 7f 7f 7f 00 00 7f 7f 7f 00 00	acks=00000000000000000000000000000000000000000000000000000000000000000000000000000000000000000000000000000000000000000000000000000000000000
829	365515783	365533492	stop	60 fd 40	acks=000
830	365536058	366273013	stop	60 18 7f 00 00 7f 7f 7f 00 00 00 7f 00 00 7f 00 7f 00 7f 00 00 7f 00 00 00 7f 00 00 7f 7f 00 7f 7f 7f 00 00 7f 00 00 00 7f 7f 00 00 7f 00 00 7f 00 7f 00 00 00 7f 00 00 00 00 00 00 00 00 00 00 00 00 00 00 00 7f 7f 00 00 7f 00 00 00 00 00 00 7f 00 7f 00 7f 00 7f 7f 7f 00 7f 00 00 7f 7f 00 7f 00 00 00 00 7f 00 00 00 00 7f 00 00 00 00 00 00 00 00 00 7f 00 00 00 00 7f 00 00 7f 7f 00 00 00 7f 00 7f 00 00	acks=00000000000000000000000000000000000000000000000000000000000000000000000000000000000000000000000000000000000000000000000000000000000000
831	366280117	366297823	stop	60 fd 40	acks=000
832	366300389	367046791	stop	60 18 7f 00 00 7f 00 7f 00 00 00 00 00 00 7f 00 00 00 7f 00 00 00 00 00 00 7f 00 00 7f 7f 00 7f 7f 7f 00 00 7f 00 00 00 7f 7f 00 00 7f 00 00 7f 00 7f 00 00 00 7f 00 00 00 00 00 00 00 00 00 00 00 00 00 00 00 7f 7f 00 00 7f 00 00 00 00 00 00 7f 00 7f 00 7f 00 7f 7f 7f 00 00 00 00 7f 7f 00 7f 00 00 00 00 00 00 00 00 00 7f 00 00 00 00 00 00 00 00 00 7f 00 00 00 00 7f 00 00 7f 7f 00 00 00 7f 00 00 00 00	acks=00000000000000000000000000000000000000000000000000000000000000000000000000000000000000000000000000000000000000000000000000000000000000
833	368059159	368076867	stop	60 fd 40	acks=000
834	368079431	368825707	stop	60 18 7f 00 00 00 00 7f 00 00 00 00 00 00 7f 00 00 00 00 00 00 00 00 00 00 7f 00 00 00 7f 00 00 00 7f 00 7f 7f 00 7f 00 7f 00 00 00 00 00 7f 7f 00 00 00 00 00 7f 00 00 00 00 00 7f 00 00 7f 00 00 7f 00 00 00 7f 7f 00 00 00 00 7f 00 7f 00 7f 7f 00 00 00 7f 00 7f 7f 00 00 00 00 00 00 7f 00 00 00 00 00 00 00 00 7f 00 00 7f 00 00 7f 00 00 00 00 00 7f 00 00 00 7f 00 00 00 00 7f 7f 00 00 00 7f 00 00 00 00	acks=00000000000000000000000000000000000000000000000000000000000000000000000000000000000000000000000000000000000000000000000000000000000000
835	368832914	368850608	stop	60 fd 40	acks=000
836	368853173	369599467	stop	60 18 7f 00 00 00 00 7f 00 00 00 00 00 00 7f 7f 00 00 00 00 00 00 00 00 00 7f 00 00 00 7f 00 00 00 7f 00 7f 00 00 7f 00 7f 00 00 00 00 00 7f 00 00 00 00 00 7f 7f 00 00 00 00 00 7f 00 00 7f 7f 00 7f 00 00 00 7f 7f 00 00 00 7f 7f 00 7f 00 7f 00 00 00 00 00 00 00 00 00 00 00 00 00 00 7f 00 00 7f 00 00 00 00 00 7f 00 00 7f 00 7f 7f 00 00 00 00 7f 7f 00 00 00 7f 00 00 00 00 7f 00 00 00 00 7f 00 00 00 00	acks=00000000000000000000000000000000000000000000000000000000000000000000000000000000000000000000000000000000000000000000000000000000000000
837	369606510	369624203	stop	60 fd 40	acks=000
838	369626768	370373083	stop	60 18 7f 00 00 00 00 7f 00 00 00 00 00 00 7f 7f 00 00 00 00 00 00 00 00 00 7f 00 00 00 7f 00 00 00 7f 00 7f 00 00 7f 00 7f 00 00 00 00 00 7f 00 00 00 00 00 7f 7f 00 00 00 00 00 7f 00 00 7f 7f 00 7f 00 00 00 7f 7f 00 00 00 7f 7f 00 7f 00 7f 00 00 00 00 00 00 00 00 00 00 00 00 00 00 7f 00 00 7f 00 00 00 00 00 7f 00 00 7f 00 7f 7f 00 00 00 00 7f 7f 00 00 00 7f 00 00 00 00 00 00 00 00 00 7f 00 00 00 00	acks=00000000000000000000000000000000000000000000000000000000000000000000000000000000000000000000000000000000000000000000000000000000000000
839	371385414	371403126	stop	60 fd 40	acks=000
840	371405692	372146701	stop	60 18 7f 00 7f 7f 00 7f 7f 00 00 00 00 00 7f 7f 00 00 00 00 00 00 00 00 00 7f 00 00 7f 7f 00 00 7f 7f 00 00 00 00 00 00 7f 00 00 00 7f 00 00 00 00 7f 00 00 7f 00 00 00 00 00 00 00 00 7f 00 7f 00 7f 00 00 00 00 7f 00 00 00 7f 00 00 7f 00 00 00 00 00 00 00 00 00 00 7f 00 00 00 7f 00 7f 00 00 7f 00 00 00 00 00 00 00 7f 00 00 7f 00 00 00 00 00 7f 00 00 00 7f 00 00 00 00 00 00 00 00 00 00 7f 00 00 00 00	acks=00000000000000000000000000000000000000000000000000000000000000000000000000000000000000000000000000000000000000000000000000000000000000
841	372153971	372171672	stop	60 fd 40	acks=000
842	372174238	372920510	stop	60 18 7f 00 7f 7f 00 7f 7f 00 00 00 00 00 7f 00 00 00 00 00 00 00 00 00 00 7f 00 00 7f 00 00 00 7f 7f 00 00 00 00 00 00 7f 00 00 00 7f 00 00 00 00 7f 00 00 00 00 00 00 00 00 00 00 7f 7f 00 00 7f 7f 00 00 00 00 7f 7f 00 00 00 00 00 7f 00 00 00 00 00 7f 00 7f 00 00 7f 00 00 00 7f 00 7f 00 00 00 00 00 00 00 00 00 7f 7f 00 00 00 00 00 00 00 00 7f 00 00 00 7f 00 00 00 00 00 00 7f 00 00 00 7f 00 00 00 00	acks=00000000000000000000000000000000000000000000000000000000000000000000000000000000000000000000000000000000000000000000000000000000000000
843	372927554	372945250	stop	60 fd 40	acks=000
844	372947814	373694010	stop	60 18 00 00 7f 7f 00 7f 7f 00 00 00 00 00 7f 00 00 00 00 00 00 00 00 00 00 7f 00 00 7f 00 00 00 7f 7f 00 00 00 00 00 00 7f 00 00 00 7f 00 00 00 00 7f 00 00 00 00 00 00 00 00 00 00 7f 7f 00 00 7f 7f 00 00 00 00 7f 7f 00 00 00 00 00 7f 00 00 00 00 00 7f 00 7f 00 00 7f 00 00 00 7f 00 7f 00 00 00 00 00 00 00 00 00 7f 7f 00 00 00 00 00 00 00 00 7f 00 00 00 7f 00 00 00 00 00 00 7f 00 00 7f 7f 00 7f 00 00	acks=00000000000000000000000000000000000000000000000000000000000000000000000000000000000000000000000000000000000000000000000000000000000000
845	374705554	374723239	stop	60 fd 40	acks=000
846	374725802	375471786	stop	60 18 00 00 00 00 00 7f 00 00 00 00 00 00 7f 00 00 00 7f 7f 00 00 00 00 00 7f 00 00 00 00 00 7f 00 7f 00 7f 00 00 00 00 00 00 00 00 00 00 7f 00 00 00 7f 00 00 00 00 00 00 00 00 7f 7f 00 00 00 7f 00 00 00 00 00 7f 7f 00 00 00 00 00 7f 00 7f 00 00 00 7f 00 7f 00 00 00 00 00 00 00 7f 00 00 00 00 00 00 00 00 00 00 7f 7f 7f 00 00 7f 00 00 00 00 7f 00 00 00 7f 00 00 00 00 00 00 7f 00 00 7f 7f 00 7f 00 00	acks=00000000000000000000000000000000000000000000000000000000000000000000000000000000000000000000000000000000000000000000000000000000000000
847	375478992	375496685	stop	60 fd 40	acks=000
848	375499250	376245523	stop	60 18 00 00 00 00 00 7f 00 00 00 00 00 00 7f 00 00 00 7f 7f 00 00 00 00 00 7f 7f 00 00 7f 00 7f 00 7f 00 7f 00 00 00 7f 00 00 7f 7f 00 00 7f 00 7f 00 7f 00 00 00 00 00 00 00 00 7f 00 00 00 00 00 00 00 00 00 00 00 00 00 00 00 00 00 7f 00 7f 00 7f 00 00 00 00 00 00 00 00 00 00 00 7f 00 00 00 00 00 00 00 00 00 00 00 7f 7f 00 00 7f 00 00 00 00 7f 00 00 00 7f 00 00 00 00 00 00 7f 00 00 7f 7f 00 7f 00 00	acks=00000000000000000000000000000000000000000000000000000000000000000000000000000000000000000000000000000000000000000000000000000000000000
849	376252566	376270258	stop	60 fd 40	acks=000
850	376272822	377009767	stop	60 18 00 7f 00 00 00 7f 00 00 00 00 00 00 7f 00 00 00 7f 7f 00 00 00 00 7f 00 7f 00 00 7f 00 7f 00 7f 00 7f 00 00 00 7f 00 00 7f 7f 00 00 7f 00 7f 00 7f 00 00 00 00 00 00 00 00 7f 00 00 00 00 00 00 00 00 00 00 00 00 00 00 00 00 00 7f 00 7f 00 7f 00 00 00 00 00 00 00 00 00 00 00 7f 00 7f 00 00 7f 00 00 00 00 00 00 7f 7f 00 00 7f 00 00 00 00 7f 00 00 7f 7f 00 00 00 00 00 7f 7f 00 7f 7f 7f 00 7f 00 00	acks=00000000000000000000000000000000000000000000000000000000000000000000000000000000000000000000000000000000000000000000000000000000000000
851	378021146	378038847	stop	60 fd 40	acks=000
852	378041411	378787320	stop	60 18 00 7f 7f 7f 00 7f 7f 00 00 00 00 00 7f 00 00 00 7f 00 00 00 00 00 7f 00 7f 00 00 7f 00 00 00 7f 00 00 00 00 00 7f 00 00 7f 7f 00 00 00 00 7f 00 00 00 00 7f 00 00 00 00 00 00 00 7f 00 00 00 7f 00 00 00 7f 00 00 00 00 00 00 00 7f 00 00 00 7f 00 00 00 00 00 00 00 00 00 00 00 00 00 7f 00 00 7f 00 00 00 00 00 00 00 00 00 00 00 00 00 00 00 7f 00 00 7f 7f 00 00 00 00 00 7f 7f 00 7f 7f 7f 00 7f 00 00	acks=00000000000000000000000000000000000000000000000000000000000000000000000000000000000000000000000000000000000000000000000000000000000000
853	378794527	378812228	stop	60 fd 40	acks=000
854	378814793	379560819	stop	60 18 00 7f 7f 7f 00 7f 7f 00 00 00 00 00 7f 00 00 7f 7f 00 7f 00 00 00 7f 00 00 7f 00 7f 7f 00 00 7f 00 00 00 7f 00 00 00 00 00 00 00 00 00 00 00 00 00 00 00 7f 00 00 00 00 00 00 00 7f 00 00 00 7f 00 00 00 7f 7f 00 00 00 00 00 00 7f 00 00 00 00 00 00 00 00 00 00 00 00 00 00 00 00 00 7f 00 00 7f 00 00 00 7f 00 00 00 00 00 00 00 00 00 00 00 7f 00 00 7f 7f 00 00 00 00 00 7f 7f 00 7f 7f 00 00 7f 00 00	acks=00000000000000000000000000000000000000000000000000000000000000000000000000000000000000000000000000000000000000000000000000000000000000
855	379567863	379585559	stop	60 fd 40	acks=000
856	379588124	380334274	stop	60 18 7f 00 7f 7f 00 7f 7f 00 00 00 00 00 00 00 00 7f 7f 00 7f 00 00 00 00 00 00 7f 00 7f 7f 00 00 7f 00 00 00 7f 00 00 00 00 00 00 00 00 00 00 00 00 00 00 00 7f 00 00 00 00 00 00 00 7f 00 00 00 7f 7f 00 00 7f 7f 00 7f 00 00 00 00 7f 00 00 00 00 00 00 00 00 00 00 00 00 00 00 00 00 00 00 00 00 00 00 00 00 7f 00 00 00 00 7f 00 00 00 00 7f 00 7f 00 00 7f 7f 00 7f 00 00 7f 7f 7f 00 00 00 00 00 7f 00 00	acks=00000000000000000000000000000000000000000000000000000000000000000000000000000000000000000000000000000000000000000000000000000000000000
857	381345857	381363560	stop	60 fd 40	acks=000
858	381366124	382102475	stop	60 18 7f 00 00 00 00 00 00 00 00 00 00 00 00 00 00 7f 7f 7f 7f 00 00 00 00 00 00 7f 00 7f 7f 00 00 7f 00 00 00 7f 00 00 7f 00 00 00 00 00 00 00 00 00 7f 00 00 00 00 00 00 00 00 00 00 00 00 00 00 00 7f 00 00 7f 7f 00 7f 00 00 00 00 7f 00 00 00 00 00 00 00 00 00 00 00 00 00 00 00 7f 7f 00 00 00 00 00 00 00 7f 00 00 7f 00 7f 00 7f 00 00 7f 00 7f 00 00 7f 7f 00 7f 00 00 7f 7f 7f 00 00 00 00 00 7f 00 00	acks=00000000000000000000000000000000000000000000000000000000000000000000000000000000000000000000000000000000000000000000000000000000000000
859	382109748	382127453	stop	60 fd 40	acks=000
860	382130018	382876037	stop	60 18 7f 00 00 00 00 00 00 00 00 00 00 00 00 00 00 00 7f 7f 00 00 00 00 00 00 00 00 00 7f 00 00 00 00 00 00 00 00 00 00 7f 00 00 00 00 00 00 00 00 00 7f 00 00 00 00 7f 00 00 7f 00 00 00 00 00 00 00 7f 00 00 7f 7f 00 7f 00 00 00 00 7f 00 00 00 00 00 00 00 00 00 00 00 00 00 7f 00 7f 7f 00 00 00 00 00 00 00 00 00 00 7f 00 7f 00 7f 7f 00 7f 00 7f 00 00 7f 7f 00 7f 00 00 7f 7f 7f 7f 00 00 7f 7f 7f 00 00	acks=00000000000000000000000000000000000000000000000000000000000000000000000000000000000000000000000000000000000000000000000000000000000000
861	382883078	382900767	stop	60 fd 40	acks=000
862	382903332	383649346	stop	60 18 7f 00 00 00 00 00 00 00 00 00 00 7f 00 00 00 00 7f 7f 00 00 7f 00 00 7f 00 00 00 7f 00 00 00 00 00 00 00 00 00 00 7f 00 00 00 00 00 00 00 00 00 7f 7f 00 00 00 7f 00 7f 7f 00 00 00 00 00 00 00 7f 00 00 7f 7f 00 00 00 00 00 7f 7f 00 00 00 00 00 00 00 00 00 00 00 00 00 7f 00 7f 7f 00 00 00 00 7f 00 00 00 00 00 7f 00 00 00 7f 7f 00 00 00 7f 00 00 00 7f 00 00 00 00 00 7f 7f 7f 00 00 7f 7f 00 00 00	acks=00000000000000000000000000000000000000000000000000000000000000000000000000000000000000000000000000000000000000000000000000000000000000
863	384661434	384679133	stop	60 fd 40	acks=000
864	384681697	385427821	stop	60 18 7f 00 00 00 00 7f 00 00 00 00 00 7f 00 00 00 00 7f 00 00 00 7f 00 00 7f 00 00 00 7f 00 00 00 00 00 00 00 00 00 00 7f 7f 00 00 00 00 00 00 00 00 00 7f 00 00 00 7f 00 7f 7f 00 00 00 00 00 00 00 7f 00 00 7f 7f 00 00 7f 00 00 7f 00 00 00 00 00 7f 00 00 00 00 00 00 00 00 7f 00 00 00 00 7f 00 00 7f 00 00 00 00 00 00 00 00 00 00 7f 00 00 00 7f 00 7f 00 7f 00 00 7f 00 00 7f 7f 7f 00 00 7f 7f 00 00 00	acks=00000000000000000000000000000000000000000000000000000000000000000000000000000000000000000000000000000000000000000000000000000000000000
865	385435030	385452734	stop	60 fd 40	acks=000
866	385455298	386201209	stop	60 18 7f 00 00 00 00 7f 00 00 00 00 00 7f 00 00 00 00 7f 00 00 00 7f 00 00 7f 00 00 00 7f 00 00 00 00 00 00 00 00 00 00 7f 7f 00 00 00 00 00 00 00 00 00 7f 00 00 00 00 00 7f 00 00 00 00 00 00 00 00 7f 00 00 7f 7f 00 00 7f 00 00 7f 00 00 00 00 00 7f 00 00 00 00 00 00 00 00 00 00 00 00 00 7f 00 00 7f 00 00 00 00 00 00 00 00 00 00 00 00 00 00 00 00 7f 00 7f 00 00 7f 00 00 7f 7f 00 00 00 7f 00 00 00 00	acks=00000000000000000000000000000000000000000000000000000000000000000000000000000000000000000000000000000000000000000000000000000000000000
867	386208248	386225938	stop	60 fd 40	acks=000
868	386228501	386974500	stop	60 18 7f 00 00 00 7f 7f 00 7f 7f 00 00 00 7f 00 00 00 7f 00 00 00 00 00 00 7f 00 00 00 7f 00 00 00 00 00 00 00 00 00 00 7f 7f 00 00 00 00 00 00 00 00 00 00 00 00 7f 00 00 7f 00 00 00 00 00 00 00 00 00 00 7f 7f 7f 00 00 7f 00 00 00 00 00 00 00 00 7f 00 00 00 00 00 00 00 00 00 00 00 00 00 7f 00 00 00 00 00 00 00 00 00 00 00 00 00 00 00 00 7f 00 00 7f 00 7f 00 00 7f 00 00 00 7f 00 00 00 7f 00 00 00 00	acks=00000000000000000000000000000000000000000000000000000000000000000000000000000000000000000000000000000000000000000000000000000000000000
869	387987754	388005451	stop	60 fd 40	acks=000
870	388008015	388754033	stop	60 18 7f 00 00 00 7f 7f 00 7f 7f 00 00 00 7f 00 00 00 7f 00 00 00 00 00 00 7f 00 00 00 7f 00 00 00 00 00 00 00 00 7f 00 7f 00 00 00 00 00 00 00 00 00 00 00 00 00 7f 00 00 7f 00 00 00 00 7f 00 00 00 00 00 7f 7f 7f 00 00 00 00 7f 00 7f 00 00 00 00 00 00 00 00 00 00 00 00 00 00 00 00 00 00 00 00 00 00 00 00 00 7f 00 00 00 00 00 00 00 00 00 7f 00 7f 00 00 00 7f 00 00 00 00 00 7f 00 00 00 7f 00 00 00 00	acks=00000000000000000000000000000000000000000000000000000000000000000000000000000000000000000000000000000000000000000000000000000000000000
871	388761240	388778934	stop	60 fd 40	acks=000
872	388781498	389527496	stop	60 18 7f 00 00 00 7f 7f 00 7f 7f 00 00 00 7f 00 00 00 7f 00 00 00 00 00 00 7f 00 00 00 7f 00 00 00 7f 00 00 00 00 7f 00 7f 00 00 00 00 00 00 00 00 00 00 00 00 00 7f 00 00 7f 00 00 00 00 7f 00 00 00 00 00 7f 7f 7f 00 00 00 00 7f 00 7f 00 00 00 00 00 00 7f 00 00 00 00 00 00 00 00 00 00 00 00 00 00 00 00 00 00 7f 00 00 00 00 00 00 00 00 00 7f 00 7f 00 00 00 7f 00 00 00 00 00 00 00 00 00 7f 00 00 00 00	acks=00000000000000000000000000000000000000000000000000000000000000000000000000000000000000000000000000000000000000000000000000000000000000
873	389534546	389552252	stop	60 fd 40	acks=000
874	389554818	390300802	stop	60 18 00 7f 00 00 7f 7f 00 00 00 7f 00 00 7f 00 7f 00 7f 00 00 7f 00 00 7f 7f 00 00 00 7f 00 00 00 7f 00 00 00 00 7f 00 7f 00 00 00 00 00 00 00 00 00 00 00 00 00 00 00 00 00 00 00 00 00 7f 00 00 00 00 00 00 7f 7f 00 00 00 00 7f 00 7f 00 00 00 00 00 00 7f 00 00 00 00 00 7f 00 00 00 00 7f 00 00 7f 00 00 7f 00 7f 00 00 00 00 00 00 00 00 00 00 00 7f 00 00 00 7f 00 00 00 00 00 00 00 7f 7f 7f 00 7f 00 00	acks=00000000000000000000000000000000000000000000000000000000000000000000000000000000000000000000000000000000000000000000000000000000000000
875	391312412	391330101	stop	60 fd 40	acks=000
876	391332663	392078566	stop	60 18 00 7f 00 00 7f 7f 00 00 00 7f 00 00 7f 00 7f 00 00 00 00 7f 00 00 7f 7f 00 00 7f 7f 00 00 7f 7f 00 00 00 00 00 00 7f 00 00 00 7f 00 00 00 00 7f 00 00 00 00 00 00 00 00 00 00 00 00 00 00 00 00 00 00 00 7f 7f 00 00 00 00 00 00 7f 00 00 00 00 00 00 7f 00 00 00 7f 00 7f 00 7f 00 00 7f 00 00 7f 00 00 7f 00 00 00 00 00 00 00 00 00 00 00 00 00 00 00 00 7f 00 00 00 00 00 00 00 00 7f 7f 7f 00 7f 00 00	acks=00000000000000000000000000000000000000000000000000000000000000000000000000000000000000000000000000000000000000000000000000000000000000
877	392085772	392103461	stop	60 fd 40	acks=000
878	392106026	392842662	stop	60 18 00 7f 00 00 7f 7f 00 00 00 7f 00 00 7f 00 7f 00 00 00 00 7f 00 00 7f 7f 00 00 7f 00 00 00 7f 7f 00 00 7f 00 00 00 7f 00 00 00 7f 00 00 7f 00 7f 00 00 00 00 00 00 00 00 00 00 00 00 00 7f 00 00 00 00 00 7f 7f 00 00 00 00 00 00 7f 00 00 7f 00 00 00 7f 00 7f 7f 7f 00 7f 00 7f 00 00 7f 00 00 7f 00 00 7f 00 00 00 00 00 00 00 00 00 00 00 00 7f 00 00 00 7f 00 00 00 00 00 00 00 00 7f 7f 7f 00 7f 00 00	acks=00000000000000000000000000000000000000000000000000000000000000000000000000000000000000000000000000000000000000000000000000000000000000
879	392849765	392867458	stop	60 fd 40	acks=000
880	392870023	393615868	stop	60 18 00 00 00 00 00 7f 00 00 00 00 00 00 7f 00 00 00 00 00 00 00 00 00 00 00 00 00 7f 00 00 00 7f 7f 00 00 7f 00 00 00 7f 00 00 00 7f 00 00 7f 00 7f 00 00 00 00 00 00 00 00 00 00 00 00 00 7f 00 00 00 00 00 7f 7f 00 7f 00 00 00 00 7f 00 00 7f 00 00 00 7f 00 7f 7f 7f 00 00 00 7f 00 00 00 00 00 7f 00 00 00 00 00 00 00 00 7f 00 00 00 00 7f 00 7f 00 00 7f 7f 00 7f 00 00 7f 7f 00 00 00 00 7f 00 00 00 00	acks=00000000000000000000000000000000000000000000000000000000000000000000000000000000000000000000000000000000000000000000000000000000000000
881	394627995	394645699	stop	60 fd 40	acks=000
882	394648263	395394259	stop	60 18 00 00 00 00 00 7f 00 00 00 00 00 00 7f 00 00 00 7f 00 00 00 00 00 00 00 00 00 00 00 00 7f 00 7f 00 7f 7f 00 00 00 7f 00 00 00 00 00 7f 7f 00 00 00 00 00 00 00 00 00 00 00 7f 00 00 00 7f 00 00 00 00 00 00 7f 00 7f 00 00 00 00 7f 00 7f 7f 00 00 00 7f 00 7f 7f 00 00 00 00 00 00 00 00 00 00 7f 00 00 00 00 00 00 00 7f 7f 00 00 00 00 7f 00 7f 00 00 7f 7f 00 7f 00 00 7f 7f 00 00 00 00 7f 00 00 00 00	acks=00000000000000000000000000000000000000000000000000000000000000000000000000000000000000000000000000000000000000000000000000000000000000
883	395401465	395419157	stop	60 fd 40	acks=000
884	395421721	396167557	stop	60 18 00 00 00 00 00 7f 00 00 00 00 00 00 7f 7f 00 00 7f 00 00 00 00 00 00 00 00 00 00 00 00 7f 00 7f 00 7f 00 00 00 00 7f 00 00 00 00 00 7f 00 00 00 00 00 7f 00 00 00 00 00 00 7f 7f 00 00 7f 00 00 00 00 00 00 00 00 7f 00 7f 00 00 7f 00 7f 00 00 00 00 00 00 00 00 00 00 00 00 00 00 00 00 00 7f 7f 00 00 00 00 00 00 00 7f 7f 7f 00 00 00 7f 00 7f 00 00 7f 7f 00 7f 00 00 7f 7f 7f 00 00 00 7f 00 00 00 00	acks=00000000000000000000000000000000000000000000000000000000000000000000000000000000000000000000000000000000000000000000000000000000000000
885	396174598	396192288	stop	60 fd 40	acks=000
886	396194852	396940841	stop	60 18 7f 00 00 00 00 7f 00 00 00 00 00 7f 00 7f 00 00 7f 00 00 00 7f 00 00 00 00 00 00 00 00 7f 00 7f 00 7f 00 00 00 00 7f 00 00 00 00 00 7f 00 00 00 00 7f 7f 00 00 00 00 00 00 7f 7f 00 00 7f 00 00 7f 00 00 00 00 00 00 00 7f 00 7f 7f 00 7f 00 00 00 00 00 00 00 00 00 00 00 00 00 00 00 00 00 7f 00 7f 00 00 00 00 00 00 7f 7f 7f 00 00 00 00 00 7f 00 00 00 7f 00 00 00 00 00 00 7f 00 7f 00 7f 00 00 00 00	acks=00000000000000000000000000000000000000000000000000000000000000000000000000000000000000000000000000000000000000000000000000000000000000
887	397952785	397970486	stop	60 fd 40	acks=000
888	397973050	398718975	stop	60 18 7f 00 7f 7f 00 7f 7f 00 00 00 00 7f 00 7f 00 00 7f 00 00 00 7f 00 00 00 00 00 00 00 00 00 00 7f 00 00 00 00 00 00 00 00 00 00 00 00 00 00 00 00 00 7f 7f 7f 00 00 00 00 00 00 7f 7f 00 7f 00 7f 7f 00 00 7f 00 00 00 00 7f 00 7f 7f 00 00 00 00 00 00 00 00 00 00 00 00 00 00 00 00 00 00 00 7f 00 7f 00 00 00 00 00 00 00 7f 7f 00 00 00 00 00 7f 00 00 00 7f 00 00 00 00 00 00 7f 00 7f 00 7f 00 00 00 00	acks=00000000000000000000000000000000000000000000000000000000000000000000000000000000000000000000000000000000000000000000000000000000000000
889	398726182	398743885	stop	60 fd 40	acks=000
890	398746451	399492225	stop	60 18 7f 00 7f 7f 00 7f 7f 00 00 00 00 7f 00 00 00 00 7f 00 00 00 7f 00 00 00 00 00 00 7f 00 00 00 00 00 00 00 00 00 7f 00 00 00 00 00 00 00 00 00 00 00 7f 00 7f 00 00 00 00 00 00 7f 7f 00 00 7f 7f 7f 00 00 7f 00 7f 00 00 00 00 7f 7f 00 00 00 00 00 7f 00 7f 00 00 00 00 00 00 00 00 00 00 00 00 00 7f 00 00 00 00 7f 00 00 7f 00 00 00 00 00 00 7f 00 00 00 7f 00 00 00 00 00 00 7f 00 7f 00 00 00 00 00 00	acks=00000000000000000000000000000000000000000000000000000000000000000000000000000000000000000000000000000000000000000000000000000000000000
891	399499267	399516960	stop	60 fd 40	acks=000
892	399519523	400265241	stop	60 18 00 00 7f 7f 00 7f 7f 7f 7f 00 00 00 00 00 00 00 7f 00 00 00 00 00 7f 7f 00 00 00 7f 00 00 00 00 00 00 00 00 00 7f 00 00 00 00 00 00 00 00 00 00 00 00 00 7f 7f 00 00 7f 00 00 7f 7f 00 00 7f 7f 00 00 7f 7f 00 7f 7f 00 00 00 7f 7f 00 00 00 00 00 7f 00 7f 00 00 00 00 00 00 00 00 00 00 00 00 00 00 00 00 00 00 7f 00 00 00 00 00 00 00 00 7f 7f 00 00 00 7f 00 00 00 00 00 00 7f 00 00 00 00 00 00 00 00	acks=00000000000000000000000000000000000000000000000000000000000000000000000000000000000000000000000000000000000000000000000000000000000000
893	401277442	401295133	stop	60 fd 40	acks=000
894	401297695	402043639	stop	60 18 00 00 00 00 00 00 00 7f 7f 00 00 00 00 00 00 00 7f 7f 00 00 00 00 7f 7f 00 00 00 7f 00 00 00 00 00 00 00 00 00 7f 7f 00 00 00 00 00 00 00 00 00 7f 00 00 00 7f 00 00 7f 00 00 7f 00 00 00 7f 00 00 00 7f 7f 00 7f 7f 00 00 00 7f 7f 00 00 00 00 00 7f 00 7f 00 00 00 00 00 00 00 7f 7f 00 00 00 00 00 00 00 00 00 7f 7f 00 00 00 7f 00 00 00 7f 7f 00 00 00 7f 00 00 00 00 00 00 7f 00 00 00 00 00 00 00 00	acks=00000000000000000000000000000000000000000000000000000000000000000000000000000000000000000000000000000000000000000000000000000000000000
895	402050850	402068554	stop	60 fd 40	acks=000
896	402071119	402810786	stop	60 18 00 00 00 00 00 00 00 7f 7f 00 00 00 00 00 00 7f 7f 7f 00 00 00 00 7f 7f 7f 00 00 7f 00 00 00 00 00 00 00 00 00 7f 7f 00 7f 7f 00 00 00 00 7f 00 7f 00 00 00 7f 00 00 7f 00 00 00 00 00 00 00 00 00 00 7f 7f 7f 00 7f 00 00 00 7f 7f 00 00 00 7f 00 00 00 00 00 00 00 00 00 00 00 7f 7f 00 00 00 00 00 00 00 00 00 00 7f 00 00 00 7f 00 00 00 7f 00 00 00 00 7f 00 00 00 00 00 00 7f 00 00 00 00 00 00 00 00	acks=00000000000000000000000000000000000000000000000000000000000000000000000000000000000000000000000000000000000000000000000000000000000000
897	402817891	402835589	stop	60 fd 40	acks=000
898	402838155	403584624	stop	60 18 00 7f 00 00 7f 00 00 00 7f 7f 00 00 7f 00 7f 7f 7f 7f 00 7f 00 00 7f 00 7f 00 00 7f 00 00 00 00 00 00 00 00 00 7f 7f 00 7f 7f 00 00 00 00 7f 00 7f 7f 00 00 00 00 00 00 00 00 00 00 00 00 00 00 00 00 00 7f 7f 00 00 00 00 00 00 7f 00 00 00 7f 00 00 00 00 00 00 00 00 7f 00 00 7f 7f 7f 00 00 7f 00 00 7f 00 00 00 7f 00 00 00 7f 00 00 7f 00 00 00 00 00 7f 00 00 00 00 00 00 7f 00 7f 7f 00 00 7f 00 00	acks=00000000000000000000000000000000000000000000000000000000000000000000000000000000000000000000000000000000000000000000000000000000000000
899	404597603	404615307	stop	60 fd 40	acks=000
900	404617871	405364433	stop	60 18 00 7f 00 00 7f 00 00 00 7f 7f 00 00 7f 00 7f 7f 7f 00 00 7f 00 00 7f 00 7f 00 00 7f 00 00 00 00 00 00 00 00 00 7f 7f 00 7f 7f 00 00 00 00 7f 00 00 7f 00 00 00 00 00 00 00 00 00 00 00 00 00 00 00 00 00 7f 7f 00 00 00 00 00 00 00 00 00 00 7f 00 00 00 00 00 00 00 00 7f 00 00 00 00 7f 00 00 7f 00 00 7f 00 00 00 00 00 00 00 00 00 00 7f 00 00 00 00 00 7f 00 00 00 00 00 00 7f 00 7f 7f 00 00 7f 00 00	acks=00000000000000000000000000000000000000000000000000000000000000000000000000000000000000000000000000000000000000000000000000000000000000
901	405371646	405389352	stop	60 fd 40	acks=000
902	405391918	406138217	stop	60 18 00 7f 00 00 7f 00 00 00 7f 7f 00 00 7f 00 7f 7f 7f 00 7f 7f 00 00 7f 00 00 7f 00 7f 7f 00 00 7f 00 00 7f 7f 00 00 7f 00 00 00 00 00 00 7f 00 00 00 7f 00 00 00 00 00 00 7f 00 00 00 00 00 00 00 00 00 00 7f 7f 00 00 00 00 00 00 00 00 00 7f 00 00 00 7f 00 7f 7f 00 00 7f 00 00 00 00 7f 00 00 7f 00 00 7f 7f 00 00 00 00 00 00 00 00 00 7f 00 00 00 00 00 7f 00 00 00 00 00 00 00 00 7f 7f 7f 00 7f 00 00	acks=00000000000000000000000000000000000000000000000000000000000000000000000000000000000000000000000000000000000000000000000000000000000000
903	406145265	406162970	stop	60 fd 40	acks=000
904	406165536	406911990	stop	60 18 00 00 00 00 00 00 00 00 00 00 00 00 00 00 00 7f 7f 00 7f 00 7f 00 00 00 00 7f 00 7f 7f 00 00 7f 00 00 7f 7f 00 00 7f 00 00 00 00 00 00 7f 00 00 00 00 00 00 7f 00 00 00 7f 00 00 00 00 00 00 00 00 00 00 7f 7f 00 7f 00 00 00 00 00 00 00 7f 00 00 00 7f 00 7f 7f 00 00 00 00 00 00 00 00 00 00 00 00 00 7f 7f 00 00 00 00 7f 00 00 00 00 7f 00 00 00 00 7f 7f 00 7f 00 00 7f 7f 00 00 00 00 7f 00 00 00 00	acks=00000000000000000000000000000000000000000000000000000000000000000000000000000000000000000000000000000000000000000000000000000000000000
905	407923918	407941613	stop	60 fd 40	acks=000
906	407944176	408690478	stop	60 18 00 00 00 00 00 7f 00 00 00 00 00 00 00 00 00 7f 7f 00 7f 00 7f 00 00 00 00 7f 00 7f 7f 00 00 7f 00 00 7f 7f 00 00 7f 00 00 00 00 00 00 7f 00 00 00 00 00 00 7f 00 00 00 7f 00 00 00 00 00 00 00 00 00 00 7f 7f 00 7f 7f 00 00 00 00 00 00 7f 00 00 00 7f 00 7f 7f 00 00 00 00 00 00 00 00 00 00 00 00 00 7f 7f 00 00 00 00 7f 00 00 00 00 7f 00 00 00 00 7f 00 00 7f 00 00 7f 7f 00 00 00 00 7f 00 00 00 00	acks=00000000000000000000000000000000000000000000000000000000000000000000000000000000000000000000000000000000000000000000000000000000000000
907	408697687	408715384	stop	60 fd 40	acks=000
908	408717949	409464036	stop	60 18 00 00 00 00 00 7f 00 00 00 00 00 00 00 7f 00 00 7f 00 00 00 7f 00 00 00 00 00 00 00 00 00 00 00 00 00 00 00 00 00 7f 00 00 00 00 00 00 00 00 00 00 00 7f 00 7f 7f 00 00 7f 00 00 00 00 7f 00 00 00 00 00 7f 7f 00 7f 7f 7f 00 00 00 00 00 00 00 00 00 00 00 00 7f 00 00 00 7f 00 00 00 00 00 7f 00 00 00 7f 00 00 00 00 00 7f 7f 00 7f 00 7f 00 7f 00 00 7f 00 00 7f 00 00 7f 7f 00 7f 00 00 7f 7f 00 00 00	acks=00000000000000000000000000000000000000000000000000000000000000000000000000000000000000000000000000000000000000000000000000000000000000
909	409471084	409488783	stop	60 fd 40	acks=000
910	409491347	410237392	stop	60 18 7f 7f 00 00 00 7f 00 00 00 00 00 7f 00 7f 7f 00 7f 00 00 00 7f 00 7f 00 00 00 00 00 00 00 00 00 00 00 00 00 00 00 7f 00 00 00 00 00 00 00 00 00 00 7f 7f 00 00 7f 00 00 7f 00 00 00 00 7f 00 00 7f 00 00 7f 7f 00 00 7f 7f 00 7f 00 00 00 00 00 00 00 00 00 00 7f 00 00 00 7f 00 00 00 00 00 7f 7f 7f 00 00 00 00 00 00 00 00 7f 00 7f 00 00 7f 7f 00 00 00 00 00 00 00 00 00 00 00 7f 7f 7f 7f 7f 00 00 00	acks=00000000000000000000000000000000000000000000000000000000000000000000000000000000000000000000000000000000000000000000000000000000000000
911	411250108	411267810	stop	60 fd 40	acks=000
912	411270374	412016847	stop	60 18 7f 7f 00 00 00 7f 00 00 00 00 00 7f 00 7f 7f 00 00 00 00 00 7f 00 7f 00 00 00 00 00 00 00 00 00 00 00 00 00 00 00 7f 7f 00 00 00 00 00 00 00 00 00 7f 7f 00 00 7f 00 00 7f 00 00 00 7f 7f 00 00 7f 00 00 7f 7f 00 00 7f 7f 00 7f 7f 00 00 00 00 7f 00 00 00 00 7f 00 00 00 7f 00 00 00 00 7f 7f 7f 7f 00 00 00 00 00 00 00 00 7f 00 7f 00 00 7f 7f 00 7f 00 00 00 00 7f 00 00 00 00 7f 7f 7f 7f 7f 00 00 00	acks=00000000000000000000000000000000000000000000000000000000000000000000000000000000000000000000000000000000000000000000000000000000000000
913	412024063	412041771	stop	60 fd 40	acks=000
914	412044338	412785360	stop	60 18 7f 7f 00 00 00 7f 00 00 00 00 00 7f 00 00 7f 00 00 00 00 00 7f 00 7f 00 00 00 00 00 00 00 00 00 00 00 00 00 00 00 7f 7f 00 00 00 00 00 7f 00 00 00 7f 00 00 00 00 00 00 00 00 7f 00 7f 00 7f 00 7f 00 00 7f 00 7f 00 7f 00 00 7f 7f 00 00 00 00 7f 7f 00 7f 00 00 00 00 00 00 00 00 00 00 7f 00 7f 7f 00 00 00 00 7f 00 00 00 7f 00 00 00 00 7f 00 00 7f 00 00 00 00 7f 00 00 00 7f 00 7f 7f 7f 00 00 00 00	acks=00000000000000000000000000000000000000000000000000000000000000000000000000000000000000000000000000000000000000000000000000000000000000
915	412792469	412810171	stop	60 fd 40	acks=000
916	412812737	413559175	stop	60 18 00 00 00 00 00 7f 00 7f 7f 00 00 00 00 00 00 00 00 00 00 7f 00 00 00 7f 00 00 00 00 00 00 00 00 00 00 00 00 00 00 7f 7f 00 00 00 00 00 7f 00 00 00 00 00 00 7f 00 00 7f 00 00 7f 00 7f 00 7f 00 00 00 7f 7f 00 7f 7f 7f 00 00 00 7f 00 00 00 00 7f 7f 00 7f 00 00 00 00 00 00 00 00 00 7f 7f 00 00 00 00 00 00 00 7f 00 00 7f 7f 00 00 00 7f 7f 00 00 7f 7f 00 00 00 7f 00 7f 00 7f 00 00 00 7f 00 7f 00 00	acks=00000000000000000000000000000000000000000000000000000000000000000000000000000000000000000000000000000000000000000000000000000000000000
917	414571793	414589503	stop	60 fd 40	acks=000
918	414592067	415338262	stop	60 18 00 00 00 00 00 7f 00 7f 7f 00 00 00 00 00 00 00 00 00 00 7f 00 00 00 7f 00 00 7f 00 00 00 00 00 00 00 00 00 7f 00 7f 00 00 00 00 00 00 7f 00 00 00 00 00 00 7f 00 00 7f 00 00 7f 00 7f 00 7f 00 00 00 7f 00 00 7f 7f 00 00 7f 00 7f 00 00 00 00 00 7f 00 7f 00 00 00 00 00 00 00 00 00 7f 00 00 00 00 00 00 00 7f 7f 00 00 7f 7f 00 00 00 7f 7f 00 7f 00 7f 7f 7f 00 00 00 7f 00 7f 00 00 00 7f 00 7f 00 00	acks=00000000000000000000000000000000000000000000000000000000000000000000000000000000000000000000000000000000000000000000000000000000000000
919	415345470	415363165	stop	60 fd 40	acks=000
920	415365729	416111797	stop	60 18 00 00 00 00 00 7f 00 7f 7f 00 00 00 00 00 00 00 00 00 00 7f 00 00 00 7f 7f 00 7f 7f 00 00 00 00 00 00 7f 00 7f 7f 7f 00 7f 7f 00 00 00 00 7f 00 00 00 7f 00 7f 00 00 7f 00 00 00 00 7f 00 00 00 00 00 7f 00 00 00 7f 00 00 7f 00 7f 00 00 00 7f 00 00 00 00 00 00 00 00 00 00 00 00 00 7f 00 00 00 00 00 00 00 7f 7f 00 00 7f 00 00 00 00 7f 7f 00 7f 00 7f 7f 7f 00 00 00 7f 00 00 00 00 00 00 00 7f 00 00	acks=00000000000000000000000000000000000000000000000000000000000000000000000000000000000000000000000000000000000000000000000000000000000000
921	416118845	416136549	stop	60 fd 40	acks=000
922	416139114	416885392	stop	60 18 00 00 00 00 7f 7f 00 00 00 7f 00 7f 7f 00 7f 00 00 00 00 7f 7f 00 00 00 7f 00 7f 7f 00 00 00 00 00 00 7f 00 7f 7f 7f 00 7f 7f 00 00 00 00 7f 00 00 7f 7f 00 00 00 00 00 00 00 00 00 7f 00 00 00 7f 00 00 00 00 00 00 00 00 7f 7f 7f 00 00 00 7f 00 00 00 00 00 00 00 00 7f 00 00 00 00 7f 00 00 00 00 00 7f 00 7f 7f 00 00 00 00 00 00 00 00 00 00 7f 00 00 7f 7f 7f 00 00 00 7f 00 00 7f 00 00 00 7f 00 00	acks=00000000000000000000000000000000000000000000000000000000000000000000000000000000000000000000000000000000000000000000000000000000000000
923	417898038	417915740	stop	60 fd 40	acks=000
924	417918304	418650758	stop	60 18 00 00 00 00 7f 00 00 00 00 7f 00 7f 7f 00 7f 00 7f 00 00 7f 7f 00 00 00 7f 00 7f 7f 00 00 7f 00 00 00 7f 00 00 7f 00 00 7f 7f 7f 00 00 00 7f 7f 00 7f 7f 00 00 00 00 00 00 7f 00 00 00 00 00 00 7f 00 00 00 00 00 00 00 00 00 7f 7f 00 00 00 7f 00 00 00 00 00 00 7f 00 7f 00 7f 00 00 7f 00 00 00 00 00 7f 00 00 7f 00 00 00 00 00 00 00 00 00 00 00 00 00 7f 00 7f 00 00 00 7f 00 00 7f 00 00 00 7f 00 00	acks=00000000000000000000000000000000000000000000000000000000000000000000000000000000000000000000000000000000000000000000000000000000000000
925	418658027	418675727	stop	60 fd 40	acks=000
926	418678293	419424533	stop	60 18 00 00 00 00 7f 00 00 00 00 7f 00 7f 7f 7f 7f 7f 7f 00 7f 7f 7f 00 00 00 00 7f 7f 00 7f 00 7f 7f 00 00 7f 7f 00 00 00 00 00 7f 7f 00 00 7f 00 7f 00 7f 00 00 00 00 00 00 00 7f 00 00 00 00 00 00 7f 00 00 00 7f 00 00 00 00 00 7f 7f 00 00 7f 00 00 7f 7f 00 7f 7f 7f 00 7f 00 7f 00 00 7f 00 00 00 00 00 7f 7f 00 00 00 00 00 00 00 00 00 00 00 00 00 00 00 7f 00 7f 00 00 00 7f 00 00 7f 00 00 00 7f 00 00	acks=00000000000000000000000000000000000000000000000000000000000000000000000000000000000000000000000000000000000000000000000000000000000000
927	419431574	419449270	stop	60 fd 40	acks=000
928	419451836	420197967	stop	60 18 7f 00 00 00 00 00 00 00 7f 00 00 00 00 7f 00 7f 7f 00 7f 00 00 00 00 00 00 7f 7f 00 7f 00 7f 7f 00 00 7f 7f 00 00 00 00 00 7f 7f 00 00 7f 00 7f 00 00 00 00 7f 00 00 7f 00 7f 00 00 00 00 00 00 00 00 7f 00 7f 00 7f 00 00 00 00 7f 00 00 7f 00 00 7f 7f 00 7f 7f 7f 00 00 00 7f 00 00 7f 00 00 00 7f 00 00 7f 00 00 00 00 00 00 00 00 00 00 7f 00 00 00 00 7f 00 7f 00 00 00 7f 00 00 7f 00 00 00 7f 00 00	acks=00000000000000000000000000000000000000000000000000000000000000000000000000000000000000000000000000000000000000000000000000000000000000
929	421210570	421228281	stop	60 fd 40	acks=000
930	421230847	421977481	stop	60 18 7f 00 00 00 00 00 00 00 7f 00 00 00 00 7f 00 7f 7f 00 7f 00 00 00 00 00 00 7f 00 00 7f 7f 00 7f 00 7f 7f 7f 00 00 00 00 00 7f 00 00 7f 7f 00 00 00 00 00 00 7f 00 00 7f 00 7f 00 7f 00 00 00 00 00 00 7f 7f 7f 00 7f 00 00 00 00 00 00 7f 7f 00 00 7f 7f 00 7f 7f 00 00 00 00 00 00 00 7f 00 00 00 7f 00 00 7f 00 00 00 7f 00 00 00 00 00 00 7f 00 00 00 00 7f 00 7f 00 00 00 7f 00 00 7f 00 00 00 7f 00 00	acks=00000000000000000000000000000000000000000000000000000000000000000000000000000000000000000000000000000000000000000000000000000000000000
931	421984697	422002408	stop	60 fd 40	acks=000
932	422004975	422751510	stop	60 18 7f 00 00 00 00 00 00 00 7f 00 00 00 00 7f 00 00 7f 00 00 00 00 00 00 00 00 00 00 00 00 7f 00 00 00 7f 00 00 00 00 00 00 00 00 00 00 7f 00 7f 00 00 00 7f 00 7f 7f 00 7f 7f 7f 00 7f 00 7f 00 00 00 00 7f 7f 00 7f 7f 00 7f 00 00 00 00 7f 00 00 00 00 00 00 00 00 00 00 00 7f 00 00 00 7f 00 7f 00 7f 00 00 7f 00 00 00 7f 00 7f 00 7f 00 00 7f 7f 00 00 00 7f 00 7f 00 00 00 7f 00 7f 7f 00 7f 7f 7f 00 00	acks=00000000000000000000000000000000000000000000000000000000000000000000000000000000000000000000000000000000000000000000000000000000000000
933	422758558	422776260	stop	60 fd 40	acks=000
934	422778825	423514689	stop	60 18 7f 7f 00 00 7f 00 00 7f 00 7f 00 00 00 7f 7f 00 7f 00 00 7f 00 00 7f 7f 00 00 00 00 00 7f 00 00 00 7f 00 00 00 00 00 00 00 00 00 00 7f 00 7f 00 00 7f 7f 00 00 7f 00 00 7f 7f 00 7f 00 7f 00 00 00 00 00 7f 00 7f 7f 00 7f 00 00 00 00 7f 00 00 00 00 00 00 00 00 00 00 00 7f 00 00 00 00 00 7f 00 7f 00 7f 7f 00 00 00 7f 00 7f 00 7f 00 00 00 7f 00 00 00 7f 00 7f 00 00 00 7f 00 7f 7f 7f 7f 7f 7f 00 00	acks=00000000000000000000000000000000000000000000000000000000000000000000000000000000000000000000000000000000000000000000000000000000000000
935	424526152	424543856	stop	60 fd 40	acks=000
936	424546420	425292416	stop	60 18 7f 7f 7f 7f 7f 7f 7f 7f 00 7f 00 00 00 7f 7f 00 7f 00 00 7f 00 00 7f 7f 00 00 00 00 00 00 00 00 00 00 00 00 00 00 7f 7f 00 00 00 00 00 00 7f 00 7f 7f 7f 7f 00 7f 00 00 7f 00 00 7f 00 7f 00 7f 00 00 00 7f 00 7f 7f 7f 7f 00 00 00 00 00 00 00 7f 00 00 00 00 00 00 00 00 7f 00 00 00 00 7f 7f 00 7f 00 7f 7f 00 00 00 00 00 7f 00 7f 00 00 00 7f 00 7f 00 00 00 7f 7f 00 00 7f 00 7f 7f 7f 7f 7f 7f 00 00	acks=00000000000000000000000000000000000000000000000000000000000000000000000000000000000000000000000000000000000000000000000000000000000000
937	425299630	425317334	stop	60 fd 40	acks=000
938	425319898	426066371	stop	60 18 7f 7f 7f 7f 7f 7f 7f 7f 00 7f 00 00 00 00 7f 00 7f 00 00 7f 00 00 7f 7f 7f 7f 00 00 00 00 00 00 00 00 7f 00 00 00 7f 7f 00 00 00 00 00 7f 00 00 7f 7f 00 7f 00 00 00 00 00 00 7f 7f 00 00 7f 7f 00 00 00 7f 00 7f 7f 7f 00 00 00 00 00 00 7f 00 7f 7f 7f 7f 00 7f 00 00 00 00 00 00 00 00 7f 00 00 7f 00 7f 00 00 7f 00 00 00 00 00 7f 00 00 00 00 00 7f 00 00 00 7f 7f 00 00 7f 7f 00 7f 7f 00 00 7f 00 00	acks=00000000000000000000000000000000000000000000000000000000000000000000000000000000000000000000000000000000000000000000000000000000000000
939	426073422	426091123	stop	60 fd 40	acks=000
940	426093689	426840194	stop	60 18 7f 00 7f 7f 00 7f 7f 7f 00 00 00 00 7f 00 00 00 7f 00 00 00 00 00 00 7f 7f 7f 00 00 00 00 00 00 00 00 7f 00 00 00 7f 7f 00 00 00 00 00 7f 00 00 7f 7f 00 7f 7f 00 00 00 00 00 7f 7f 00 00 7f 7f 00 00 00 7f 00 7f 7f 7f 00 00 00 00 00 00 7f 00 7f 7f 7f 7f 00 7f 00 00 7f 00 00 00 00 00 7f 00 00 7f 00 00 00 00 7f 00 00 00 00 00 7f 00 7f 00 00 00 7f 7f 00 00 00 7f 00 7f 7f 7f 00 00 00 00 00 00 00 00	acks=00000000000000000000000000000000000000000000000000000000000000000000000000000000000000000000000000000000000000000000000000000000000000
941	427852388	427870099	stop	60 fd 40	acks=000
942	427872666	428612335	stop	60 18 7f 00 00 00 00 00 00 7f 00 00 00 00 7f 00 00 00 00 7f 00 00 00 00 00 7f 7f 7f 00 00 00 00 00 00 00 00 7f 00 7f 00 7f 00 00 00 00 00 00 7f 00 00 7f 7f 00 00 7f 00 00 00 00 00 7f 00 7f 00 7f 00 00 00 00 7f 00 7f 7f 00 00 7f 00 7f 00 00 7f 00 00 7f 7f 7f 00 7f 00 00 7f 00 00 7f 7f 00 00 00 00 7f 00 00 00 7f 7f 7f 00 00 00 7f 7f 00 7f 00 00 7f 00 7f 00 7f 00 7f 00 7f 7f 7f 00 00 00 00 00 00 00 00	acks=00000000000000000000000000000000000000000000000000000000000000000000000000000000000000000000000000000000000000000000000000000000000000
943	428619605	428637310	stop	60 fd 40	acks=000
944	428639875	429385932	stop	60 18 7f 00 00 00 00 00 00 7f 00 00 00 00 7f 7f 00 00 00 7f 00 00 00 00 00 7f 7f 00 00 7f 00 00 00 7f 00 00 00 7f 7f 7f 7f 00 7f 7f 00 00 00 00 7f 00 7f 7f 7f 00 7f 7f 00 00 00 00 00 00 7f 7f 00 00 00 00 00 7f 00 00 7f 00 7f 7f 00 7f 00 00 00 7f 00 00 00 00 7f 00 00 00 7f 00 00 7f 7f 00 00 00 00 7f 00 00 00 7f 00 7f 00 00 7f 7f 00 00 7f 00 00 7f 00 7f 00 7f 00 7f 00 7f 7f 00 00 00 00 00 00 00 00 00	acks=00000000000000000000000000000000000000000000000000000000000000000000000000000000000000000000000000000000000000000000000000000000000000
945	429392975	429410667	stop	60 fd 40	acks=000
946	429413231	430159085	stop	60 18 7f 00 00 00 00 00 00 7f 00 00 00 7f 7f 7f 7f 00 00 7f 00 00 7f 00 00 7f 7f 00 00 7f 00 00 00 7f 00 00 00 7f 7f 7f 7f 00 7f 7f 00 00 00 00 7f 00 7f 7f 7f 00 7f 7f 00 00 00 00 00 00 7f 7f 00 00 7f 00 00 7f 00 00 00 00 7f 7f 00 7f 00 00 00 7f 00 00 00 00 7f 00 00 00 7f 00 00 7f 7f 00 00 00 00 00 00 00 00 7f 00 7f 00 00 7f 7f 00 00 00 00 00 7f 00 00 00 7f 00 7f 00 00 00 00 00 7f 00 00 00 00 00 00	acks=00000000000000000000000000000000000000000000000000000000000000000000000000000000000000000000000000000000000000000000000000000000000000
947	431171017	431188721	stop	60 fd 40	acks=000
948	431191286	431937670	stop	60 18 7f 00 00 00 00 00 00 7f 00 00 00 7f 7f 7f 7f 00 00 00 00 00 7f 00 00 7f 7f 00 7f 7f 00 00 7f 7f 00 00 00 7f 00 7f 7f 00 7f 7f 7f 00 00 00 7f 7f 00 7f 7f 00 7f 7f 00 00 00 00 00 00 00 7f 00 00 7f 00 00 00 00 00 00 00 7f 00 00 00 00 00 00 7f 00 00 00 00 7f 00 7f 00 7f 00 7f 00 00 00 00 00 00 00 00 00 00 7f 00 00 00 00 7f 00 00 00 00 00 00 00 7f 00 7f 00 00 00 00 00 00 00 00 7f 00 00 00 00 00 00	acks=00000000000000000000000000000000000000000000000000000000000000000000000000000000000000000000000000000000000000000000000000000000000000
949	431944886	431962595	stop	60 fd 40	acks=000
950	431965162	432711553	stop	60 18 7f 00 00 00 00 00 00 7f 00 00 00 7f 7f 00 7f 7f 00 00 7f 00 7f 00 00 7f 00 7f 7f 00 7f 00 7f 7f 00 00 00 7f 00 00 7f 00 00 00 7f 00 00 7f 00 7f 00 7f 00 00 7f 00 00 00 00 00 7f 00 00 00 00 00 7f 00 00 00 7f 7f 00 00 00 00 00 00 00 00 00 00 00 7f 00 7f 7f 00 7f 00 7f 00 7f 00 00 00 00 7f 00 00 00 00 7f 7f 7f 00 00 00 00 00 00 00 00 00 7f 00 7f 00 7f 00 00 00 00 00 00 00 7f 7f 00 00 00 00 00 00	acks=00000000000000000000000000000000000000000000000000000000000000000000000000000000000000000000000000000000000000000000000000000000000000
951	432718596	432736301	stop	60 fd 40	acks=000
952	432738866	433485088	stop	60 18 00 00 00 00 00 00 00 00 00 00 00 00 7f 00 7f 7f 00 00 7f 00 00 00 00 7f 00 7f 7f 00 7f 00 7f 7f 00 00 00 7f 00 00 7f 00 00 00 7f 00 00 7f 00 7f 00 00 00 00 7f 00 00 7f 00 00 7f 00 00 00 00 00 00 00 7f 00 7f 7f 7f 00 00 00 00 00 00 00 00 00 00 7f 00 7f 7f 00 7f 00 7f 00 7f 00 00 00 00 7f 00 00 00 00 7f 7f 7f 00 00 00 00 00 00 00 00 7f 7f 00 7f 00 7f 00 00 00 00 00 00 00 7f 7f 00 00 00 00 00 00	acks=00000000000000000000000000000000000000000000000000000000000000000000000000000000000000000000000000000000000000000000000000000000000000
953	434497338	434515036	stop	60 fd 40	acks=000
954	434517599	435263904	stop	60 18 00 00 00 00 00 00 00 00 00 00 00 00 7f 00 7f 7f 7f 00 7f 00 00 00 00 7f 00 7f 00 00 7f 7f 7f 7f 00 7f 00 7f 7f 00 00 00 00 00 00 00 7f 7f 00 00 00 00 00 00 7f 00 00 7f 00 7f 7f 00 00 00 00 00 00 00 7f 00 7f 7f 7f 00 00 00 00 00 00 7f 00 00 7f 7f 00 7f 7f 00 00 00 7f 00 00 00 00 00 00 7f 00 00 00 00 7f 00 7f 00 7f 00 00 00 00 00 00 7f 7f 00 00 00 00 00 00 00 00 00 00 00 7f 7f 00 00 00 00 00 00	acks=00000000000000000000000000000000000000000000000000000000000000000000000000000000000000000000000000000000000000000000000000000000000000
955	435271120	435288836	stop	60 fd 40	acks=000
956	435291403	436037885	stop	60 18 00 00 00 00 00 00 00 00 00 00 00 00 7f 00 7f 00 7f 00 00 00 00 00 00 7f 7f 00 00 00 00 7f 7f 7f 00 7f 00 00 7f 7f 00 00 00 7f 00 00 7f 7f 7f 00 00 00 7f 00 7f 7f 00 7f 7f 7f 00 00 00 00 7f 00 00 00 7f 00 00 00 7f 00 00 00 00 00 00 7f 00 7f 7f 00 00 00 7f 00 00 00 7f 7f 00 00 00 00 00 7f 00 00 00 00 00 00 00 00 7f 00 00 00 7f 00 00 7f 7f 00 00 00 00 00 00 00 00 00 00 7f 7f 7f 00 7f 7f 00 00 00	acks=00000000000000000000000000000000000000000000000000000000000000000000000000000000000000000000000000000000000000000000000000000000000000
957	436044932	436062631	stop	60 fd 40	acks=000
958	436065195	436811309	stop	60 18 00 00 00 00 7f 00 00 00 00 7f 00 00 7f 00 7f 00 7f 00 00 7f 00 00 00 00 7f 00 00 00 00 7f 7f 7f 00 7f 00 00 7f 7f 00 00 00 7f 00 00 7f 7f 7f 00 00 7f 7f 00 00 7f 00 00 7f 7f 00 00 00 00 7f 00 00 00 00 00 00 00 7f 00 00 00 00 00 00 7f 00 7f 7f 00 00 00 7f 00 00 00 00 7f 00 00 00 00 00 7f 00 00 00 00 00 00 00 00 7f 00 00 00 7f 00 00 00 7f 00 00 00 00 00 00 00 00 00 00 7f 7f 7f 00 7f 7f 00 00 00	acks=00000000000000000000000000000000000000000000000000000000000000000000000000000000000000000000000000000000000000000000000000000000000000
959	437823526	437841234	stop	60 fd 40	acks=000
960	437843799	438590100	stop	60 18 00 00 7f 7f 7f 7f 7f 00 00 7f 00 00 7f 00 7f 00 00 00 00 7f 00 00 00 00 7f 00 00 00 00 00 00 7f 00 00 00 00 00 7f 00 7f 00 7f 00 00 00 7f 7f 7f 00 7f 7f 7f 00 7f 00 00 7f 00 00 7f 00 00 7f 7f 00 00 00 7f 00 00 7f 7f 00 00 00 00 00 00 00 7f 7f 00 00 00 7f 00 00 00 00 7f 00 00 00 00 7f 7f 00 00 00 00 00 00 00 00 7f 00 00 00 7f 00 00 00 7f 7f 7f 00 00 00 00 7f 00 00 00 7f 7f 7f 00 7f 7f 00 00 00	acks=00000000000000000000000000000000000000000000000000000000000000000000000000000000000000000000000000000000000000000000000000000000000000
961	438597310	438615009	stop	60 fd 40	acks=000
962	438617574	439358332	stop	60 18 00 00 7f 7f 7f 7f 7f 00 00 7f 00 00 7f 00 7f 7f 00 00 00 7f 00 00 00 00 00 7f 00 7f 7f 00 00 7f 00 00 7f 7f 00 00 00 7f 7f 00 00 00 00 7f 00 7f 00 7f 7f 7f 00 00 00 00 00 00 00 7f 00 00 7f 7f 00 00 00 7f 00 00 7f 7f 00 00 00 00 00 00 7f 00 7f 7f 7f 00 00 00 00 00 00 00 00 00 00 00 7f 7f 00 00 00 00 7f 00 00 00 7f 00 00 00 00 00 00 00 7f 7f 7f 00 00 00 00 7f 00 00 00 7f 00 7f 00 00 00 00 00 00	acks=00000000000000000000000000000000000000000000000000000000000000000000000000000000000000000000000000000000000000000000000000000000000000
963	439365441	439383150	stop	60 fd 40	acks=000
964	439385717	440132557	stop	60 18 00 00 7f 7f 00 7f 7f 00 00 00 00 00 00 00 00 7f 00 00 00 00 00 00 00 00 00 7f 00 7f 7f 00 00 7f 00 00 7f 7f 00 00 00 7f 7f 00 00 00 00 7f 00 7f 00 7f 7f 7f 7f 00 00 00 00 00 00 7f 00 00 7f 7f 00 00 00 7f 00 00 7f 7f 00 00 00 00 00 00 7f 00 7f 7f 7f 00 00 00 00 00 00 00 00 00 00 00 7f 7f 00 00 00 00 7f 00 00 00 7f 00 00 00 00 00 00 00 7f 7f 7f 00 00 00 00 7f 00 00 00 7f 00 7f 00 00 00 00 00 00	acks=00000000000000000000000000000000000000000000000000000000000000000000000000000000000000000000000000000000000000000000000000000000000000
965	441145203	441162905	stop	60 fd 40	acks=000
966	441165470	441911816	stop	60 18 00 00 00 00 00 00 00 00 00 00 00 00 00 00 00 7f 00 7f 00 00 00 00 00 00 00 7f 00 7f 7f 00 00 7f 00 00 7f 7f 7f 00 7f 00 7f 00 7f 00 7f 7f 00 00 7f 7f 7f 00 7f 00 00 00 00 00 00 00 7f 00 7f 7f 00 00 00 00 00 00 7f 00 00 7f 00 7f 00 00 7f 00 00 7f 7f 00 00 00 00 00 00 00 00 7f 7f 00 00 7f 00 00 00 00 7f 7f 00 7f 00 00 00 7f 00 00 00 00 7f 7f 00 00 00 7f 00 00 00 00 00 7f 00 7f 00 00 00 00 00 00	acks=00000000000000000000000000000000000000000000000000000000000000000000000000000000000000000000000000000000000000000000000000000000000000
967	441919028	441936734	stop	60 fd 40	acks=000
968	441939300	442685930	stop	60 18 00 00 00 00 00 00 00 00 00 00 00 00 00 7f 00 00 00 7f 7f 00 00 00 00 00 00 00 00 7f 00 00 00 00 00 00 00 00 7f 00 7f 00 7f 00 7f 00 7f 00 7f 00 7f 7f 7f 00 7f 7f 00 00 7f 00 00 00 7f 7f 7f 7f 00 00 00 00 7f 00 7f 00 7f 7f 00 7f 00 00 00 00 00 7f 00 00 00 00 00 00 00 00 00 7f 7f 00 00 00 00 00 00 00 00 7f 00 7f 00 00 00 7f 7f 00 00 00 7f 7f 00 00 00 7f 00 00 00 00 00 7f 7f 7f 00 00 7f 00 00 00	acks=00000000000000000000000000000000000000000000000000000000000000000000000000000000000000000000000000000000000000000000000000000000000000
969	442692980	442710694	stop	60 fd 40	acks=000
970	442713262	443460053	stop	60 18 00 00 00 00 00 00 00 00 00 00 00 00 00 7f 7f 00 00 7f 7f 00 00 00 00 00 00 00 00 7f 00 00 00 00 00 00 00 00 7f 00 7f 00 7f 00 7f 00 7f 00 7f 00 7f 7f 7f 00 7f 7f 00 00 7f 00 00 00 7f 7f 7f 7f 00 00 00 00 7f 00 7f 00 7f 7f 00 7f 00 00 00 00 00 7f 00 00 00 00 00 00 00 00 00 7f 7f 00 00 00 00 00 00 00 00 7f 00 7f 00 00 00 7f 7f 00 00 00 7f 7f 00 00 00 7f 00 00 00 00 00 7f 7f 00 00 00 7f 00 00 00	acks=00000000000000000000000000000000000000000000000000000000000000000000000000000000000000000000000000000000000000000000000000000000000000
971	444473050	444490760	stop	60 fd 40	acks=000
972	444493327	445239725	stop	60 18 00 00 00 7f 00 00 00 00 00 00 00 00 00 7f 7f 00 00 00 7f 00 00 00 00 00 00 00 7f 7f 00 00 7f 00 00 7f 00 00 00 00 00 7f 7f 00 7f 00 00 00 7f 7f 00 7f 7f 00 7f 7f 00 00 7f 00 00 00 00 7f 7f 00 00 00 00 00 7f 00 7f 7f 7f 00 00 00 00 00 00 00 7f 7f 00 00 00 00 7f 00 00 00 7f 00 00 00 00 00 00 00 00 00 00 00 00 7f 00 00 00 00 7f 00 00 00 7f 00 7f 00 7f 00 00 7f 00 00 00 7f 7f 00 00 00 7f 00 00 00	acks=00000000000000000000000000000000000000000000000000000000000000000000000000000000000000000000000000000000000000000000000000000000000000
973	445246936	445264637	stop	60 fd 40	acks=000
974	445267203	446013488	stop	60 18 00 00 00 7f 00 00 00 00 00 00 00 00 00 00 7f 00 00 00 7f 00 00 00 00 00 00 7f 7f 7f 00 00 7f 00 00 7f 00 00 00 00 00 7f 7f 00 7f 00 00 7f 7f 7f 00 7f 00 00 7f 00 00 00 00 00 7f 00 00 00 00 00 00 00 00 00 7f 7f 7f 7f 00 00 00 00 00 00 00 00 7f 7f 00 7f 00 00 7f 00 00 7f 7f 00 00 00 00 00 00 00 00 00 00 00 00 7f 00 00 00 00 00 00 00 00 00 00 7f 00 7f 00 00 7f 00 00 00 7f 00 00 00 7f 00 00 00 00	acks=00000000000000000000000000000000000000000000000000000000000000000000000000000000000000000000000000000000000000000000000000000000000000
975	446020536	446038245	stop	60 fd 40	acks=000
976	446040812	446787025	stop	60 18 00 00 00 7f 00 00 00 00 00 00 00 00 00 00 7f 00 00 00 7f 00 00 00 00 00 00 7f 7f 7f 00 00 7f 00 00 7f 00 00 00 00 00 7f 7f 00 7f 00 00 7f 7f 7f 00 7f 00 00 7f 00 00 00 00 00 7f 00 00 00 00 00 00 00 00 00 7f 7f 00 7f 00 00 00 00 00 00 00 00 7f 7f 00 7f 00 00 7f 00 00 7f 7f 00 00 00 00 00 00 00 00 00 00 00 00 7f 00 00 00 00 00 00 00 00 00 00 7f 00 7f 00 00 7f 00 00 00 7f 00 00 00 7f 00 00 00 00	acks=00000000000000000000000000000000000000000000000000000000000000000000000000000000000000000000000000000000000000000000000000000000000000
977	447799233	447816934	stop	60 fd 40	acks=000
978	447819498	448565390	stop	60 18 00 00 7f 00 00 7f 00 00 00 00 00 00 00 00 7f 00 7f 00 7f 00 00 00 00 00 00 7f 00 7f 00 7f 00 00 00 7f 00 00 7f 00 00 00 7f 00 00 00 7f 7f 7f 00 00 7f 00 00 7f 00 00 00 00 7f 7f 00 7f 00 00 00 00 00 00 00 7f 7f 00 00 00 00 00 00 00 7f 00 00 00 7f 00 7f 00 00 00 00 00 7f 00 00 00 00 7f 00 00 00 00 00 00 7f 00 00 7f 00 00 7f 00 00 00 00 00 7f 00 00 00 7f 00 00 00 00 00 7f 00 00 00 7f 00 00 00 00	acks=00000000000000000000000000000000000000000000000000000000000000000000000000000000000000000000000000000000000000000000000000000000000000
979	448572601	448590298	stop	60 fd 40	acks=000
980	448592862	449338944	stop	60 18 00 00 7f 00 00 7f 00 00 00 00 00 00 00 00 7f 00 7f 00 7f 00 00 00 00 00 7f 7f 00 7f 00 7f 00 00 00 7f 00 00 7f 7f 00 00 00 00 00 00 7f 7f 7f 00 00 7f 7f 00 7f 7f 00 00 00 7f 00 00 7f 00 00 00 00 00 00 00 7f 00 00 00 00 00 00 00 00 7f 00 7f 00 00 00 00 00 00 00 00 00 7f 00 00 00 00 7f 00 00 00 00 00 00 7f 00 00 7f 00 00 7f 00 00 00 00 00 7f 00 00 00 7f 00 00 00 00 00 00 00 00 00 7f 00 00 00 00	acks=00000000000000000000000000000000000000000000000000000000000000000000000000000000000000000000000000000000000000000000000000000000000000
981	449346016	449363611	stop	60 fd 40	acks=000
982	449366146	450107584	stop	60 18 00 7f 7f 00 00 7f 00 00 00 00 00 00 00 00 7f 00 7f 00 7f 00 00 00 7f 00 7f 7f 00 7f 00 7f 00 00 00 7f 00 00 7f 7f 00 00 00 00 00 00 7f 7f 7f 00 00 00 7f 00 7f 7f 00 00 00 7f 00 00 7f 00 00 00 00 00 00 00 7f 00 00 00 00 00 00 00 00 7f 00 7f 00 00 00 00 00 00 00 00 00 7f 00 00 00 7f 7f 00 7f 00 00 00 00 7f 00 00 7f 00 00 7f 00 00 00 00 00 7f 00 00 00 7f 00 00 00 00 00 00 00 7f 7f 7f 00 7f 00 00	acks=00000000000000000000000000000000000000000000000000000000000000000000000000000000000000000000000000000000000000000000000000000000000000
983	451119404	451137101	stop	60 fd 40	acks=000
984	451139665	451885687	stop	60 18 00 7f 7f 7f 00 7f 7f 00 00 00 00 00 00 00 7f 00 00 00 7f 00 00 00 7f 00 7f 7f 7f 7f 00 00 7f 00 00 00 00 00 00 7f 00 00 00 00 7f 00 00 7f 7f 7f 00 00 7f 7f 7f 7f 00 00 00 00 00 7f 00 00 00 7f 00 00 00 7f 7f 00 00 00 00 7f 00 7f 00 00 00 7f 00 00 00 00 00 00 7f 00 00 7f 00 7f 00 7f 7f 00 7f 00 00 00 00 00 00 00 00 00 00 00 00 00 00 00 00 00 7f 00 00 00 00 00 00 00 00 00 00 7f 7f 7f 00 7f 00 00	acks=00000000000000000000000000000000000000000000000000000000000000000000000000000000000000000000000000000000000000000000000000000000000000
985	451892895	451910590	stop	60 fd 40	acks=000
986	451913155	452659420	stop	60 18 00 7f 7f 7f 00 7f 7f 00 00 00 00 00 00 00 7f 7f 00 00 00 00 00 00 7f 00 00 7f 7f 00 7f 00 7f 00 00 00 00 7f 00 00 00 00 00 00 7f 00 00 7f 00 7f 00 00 7f 7f 7f 7f 00 00 00 00 00 7f 00 00 00 7f 00 00 00 7f 7f 00 00 00 00 7f 00 7f 00 00 00 00 00 7f 00 00 00 00 7f 00 00 7f 00 7f 00 7f 7f 00 7f 00 00 00 00 00 00 00 00 00 00 00 00 00 00 00 00 00 7f 00 00 00 00 00 00 00 00 00 00 7f 7f 7f 00 7f 00 00	acks=00000000000000000000000000000000000000000000000000000000000000000000000000000000000000000000000000000000000000000000000000000000000000
987	452666464	452684163	stop	60 fd 40	acks=000
988	452686728	453433191	stop	60 18 00 00 7f 7f 00 7f 7f 00 00 00 00 00 00 00 7f 7f 00 00 00 00 00 00 00 00 00 7f 7f 00 7f 00 7f 00 00 00 00 7f 00 00 00 00 00 00 7f 00 00 7f 00 7f 00 00 7f 7f 00 7f 00 00 00 00 00 7f 00 00 00 7f 00 00 00 7f 7f 00 7f 00 00 7f 00 7f 00 00 00 00 00 7f 00 00 00 00 7f 00 00 7f 00 7f 00 7f 7f 00 00 00 00 00 00 00 00 00 00 7f 00 00 00 00 7f 00 00 00 7f 7f 00 00 7f 00 00 7f 7f 00 00 7f 00 7f 00 00 00 00	acks=00000000000000000000000000000000000000000000000000000000000000000000000000000000000000000000000000000000000000000000000000000000000000
989	454445640	454463340	stop	60 fd 40	acks=000
990	454465917	455200969	stop	60 18 00 00 00 00 00 7f 00 00 00 00 00 00 00 00 7f 7f 00 7f 00 00 00 00 00 00 00 7f 00 00 7f 00 00 00 00 7f 00 7f 7f 00 7f 00 00 00 00 00 7f 7f 00 00 7f 00 7f 00 00 7f 00 00 00 7f 00 00 00 00 00 00 00 00 00 00 7f 00 7f 00 00 7f 00 7f 00 7f 00 00 00 7f 00 00 00 00 00 00 00 7f 7f 7f 7f 7f 7f 00 00 00 00 00 00 00 00 7f 7f 7f 00 7f 00 00 7f 00 00 00 7f 7f 7f 00 7f 00 00 7f 7f 00 00 7f 00 7f 00 00 00 00	acks=00000000000000000000000000000000000000000000000000000000000000000000000000000000000000000000000000000000000000000000000000000000000000
991	455208239	455225930	stop	60 fd 40	acks=000
992	455228494	455974533	stop	60 18 00 00 00 00 00 7f 00 00 00 00 00 00 00 00 7f 00 00 7f 00 00 00 00 00 00 00 00 00 00 00 00 00 00 00 7f 00 00 7f 00 7f 00 00 00 00 00 7f 7f 7f 00 7f 00 7f 00 00 7f 00 00 7f 7f 00 00 00 00 00 00 00 00 00 00 00 00 7f 00 00 7f 00 7f 00 7f 00 00 00 7f 00 00 00 00 00 00 00 00 7f 7f 7f 7f 7f 00 00 00 00 00 00 00 00 7f 7f 7f 00 7f 00 00 7f 00 00 00 7f 7f 7f 00 7f 00 00 7f 7f 00 7f 7f 00 7f 7f 00 00 00	acks=00000000000000000000000000000000000000000000000000000000000000000000000000000000000000000000000000000000000000000000000000000000000000
993	455981576	455999270	stop	60 fd 40	acks=000
994	456001834	456747696	stop	60 18 7f 00 00 00 00 7f 00 00 00 00 00 7f 00 00 00 00 00 7f 00 00 7f 00 00 00 00 00 00 00 00 00 00 00 00 7f 00 00 7f 00 7f 00 00 00 00 00 7f 7f 7f 00 7f 7f 7f 00 00 7f 00 00 7f 7f 00 00 00 00 00 00 7f 00 00 00 00 00 7f 00 00 7f 7f 7f 00 7f 00 00 00 7f 00 00 00 00 00 00 00 00 7f 7f 7f 7f 7f 00 00 7f 00 00 00 00 00 7f 7f 00 00 7f 00 00 00 00 00 00 7f 00 7f 00 7f 00 00 00 00 00 7f 7f 00 7f 7f 00 00 00	acks=00000000000000000000000000000000000000000000000000000000000000000000000000000000000000000000000000000000000000000000000000000000000000
995	457759691	457777391	stop	60 fd 40	acks=000
996	457779954	458526194	stop	60 18 7f 00 7f 7f 00 7f 7f 00 00 00 00 7f 00 00 00 00 7f 00 00 00 7f 00 00 00 00 00 00 00 00 7f 00 00 00 00 00 00 7f 00 00 7f 00 00 00 00 00 7f 7f 7f 00 7f 7f 00 00 7f 00 00 7f 00 00 7f 00 00 00 7f 7f 00 00 00 00 00 7f 7f 00 7f 7f 7f 00 00 00 00 7f 7f 00 00 00 00 00 00 00 00 7f 00 00 7f 00 00 00 7f 00 00 00 00 00 00 00 00 00 00 00 00 00 00 00 00 7f 00 7f 00 7f 00 00 00 00 00 7f 7f 00 7f 7f 00 00 00	acks=00000000000000000000000000000000000000000000000000000000000000000000000000000000000000000000000000000000000000000000000000000000000000
997	458533406	458551108	stop	60 fd 40	acks=000
998	458553673	459300082	stop	60 18 7f 00 7f 7f 00 7f 7f 00 00 00 00 7f 00 00 00 00 7f 00 00 00 7f 00 00 00 00 7f 00 00 00 7f 00 00 00 00 00 00 7f 00 00 7f 00 00 00 00 00 00 7f 7f 00 7f 7f 00 00 00 00 00 00 00 00 7f 00 00 00 7f 7f 00 00 00 00 00 7f 7f 00 7f 7f 7f 00 00 00 00 7f 7f 00 00 00 00 00 00 00 00 7f 00 00 7f 00 00 00 7f 00 00 00 00 00 00 00 00 00 00 00 00 00 00 00 00 7f 00 7f 00 7f 00 00 00 00 00 00 7f 00 00 00 00 00 00	acks=00000000000000000000000000000000000000000000000000000000000000000000000000000000000000000000000000000000000000000000000000000000000000
999	459307128	459324830	stop	60 fd 40	acks=000
1000	459327395	460063683	stop	60 18 00 00 7f 7f 00 7f 7f 7f 7f 00 00 00 00 00 00 00 7f 00 00 00 00 00 00 7f 00 7f 00 00 00 7f 00 00 00 00 00 00 7f 00 00 7f 00 00 00 00 00 00 7f 7f 00 7f 7f 00 7f 00 00 7f 00 00 00 7f 00 00 00 7f 00 00 7f 00 00 00 7f 7f 00 7f 00 7f 00 00 00 00 7f 7f 00 00 00 00 00 00 00 00 7f 00 00 7f 00 00 00 7f 00 00 00 00 00 00 00 00 00 00 00 00 00 7f 00 00 7f 00 7f 00 7f 00 00 00 00 00 00 7f 00 00 00 00 00 00	acks=00000000000000000000000000000000000000000000000000000000000000000000000000000000000000000000000000000000000000000000000000000000000000
1001	461075280	461092982	stop	60 fd 40	acks=000
1002	461095546	461841793	stop	60 18 00 00 00 00 00 00 00 7f 7f 00 00 00 00 00 00 00 7f 7f 00 00 00 00 00 7f 00 7f 00 00 00 7f 00 00 00 00 00 00 7f 00 00 00 00 00 00 00 7f 00 7f 7f 7f 7f 7f 7f 7f 00 00 7f 00 00 00 00 7f 00 00 00 00 00 7f 7f 00 00 7f 00 00 00 00 7f 00 00 00 00 00 7f 00 00 00 00 00 00 00 00 7f 7f 00 7f 00 00 00 7f 00 00 00 00 00 7f 00 00 00 7f 00 00 00 7f 00 7f 00 00 7f 7f 7f 00 00 00 00 00 00 7f 00 00 00 00 00 00	acks=00000000000000000000000000000000000000000000000000000000000000000000000000000000000000000000000000000000000000000000000000000000000000
1003	461849004	461866710	stop	60 fd 40	acks=000
1004	461869276	462615506	stop	60 18 00 00 00 00 00 00 00 7f 7f 00 00 00 00 00 00 00 7f 7f 00 00 00 00 00 7f 00 7f 00 00 00 7f 00 00 00 00 00 00 7f 00 00 00 00 00 00 00 7f 00 7f 7f 7f 7f 00 7f 7f 7f 00 7f 00 00 00 00 7f 00 00 00 00 00 7f 7f 00 00 7f 00 00 00 00 7f 00 00 00 00 00 7f 00 00 00 00 00 00 00 00 7f 7f 00 7f 00 00 00 7f 00 00 00 00 00 7f 00 00 00 7f 00 00 00 7f 00 7f 00 00 7f 7f 7f 00 00 00 00 00 00 7f 00 00 00 00 00 00	acks=00000000000000000000000000000000000000000000000000000000000000000000000000000000000000000000000000000000000000000000000000000000000000
1005	462622551	462640253	stop	60 fd 40	acks=000
1006	462642818	463389136	stop	60 18 00 00 00 00 7f 00 00 7f 00 7f 00 00 7f 00 7f 00 7f 7f 00 7f 00 00 00 00 00 7f 00 00 00 7f 00 00 00 00 00 00 7f 00 00 00 00 00 00 00 7f 00 7f 7f 7f 7f 00 7f 7f 7f 00 00 00 00 00 00 7f 00 00 00 00 00 00 7f 00 00 7f 00 00 00 00 7f 00 00 00 00 00 7f 00 00 00 00 00 00 7f 00 7f 7f 00 00 00 00 7f 7f 00 7f 00 00 00 7f 00 00 00 7f 00 00 00 00 00 7f 00 00 7f 7f 7f 00 00 00 00 00 00 00 7f 00 00 00 00 00	acks=00000000000000000000000000000000000000000000000000000000000000000000000000000000000000000000000000000000000000000000000000000000000000
1007	464401528	464419252	stop	60 fd 40	acks=000
1008	464421819	465161263	stop	60 18 00 00 00 7f 7f 00 00 7f 00 7f 00 00 7f 00 7f 00 7f 00 00 7f 00 00 00 00 00 7f 7f 00 00 7f 00 00 00 00 00 00 00 00 7f 00 00 00 7f 00 7f 00 7f 7f 00 7f 00 7f 7f 7f 00 00 00 00 00 00 00 00 00 00 00 00 00 7f 00 00 7f 00 00 00 00 00 00 00 00 00 00 7f 00 00 00 00 7f 00 7f 00 00 00 7f 00 00 00 7f 7f 00 7f 00 00 00 00 00 00 00 00 00 00 00 00 00 00 7f 00 7f 00 7f 00 00 00 00 00 00 00 7f 00 00 00 00 00	acks=00000000000000000000000000000000000000000000000000000000000000000000000000000000000000000000000000000000000000000000000000000000000000
1009	465168538	465186242	stop	60 fd 40	acks=000
1010	465188808	465935185	stop	60 18 00 00 00 7f 7f 00 00 7f 00 7f 00 00 7f 00 7f 00 7f 00 00 7f 00 00 00 00 00 7f 7f 00 00 7f 00 7f 00 00 7f 00 00 00 7f 00 00 00 7f 00 7f 7f 7f 7f 00 7f 00 7f 7f 7f 00 00 00 00 00 00 00 00 00 00 00 00 00 7f 00 00 7f 00 00 00 00 00 00 00 7f 00 00 00 7f 00 7f 7f 7f 00 7f 00 00 00 7f 00 00 00 7f 7f 00 7f 00 00 00 00 00 00 00 00 00 00 00 00 00 00 7f 00 7f 00 7f 00 00 00 00 00 00 00 7f 00 00 00 00 00	acks=00000000000000000000000000000000000000000000000000000000000000000000000000000000000000000000000000000000000000000000000000000000000000
1011	465942236	465959940	stop	60 fd 40	acks=000
1012	465962505	466709075	stop	60 18 00 00 00 7f 00 00 00 7f 00 00 00 00 00 00 7f 00 7f 00 00 00 00 00 00 00 00 7f 7f 00 00 7f 00 7f 00 00 7f 00 00 00 7f 00 00 00 7f 00 7f 7f 7f 7f 00 7f 00 7f 7f 7f 00 00 00 00 00 00 00 00 00 00 00 00 00 7f 00 00 00 00 00 00 00 00 00 00 7f 00 00 00 7f 00 7f 7f 7f 00 7f 00 00 00 7f 00 00 00 00 7f 00 00 00 00 00 00 00 7f 00 00 00 00 00 00 00 00 7f 7f 7f 00 00 00 00 00 00 00 00 00 00 00 00 00 00 00	acks=00000000000000000000000000000000000000000000000000000000000000000000000000000000000000000000000000000000000000000000000000000000000000
1013	467721672	467739378	stop	60 fd 40	acks=000
1014	467741943	468488011	stop	60 18 00 00 00 7f 00 00 00 7f 00 00 00 00 00 00 7f 00 7f 00 00 00 00 00 00 00 00 7f 00 00 00 00 00 7f 00 7f 7f 00 7f 00 7f 00 00 00 00 00 7f 7f 7f 00 00 7f 00 7f 7f 7f 00 00 00 7f 00 00 00 00 00 00 00 00 00 7f 00 00 00 00 00 00 00 00 00 7f 7f 00 00 00 7f 00 7f 7f 00 00 7f 00 00 00 7f 00 00 00 00 7f 00 00 00 00 00 00 00 7f 00 7f 00 00 00 00 00 00 7f 7f 00 00 00 00 00 00 00 00 00 00 00 00 00 00 00 00	acks=00000000000000000000000000000000000000000000000000000000000000000000000000000000000000000000000000000000000000000000000000000000000000
1015	468495216	468512903	stop	60 fd 40	acks=000
1016	468515466	469261410	stop	60 18 00 00 00 7f 00 00 00 7f 00 00 00 00 00 7f 7f 00 7f 00 00 00 00 00 00 00 00 7f 00 00 00 00 00 00 00 7f 00 00 7f 00 7f 00 00 00 00 00 7f 7f 00 00 00 7f 7f 7f 7f 7f 00 00 00 7f 00 00 00 7f 00 00 00 00 00 7f 00 00 00 00 7f 00 00 00 00 7f 00 00 00 00 00 00 7f 00 00 00 7f 00 00 00 7f 00 00 7f 00 7f 00 00 00 00 00 00 00 7f 7f 7f 00 00 00 00 7f 00 7f 7f 00 00 00 00 00 00 00 00 00 00 00 00 00 00 00 00	acks=00000000000000000000000000000000000000000000000000000000000000000000000000000000000000000000000000000000000000000000000000000000000000
1017	469268452	469286148	stop	60 fd 40	acks=000
1018	469288712	470025588	stop	60 18 00 7f 00 7f 00 00 00 7f 00 00 00 00 00 7f 7f 00 7f 00 00 00 00 00 7f 00 00 7f 00 00 00 00 00 00 00 7f 00 00 7f 00 7f 00 00 00 00 00 7f 7f 00 00 00 00 7f 7f 7f 7f 00 00 00 7f 00 00 00 7f 00 00 7f 00 00 7f 00 00 00 00 7f 00 7f 00 00 7f 00 00 00 00 00 00 7f 00 00 00 7f 00 00 00 7f 00 00 7f 7f 00 00 00 00 00 00 00 00 00 7f 7f 00 00 00 00 7f 00 7f 00 00 00 00 00 00 00 00 00 00 7f 7f 00 00 7f 00 00	acks=00000000000000000000000000000000000000000000000000000000000000000000000000000000000000000000000000000000000000000000000000000000000000
1019	471037264	471054974	stop	60 fd 40	acks=000
1020	471057540	471803837	stop	60 18 00 7f 7f 7f 00 00 7f 7f 00 00 00 00 00 7f 7f 00 00 00 00 00 00 00 7f 00 00 7f 00 00 00 00 00 00 00 00 00 00 7f 00 7f 00 00 00 00 00 00 7f 00 7f 00 00 7f 00 7f 7f 00 00 00 00 00 7f 00 7f 00 00 7f 00 00 7f 00 00 00 00 7f 00 7f 00 00 00 00 00 00 00 00 00 7f 00 00 00 7f 00 00 00 7f 00 00 7f 7f 00 00 00 00 00 00 00 00 00 7f 7f 00 00 00 00 7f 00 7f 00 00 00 00 00 00 00 00 00 00 7f 7f 00 00 7f 00 00	acks=00000000000000000000000000000000000000000000000000000000000000000000000000000000000000000000000000000000000000000000000000000000000000
1021	471811050	471828761	stop	60 fd 40	acks=000
1022	471831327	472577669	stop	60 18 00 7f 7f 7f 00 00 7f 7f 00 00 00 00 00 00 7f 00 00 00 00 00 00 00 7f 00 00 00 00 00 00 00 00 00 00 00 00 00 7f 00 7f 00 00 00 00 00 00 7f 00 7f 00 00 7f 00 7f 7f 00 00 00 00 7f 7f 00 00 7f 00 7f 00 00 7f 00 7f 00 00 00 00 7f 00 00 00 00 00 00 7f 00 7f 7f 00 00 00 7f 00 00 00 7f 00 00 7f 7f 00 00 00 00 00 7f 00 00 00 00 7f 00 00 00 00 00 00 7f 00 00 00 00 00 00 00 00 7f 00 7f 7f 00 00 7f 00 00	acks=00000000000000000000000000000000000000000000000000000000000000000000000000000000000000000000000000000000000000000000000000000000000000
1023	472584714	472602419	stop	60 fd 40	acks=000
1024	472604985	473351265	stop	60 18 00 00 7f 7f 00 00 7f 00 7f 00 00 00 00 00 7f 00 00 00 00 00 00 00 7f 00 00 00 00 00 00 00 00 00 00 00 00 00 7f 00 7f 00 00 00 00 00 00 7f 00 7f 00 00 7f 00 00 7f 00 7f 00 00 7f 7f 00 00 7f 00 00 00 00 7f 00 7f 7f 00 00 00 00 00 00 00 00 00 00 7f 00 7f 7f 00 00 00 7f 00 00 00 7f 7f 00 7f 00 00 00 00 00 00 7f 00 00 7f 00 7f 00 00 7f 00 00 00 7f 7f 00 00 00 00 00 7f 7f 7f 00 00 00 00 00 00 00 00	acks=00000000000000000000000000000000000000000000000000000000000000000000000000000000000000000000000000000000000000000000000000000000000000
1025	474363498	474381204	stop	60 fd 40	acks=000
1026	474383767	475119257	stop	60 18 00 00 00 00 00 00 00 00 7f 00 00 00 00 00 7f 00 00 7f 00 00 00 00 7f 00 00 00 00 00 00 00 00 00 00 00 00 00 7f 00 7f 00 00 00 00 00 7f 7f 00 7f 7f 00 7f 00 00 7f 00 7f 00 00 7f 00 00 00 7f 00 00 00 00 00 00 7f 7f 00 00 00 00 00 00 00 00 00 00 7f 00 7f 7f 00 00 00 7f 00 00 7f 00 7f 00 7f 00 00 00 00 00 00 7f 00 00 7f 00 7f 00 00 7f 00 00 00 7f 7f 00 00 00 00 00 7f 7f 7f 00 00 00 00 00 00 00 00	acks=00000000000000000000000000000000000000000000000000000000000000000000000000000000000000000000000000000000000000000000000000000000000000
1027	475125918	475143571	stop	60 fd 40	acks=000
1028	475146148	475892104	stop	60 18 00 00 00 00 00 00 00 00 7f 00 00 00 00 00 7f 00 00 7f 00 00 00 00 7f 00 7f 00 00 7f 00 00 00 00 00 00 00 00 7f 7f 7f 00 7f 7f 00 00 7f 7f 7f 7f 7f 00 7f 00 00 00 00 7f 00 00 00 00 00 00 7f 00 00 00 00 00 00 00 7f 00 00 00 00 00 00 00 00 7f 00 7f 00 00 7f 00 00 00 7f 00 00 7f 00 7f 00 7f 00 00 00 00 00 00 00 00 00 7f 00 7f 00 00 7f 00 00 00 7f 7f 00 00 00 00 00 7f 7f 00 00 00 00 00 00 00 00 00	acks=00000000000000000000000000000000000000000000000000000000000000000000000000000000000000000000000000000000000000000000000000000000000000
1029	475899149	475916842	stop	60 fd 40	acks=000
1030	475919405	476665348	stop	60 18 7f 00 00 00 7f 00 00 00 00 00 00 7f 00 00 00 00 00 7f 00 00 7f 00 7f 00 7f 00 00 7f 00 00 00 00 00 00 00 00 7f 7f 7f 00 7f 7f 00 00 7f 7f 7f 7f 7f 7f 7f 00 00 00 00 00 00 00 00 00 00 00 7f 00 7f 00 00 00 00 00 00 00 00 00 7f 00 00 00 00 7f 00 7f 00 00 7f 00 00 00 00 00 00 7f 00 7f 00 7f 00 00 00 7f 00 00 00 00 00 00 00 7f 00 00 7f 00 00 00 7f 00 00 00 7f 00 00 00 00 00 00 00 00 00 00 00 00 00	acks=00000000000000000000000000000000000000000000000000000000000000000000000000000000000000000000000000000000000000000000000000000000000000
1031	477677545	477695242	stop	60 fd 40	acks=000
1032	477697806	478443480	stop	60 18 7f 00 00 7f 7f 00 00 00 00 00 00 7f 00 00 00 00 00 00 00 00 7f 00 7f 00 7f 00 00 7f 00 00 00 00 00 00 00 00 7f 7f 00 00 7f 7f 00 00 7f 7f 7f 7f 00 7f 7f 00 00 00 00 00 00 00 00 00 00 00 7f 00 7f 00 00 00 00 00 00 00 00 00 7f 00 00 00 00 7f 00 7f 00 00 7f 00 00 00 00 00 00 00 00 7f 00 7f 00 00 00 7f 00 00 00 00 00 00 00 00 00 00 7f 00 00 00 00 00 00 00 7f 00 00 00 00 00 00 00 00 00 00 00 00 00	acks=00000000000000000000000000000000000000000000000000000000000000000000000000000000000000000000000000000000000000000000000000000000000000
1033	478450691	478468392	stop	60 fd 40	acks=000
1034	478470958	479217061	stop	60 18 7f 00 00 7f 7f 00 00 00 00 00 00 7f 00 00 00 7f 00 00 7f 00 7f 00 7f 00 00 7f 00 00 7f 00 00 00 00 00 00 7f 7f 00 00 00 7f 00 00 00 7f 00 7f 7f 00 7f 7f 00 00 00 00 00 00 00 00 00 00 00 7f 00 7f 00 00 00 7f 00 00 00 00 00 7f 00 00 00 00 00 00 7f 7f 00 00 7f 00 00 00 00 00 00 00 7f 00 7f 00 00 00 7f 7f 00 00 00 00 00 00 00 00 00 7f 00 00 00 00 00 00 00 7f 00 00 00 00 00 00 00 00 00 00 00 00 00	acks=00000000000000000000000000000000000000000000000000000000000000000000000000000000000000000000000000000000000000000000000000000000000000
1035	479224100	479241789	stop	60 fd 40	acks=000
1036	479244353	479990709	stop	60 18 00 00 00 7f 00 00 00 00 7f 00 00 00 00 00 00 7f 00 00 7f 00 7f 00 7f 7f 00 7f 00 00 7f 00 00 00 00 00 00 7f 7f 00 00 00 7f 00 00 00 7f 00 7f 7f 00 00 7f 00 7f 00 00 7f 00 00 00 00 00 00 7f 00 00 00 7f 00 7f 00 00 00 00 00 00 00 00 00 00 00 00 7f 7f 00 00 7f 00 00 00 00 00 00 00 7f 00 7f 00 7f 00 00 7f 00 00 00 00 00 00 00 00 00 7f 7f 00 00 00 00 00 00 7f 00 00 00 00 00 00 00 00 00 00 00 00 00	acks=00000000000000000000000000000000000000000000000000000000000000000000000000000000000000000000000000000000000000000000000000000000000000
1037	481002344	481020044	stop	60 fd 40	acks=000
1038	481022608	481768571	stop	60 18 00 00 00 7f 00 00 00 00 7f 00 00 00 00 00 00 7f 00 00 7f 00 7f 00 7f 7f 00 7f 00 00 7f 00 00 00 00 00 00 7f 00 00 00 00 7f 00 00 00 7f 00 7f 7f 00 00 7f 00 7f 00 00 7f 00 00 00 00 00 00 7f 00 00 00 7f 00 7f 00 00 00 00 00 00 00 00 00 00 00 00 7f 7f 00 00 7f 00 00 00 00 00 00 00 7f 00 7f 00 7f 00 00 7f 00 00 00 00 00 00 7f 00 00 7f 7f 00 00 00 00 00 00 7f 00 00 00 00 00 00 00 00 00 00 00 00 00	acks=00000000000000000000000000000000000000000000000000000000000000000000000000000000000000000000000000000000000000000000000000000000000000
1039	481775778	481793468	stop	60 fd 40	acks=000
1040	481796032	482542189	stop	60 18 00 00 00 7f 00 00 00 00 7f 00 00 00 00 00 00 00 00 00 7f 00 7f 00 7f 7f 00 7f 00 00 00 00 00 00 00 00 00 00 00 00 00 00 7f 00 00 00 7f 00 7f 7f 00 00 00 00 7f 7f 00 7f 7f 00 00 00 00 7f 7f 00 00 00 7f 00 00 00 00 00 00 00 00 00 00 00 00 00 00 7f 00 00 00 00 00 00 00 7f 00 00 00 7f 00 00 00 7f 00 00 00 00 00 00 00 00 7f 7f 7f 00 7f 7f 00 00 00 00 00 00 7f 00 00 00 00 00 7f 00 00 7f 7f 00 00 00	acks=00000000000000000000000000000000000000000000000000000000000000000000000000000000000000000000000000000000000000000000000000000000000000
1041	482549236	482566938	stop	60 fd 40	acks=000
1042	482569503	483315571	stop	60 18 00 7f 00 7f 7f 00 00 7f 00 7f 00 00 7f 00 7f 00 00 00 7f 7f 7f 00 7f 00 00 7f 00 00 00 00 00 00 00 00 00 00 00 00 00 00 7f 00 00 00 7f 00 7f 7f 00 00 00 00 00 7f 00 00 7f 00 00 00 00 7f 7f 00 00 00 00 00 00 00 00 00 00 00 00 00 00 00 00 00 00 7f 00 00 00 00 00 00 00 7f 00 00 00 00 00 00 7f 7f 00 7f 00 00 00 00 00 00 7f 7f 7f 00 7f 7f 00 00 00 00 00 00 7f 00 00 00 00 00 7f 7f 7f 7f 7f 7f 00 00	acks=00000000000000000000000000000000000000000000000000000000000000000000000000000000000000000000000000000000000000000000000000000000000000
1043	484328526	484346221	stop	60 fd 40	acks=000
1044	484348785	485094501	stop	60 18 00 7f 00 7f 7f 7f 00 7f 00 7f 00 00 7f 00 7f 00 00 00 7f 7f 7f 00 7f 00 00 7f 00 00 00 00 00 00 00 00 00 00 00 00 00 7f 7f 00 00 00 7f 00 7f 00 00 00 00 00 00 7f 00 00 7f 00 00 00 00 7f 7f 00 00 00 00 00 00 00 00 7f 00 00 00 00 00 00 00 00 7f 7f 00 00 00 00 00 00 00 7f 00 00 00 00 7f 00 7f 7f 00 7f 00 00 00 00 00 00 7f 7f 7f 00 7f 7f 00 00 7f 00 00 00 7f 7f 00 00 00 00 7f 7f 7f 7f 7f 7f 00 00	acks=00000000000000000000000000000000000000000000000000000000000000000000000000000000000000000000000000000000000000000000000000000000000000
1045	485101705	485119394	stop	60 fd 40	acks=000
1046	485121957	485859028	stop	60 18 00 7f 00 7f 7f 7f 00 7f 00 7f 00 00 7f 00 7f 00 00 00 7f 7f 7f 00 7f 00 00 7f 00 00 00 00 00 7f 00 00 7f 00 00 00 00 7f 7f 00 00 00 7f 7f 7f 00 00 00 00 00 00 7f 00 00 00 00 7f 00 00 00 00 00 00 00 00 00 00 00 00 7f 00 00 00 00 00 00 7f 00 7f 00 7f 00 00 7f 00 00 00 7f 00 00 00 00 7f 00 7f 7f 00 7f 00 00 7f 00 00 00 00 7f 00 00 7f 7f 00 00 7f 00 00 00 7f 7f 00 00 00 00 00 7f 7f 00 00 7f 00 00	acks=00000000000000000000000000000000000000000000000000000000000000000000000000000000000000000000000000000000000000000000000000000000000000
1047	485866128	485883818	stop	60 fd 40	acks=000
1048	485886381	486631973	stop	60 18 00 00 00 7f 00 7f 00 7f 00 00 00 00 00 00 00 00 00 00 7f 7f 7f 00 00 00 00 7f 00 00 00 00 00 7f 00 00 7f 00 00 00 00 7f 7f 00 00 00 7f 7f 7f 00 00 00 00 00 00 7f 00 00 00 00 7f 00 00 00 00 00 00 00 00 00 00 00 7f 7f 00 00 00 00 00 00 7f 00 7f 00 7f 00 00 7f 00 00 7f 7f 00 00 00 00 7f 00 00 7f 00 00 00 00 7f 00 00 7f 00 7f 00 00 7f 7f 00 00 7f 7f 00 00 00 7f 00 7f 7f 00 00 00 00 00 00 00 00 00	acks=00000000000000000000000000000000000000000000000000000000000000000000000000000000000000000000000000000000000000000000000000000000000000
1049	487644101	487661786	stop	60 fd 40	acks=000
1050	487664349	488410310	stop	60 18 00 00 00 7f 00 00 00 7f 00 00 00 00 00 00 00 00 00 00 7f 7f 7f 00 00 00 00 7f 00 00 00 00 00 7f 00 00 7f 00 7f 00 00 00 7f 00 00 00 00 7f 7f 00 00 00 00 00 00 7f 00 00 00 00 7f 00 7f 00 00 00 00 00 00 00 00 00 7f 00 00 7f 00 7f 00 00 7f 00 00 00 7f 00 00 7f 00 00 7f 7f 00 00 00 00 7f 00 00 7f 00 00 00 7f 7f 00 00 7f 00 7f 00 00 7f 7f 00 7f 7f 7f 00 7f 00 00 00 7f 7f 00 00 00 00 00 00 00 00 00	acks=00000000000000000000000000000000000000000000000000000000000000000000000000000000000000000000000000000000000000000000000000000000000000
1051	488417523	488435224	stop	60 fd 40	acks=000
1052	488437789	489183903	stop	60 18 00 00 00 7f 00 00 00 7f 00 00 00 00 00 7f 00 00 00 00 7f 7f 7f 00 00 00 00 7f 00 00 00 00 00 00 00 00 7f 00 7f 7f 00 00 00 7f 00 00 00 00 00 00 00 00 7f 00 00 7f 00 00 00 00 00 00 7f 7f 00 00 00 00 00 00 00 00 7f 00 7f 7f 00 7f 00 00 00 00 00 00 00 00 7f 00 00 00 7f 7f 00 00 00 00 7f 00 00 7f 00 00 00 7f 00 00 00 7f 7f 7f 00 00 7f 7f 7f 7f 7f 7f 00 7f 00 00 00 7f 7f 00 00 00 00 00 00 00 00 00	acks=00000000000000000000000000000000000000000000000000000000000000000000000000000000000000000000000000000000000000000000000000000000000000
1053	489190946	489208643	stop	60 fd 40	acks=000
1054	489211208	489957334	stop	60 18 7f 7f 00 7f 00 00 00 7f 00 00 00 7f 00 7f 00 00 00 00 7f 7f 7f 00 00 00 00 7f 00 00 00 00 00 00 00 00 7f 00 7f 7f 00 00 00 7f 00 00 00 00 00 00 00 7f 7f 00 00 7f 00 00 00 00 00 00 7f 7f 00 00 7f 00 00 00 00 00 00 00 7f 7f 7f 7f 00 00 00 00 00 00 00 00 7f 00 00 00 7f 7f 00 00 00 7f 7f 00 7f 00 00 00 00 7f 00 00 00 00 7f 7f 00 00 00 7f 7f 7f 7f 00 00 7f 00 00 00 00 00 00 00 00 7f 00 00 00 00 00	acks=00000000000000000000000000000000000000000000000000000000000000000000000000000000000000000000000000000000000000000000000000000000000000
1055	490968904	490986604	stop	60 fd 40	acks=000
1056	490989172	491735193	stop	60 18 7f 7f 00 00 00 00 00 7f 00 00 00 7f 00 7f 00 00 00 00 7f 7f 7f 00 00 00 00 7f 7f 00 00 00 7f 00 00 00 7f 00 7f 7f 00 00 00 7f 7f 00 00 00 00 7f 00 7f 7f 00 00 7f 00 00 00 00 00 00 00 7f 00 00 7f 00 00 00 00 00 00 00 7f 7f 7f 00 00 00 00 00 00 00 00 00 7f 00 7f 00 7f 7f 7f 00 00 7f 7f 00 7f 00 00 00 00 00 00 00 00 00 7f 7f 00 00 00 7f 7f 00 7f 00 7f 00 00 00 00 00 00 00 00 00 7f 00 00 00 00 00	acks=00000000000000000000000000000000000000000000000000000000000000000000000000000000000000000000000000000000000000000000000000000000000000
1057	491742397	491760077	stop	60 fd 40	acks=000
1058	491762640	492508278	stop	60 18 7f 7f 00 00 00 00 00 7f 00 00 00 7f 00 7f 00 7f 00 00 00 7f 7f 00 00 00 00 00 7f 00 00 00 7f 00 00 00 7f 00 7f 00 00 00 00 00 7f 00 00 00 00 7f 00 7f 00 00 00 7f 00 00 00 00 7f 00 00 00 00 00 7f 00 00 00 00 7f 00 00 00 7f 7f 00 00 00 00 00 00 7f 00 7f 7f 00 7f 00 7f 7f 7f 00 00 7f 7f 7f 7f 00 00 00 7f 00 7f 00 00 00 00 7f 00 00 00 7f 00 00 7f 00 7f 00 00 00 00 00 00 7f 00 00 7f 00 00 00 00 00	acks=00000000000000000000000000000000000000000000000000000000000000000000000000000000000000000000000000000000000000000000000000000000000000
1059	492515318	492533008	stop	60 fd 40	acks=000
1060	492535572	493281231	stop	60 18 00 00 00 00 00 00 00 00 7f 00 00 00 00 7f 00 7f 00 00 00 7f 00 00 00 7f 00 00 7f 00 00 00 7f 00 00 00 7f 00 7f 00 00 00 00 00 7f 00 00 00 00 7f 00 00 00 00 7f 7f 00 7f 00 00 7f 00 00 00 00 00 00 00 7f 00 00 7f 00 00 00 7f 00 00 00 00 00 00 00 7f 00 7f 7f 00 7f 00 7f 7f 7f 00 00 7f 7f 7f 7f 00 00 00 7f 00 7f 00 00 7f 00 7f 00 00 00 7f 00 00 7f 7f 7f 00 7f 00 00 7f 00 7f 00 00 00 00 00 7f 00 00	acks=00000000000000000000000000000000000000000000000000000000000000000000000000000000000000000000000000000000000000000000000000000000000000
1061	494293559	494311262	stop	60 fd 40	acks=000
1062	494313826	495059789	stop	60 18 00 00 00 00 00 00 00 00 7f 00 00 00 00 7f 00 7f 7f 00 00 7f 00 00 00 7f 00 00 00 00 00 7f 00 00 00 7f 7f 00 7f 00 00 00 00 00 00 00 7f 00 00 7f 00 00 00 00 7f 7f 00 7f 00 7f 7f 00 00 00 00 00 00 00 7f 00 00 7f 00 00 00 7f 00 00 00 7f 00 00 00 7f 00 7f 7f 00 00 00 7f 7f 7f 00 00 7f 7f 7f 7f 00 00 00 7f 00 7f 00 7f 7f 00 00 00 00 00 7f 00 00 7f 7f 00 00 7f 00 00 7f 00 7f 00 00 00 00 00 7f 00 00	acks=00000000000000000000000000000000000000000000000000000000000000000000000000000000000000000000000000000000000000000000000000000000000000
1063	495066997	495084686	stop	60 fd 40	acks=000
1064	495087250	495833110	stop	60 18 00 00 00 00 00 00 00 00 7f 00 00 00 00 7f 00 00 7f 00 00 7f 00 00 00 7f 7f 00 00 7f 00 7f 00 00 00 7f 7f 00 7f 7f 00 00 00 7f 00 00 7f 00 7f 7f 00 00 00 00 7f 00 00 7f 7f 7f 00 00 00 00 7f 00 00 00 7f 00 00 7f 00 00 00 7f 00 00 00 7f 00 7f 00 00 00 00 7f 00 00 00 7f 00 7f 00 00 7f 7f 7f 7f 00 00 00 00 00 00 00 7f 7f 00 00 7f 00 00 7f 00 00 7f 7f 00 00 7f 00 00 7f 00 00 00 00 00 00 00 7f 00 00	acks=00000000000000000000000000000000000000000000000000000000000000000000000000000000000000000000000000000000000000000000000000000000000000
1065	495840152	495857849	stop	60 fd 40	acks=000
1066	495860415	496597945	stop	60 18 00 00 00 00 7f 00 00 00 00 7f 00 7f 7f 7f 7f 00 7f 00 00 7f 00 00 00 00 7f 00 00 7f 00 7f 00 00 00 7f 7f 00 7f 7f 00 00 00 7f 00 00 7f 00 7f 7f 00 00 00 00 00 00 00 00 7f 7f 00 00 00 00 7f 00 7f 00 00 00 00 7f 00 00 00 7f 7f 00 00 7f 00 7f 00 00 00 00 7f 00 00 00 00 00 7f 00 00 7f 7f 7f 7f 7f 00 7f 00 00 00 00 7f 7f 00 00 7f 00 00 00 00 00 7f 00 00 00 7f 00 00 00 7f 00 00 00 00 00 00 7f 00 00	acks=00000000000000000000000000000000000000000000000000000000000000000000000000000000000000000000000000000000000000000000000000000000000000
1067	497610672	497628360	stop	60 fd 40	acks=000
1068	497630921	498376931	stop	60 18 00 00 7f 7f 7f 00 7f 00 00 7f 00 7f 7f 7f 7f 00 00 00 00 7f 00 00 00 00 7f 00 00 7f 00 7f 00 00 00 00 7f 00 7f 7f 00 00 00 7f 00 00 7f 00 7f 7f 00 00 00 7f 00 00 00 00 7f 00 00 7f 00 00 7f 7f 7f 00 00 7f 00 7f 00 7f 00 7f 7f 00 00 00 00 7f 00 00 00 00 7f 00 00 00 00 00 7f 00 00 7f 00 7f 7f 7f 00 7f 00 00 00 00 00 7f 00 00 7f 00 00 00 00 00 00 00 00 00 7f 7f 00 00 7f 00 00 00 00 00 00 7f 00 00	acks=00000000000000000000000000000000000000000000000000000000000000000000000000000000000000000000000000000000000000000000000000000000000000
1069	498384143	498401842	stop	60 fd 40	acks=000
1070	498404407	499150362	stop	60 18 00 00 7f 7f 7f 00 7f 00 00 7f 00 7f 7f 7f 7f 7f 00 00 00 7f 00 00 00 00 7f 7f 00 00 7f 7f 00 7f 00 00 7f 7f 7f 00 00 00 7f 00 00 00 7f 7f 00 7f 00 00 00 7f 00 00 00 00 00 00 00 7f 00 00 7f 7f 7f 00 00 7f 7f 7f 00 7f 00 7f 7f 00 00 00 7f 00 00 00 7f 00 00 7f 00 00 00 00 7f 00 00 7f 00 7f 7f 7f 00 7f 7f 00 00 00 00 7f 00 00 00 00 00 00 00 00 00 00 00 00 7f 7f 00 00 7f 00 00 00 00 00 00 7f 00 00	acks=00000000000000000000000000000000000000000000000000000000000000000000000000000000000000000000000000000000000000000000000000000000000000
1071	499157409	499175107	stop	60 fd 40	acks=000
1072	499177673	499923670	stop	60 18 7f 00 7f 7f 00 00 7f 7f 7f 00 00 00 00 7f 00 7f 00 00 00 00 00 00 00 00 7f 7f 00 00 7f 7f 00 7f 00 00 7f 7f 7f 00 00 00 7f 00 00 00 7f 7f 00 7f 00 00 00 7f 00 00 00 7f 00 00 00 7f 00 00 7f 7f 00 00 7f 7f 7f 7f 00 7f 00 7f 7f 00 00 00 7f 00 00 00 7f 00 00 7f 00 00 00 00 7f 00 00 7f 00 7f 7f 7f 00 00 7f 00 00 00 00 7f 00 00 00 00 00 00 00 00 00 00 00 00 7f 7f 00 00 7f 00 00 00 00 00 00 7f 00 00	acks=00000000000000000000000000000000000000000000000000000000000000000000000000000000000000000000000000000000000000000000000000000000000000
1073	500935391	500953090	stop	60 fd 40	acks=000
1074	500955655	501696175	stop	60 18 7f 00 00 7f 00 00 00 7f 7f 00 00 00 00 7f 00 7f 00 7f 00 00 00 00 00 00 7f 7f 00 00 7f 7f 00 7f 00 00 7f 7f 00 00 7f 00 7f 00 00 00 7f 7f 00 7f 7f 00 00 7f 00 00 00 7f 00 00 00 00 7f 00 7f 00 00 00 7f 00 7f 7f 00 00 00 00 7f 00 00 00 7f 00 00 00 7f 00 00 7f 00 00 00 00 7f 7f 7f 7f 00 7f 7f 7f 00 00 7f 7f 00 7f 00 7f 00 7f 00 00 00 00 00 00 00 00 00 00 7f 00 00 00 7f 00 00 00 00 00 00 7f 00 00	acks=00000000000000000000000000000000000000000000000000000000000000000000000000000000000000000000000000000000000000000000000000000000000000
1075	501703444	501721146	stop	60 fd 40	acks=000
1076	501723711	502469882	stop	60 18 7f 00 00 7f 00 00 00 7f 7f 00 00 00 00 7f 00 00 00 7f 7f 00 00 00 00 00 7f 00 00 00 00 7f 00 00 00 00 00 7f 00 00 7f 00 7f 00 00 00 7f 00 00 7f 7f 00 7f 7f 00 7f 00 7f 7f 00 00 00 7f 7f 7f 00 00 00 7f 00 00 7f 00 00 7f 00 7f 00 00 00 00 00 00 00 00 00 00 00 00 00 00 00 7f 7f 7f 7f 00 00 7f 7f 00 00 00 7f 00 7f 00 7f 7f 7f 7f 00 00 00 7f 00 00 00 00 00 7f 00 00 00 7f 00 7f 00 00 7f 7f 7f 00 00	acks=00000000000000000000000000000000000000000000000000000000000000000000000000000000000000000000000000000000000000000000000000000000000000
1077	502476928	502494633	stop	60 fd 40	acks=000
1078	502497198	503243219	stop	60 18 7f 7f 00 7f 7f 00 00 7f 7f 7f 00 00 00 7f 00 00 00 7f 7f 00 00 00 7f 7f 7f 00 00 00 00 7f 00 00 00 00 00 7f 00 00 7f 00 7f 00 00 00 7f 00 00 7f 7f 00 7f 7f 00 7f 00 00 7f 00 00 00 7f 7f 7f 00 00 00 00 00 00 7f 00 00 7f 00 7f 00 00 00 00 00 00 00 00 00 00 00 00 00 7f 00 7f 7f 7f 7f 00 00 00 7f 00 7f 00 7f 00 7f 00 7f 7f 7f 7f 00 00 00 7f 00 00 00 00 00 7f 00 00 00 7f 00 7f 7f 00 7f 7f 00 00 00	acks=00000000000000000000000000000000000000000000000000000000000000000000000000000000000000000000000000000000000000000000000000000000000000
1079	504255540	504273237	stop	60 fd 40	acks=000
1080	504275800	505021896	stop	60 18 7f 7f 00 7f 7f 7f 00 7f 7f 7f 00 00 00 7f 00 00 00 00 7f 00 00 00 7f 7f 7f 00 7f 00 00 7f 7f 00 00 00 00 7f 00 00 00 7f 7f 00 00 00 7f 00 00 00 00 00 7f 7f 00 7f 00 00 7f 00 00 00 00 7f 7f 00 00 00 00 00 00 7f 00 7f 7f 00 7f 00 00 00 00 00 7f 00 00 00 00 00 00 00 7f 00 00 00 7f 7f 00 00 00 7f 00 7f 00 00 00 00 00 7f 7f 7f 7f 00 00 00 7f 00 7f 00 00 00 7f 7f 00 00 7f 00 7f 7f 00 7f 7f 00 00 00	acks=00000000000000000000000000000000000000000000000000000000000000000000000000000000000000000000000000000000000000000000000000000000000000
1081	505029105	505046801	stop	60 fd 40	acks=000
1082	505049368	505795345	stop	60 18 7f 7f 00 7f 7f 7f 00 7f 7f 7f 00 00 00 00 00 00 00 00 7f 00 00 00 7f 7f 7f 00 7f 00 00 7f 7f 00 00 00 00 7f 00 00 00 7f 7f 00 00 00 7f 00 00 00 00 00 00 7f 00 00 00 00 00 00 7f 00 00 00 00 00 00 00 00 00 00 7f 00 7f 00 00 7f 00 00 00 7f 00 7f 7f 7f 7f 7f 7f 00 00 7f 7f 00 00 7f 7f 00 00 00 7f 00 7f 00 00 7f 00 00 7f 00 7f 00 00 00 00 00 00 7f 00 00 00 7f 7f 00 00 7f 7f 7f 7f 00 00 00 00 00 00	acks=00000000000000000000000000000000000000000000000000000000000000000000000000000000000000000000000000000000000000000000000000000000000000
1083	505802384	505820077	stop	60 fd 40	acks=000
1084	505822641	506563232	stop	60 18 7f 00 00 7f 00 7f 00 7f 7f 00 00 00 7f 00 00 00 00 00 7f 00 00 00 00 7f 7f 00 7f 00 00 7f 7f 00 00 00 00 7f 00 00 00 7f 7f 00 00 00 7f 00 00 00 00 00 00 7f 00 00 00 00 00 00 7f 00 00 00 00 00 00 00 00 00 00 7f 7f 7f 00 00 7f 00 00 00 7f 00 7f 7f 7f 7f 7f 7f 00 00 7f 7f 00 00 7f 00 00 00 00 7f 00 7f 00 00 7f 00 00 00 00 7f 00 00 7f 00 00 00 7f 00 00 00 7f 7f 00 7f 00 7f 7f 00 00 00 00 00 00 00	acks=00000000000000000000000000000000000000000000000000000000000000000000000000000000000000000000000000000000000000000000000000000000000000
1085	507574226	507591916	stop	60 fd 40	acks=000
1086	507594479	508340542	stop	60 18 7f 00 00 7f 00 00 00 7f 7f 00 00 00 7f 00 00 00 00 00 7f 00 00 00 00 7f 7f 00 00 00 00 00 00 00 00 00 00 7f 7f 00 00 00 7f 00 00 00 00 00 00 00 00 00 00 7f 00 00 00 00 00 7f 7f 00 7f 00 00 00 00 00 00 00 00 7f 7f 00 00 00 7f 7f 00 00 7f 00 7f 7f 7f 7f 7f 7f 00 00 7f 7f 00 00 7f 00 7f 00 00 7f 00 7f 00 7f 7f 00 7f 00 00 7f 00 00 7f 00 00 7f 00 00 00 7f 7f 00 00 7f 00 7f 7f 00 00 00 00 00 00 00	acks=00000000000000000000000000000000000000000000000000000000000000000000000000000000000000000000000000000000000000000000000000000000000000
1087	508347757	508365462	stop	60 fd 40	acks=000
1088	508368029	509114279	stop	60 18 7f 00 00 7f 00 00 00 7f 7f 00 00 00 7f 00 00 00 00 00 7f 00 00 00 00 7f 7f 00 00 7f 00 00 00 7f 00 00 00 7f 7f 7f 00 00 00 7f 00 00 00 00 7f 00 00 00 00 7f 00 00 00 00 00 7f 00 00 7f 7f 00 00 00 00 00 00 00 00 7f 00 7f 00 7f 7f 00 00 00 7f 7f 00 00 00 7f 7f 00 00 7f 7f 00 00 7f 00 7f 7f 00 7f 00 7f 00 7f 00 00 7f 00 7f 7f 00 00 7f 00 00 7f 00 00 00 7f 7f 00 00 7f 00 00 7f 00 00 00 00 00 00 00	acks=00000000000000000000000000000000000000000000000000000000000000000000000000000000000000000000000000000000000000000000000000000000000000
1089	509121326	509139030	stop	60 fd 40	acks=000
1090	509141595	509887786	stop	60 18 00 00 00 7f 00 00 00 7f 7f 00 00 7f 7f 00 00 00 00 00 7f 00 7f 00 00 7f 7f 00 00 7f 00 00 00 7f 00 00 00 7f 7f 7f 00 00 00 7f 00 00 00 00 7f 00 00 7f 00 7f 00 00 00 00 00 7f 00 00 7f 7f 00 00 00 00 00 00 00 00 00 00 7f 00 00 7f 00 00 00 7f 7f 00 00 00 7f 7f 00 00 7f 7f 00 00 7f 7f 7f 7f 00 7f 00 7f 00 7f 00 00 7f 00 7f 7f 00 00 00 00 00 7f 00 00 00 7f 00 00 00 00 00 00 7f 00 00 00 00 00 00 00	acks=00000000000000000000000000000000000000000000000000000000000000000000000000000000000000000000000000000000000000000000000000000000000000
1091	510900420	510918124	stop	60 fd 40	acks=000
1092	510920688	511661914	stop	60 18 00 00 00 00 00 00 00 7f 7f 00 00 7f 7f 00 00 00 00 00 7f 00 7f 00 00 7f 7f 00 7f 7f 00 00 7f 7f 00 00 00 7f 00 7f 00 00 00 7f 7f 00 00 00 7f 7f 00 7f 00 00 00 00 00 00 00 00 00 7f 00 7f 00 7f 00 00 00 00 00 00 00 00 7f 7f 00 00 00 00 00 7f 7f 00 00 00 7f 7f 7f 00 7f 7f 00 00 7f 7f 7f 7f 00 7f 00 7f 00 00 00 00 00 00 7f 7f 00 00 00 00 00 7f 00 00 7f 00 00 00 00 00 00 00 7f 00 00 00 00 00 00 00	acks=00000000000000000000000000000000000000000000000000000000000000000000000000000000000000000000000000000000000000000000000000000000000000
1093	511668536	511685048	stop	60 fd 40	acks=000
1094	511687061	512431254	stop	60 18 00 00 00 00 00 00 00 7f 7f 00 00 7f 7f 00 00 7f 00 00 00 00 7f 00 00 7f 00 7f 7f 00 7f 00 7f 7f 00 00 00 7f 00 00 00 00 00 00 7f 00 00 00 00 7f 00 7f 00 00 00 00 00 00 00 00 7f 7f 00 00 7f 7f 00 00 00 00 7f 00 00 00 00 7f 00 00 00 00 00 00 7f 00 00 7f 7f 7f 7f 00 7f 7f 00 00 7f 7f 7f 7f 00 7f 00 7f 7f 00 7f 00 00 00 7f 7f 00 00 00 00 7f 7f 00 00 7f 00 00 00 00 00 00 00 7f 00 00 00 00 00 00 00	acks=00000000000000000000000000000000000000000000000000000000000000000000000000000000000000000000000000000000000000000000000000000000000000
1095	512438355	512456052	stop	60 fd 40	acks=000
1096	512458617	513204241	stop	60 18 00 00 00 00 00 00 00 7f 00 00 00 00 7f 00 00 7f 00 00 00 00 00 00 00 00 00 7f 7f 00 7f 00 7f 7f 00 00 00 7f 00 00 00 00 00 00 7f 00 00 00 00 7f 00 00 00 00 7f 00 00 00 00 00 7f 7f 00 00 7f 7f 00 00 7f 00 7f 00 00 00 00 7f 00 00 00 00 00 00 7f 00 00 7f 7f 7f 7f 00 7f 7f 00 00 7f 7f 7f 7f 00 00 00 7f 7f 00 7f 00 00 00 7f 7f 00 00 00 7f 7f 7f 00 00 7f 00 7f 00 00 00 00 00 7f 00 00 00 00 00 00 00	acks=00000000000000000000000000000000000000000000000000000000000000000000000000000000000000000000000000000000000000000000000000000000000000
1097	514215994	514233690	stop	60 fd 40	acks=000
1098	514236253	514982148	stop	60 18 00 00 00 00 00 00 00 7f 00 00 00 00 7f 00 00 7f 7f 00 00 00 00 00 00 00 00 7f 00 00 7f 00 00 7f 00 7f 00 7f 00 00 00 00 00 00 7f 00 7f 00 00 00 7f 00 00 00 7f 00 00 00 00 7f 7f 00 00 00 7f 00 00 00 7f 00 7f 00 00 00 00 7f 00 00 00 7f 00 00 7f 00 00 7f 7f 7f 00 00 7f 7f 7f 00 00 7f 7f 7f 00 00 00 7f 7f 00 7f 7f 7f 00 7f 00 00 00 00 7f 7f 7f 00 00 00 00 7f 00 00 00 00 00 7f 00 00 00 00 00 00 00	acks=00000000000000000000000000000000000000000000000000000000000000000000000000000000000000000000000000000000000000000000000000000000000000
1099	514989359	515007062	stop	60 fd 40	acks=000
1100	515009625	515755389	stop	60 18 00 00 00 00 00 00 00 7f 00 00 00 00 7f 00 00 00 7f 00 00 00 00 00 00 00 00 00 00 00 00 00 00 7f 00 7f 00 00 00 7f 00 00 7f 7f 7f 00 7f 00 00 00 7f 00 00 00 7f 7f 00 00 7f 7f 00 00 00 00 7f 00 00 00 7f 00 00 00 00 00 00 7f 00 00 00 7f 00 7f 7f 00 00 00 7f 7f 00 00 7f 00 7f 00 00 7f 7f 7f 00 00 00 7f 00 00 7f 7f 7f 00 7f 00 7f 00 00 7f 7f 7f 00 00 00 00 7f 00 00 00 00 7f 7f 00 00 7f 7f 00 00 00	acks=00000000000000000000000000000000000000000000000000000000000000000000000000000000000000000000000000000000000000000000000000000000000000
1101	515762433	515780130	stop	60 fd 40	acks=000
1102	515782696	516528755	stop	60 18 00 7f 00 00 00 00 00 00 00 7f 00 00 00 00 7f 00 7f 00 00 7f 00 00 7f 00 00 00 00 00 00 00 00 7f 00 7f 00 00 00 7f 00 00 7f 7f 7f 00 7f 00 00 00 7f 00 00 00 00 7f 00 00 7f 7f 00 00 00 00 7f 00 00 00 00 00 00 00 00 00 00 7f 00 00 00 7f 00 7f 7f 00 00 00 7f 7f 00 00 7f 00 7f 00 00 7f 7f 7f 7f 7f 00 00 00 00 7f 7f 7f 00 7f 00 7f 00 00 00 7f 7f 00 00 00 00 7f 00 00 00 00 7f 7f 7f 7f 7f 7f 7f 00 00	acks=00000000000000000000000000000000000000000000000000000000000000000000000000000000000000000000000000000000000000000000000000000000000000
1103	517540788	517558486	stop	60 fd 40	acks=000
1104	517561050	518306902	stop	60 18 00 7f 7f 7f 00 7f 7f 00 00 7f 00 00 00 00 7f 00 00 00 00 7f 00 00 7f 00 00 00 00 00 00 7f 00 7f 00 7f 00 00 00 7f 00 7f 7f 7f 7f 00 00 00 00 00 00 00 00 00 00 7f 00 00 7f 00 00 7f 00 00 7f 7f 00 00 00 7f 00 00 00 7f 00 7f 00 00 00 00 00 7f 7f 00 00 00 7f 7f 00 00 7f 00 7f 00 00 7f 00 7f 7f 7f 00 00 00 00 7f 00 00 00 7f 00 7f 00 00 00 7f 7f 7f 00 00 00 7f 7f 00 00 00 7f 7f 7f 7f 7f 7f 7f 00 00	acks=00000000000000000000000000000000000000000000000000000000000000000000000000000000000000000000000000000000000000000000000000000000000000
1105	518314112	518331811	stop	60 fd 40	acks=000
1106	518334376	519080125	stop	60 18 00 7f 7f 7f 00 7f 7f 00 00 7f 00 00 00 00 7f 7f 00 00 7f 7f 00 00 7f 00 00 00 00 7f 7f 7f 00 00 00 7f 7f 00 00 00 00 7f 7f 7f 7f 00 00 7f 00 00 00 00 00 00 00 00 00 00 00 00 00 7f 00 00 7f 7f 00 00 00 7f 00 00 00 7f 00 7f 00 00 00 00 7f 00 7f 00 00 00 7f 00 00 00 7f 00 7f 00 00 7f 00 7f 7f 7f 00 00 7f 00 7f 00 00 00 7f 00 00 00 00 00 7f 7f 7f 00 00 00 7f 7f 00 00 00 7f 00 7f 7f 00 00 7f 00 00	acks=00000000000000000000000000000000000000000000000000000000000000000000000000000000000000000000000000000000000000000000000000000000000000
1107	519087165	519104855	stop	60 fd 40	acks=000
1108	519107419	519853272	stop	60 18 00 00 7f 7f 00 7f 7f 7f 00 00 00 00 00 00 00 7f 00 00 7f 00 00 00 00 00 00 00 00 7f 7f 7f 00 00 00 7f 7f 00 00 00 00 7f 7f 7f 7f 00 00 7f 00 00 00 00 00 00 00 00 00 00 00 00 00 7f 00 00 7f 7f 00 00 00 7f 00 00 7f 7f 00 7f 00 00 00 00 7f 00 7f 00 00 00 7f 00 00 00 00 00 7f 00 00 7f 00 7f 00 7f 00 00 7f 00 7f 00 00 7f 7f 00 00 00 7f 00 7f 7f 7f 7f 00 00 7f 7f 00 7f 7f 7f 00 00 00 00 00 00 00 00	acks=00000000000000000000000000000000000000000000000000000000000000000000000000000000000000000000000000000000000000000000000000000000000000
1109	520865449	520883156	stop	60 fd 40	acks=000
1110	520885721	521631625	stop	60 18 00 00 7f 00 00 00 00 7f 00 00 00 00 00 00 00 7f 00 7f 7f 00 00 00 00 00 00 00 00 7f 7f 7f 00 00 00 7f 7f 00 7f 00 7f 00 7f 7f 7f 00 00 7f 00 00 7f 00 00 7f 00 00 00 00 00 00 00 00 7f 00 7f 00 00 00 00 00 00 00 7f 00 00 00 00 7f 00 00 7f 00 00 00 00 00 7f 00 00 00 00 00 7f 7f 00 7f 00 7f 00 7f 00 00 7f 7f 7f 7f 00 7f 7f 7f 00 00 7f 00 7f 7f 00 7f 00 7f 7f 00 00 7f 7f 7f 00 00 00 00 00 00 00 00	acks=00000000000000000000000000000000000000000000000000000000000000000000000000000000000000000000000000000000000000000000000000000000000000
1111	521638838	521656542	stop	60 fd 40	acks=000
1112	521659107	522397203	stop	60 18 00 00 7f 00 00 00 00 7f 00 00 00 00 00 7f 00 00 00 7f 7f 00 00 00 00 00 00 00 00 7f 00 7f 00 00 00 7f 00 00 7f 00 7f 00 7f 7f 7f 00 00 00 00 00 7f 00 7f 7f 00 00 00 00 7f 00 00 00 7f 00 7f 00 00 00 00 00 7f 00 7f 00 7f 00 00 7f 00 00 00 00 00 00 00 00 00 00 00 00 00 7f 7f 7f 00 7f 00 7f 00 7f 00 00 7f 7f 7f 7f 00 7f 00 7f 7f 00 7f 00 00 7f 00 7f 00 7f 7f 00 00 7f 7f 7f 00 00 00 00 7f 00 00 00	acks=00000000000000000000000000000000000000000000000000000000000000000000000000000000000000000000000000000000000000000000000000000000000000
1113	522404308	522422004	stop	60 fd 40	acks=000
1114	522424570	523170825	stop	60 18 7f 00 7f 00 00 00 00 7f 00 00 00 7f 00 7f 00 00 00 7f 7f 00 7f 00 00 00 00 00 00 7f 00 7f 00 00 00 7f 00 00 7f 00 7f 00 7f 7f 7f 00 00 00 00 00 7f 7f 7f 7f 00 00 00 00 7f 00 00 00 7f 00 7f 00 7f 00 00 00 7f 00 00 00 7f 00 7f 7f 00 00 00 00 00 00 00 00 00 00 00 00 7f 7f 7f 7f 00 7f 00 7f 00 7f 00 00 7f 7f 7f 7f 00 00 00 7f 7f 00 00 00 00 7f 00 00 00 7f 7f 00 00 00 00 7f 00 00 00 00 7f 00 00 00	acks=00000000000000000000000000000000000000000000000000000000000000000000000000000000000000000000000000000000000000000000000000000000000000
1115	524182551	524200252	stop	60 fd 40	acks=000
1116	524202816	524948832	stop	60 18 7f 00 7f 00 00 00 00 7f 00 00 00 7f 00 7f 00 00 00 00 7f 00 7f 00 00 00 00 00 7f 7f 00 7f 7f 00 00 7f 00 00 00 00 00 7f 7f 7f 7f 00 00 00 00 7f 00 7f 7f 7f 00 00 00 00 7f 00 00 00 00 00 7f 00 7f 00 00 00 7f 00 00 7f 7f 00 7f 00 00 00 00 00 00 00 00 00 00 00 7f 00 7f 7f 00 7f 7f 7f 7f 7f 00 7f 00 00 7f 00 7f 00 00 00 00 00 7f 00 00 00 00 00 00 00 7f 00 7f 7f 00 00 00 7f 00 00 00 00 7f 00 00 00	acks=00000000000000000000000000000000000000000000000000000000000000000000000000000000000000000000000000000000000000000000000000000000000000
1117	524956042	524973744	stop	60 fd 40	acks=000
1118	524976310	525722433	stop	60 18 7f 00 7f 00 00 00 00 7f 00 00 00 7f 00 00 00 00 00 00 7f 00 7f 00 00 00 00 00 7f 7f 00 7f 7f 00 00 7f 00 00 00 00 00 7f 7f 7f 7f 00 00 00 00 7f 00 7f 00 7f 00 00 00 00 00 00 00 00 00 00 7f 00 7f 00 00 00 7f 7f 00 7f 00 00 7f 00 00 00 00 00 00 7f 00 7f 7f 00 7f 00 7f 7f 00 7f 7f 7f 7f 00 00 7f 00 00 7f 00 00 00 00 00 00 00 7f 00 00 00 00 00 00 00 7f 00 7f 7f 00 00 00 00 00 00 00 7f 00 00 00 00	acks=00000000000000000000000000000000000000000000000000000000000000000000000000000000000000000000000000000000000000000000000000000000000000
1119	525729477	525747173	stop	60 fd 40	acks=000
1120	525749739	526496045	stop	60 18 00 00 7f 00 00 00 00 7f 7f 00 00 00 00 00 00 00 00 00 7f 00 00 00 00 7f 00 00 7f 7f 00 7f 7f 00 00 7f 00 00 00 00 00 7f 7f 7f 7f 00 00 00 00 7f 00 00 00 7f 7f 00 00 7f 00 00 00 00 00 00 7f 00 00 00 7f 00 7f 7f 00 7f 00 00 00 00 00 00 00 00 00 7f 00 7f 7f 00 7f 00 7f 7f 00 7f 7f 00 7f 00 00 7f 00 00 7f 00 00 00 00 00 00 00 7f 00 00 7f 00 00 00 00 7f 00 7f 7f 00 00 00 00 00 00 00 7f 00 00 00 00	acks=00000000000000000000000000000000000000000000000000000000000000000000000000000000000000000000000000000000000000000000000000000000000000
1121	527507281	527524986	stop	60 fd 40	acks=000
1122	527527548	528265535	stop	60 18 00 00 7f 00 00 7f 00 7f 7f 00 00 00 00 00 00 00 7f 00 7f 00 00 00 00 7f 00 00 00 7f 00 00 00 00 00 7f 00 00 00 00 00 00 7f 7f 00 00 7f 00 00 00 00 00 00 7f 7f 00 00 7f 00 7f 00 00 7f 00 7f 00 00 00 7f 00 7f 7f 00 00 00 7f 00 00 00 7f 00 00 00 7f 00 7f 7f 00 00 00 7f 7f 00 7f 7f 00 7f 00 00 7f 00 00 7f 7f 00 00 7f 00 00 00 7f 00 00 7f 00 00 00 00 00 7f 7f 7f 00 00 00 00 00 00 00 7f 00 00 00 00	acks=00000000000000000000000000000000000000000000000000000000000000000000000000000000000000000000000000000000000000000000000000000000000000
1123	528272799	528290488	stop	60 fd 40	acks=000
1124	528293052	529038958	stop	60 18 00 00 7f 00 00 7f 00 7f 7f 00 00 00 00 00 00 00 7f 00 7f 00 00 00 00 7f 7f 00 00 00 00 00 00 00 00 7f 00 00 00 00 00 00 7f 00 00 00 7f 00 7f 00 00 00 00 7f 7f 00 00 7f 00 7f 00 00 7f 00 00 00 00 00 7f 00 7f 00 00 00 00 7f 00 00 00 7f 00 7f 00 00 00 00 7f 00 00 00 7f 7f 00 7f 7f 00 7f 7f 00 7f 00 00 7f 7f 00 00 7f 00 00 00 7f 00 00 7f 00 00 00 00 00 7f 7f 7f 00 00 00 00 00 00 00 7f 00 00 00 00	acks=00000000000000000000000000000000000000000000000000000000000000000000000000000000000000000000000000000000000000000000000000000000000000
1125	529046001	529063689	stop	60 fd 40	acks=000
1126	529066252	529812129	stop	60 18 00 00 7f 00 7f 7f 00 7f 00 7f 00 00 7f 00 7f 00 7f 00 7f 7f 00 00 00 00 7f 00 00 00 00 00 00 00 00 7f 00 00 00 00 00 00 7f 00 00 00 7f 00 7f 00 00 00 00 7f 00 00 00 00 00 7f 00 00 7f 00 00 00 00 00 00 00 7f 00 00 00 00 7f 00 00 00 7f 00 7f 00 00 00 00 7f 00 00 00 7f 7f 00 7f 7f 00 7f 7f 00 7f 00 7f 7f 7f 00 00 7f 00 00 00 7f 00 00 00 00 00 00 00 00 7f 00 7f 00 00 00 00 00 7f 00 7f 00 00 00 00	acks=00000000000000000000000000000000000000000000000000000000000000000000000000000000000000000000000000000000000000000000000000000000000000
1127	530824380	530842078	stop	60 fd 40	acks=000
1128	530844641	531590595	stop	60 18 00 00 7f 7f 7f 7f 7f 7f 00 7f 00 00 7f 00 7f 00 00 00 7f 7f 00 00 00 00 7f 00 7f 00 00 00 7f 00 00 00 00 00 00 00 00 00 7f 00 00 00 00 00 7f 00 00 00 00 00 00 00 00 00 00 00 00 7f 00 00 00 7f 00 00 00 7f 7f 00 00 00 00 7f 00 7f 00 00 00 7f 00 00 00 00 7f 00 7f 00 7f 7f 7f 7f 7f 00 7f 7f 00 7f 00 7f 7f 7f 00 00 00 00 00 00 7f 00 00 00 00 00 00 00 00 00 00 7f 00 00 00 00 00 7f 00 7f 00 00 00 00	acks=00000000000000000000000000000000000000000000000000000000000000000000000000000000000000000000000000000000000000000000000000000000000000
1129	531597802	531615495	stop	60 fd 40	acks=000
1130	531618058	532363522	stop	60 18 00 00 7f 7f 7f 7f 7f 7f 00 7f 00 00 7f 00 7f 00 00 00 7f 7f 00 00 00 00 00 7f 7f 00 7f 00 7f 7f 00 00 7f 7f 00 00 00 00 00 00 00 00 00 7f 00 00 00 00 00 00 00 00 00 00 00 00 00 7f 00 00 7f 7f 00 00 00 7f 00 00 00 00 00 7f 00 7f 00 00 7f 00 00 00 7f 00 7f 7f 7f 00 7f 7f 7f 7f 7f 00 7f 7f 00 7f 00 7f 00 7f 00 00 00 00 00 00 7f 00 00 00 00 00 00 00 00 00 00 7f 00 00 00 00 00 7f 00 7f 00 00 00 00	acks=00000000000000000000000000000000000000000000000000000000000000000000000000000000000000000000000000000000000000000000000000000000000000
1131	532370561	532388240	stop	60 fd 40	acks=000
1132	532390803	533127981	stop	60 18 00 00 7f 7f 00 7f 7f 7f 00 00 00 00 00 00 00 00 00 00 7f 00 00 00 00 00 00 7f 7f 00 7f 00 7f 7f 00 00 7f 7f 00 00 00 00 00 00 00 00 00 7f 00 00 00 00 00 00 00 00 00 00 00 00 00 7f 00 00 7f 7f 00 00 00 7f 00 00 7f 00 00 7f 00 7f 00 00 7f 00 00 00 7f 00 7f 7f 7f 00 7f 7f 7f 7f 7f 00 7f 7f 00 00 00 00 00 7f 00 00 00 00 00 00 7f 00 00 00 00 00 00 00 00 00 00 7f 00 00 00 00 00 7f 00 7f 00 00 00 00	acks=00000000000000000000000000000000000000000000000000000000000000000000000000000000000000000000000000000000000000000000000000000000000000
1133	534139959	534157643	stop	60 fd 40	acks=000
1134	534160205	534905725	stop	60 18 00 00 00 00 00 7f 00 7f 00 00 00 00 00 00 00 00 00 7f 7f 00 00 00 00 00 00 7f 00 00 7f 7f 7f 7f 00 00 7f 7f 00 00 7f 00 00 00 00 00 00 7f 00 00 7f 00 00 00 00 00 00 00 00 7f 00 00 00 00 7f 00 00 00 00 00 00 00 7f 00 00 7f 00 7f 00 7f 7f 00 00 00 7f 00 7f 7f 00 00 7f 7f 7f 7f 00 00 7f 7f 00 00 00 00 00 7f 00 7f 7f 00 00 7f 7f 00 00 00 00 00 00 00 7f 00 00 7f 00 00 00 00 00 7f 00 7f 00 00 00 00	acks=00000000000000000000000000000000000000000000000000000000000000000000000000000000000000000000000000000000000000000000000000000000000000
1135	534912928	534930613	stop	60 fd 40	acks=000
1136	534933177	535678853	stop	60 18 00 00 00 00 00 7f 00 7f 00 00 00 00 00 7f 00 00 00 7f 00 00 00 00 00 00 00 00 00 00 00 7f 7f 00 00 00 00 00 00 00 7f 00 7f 00 00 00 00 00 00 00 7f 00 7f 00 00 7f 00 00 00 7f 00 00 00 7f 7f 00 00 00 00 00 00 00 7f 00 7f 7f 00 7f 00 7f 00 00 00 00 00 00 7f 00 00 00 7f 7f 7f 7f 00 00 7f 7f 00 00 00 00 00 7f 00 7f 7f 00 7f 7f 00 00 00 00 7f 00 00 00 7f 00 00 7f 00 00 00 00 7f 7f 00 00 7f 00 00 00	acks=00000000000000000000000000000000000000000000000000000000000000000000000000000000000000000000000000000000000000000000000000000000000000
1137	535685894	535703576	stop	60 fd 40	acks=000
1138	535706138	536451869	stop	60 18 00 00 00 00 00 7f 00 00 00 00 00 00 00 7f 00 00 00 7f 00 00 00 00 00 00 00 00 00 00 00 7f 7f 00 00 00 00 00 00 00 7f 00 7f 00 00 00 00 00 00 00 7f 7f 7f 00 00 7f 00 00 00 7f 00 00 00 7f 7f 00 00 00 00 00 00 00 7f 00 7f 7f 00 7f 00 7f 00 00 00 00 00 00 7f 00 00 00 7f 7f 7f 7f 00 00 7f 7f 00 00 00 00 00 7f 00 7f 7f 00 7f 7f 00 00 00 00 7f 00 00 00 7f 00 00 7f 00 00 00 00 7f 7f 00 00 7f 00 00 00	acks=00000000000000000000000000000000000000000000000000000000000000000000000000000000000000000000000000000000000000000000000000000000000000
1139	537463153	537480855	stop	60 fd 40	acks=000
1140	537483421	538228321	stop	60 18 00 00 00 00 00 00 7f 00 00 00 00 00 00 7f 00 00 7f 00 00 00 00 00 00 00 00 00 00 00 00 7f 7f 00 00 00 00 00 00 00 00 7f 7f 00 00 00 00 00 00 00 00 7f 7f 7f 00 7f 00 00 00 00 00 7f 00 7f 7f 7f 00 00 00 00 00 00 7f 00 7f 7f 00 7f 00 00 00 00 7f 00 00 00 7f 00 00 00 7f 7f 7f 00 00 00 7f 7f 00 00 00 00 00 7f 00 00 7f 00 7f 00 00 00 00 00 7f 00 7f 00 7f 00 00 00 00 00 00 00 7f 7f 00 00 7f 00 00 00	acks=00000000000000000000000000000000000000000000000000000000000000000000000000000000000000000000000000000000000000000000000000000000000000
1141	538238834	538255347	stop	60 fd 40	acks=000
1142	538257390	539000095	stop	60 18 00 00 00 00 00 00 7f 00 00 00 00 00 00 00 00 00 7f 00 7f 00 00 00 00 00 00 00 00 00 00 7f 7f 00 00 00 00 00 00 00 00 7f 7f 00 00 00 00 00 00 00 00 7f 00 7f 00 00 00 00 00 00 7f 7f 00 00 7f 7f 00 00 00 00 00 7f 7f 00 00 7f 00 7f 00 00 00 00 7f 7f 00 7f 7f 00 00 00 7f 00 7f 00 00 00 7f 7f 00 00 00 00 00 7f 7f 00 7f 00 00 00 00 00 00 00 00 00 7f 00 7f 00 00 00 00 00 00 7f 00 7f 00 00 00 00 00 00	acks=00000000000000000000000000000000000000000000000000000000000000000000000000000000000000000000000000000000000000000000000000000000000000
1143	539007193	539024874	stop	60 fd 40	acks=000
1144	539027436	539772918	stop	60 18 00 00 00 00 00 00 7f 00 00 00 00 00 00 00 00 00 7f 00 7f 00 00 00 00 00 00 00 00 00 00 7f 7f 00 00 00 00 00 00 00 00 7f 7f 00 00 00 00 00 00 00 00 7f 00 7f 7f 00 00 00 00 00 7f 7f 00 00 7f 7f 00 00 00 00 00 7f 7f 00 00 7f 00 7f 00 00 00 00 7f 7f 00 7f 7f 00 00 00 00 00 7f 00 00 00 7f 7f 00 00 00 00 00 7f 7f 00 7f 00 00 00 00 00 00 00 00 00 7f 00 7f 00 00 00 00 00 00 7f 00 7f 00 00 00 00 00 00	acks=00000000000000000000000000000000000000000000000000000000000000000000000000000000000000000000000000000000000000000000000000000000000000
1145	540784835	540802535	stop	60 fd 40	acks=000
1146	540805100	541550944	stop	60 18 00 00 00 00 00 00 00 00 00 00 00 00 00 00 00 00 7f 7f 7f 00 00 00 00 00 00 00 00 00 00 7f 7f 00 00 00 00 00 7f 00 00 00 7f 00 00 00 00 00 00 00 7f 7f 00 7f 7f 00 00 00 00 00 7f 00 00 00 7f 7f 00 00 00 7f 00 7f 7f 00 00 7f 00 00 00 00 00 00 00 7f 00 7f 7f 00 00 00 00 00 7f 00 7f 00 00 7f 00 00 00 00 00 00 7f 7f 7f 00 00 00 00 00 00 00 00 7f 00 00 7f 7f 00 00 00 00 00 7f 00 7f 00 00 00 00 00 00	acks=00000000000000000000000000000000000000000000000000000000000000000000000000000000000000000000000000000000000000000000000000000000000000
1147	541558152	541575854	stop	60 fd 40	acks=000
1148	541578419	542324476	stop	60 18 00 00 00 00 00 00 00 00 00 00 00 00 00 00 00 00 7f 7f 7f 00 00 00 00 00 7f 00 00 7f 00 7f 7f 00 00 00 00 00 7f 7f 00 00 7f 7f 00 00 00 00 7f 00 7f 7f 00 7f 7f 00 00 00 00 00 00 00 00 00 7f 7f 00 00 00 7f 00 00 7f 00 00 7f 00 00 00 00 00 7f 00 00 00 00 00 00 00 00 00 7f 7f 00 7f 00 00 7f 00 00 00 00 00 00 00 7f 7f 00 00 00 00 00 00 00 00 7f 00 00 7f 7f 00 00 00 00 00 00 00 7f 00 00 00 00 00 00	acks=00000000000000000000000000000000000000000000000000000000000000000000000000000000000000000000000000000000000000000000000000000000000000
1149	542331515	542349210	stop	60 fd 40	acks=000
1150	542351775	543097761	stop	60 18 00 00 00 00 00 00 00 00 00 00 00 00 00 00 7f 00 7f 7f 7f 00 00 00 00 00 7f 00 00 7f 00 7f 7f 00 00 00 00 00 7f 7f 00 00 7f 7f 00 00 00 00 7f 00 7f 7f 00 7f 7f 00 00 00 00 00 00 00 00 00 7f 7f 00 00 00 7f 00 00 7f 00 00 7f 00 00 00 00 00 7f 00 00 00 00 00 00 00 00 00 7f 7f 00 7f 00 00 7f 00 00 00 00 00 00 00 7f 7f 00 00 00 00 00 00 00 00 7f 00 00 7f 7f 00 00 00 00 00 00 00 00 00 00 00 00 00 00	acks=00000000000000000000000000000000000000000000000000000000000000000000000000000000000000000000000000000000000000000000000000000000000000
1151	544109622	544127310	stop	60 fd 40	acks=000
1152	544129872	544875554	stop	60 18 00 00 00 00 00 00 00 00 00 00 00 00 00 00 7f 00 7f 00 7f 00 00 00 00 00 7f 00 00 7f 00 7f 00 00 00 00 00 00 00 7f 7f 00 7f 7f 7f 00 00 00 7f 7f 00 7f 00 7f 7f 00 00 00 00 00 00 00 00 00 7f 7f 00 00 00 7f 00 00 7f 00 00 00 00 00 00 00 00 7f 00 00 00 00 00 00 7f 00 00 7f 7f 00 7f 00 7f 7f 00 00 00 00 00 00 00 7f 7f 00 00 00 00 00 00 00 00 00 00 00 00 00 00 00 00 00 00 00 00 00 00 00 00 00 00 00	acks=00000000000000000000000000000000000000000000000000000000000000000000000000000000000000000000000000000000000000000000000000000000000000
1153	544882757	544900439	stop	60 fd 40	acks=000
1154	544903001	545648808	stop	60 18 00 00 00 00 00 00 00 00 00 00 00 00 00 00 7f 7f 7f 00 7f 00 00 00 00 00 00 7f 00 00 7f 7f 00 00 00 00 00 7f 00 00 7f 00 7f 00 7f 00 00 7f 00 7f 00 7f 00 7f 7f 00 00 00 00 00 00 00 00 00 7f 7f 00 00 00 7f 7f 00 7f 00 00 00 00 00 00 00 00 00 00 00 00 00 00 00 7f 00 00 7f 7f 00 7f 00 7f 00 00 00 00 00 7f 00 00 7f 7f 00 00 00 00 00 00 00 00 00 00 00 00 00 00 00 00 00 00 00 00 00 00 00 00 00 00 00	acks=00000000000000000000000000000000000000000000000000000000000000000000000000000000000000000000000000000000000000000000000000000000000000
1155	545655848	545673535	stop	60 fd 40	acks=000
1156	545676098	546421806	stop	60 18 00 00 00 00 00 00 00 00 00 00 00 00 00 00 7f 7f 7f 00 7f 00 00 00 00 00 00 7f 00 00 7f 7f 00 00 00 00 00 7f 00 00 7f 00 7f 00 7f 00 00 7f 00 7f 00 7f 00 7f 7f 00 00 00 00 00 00 00 00 00 7f 7f 00 00 00 7f 7f 00 00 00 00 00 00 00 00 00 00 00 00 00 00 00 00 00 7f 00 00 7f 7f 00 7f 00 7f 00 00 00 00 00 7f 00 00 7f 7f 00 00 00 00 00 00 00 00 00 00 00 00 00 00 00 00 00 00 00 00 00 00 00 00 00 00 00	acks=00000000000000000000000000000000000000000000000000000000000000000000000000000000000000000000000000000000000000000000000000000000000000
1157	547434289	547451981	stop	60 fd 40	acks=000
1158	547454546	548200309	stop	60 18 00 00 00 00 00 00 00 00 00 00 00 00 00 00 7f 7f 00 00 7f 00 00 00 00 00 00 7f 00 00 7f 7f 00 00 00 7f 00 7f 00 00 7f 00 7f 00 00 00 7f 7f 00 00 00 7f 00 7f 7f 00 00 00 00 00 00 00 00 00 7f 7f 00 00 00 7f 7f 00 00 00 00 7f 00 00 00 7f 00 00 00 00 00 00 00 00 00 00 00 7f 00 00 7f 00 7f 00 00 00 00 00 7f 00 00 7f 00 00 00 00 00 00 00 00 00 00 00 00 00 00 00 00 00 00 00 00 00 00 00 00 00 00 00 00	acks=00000000000000000000000000000000000000000000000000000000000000000000000000000000000000000000000000000000000000000000000000000000000000
1159	548207513	548225199	stop	60 fd 40	acks=000
1160	548227762	548967493	stop	60 18 00 00 00 00 00 00 00 00 00 00 00 00 00 00 7f 00 00 00 7f 00 00 00 00 00 00 00 00 00 00 7f 00 00 00 7f 00 00 00 00 7f 00 7f 00 00 00 7f 7f 00 00 00 7f 7f 7f 7f 7f 00 00 7f 00 00 00 00 00 00 7f 00 00 00 7f 00 00 00 00 00 7f 00 00 00 7f 00 00 00 00 00 00 00 00 00 00 00 7f 00 00 7f 00 7f 00 00 00 00 00 00 00 00 7f 00 00 00 00 7f 00 00 00 00 00 00 00 00 00 00 00 00 00 00 00 7f 00 00 7f 7f 00 00 00	acks=00000000000000000000000000000000000000000000000000000000000000000000000000000000000000000000000000000000000000000000000000000000000000
1161	548974593	548992276	stop	60 fd 40	acks=000
1162	548994840	549740272	stop	60 18 00 7f 00 00 00 00 00 00 00 00 00 00 00 00 7f 00 00 00 7f 00 00 00 7f 00 00 00 00 00 00 7f 00 00 00 7f 00 00 00 00 7f 00 7f 00 00 00 7f 7f 00 00 00 00 7f 7f 7f 7f 00 00 7f 00 00 00 00 00 00 7f 00 00 00 7f 00 00 00 00 00 7f 00 00 00 7f 00 00 00 00 00 00 00 00 00 00 00 7f 00 00 7f 00 7f 00 7f 00 00 00 00 00 00 7f 00 00 00 00 7f 00 00 00 00 00 00 00 00 00 00 00 00 00 00 00 7f 7f 7f 7f 7f 00 00 00	acks=00000000000000000000000000000000000000000000000000000000000000000000000000000000000000000000000000000000000000000000000000000000000000
1163	550752908	550770588	stop	60 fd 40	acks=000
1164	550773149	551518466	stop	60 18 00 7f 7f 7f 00 7f 7f 00 00 00 00 00 00 00 7f 00 00 00 7f 00 00 00 7f 00 00 00 00 00 00 00 00 00 00 00 00 00 00 00 7f 7f 7f 00 00 00 00 7f 00 00 00 00 7f 7f 7f 7f 00 00 7f 00 00 00 00 00 00 00 00 00 00 00 00 00 00 7f 00 7f 00 00 00 00 00 00 7f 00 00 00 00 00 00 00 00 7f 7f 00 7f 00 7f 00 7f 00 00 00 00 00 00 7f 00 00 00 00 7f 00 00 00 00 00 7f 00 00 00 00 7f 00 00 00 00 7f 7f 7f 7f 7f 00 00 00	acks=00000000000000000000000000000000000000000000000000000000000000000000000000000000000000000000000000000000000000000000000000000000000000
1165	551525671	551543365	stop	60 fd 40	acks=000
1166	551545928	552291629	stop	60 18 00 7f 7f 7f 00 7f 7f 00 00 00 00 00 00 00 7f 00 00 00 7f 00 00 00 7f 00 00 00 00 00 00 00 00 00 00 00 00 00 00 00 7f 7f 00 00 00 00 00 7f 00 00 00 00 7f 7f 7f 00 00 00 00 00 00 00 00 00 00 00 00 00 00 00 00 00 00 7f 00 7f 00 00 00 00 00 00 7f 7f 00 00 00 00 00 00 00 7f 7f 00 7f 00 7f 00 7f 00 00 00 00 00 00 7f 00 00 00 00 00 00 00 00 00 00 7f 00 00 00 00 7f 00 00 00 00 00 7f 7f 00 00 00 00 00	acks=00000000000000000000000000000000000000000000000000000000000000000000000000000000000000000000000000000000000000000000000000000000000000
1167	552298675	552316370	stop	60 fd 40	acks=000
1168	552318933	553064931	stop	60 18 00 00 7f 7f 00 7f 7f 00 00 00 00 00 00 00 7f 00 00 00 7f 00 00 00 7f 00 00 00 00 00 00 00 00 00 00 00 00 00 00 00 7f 7f 00 00 00 00 00 7f 00 00 00 00 7f 7f 00 00 00 00 00 00 00 00 00 00 00 00 00 00 00 00 00 00 7f 7f 00 7f 00 00 00 00 00 00 7f 7f 00 00 00 00 00 00 00 7f 7f 00 7f 7f 7f 00 00 00 00 00 00 00 00 7f 00 7f 00 00 00 00 7f 00 00 00 7f 7f 00 00 00 7f 00 7f 00 00 00 00 00 00 00 7f 00 00	acks=00000000000000000000000000000000000000000000000000000000000000000000000000000000000000000000000000000000000000000000000000000000000000
1169	554077715	554095415	stop	60 fd 40	acks=000
1170	554097979	554844160	stop	60 18 00 00 00 00 00 00 00 00 00 00 00 00 00 00 7f 00 00 7f 7f 00 00 00 7f 00 00 00 00 00 00 7f 00 00 00 00 00 00 7f 00 00 00 00 00 00 00 00 7f 00 00 00 00 7f 00 00 00 00 00 00 00 00 00 7f 00 00 00 00 00 00 00 00 00 7f 00 00 7f 00 7f 00 00 00 00 00 7f 00 00 00 00 00 00 00 7f 7f 7f 7f 7f 7f 00 00 00 00 00 00 7f 00 00 00 7f 00 7f 00 00 7f 00 00 7f 00 7f 00 7f 00 00 00 7f 00 00 00 00 00 00 00 7f 00 00	acks=00000000000000000000000000000000000000000000000000000000000000000000000000000000000000000000000000000000000000000000000000000000000000
1171	554851370	554869072	stop	60 fd 40	acks=000
1172	554871638	555617839	stop	60 18 00 00 00 00 00 00 00 00 00 00 00 00 00 00 7f 00 00 7f 00 00 00 00 7f 00 00 00 00 00 00 7f 00 00 00 00 00 00 7f 00 00 00 00 00 00 00 00 7f 7f 00 00 00 7f 00 00 00 00 00 00 00 00 00 7f 00 00 00 00 00 00 00 00 00 7f 00 00 7f 00 7f 00 00 00 00 00 7f 00 00 00 00 00 00 00 7f 7f 7f 7f 7f 7f 00 00 00 00 00 00 7f 00 00 00 7f 00 7f 00 00 7f 00 00 7f 00 7f 00 7f 00 00 00 7f 00 00 00 00 00 00 00 7f 00 00	acks=00000000000000000000000000000000000000000000000000000000000000000000000000000000000000000000000000000000000000000000000000000000000000
1173	555624885	555642587	stop	60 fd 40	acks=000
1174	555645152	556391016	stop	60 18 00 00 00 00 00 00 00 00 00 00 00 7f 00 00 00 00 00 7f 00 00 7f 00 00 00 00 00 00 00 00 7f 00 00 00 00 00 00 7f 00 00 00 00 00 00 00 00 7f 7f 00 00 7f 7f 00 00 00 00 00 00 00 00 00 7f 00 00 00 7f 00 00 00 00 00 00 00 00 7f 7f 7f 00 00 00 00 00 7f 00 00 00 00 00 00 00 7f 7f 7f 7f 7f 7f 00 00 00 00 00 00 7f 00 00 00 00 00 7f 00 00 7f 00 00 7f 00 00 00 7f 7f 00 00 00 7f 00 00 7f 00 00 00 7f 00 00	acks=00000000000000000000000000000000000000000000000000000000000000000000000000000000000000000000000000000000000000000000000000000000000000
1175	557403897	557421597	stop	60 fd 40	acks=000
1176	557424162	558170205	stop	60 18 00 00 00 00 00 00 00 00 00 00 00 7f 00 00 00 00 00 00 00 00 7f 00 00 00 00 00 7f 00 00 7f 7f 00 00 00 00 00 00 00 00 00 00 00 7f 00 00 7f 7f 7f 00 7f 7f 7f 00 00 00 00 00 00 00 00 00 00 00 00 7f 00 00 00 00 00 00 00 00 7f 7f 00 00 00 00 00 00 7f 00 00 00 00 7f 00 00 7f 7f 00 00 7f 7f 00 00 00 00 00 00 00 00 00 00 00 00 00 00 00 7f 00 00 00 00 00 7f 00 7f 00 00 00 7f 00 00 7f 00 00 00 7f 00 00	acks=00000000000000000000000000000000000000000000000000000000000000000000000000000000000000000000000000000000000000000000000000000000000000
1177	558177412	558195103	stop	60 fd 40	acks=000
1178	558197666	558943745	stop	60 18 00 00 00 00 00 00 00 00 00 00 00 7f 00 00 00 00 00 00 00 00 7f 00 00 00 00 7f 7f 00 00 7f 7f 00 00 00 00 00 00 00 00 00 00 00 7f 00 00 00 7f 7f 00 7f 7f 7f 00 00 00 00 00 00 00 00 00 00 00 00 7f 00 00 00 00 00 00 00 00 7f 7f 00 00 00 00 00 00 7f 00 00 00 00 7f 00 00 00 7f 00 00 7f 7f 00 00 00 00 00 00 00 00 00 00 00 00 00 00 00 7f 00 00 00 00 00 7f 00 7f 00 00 00 7f 00 00 7f 00 00 00 7f 00 00	acks=00000000000000000000000000000000000000000000000000000000000000000000000000000000000000000000000000000000000000000000000000000000000000
1179	558950790	558968482	stop	60 fd 40	acks=000
1180	558971046	559711598	stop	60 18 7f 00 00 00 00 00 00 00 7f 00 00 00 00 00 00 00 00 00 00 00 7f 00 00 00 00 7f 7f 00 00 7f 7f 00 00 00 00 00 00 00 00 00 00 00 7f 00 00 00 7f 7f 00 00 7f 7f 7f 00 00 7f 00 00 00 00 00 00 00 00 00 00 7f 00 00 00 7f 00 00 7f 00 00 00 00 00 00 00 7f 00 00 00 00 7f 00 00 00 7f 00 00 7f 7f 00 7f 7f 00 00 00 00 00 00 00 00 00 00 00 00 00 7f 00 00 00 00 7f 00 7f 00 00 00 7f 00 00 00 00 00 00 7f 00 00	acks=00000000000000000000000000000000000000000000000000000000000000000000000000000000000000000000000000000000000000000000000000000000000000
1181	560724058	560741743	stop	60 fd 40	acks=000
1182	560744304	561490038	stop	60 18 7f 00 00 00 00 00 00 00 7f 00 00 00 00 00 00 00 7f 00 00 00 7f 00 00 00 00 7f 00 00 00 7f 00 00 00 7f 00 00 00 00 00 00 00 00 00 00 7f 00 7f 00 00 00 7f 7f 7f 00 00 7f 00 7f 00 00 00 00 00 00 00 00 7f 00 00 00 7f 00 00 7f 00 00 00 7f 00 00 00 7f 00 00 00 00 00 00 00 00 7f 00 7f 7f 00 00 7f 7f 00 00 00 00 00 00 7f 00 00 00 00 00 00 7f 00 00 00 00 00 00 7f 00 00 00 7f 00 00 00 00 00 00 7f 00 00	acks=00000000000000000000000000000000000000000000000000000000000000000000000000000000000000000000000000000000000000000000000000000000000000
1183	561497244	561514940	stop	60 fd 40	acks=000
1184	561517505	562263624	stop	60 18 7f 00 00 00 00 00 00 00 7f 00 00 00 00 00 00 00 7f 00 00 00 7f 00 00 00 00 7f 00 00 00 7f 00 00 00 7f 00 00 00 00 00 00 00 00 00 00 7f 00 7f 00 00 00 00 7f 7f 7f 00 7f 00 7f 00 00 00 00 00 00 00 00 7f 00 00 00 7f 00 00 7f 00 00 00 7f 00 00 00 7f 00 00 00 00 00 00 00 00 7f 00 7f 7f 00 00 7f 7f 00 00 00 00 00 00 7f 00 00 00 00 00 00 7f 00 00 00 00 00 00 7f 00 00 00 7f 00 00 00 00 00 00 7f 00 00	acks=00000000000000000000000000000000000000000000000000000000000000000000000000000000000000000000000000000000000000000000000000000000000000
1185	562270668	562288365	stop	60 fd 40	acks=000
1186	562290929	563036786	stop	60 18 7f 7f 00 00 7f 00 00 7f 00 7f 00 00 00 00 7f 00 7f 00 00 7f 00 00 7f 7f 00 7f 00 00 00 7f 00 00 00 7f 00 00 00 00 00 00 00 00 00 00 7f 00 7f 00 00 7f 00 7f 00 7f 00 00 00 7f 00 00 00 00 00 00 00 00 00 00 00 00 00 00 00 7f 00 00 00 7f 00 00 00 7f 00 00 00 00 00 00 00 00 7f 00 7f 00 00 00 7f 7f 00 7f 00 00 00 00 7f 7f 00 00 00 00 00 7f 00 00 00 00 00 00 7f 00 00 00 7f 00 00 7f 7f 00 00 00 00 00	acks=00000000000000000000000000000000000000000000000000000000000000000000000000000000000000000000000000000000000000000000000000000000000000
1187	564048774	564066469	stop	60 fd 40	acks=000
1188	564069032	564809445	stop	60 18 7f 7f 7f 7f 7f 00 7f 7f 00 7f 00 00 00 00 7f 00 00 00 00 7f 00 00 7f 7f 00 7f 00 00 00 7f 00 00 00 00 00 00 00 00 00 00 00 00 00 00 00 00 7f 00 00 7f 00 7f 00 7f 00 00 00 00 00 7f 00 00 00 7f 00 00 00 7f 00 00 00 00 00 00 00 00 00 00 00 00 00 7f 00 00 00 00 00 00 00 00 7f 00 7f 00 00 00 7f 7f 00 7f 00 00 00 00 00 7f 00 00 00 00 00 7f 00 00 7f 00 00 00 7f 00 00 00 7f 00 00 7f 7f 00 00 00 00 00	acks=00000000000000000000000000000000000000000000000000000000000000000000000000000000000000000000000000000000000000000000000000000000000000
1189	564816710	564834394	stop	60 fd 40	acks=000
1190	564836958	565582649	stop	60 18 7f 7f 7f 7f 7f 00 7f 7f 00 7f 00 00 00 00 7f 00 00 00 00 7f 00 00 7f 7f 00 7f 00 00 00 7f 00 00 00 00 7f 00 00 00 00 00 00 00 00 00 00 7f 7f 00 00 7f 00 7f 00 7f 00 00 00 00 00 7f 00 00 00 7f 00 00 00 7f 00 00 00 00 00 00 00 00 00 00 7f 00 00 00 7f 00 00 7f 00 00 00 00 7f 00 7f 00 00 00 7f 7f 00 7f 00 00 00 00 00 7f 00 00 00 00 00 7f 00 00 7f 00 00 00 7f 00 00 00 7f 00 00 7f 7f 00 00 00 00 00	acks=00000000000000000000000000000000000000000000000000000000000000000000000000000000000000000000000000000000000000000000000000000000000000
1191	565589688	565607370	stop	60 fd 40	acks=000
1192	565609933	566355913	stop	60 18 7f 00 7f 7f 00 00 7f 7f 00 00 00 00 7f 00 00 00 00 00 00 7f 00 00 00 7f 00 7f 00 00 00 7f 00 00 00 00 7f 00 00 00 00 00 00 00 00 00 00 7f 7f 00 00 00 00 7f 7f 7f 00 00 00 00 00 7f 00 00 00 7f 00 00 00 7f 00 00 7f 00 00 00 7f 00 00 00 7f 00 00 00 7f 00 00 7f 00 00 7f 00 7f 00 7f 00 00 00 00 7f 00 00 00 00 00 00 00 7f 00 00 00 00 7f 00 00 00 7f 7f 00 00 00 00 00 7f 00 00 00 00 00 00 00 00 00 00	acks=00000000000000000000000000000000000000000000000000000000000000000000000000000000000000000000000000000000000000000000000000000000000000
1193	567367405	567385102	stop	60 fd 40	acks=000
1194	567387664	568133499	stop	60 18 7f 00 00 00 00 00 00 7f 00 00 00 00 7f 00 00 00 00 7f 00 7f 00 00 00 7f 00 7f 00 00 00 7f 00 00 00 00 7f 00 7f 00 7f 00 00 00 00 00 00 7f 7f 00 7f 00 00 7f 7f 7f 00 00 00 00 00 00 00 00 00 00 00 00 00 00 00 00 7f 00 00 00 7f 00 00 00 7f 00 00 00 7f 00 00 7f 00 00 7f 00 00 7f 7f 00 00 00 00 7f 00 00 00 00 00 7f 00 7f 00 7f 00 00 7f 00 00 00 7f 7f 00 00 00 00 00 7f 00 00 00 00 00 00 00 00 00 00	acks=00000000000000000000000000000000000000000000000000000000000000000000000000000000000000000000000000000000000000000000000000000000000000
1195	568140704	568158392	stop	60 fd 40	acks=000
1196	568160955	568906707	stop	60 18 7f 00 00 00 00 00 00 7f 00 00 00 00 7f 7f 00 00 00 7f 00 7f 00 00 00 7f 00 7f 00 00 00 7f 00 7f 00 00 7f 00 7f 00 7f 00 00 00 00 00 00 00 00 00 7f 00 7f 7f 7f 7f 00 00 00 00 00 00 00 7f 00 00 00 00 00 00 00 00 7f 00 7f 00 7f 00 00 00 00 00 00 00 00 00 7f 00 00 00 7f 00 00 7f 7f 00 00 00 00 7f 00 00 00 00 00 7f 00 7f 7f 7f 00 00 7f 00 00 00 7f 7f 00 00 00 00 00 7f 00 00 00 00 00 00 00 00 00 00	acks=00000000000000000000000000000000000000000000000000000000000000000000000000000000000000000000000000000000000000000000000000000000000000
1197	568913745	568931427	stop	60 fd 40	acks=000
1198	568933989	569674036	stop	60 18 00 7f 00 00 00 00 00 7f 7f 00 00 7f 7f 7f 7f 00 00 7f 00 00 7f 00 7f 7f 00 7f 00 00 00 7f 00 7f 00 00 7f 00 7f 00 7f 00 00 00 00 00 00 00 00 00 7f 7f 7f 7f 00 7f 00 00 00 00 00 00 00 7f 00 00 7f 00 00 00 00 00 00 00 7f 00 7f 00 00 00 00 00 00 00 00 00 7f 00 00 00 7f 00 00 7f 7f 7f 00 00 7f 00 00 00 00 00 00 7f 00 00 7f 7f 00 00 00 00 00 00 7f 00 00 00 00 00 00 00 00 00 00 7f 7f 00 00 7f 00 00	acks=00000000000000000000000000000000000000000000000000000000000000000000000000000000000000000000000000000000000000000000000000000000000000
1199	570687615	570705308	stop	60 fd 40	acks=000
1200	570707871	571453535	stop	60 18 00 7f 00 00 00 00 00 7f 7f 00 00 7f 7f 7f 7f 00 00 00 00 00 7f 00 7f 7f 00 7f 00 00 00 00 00 7f 00 00 7f 00 7f 00 00 00 00 00 00 00 00 00 00 7f 00 7f 7f 7f 00 7f 00 00 00 00 00 00 00 7f 00 00 7f 00 00 00 00 00 00 00 7f 00 7f 00 00 00 00 00 00 00 00 00 7f 00 00 00 7f 00 00 00 7f 7f 00 00 7f 00 00 00 00 00 00 00 00 00 7f 00 00 00 00 00 00 00 7f 00 00 00 00 00 00 00 00 00 00 7f 7f 00 00 7f 00 00	acks=00000000000000000000000000000000000000000000000000000000000000000000000000000000000000000000000000000000000000000000000000000000000000
1201	571460739	571478422	stop	60 fd 40	acks=000
1202	571480985	572227061	stop	60 18 00 7f 00 00 00 00 00 7f 7f 00 00 7f 7f 7f 7f 00 00 00 00 00 7f 00 7f 7f 00 00 00 00 00 00 00 7f 00 00 00 00 7f 00 00 00 00 00 00 00 00 7f 00 7f 00 7f 00 7f 00 7f 00 00 00 00 7f 00 00 00 00 00 7f 00 00 00 00 7f 00 00 00 00 7f 00 00 00 00 00 00 7f 00 7f 7f 00 00 00 7f 00 00 00 7f 7f 00 7f 7f 00 00 00 00 00 7f 00 00 00 00 00 00 00 00 00 7f 00 7f 00 00 00 00 00 00 00 00 00 00 7f 7f 00 00 7f 00 00	acks=00000000000000000000000000000000000000000000000000000000000000000000000000000000000000000000000000000000000000000000000000000000000000
1203	572234108	572251817	stop	60 fd 40	acks=000
1204	572254384	573000429	stop	60 18 00 00 00 00 00 00 00 00 7f 00 00 00 7f 7f 00 00 00 00 00 00 00 00 00 00 00 00 00 00 00 00 00 7f 00 00 00 00 7f 00 00 00 00 00 00 00 00 7f 00 7f 00 00 00 7f 7f 7f 00 7f 00 00 7f 00 00 00 00 00 00 00 7f 00 00 7f 7f 00 00 00 00 00 00 00 00 00 00 7f 00 7f 7f 00 00 00 7f 00 00 00 7f 00 00 7f 7f 00 00 7f 00 00 7f 00 00 7f 00 00 00 00 7f 7f 7f 00 7f 7f 00 00 7f 00 00 7f 7f 00 00 00 00 00 00 00 00 00	acks=00000000000000000000000000000000000000000000000000000000000000000000000000000000000000000000000000000000000000000000000000000000000000
1205	574012279	574029971	stop	60 fd 40	acks=000
1206	574032533	574778307	stop	60 18 00 00 00 00 00 00 00 00 7f 00 00 00 7f 7f 00 00 00 00 00 00 00 00 00 00 00 00 00 00 00 00 00 7f 00 00 00 00 7f 00 00 00 00 00 00 00 7f 7f 00 7f 00 00 00 00 7f 7f 00 7f 00 00 7f 00 00 00 00 00 00 00 7f 00 00 7f 7f 00 00 00 00 00 00 00 00 00 00 7f 00 7f 7f 00 00 00 7f 00 00 00 7f 00 00 7f 7f 00 00 7f 00 00 7f 00 00 7f 00 00 00 00 7f 7f 7f 00 7f 7f 00 00 7f 00 00 7f 7f 00 00 00 00 00 00 00 00 00	acks=00000000000000000000000000000000000000000000000000000000000000000000000000000000000000000000000000000000000000000000000000000000000000
1207	574785516	574803219	stop	60 fd 40	acks=000
1208	574805782	575545949	stop	60 18 00 00 00 00 00 00 00 00 7f 00 00 00 7f 00 00 00 00 00 00 00 00 00 00 00 7f 00 00 00 00 00 00 7f 00 00 00 00 7f 7f 00 00 00 7f 00 00 7f 00 7f 7f 00 00 7f 00 7f 00 00 7f 00 00 00 00 00 00 7f 00 00 00 7f 00 00 7f 7f 00 00 00 00 00 00 00 00 7f 00 00 00 00 7f 7f 00 00 7f 00 00 00 7f 00 00 7f 7f 00 00 7f 00 00 00 00 00 7f 00 00 00 00 7f 7f 7f 00 7f 7f 00 00 7f 00 00 7f 7f 7f 00 00 00 00 00 00 00 00	acks=00000000000000000000000000000000000000000000000000000000000000000000000000000000000000000000000000000000000000000000000000000000000000
1209	575553058	575570764	stop	60 fd 40	acks=000
1210	575573330	576319643	stop	60 18 7f 00 00 00 7f 00 00 00 00 7f 00 7f 00 00 7f 00 00 00 00 7f 7f 00 00 00 7f 00 00 00 00 00 00 7f 00 00 00 00 7f 7f 00 00 00 7f 00 00 7f 00 7f 7f 00 7f 7f 00 00 00 00 00 00 00 00 00 00 00 7f 00 7f 00 00 00 00 7f 00 00 00 00 7f 00 00 00 00 7f 00 00 00 00 7f 7f 00 00 00 00 00 00 7f 00 00 7f 00 7f 00 7f 00 00 00 00 00 7f 00 00 00 00 00 00 7f 00 7f 00 00 00 00 00 00 00 00 7f 00 7f 00 00 00 00 00 00	acks=00000000000000000000000000000000000000000000000000000000000000000000000000000000000000000000000000000000000000000000000000000000000000
1211	577330911	577348611	stop	60 fd 40	acks=000
1212	577351176	578097244	stop	60 18 7f 00 00 7f 7f 00 00 00 00 7f 00 7f 00 00 7f 00 00 00 00 7f 7f 00 00 00 7f 00 00 00 00 00 00 7f 00 00 00 00 7f 7f 00 00 00 7f 00 00 7f 00 7f 7f 00 7f 7f 00 00 00 00 00 00 00 00 00 00 00 7f 00 7f 00 00 00 00 7f 00 00 00 00 7f 00 00 00 00 7f 00 00 00 00 7f 7f 00 00 00 00 00 00 00 00 00 7f 00 7f 00 7f 00 00 00 00 00 7f 00 00 00 00 00 00 7f 00 00 00 00 00 00 00 00 00 00 7f 00 7f 00 00 00 00 00 00	acks=00000000000000000000000000000000000000000000000000000000000000000000000000000000000000000000000000000000000000000000000000000000000000
1213	578104451	578122145	stop	60 fd 40	acks=000
1214	578124711	578870609	stop	60 18 7f 00 00 7f 7f 00 00 00 00 7f 00 7f 00 00 7f 7f 00 00 00 7f 7f 00 00 00 7f 7f 00 7f 7f 00 00 00 00 00 7f 7f 7f 00 00 00 7f 00 00 00 7f 7f 00 7f 00 7f 00 00 00 00 00 00 00 00 00 00 00 00 7f 00 7f 00 00 00 00 00 00 00 00 00 7f 00 00 00 7f 00 00 7f 7f 00 00 7f 00 00 00 00 00 00 00 00 00 7f 00 7f 00 7f 7f 00 00 00 00 7f 7f 00 00 00 00 00 7f 00 00 00 00 00 00 00 00 00 00 7f 00 7f 00 00 00 00 00 00	acks=00000000000000000000000000000000000000000000000000000000000000000000000000000000000000000000000000000000000000000000000000000000000000
1215	578877650	578895343	stop	60 fd 40	acks=000
1216	578897907	579643951	stop	60 18 00 00 00 7f 00 00 00 7f 7f 00 00 00 00 00 00 7f 00 00 00 00 00 00 7f 7f 7f 7f 00 7f 7f 00 00 00 00 00 7f 7f 7f 00 00 00 7f 00 00 00 7f 7f 00 7f 00 00 00 00 7f 00 00 7f 00 00 00 00 00 00 7f 00 00 00 7f 00 00 00 7f 00 00 00 7f 00 00 00 7f 00 00 7f 7f 00 00 7f 00 00 00 00 00 00 00 00 00 7f 00 00 00 00 7f 00 00 00 00 00 7f 00 00 00 00 7f 7f 00 00 00 00 00 00 00 00 00 00 7f 00 00 00 00 00 00 00 00	acks=00000000000000000000000000000000000000000000000000000000000000000000000000000000000000000000000000000000000000000000000000000000000000
1217	580655704	580673412	stop	60 fd 40	acks=000
1218	580675977	581422205	stop	60 18 00 00 00 7f 00 00 00 7f 7f 00 00 00 00 00 00 7f 00 00 00 00 00 00 7f 7f 7f 7f 00 7f 7f 00 00 00 00 00 7f 7f 00 00 00 00 7f 00 00 00 7f 7f 00 7f 00 00 00 00 7f 00 00 7f 00 00 00 00 00 00 7f 00 00 00 7f 00 00 00 7f 00 00 00 7f 00 00 00 7f 00 00 7f 7f 00 00 7f 00 00 00 00 00 00 00 00 00 7f 00 00 00 00 7f 00 00 00 00 00 7f 7f 00 00 00 7f 7f 00 00 00 00 00 00 00 00 00 00 7f 00 00 00 00 00 00 00 00	acks=00000000000000000000000000000000000000000000000000000000000000000000000000000000000000000000000000000000000000000000000000000000000000
1219	581429413	581447108	stop	60 fd 40	acks=000
1220	581449672	582195682	stop	60 18 00 00 00 7f 00 00 00 7f 7f 00 00 00 00 7f 00 00 00 00 7f 00 00 00 7f 7f 00 00 00 7f 00 00 00 00 00 00 00 7f 00 00 00 00 7f 00 00 00 7f 00 7f 7f 00 00 7f 00 7f 7f 00 7f 7f 00 00 00 00 7f 7f 00 00 00 7f 00 7f 00 7f 00 7f 00 7f 00 00 00 00 00 00 00 00 00 00 00 00 00 00 00 00 00 00 00 00 00 00 00 00 00 00 00 7f 00 00 00 7f 7f 7f 00 00 7f 00 00 00 00 00 00 00 00 00 00 00 7f 7f 00 00 00 7f 00 00 00	acks=00000000000000000000000000000000000000000000000000000000000000000000000000000000000000000000000000000000000000000000000000000000000000
1221	582202727	582220428	stop	60 fd 40	acks=000
1222	582222993	582969349	stop	60 18 00 7f 00 7f 7f 00 00 00 7f 7f 00 00 7f 7f 7f 00 00 00 7f 7f 00 00 7f 00 00 00 00 7f 00 00 00 00 00 00 00 7f 00 00 00 00 7f 00 00 00 7f 00 7f 7f 00 7f 7f 00 00 7f 00 00 7f 00 00 00 00 7f 7f 00 00 00 00 00 7f 00 00 00 7f 00 00 00 00 00 00 00 00 00 00 00 00 00 00 00 7f 00 00 00 00 7f 00 00 7f 00 00 7f 00 00 7f 00 00 00 7f 7f 7f 00 7f 00 00 00 00 00 00 00 00 00 00 00 00 7f 7f 7f 7f 00 7f 7f 00 00	acks=00000000000000000000000000000000000000000000000000000000000000000000000000000000000000000000000000000000000000000000000000000000000000
1223	583981900	583999614	stop	60 fd 40	acks=000
1224	584002180	584748857	stop	60 18 00 7f 00 7f 7f 00 00 00 7f 7f 00 00 7f 7f 7f 00 00 00 7f 7f 00 00 7f 00 00 00 00 7f 00 00 00 00 00 00 00 7f 00 00 00 7f 7f 00 00 00 7f 00 7f 00 00 7f 7f 00 00 7f 00 00 7f 00 00 00 00 7f 7f 00 00 00 00 00 7f 00 00 7f 7f 00 00 00 00 00 00 00 7f 00 00 00 00 00 00 00 7f 00 00 00 00 7f 00 00 7f 00 00 7f 00 00 7f 00 00 00 7f 7f 7f 00 7f 00 00 00 7f 00 00 00 00 7f 00 00 00 7f 7f 7f 7f 00 7f 7f 00 00	acks=00000000000000000000000000000000000000000000000000000000000000000000000000000000000000000000000000000000000000000000000000000000000000
1225	584756069	584773780	stop	60 fd 40	acks=000
1226	584776346	585522759	stop	60 18 00 7f 00 7f 7f 00 00 00 7f 7f 00 00 7f 00 7f 00 00 00 7f 7f 00 00 7f 00 00 7f 00 7f 00 00 00 7f 00 00 7f 00 00 00 00 7f 7f 7f 00 00 7f 7f 00 00 00 7f 00 00 00 00 00 00 00 00 7f 00 00 00 00 00 00 00 00 00 7f 7f 00 7f 00 00 00 00 00 00 7f 00 7f 7f 7f 7f 7f 7f 00 00 7f 7f 00 00 00 7f 00 00 7f 00 00 7f 00 00 7f 00 00 00 00 7f 00 00 7f 00 00 00 7f 00 00 00 00 7f 00 00 00 00 7f 7f 7f 7f 00 7f 00 00	acks=00000000000000000000000000000000000000000000000000000000000000000000000000000000000000000000000000000000000000000000000000000000000000
1227	585529991	585546504	stop	60 fd 40	acks=000
1228	585548488	586289036	stop	60 18 00 00 00 7f 00 00 00 00 00 00 00 00 00 00 00 00 00 00 7f 00 7f 00 00 00 00 7f 00 7f 00 00 00 7f 00 00 7f 00 00 00 00 7f 7f 7f 00 00 7f 7f 00 00 00 00 00 00 7f 00 00 00 00 00 7f 00 00 00 00 00 00 00 00 00 7f 7f 7f 7f 00 00 00 00 00 00 7f 00 7f 7f 7f 7f 7f 7f 00 00 00 7f 00 00 00 00 00 00 00 00 00 7f 00 00 7f 00 00 7f 00 7f 00 00 7f 00 00 00 7f 7f 00 00 7f 7f 00 7f 7f 00 7f 00 00 7f 00 00 00 00	acks=00000000000000000000000000000000000000000000000000000000000000000000000000000000000000000000000000000000000000000000000000000000000000
1229	587300538	587318246	stop	60 fd 40	acks=000
1230	587320812	588066693	stop	60 18 00 00 00 7f 00 7f 00 00 00 00 00 00 00 00 00 00 00 00 7f 00 7f 00 00 00 00 7f 00 7f 00 00 00 7f 00 00 7f 00 7f 00 00 00 7f 7f 00 00 00 7f 00 00 00 00 00 00 7f 00 00 00 00 00 7f 00 7f 00 00 00 00 00 00 00 7f 7f 7f 00 00 00 00 00 00 00 7f 00 7f 7f 7f 7f 7f 7f 00 00 00 7f 00 00 00 00 7f 00 00 00 00 7f 00 7f 7f 00 00 7f 00 7f 00 00 7f 00 00 7f 00 7f 00 7f 7f 00 00 7f 7f 00 7f 00 00 7f 00 00 00 00	acks=00000000000000000000000000000000000000000000000000000000000000000000000000000000000000000000000000000000000000000000000000000000000000
1231	588073900	588091589	stop	60 fd 40	acks=000
1232	588094153	588840154	stop	60 18 00 00 00 7f 00 7f 00 00 00 00 00 00 00 7f 00 00 00 00 7f 00 7f 00 00 00 7f 00 00 00 00 00 00 00 00 00 00 00 7f 7f 00 00 00 7f 00 00 00 00 7f 00 00 00 7f 00 7f 7f 00 00 00 00 00 00 7f 7f 00 00 00 00 00 00 7f 00 7f 00 7f 00 00 00 00 00 00 7f 7f 00 00 00 00 7f 00 00 00 7f 00 00 00 00 7f 7f 00 00 00 7f 7f 7f 00 00 00 7f 7f 7f 00 00 7f 00 7f 7f 00 7f 00 7f 7f 00 00 7f 7f 00 00 00 00 7f 00 00 00 00	acks=00000000000000000000000000000000000000000000000000000000000000000000000000000000000000000000000000000000000000000000000000000000000000
1233	588847197	588864895	stop	60 fd 40	acks=000
1234	588867460	589613759	stop	60 18 7f 00 00 7f 00 7f 00 00 00 00 00 7f 00 7f 7f 00 00 00 7f 00 7f 00 00 00 7f 00 00 00 00 00 00 00 00 00 00 00 7f 7f 00 00 00 7f 00 00 00 00 7f 00 00 7f 7f 00 00 7f 00 00 00 00 00 00 7f 7f 00 00 7f 00 00 00 7f 00 00 00 7f 00 7f 00 00 00 00 7f 7f 00 00 00 00 7f 00 00 00 7f 00 00 00 00 7f 7f 00 7f 00 00 7f 7f 00 00 00 00 7f 7f 00 00 00 7f 7f 7f 00 00 00 7f 00 00 00 00 00 00 00 7f 00 7f 00 00 00 00	acks=00000000000000000000000000000000000000000000000000000000000000000000000000000000000000000000000000000000000000000000000000000000000000
1235	590625244	590642946	stop	60 fd 40	acks=000
1236	590645510	591384481	stop	60 18 7f 00 00 00 00 7f 00 00 00 00 00 7f 00 7f 7f 00 00 00 7f 00 7f 00 00 00 7f 00 7f 00 00 00 7f 00 00 00 00 00 00 7f 00 00 00 7f 7f 00 00 00 7f 7f 00 7f 7f 00 00 7f 00 00 00 00 00 00 00 7f 00 00 7f 00 00 00 7f 00 00 00 7f 7f 7f 7f 00 00 00 7f 00 00 00 00 00 7f 7f 00 00 7f 00 00 00 00 7f 7f 00 7f 00 00 7f 00 00 00 00 00 7f 7f 00 00 00 7f 7f 7f 7f 00 00 00 00 00 00 00 00 00 00 7f 00 7f 00 00 00 00	acks=00000000000000000000000000000000000000000000000000000000000000000000000000000000000000000000000000000000000000000000000000000000000000
1237	591391753	591409450	stop	60 fd 40	acks=000
1238	591412014	592158135	stop	60 18 7f 00 00 00 00 7f 00 00 00 00 00 7f 00 00 7f 7f 00 00 00 00 7f 00 00 00 00 7f 7f 00 7f 00 7f 00 00 00 00 7f 00 00 00 00 00 00 7f 00 00 7f 00 7f 00 7f 00 00 00 00 00 00 00 00 7f 00 00 00 7f 00 7f 00 00 00 00 7f 00 00 00 7f 7f 7f 00 00 00 00 00 7f 00 7f 00 00 7f 00 00 7f 00 00 00 00 7f 00 00 7f 00 00 7f 00 7f 00 00 00 7f 7f 7f 00 00 7f 00 7f 7f 00 00 00 00 00 00 00 00 7f 00 7f 00 7f 00 00 00 00	acks=00000000000000000000000000000000000000000000000000000000000000000000000000000000000000000000000000000000000000000000000000000000000000
1239	592165180	592182879	stop	60 fd 40	acks=000
1240	592185444	592931419	stop	60 18 00 00 00 00 00 7f 00 7f 7f 00 00 00 00 00 00 7f 00 00 00 7f 00 00 00 7f 00 7f 7f 00 7f 00 7f 00 00 00 00 7f 00 00 00 00 00 00 7f 00 00 7f 00 7f 00 00 00 00 7f 00 00 7f 00 00 7f 00 00 00 7f 00 00 00 7f 00 00 7f 7f 00 00 7f 00 7f 00 00 00 00 00 7f 00 7f 00 00 7f 00 00 7f 00 00 00 00 7f 00 00 00 00 00 7f 00 7f 00 00 00 7f 7f 7f 00 00 7f 00 7f 7f 00 00 00 00 00 00 00 00 7f 00 7f 00 7f 00 00 00 00	acks=00000000000000000000000000000000000000000000000000000000000000000000000000000000000000000000000000000000000000000000000000000000000000
1241	593943876	593961587	stop	60 fd 40	acks=000
1242	593964152	594710099	stop	60 18 00 00 00 00 00 7f 00 7f 7f 00 00 00 00 00 00 7f 00 00 00 7f 00 00 00 7f 00 7f 00 00 7f 00 00 00 00 7f 00 7f 7f 00 00 00 00 00 7f 00 7f 7f 00 00 00 00 00 00 7f 00 00 7f 00 7f 7f 00 00 00 7f 00 00 00 7f 00 00 7f 7f 00 00 7f 00 7f 00 7f 00 00 00 7f 00 7f 00 00 00 00 00 7f 7f 00 00 00 7f 00 00 00 00 00 7f 00 7f 00 7f 00 7f 00 7f 00 00 7f 00 00 00 00 7f 00 00 7f 00 00 00 7f 00 7f 00 7f 00 00 00 00	acks=00000000000000000000000000000000000000000000000000000000000000000000000000000000000000000000000000000000000000000000000000000000000000
1243	594717307	594734998	stop	60 fd 40	acks=000
1244	594737563	595483439	stop	60 18 00 00 00 00 00 7f 00 7f 7f 00 00 00 00 00 00 00 00 00 00 7f 00 00 00 7f 7f 00 00 7f 00 00 00 00 00 7f 7f 00 7f 7f 00 00 7f 7f 7f 00 7f 00 7f 00 00 00 7f 00 7f 7f 00 7f 7f 7f 00 00 00 00 00 00 00 00 7f 00 00 00 7f 00 00 7f 00 7f 00 7f 00 7f 00 00 00 00 00 00 00 00 00 00 7f 00 00 00 7f 00 00 00 00 00 00 00 7f 00 7f 00 00 00 7f 00 00 7f 00 00 00 00 7f 00 00 7f 00 00 00 00 7f 7f 00 00 7f 00 00 00	acks=00000000000000000000000000000000000000000000000000000000000000000000000000000000000000000000000000000000000000000000000000000000000000
1245	595490483	595508177	stop	60 fd 40	acks=000
1246	595510742	596247485	stop	60 18 00 00 00 00 7f 7f 00 00 00 7f 00 00 7f 00 7f 00 00 00 00 7f 00 00 00 00 7f 00 00 7f 00 00 00 00 00 7f 7f 00 7f 7f 00 00 7f 7f 7f 00 7f 00 7f 00 00 7f 7f 00 00 7f 00 00 7f 7f 00 00 00 00 00 00 00 00 00 00 00 00 7f 00 00 7f 00 7f 00 7f 00 7f 00 00 00 00 00 00 00 00 7f 00 7f 00 00 00 7f 00 00 00 00 7f 00 00 7f 00 7f 00 00 00 7f 00 00 00 00 00 00 00 7f 00 00 7f 00 00 00 00 7f 7f 00 00 7f 00 00 00	acks=00000000000000000000000000000000000000000000000000000000000000000000000000000000000000000000000000000000000000000000000000000000000000
1247	597259457	597277149	stop	60 fd 40	acks=000
1248	597279712	598025615	stop	60 18 00 00 7f 7f 7f 00 7f 00 00 7f 00 00 7f 00 7f 00 7f 00 00 7f 00 00 00 00 7f 00 00 7f 00 7f 00 00 00 7f 7f 00 00 7f 00 7f 7f 7f 00 00 00 00 7f 7f 00 7f 7f 00 00 7f 00 00 7f 00 00 7f 00 00 00 7f 00 00 00 00 00 00 7f 7f 00 7f 00 7f 00 00 00 7f 7f 00 00 00 00 00 00 00 7f 00 7f 00 00 00 00 00 00 00 00 7f 00 7f 7f 00 00 00 00 00 7f 00 00 00 00 00 7f 00 7f 00 00 7f 00 00 00 00 7f 7f 00 00 7f 00 00 00	acks=00000000000000000000000000000000000000000000000000000000000000000000000000000000000000000000000000000000000000000000000000000000000000
1249	598032821	598050504	stop	60 fd 40	acks=000
1250	598053069	598798772	stop	60 18 00 00 7f 7f 7f 00 7f 00 00 7f 00 00 7f 7f 7f 7f 7f 00 7f 7f 00 00 00 00 00 7f 00 00 7f 7f 00 7f 00 7f 7f 7f 00 00 00 7f 00 7f 00 00 00 7f 00 7f 00 7f 00 00 00 00 00 00 00 00 00 7f 00 00 00 7f 00 00 00 00 7f 00 7f 7f 00 7f 00 7f 00 00 7f 00 7f 7f 7f 00 7f 7f 00 00 7f 00 7f 00 00 00 00 00 00 00 00 7f 7f 7f 00 00 00 00 00 00 00 00 00 00 00 00 7f 00 7f 00 00 7f 00 00 00 00 00 7f 00 00 00 00 00 00	acks=00000000000000000000000000000000000000000000000000000000000000000000000000000000000000000000000000000000000000000000000000000000000000
1251	598805812	598823504	stop	60 fd 40	acks=000
1252	598826068	599571574	stop	60 18 00 00 7f 7f 00 00 7f 00 00 00 00 00 00 7f 00 7f 7f 00 7f 00 00 00 00 00 00 7f 00 00 7f 7f 00 7f 00 7f 7f 7f 00 00 00 7f 00 7f 00 00 00 7f 00 7f 00 7f 00 00 7f 00 00 00 00 00 00 7f 00 00 00 7f 00 00 00 00 7f 00 7f 7f 00 7f 00 7f 00 00 7f 00 7f 7f 7f 00 7f 7f 00 00 00 00 7f 00 00 00 00 00 00 00 00 00 7f 7f 00 00 00 00 00 00 00 00 00 00 00 00 7f 00 7f 00 00 7f 00 00 00 00 00 7f 00 00 00 00 00 00	acks=00000000000000000000000000000000000000000000000000000000000000000000000000000000000000000000000000000000000000000000000000000000000000
1253	600584172	600601865	stop	60 fd 40	acks=000
1254	600604429	601342194	stop	60 18 00 00 7f 00 00 00 00 00 00 00 00 00 00 7f 00 7f 7f 7f 7f 00 00 00 00 00 00 7f 00 00 7f 7f 7f 7f 00 00 7f 7f 7f 00 00 00 00 7f 00 00 7f 7f 00 00 7f 7f 00 7f 7f 00 00 00 00 00 00 00 7f 00 00 00 00 00 00 7f 7f 00 7f 00 00 00 00 00 00 00 7f 00 00 7f 7f 00 7f 7f 00 00 00 00 7f 7f 00 00 00 00 00 00 00 00 7f 7f 00 7f 00 00 00 7f 00 00 00 00 00 7f 00 00 7f 7f 00 00 00 00 00 00 00 7f 00 00 00 00 00 00	acks=00000000000000000000000000000000000000000000000000000000000000000000000000000000000000000000000000000000000000000000000000000000000000
1255	601349461	601367147	stop	60 fd 40	acks=000
1256	601369711	602115527	stop	60 18 00 00 7f 00 00 00 00 00 00 00 00 00 00 7f 00 00 7f 7f 00 00 00 00 00 00 00 00 00 00 00 7f 7f 00 00 00 00 00 7f 00 00 00 00 00 00 00 7f 00 7f 00 7f 7f 7f 7f 7f 7f 00 00 7f 00 00 00 7f 7f 00 00 00 00 00 7f 00 7f 7f 00 7f 00 00 00 00 00 00 00 00 00 00 00 00 00 00 00 00 7f 7f 7f 00 00 00 7f 00 00 00 00 7f 7f 00 7f 00 00 7f 7f 7f 00 00 00 7f 7f 00 00 7f 7f 00 00 00 00 00 00 7f 7f 00 7f 7f 00 00 00	acks=00000000000000000000000000000000000000000000000000000000000000000000000000000000000000000000000000000000000000000000000000000000000000
1257	602122563	602140248	stop	60 fd 40	acks=000
1258	602142811	602888505	stop	60 18 00 00 7f 00 00 00 00 00 00 00 00 00 00 7f 7f 00 7f 7f 00 00 00 00 00 00 00 00 00 00 00 7f 7f 00 00 00 00 00 7f 00 00 00 00 00 00 00 7f 00 7f 00 7f 7f 7f 7f 7f 7f 00 00 7f 00 00 00 7f 7f 00 00 00 00 00 7f 00 7f 7f 00 7f 00 00 00 00 00 00 00 00 00 00 00 00 00 00 00 00 7f 7f 7f 00 00 00 7f 00 00 00 00 7f 7f 00 7f 00 00 7f 7f 7f 00 00 00 7f 7f 00 00 7f 7f 00 00 00 00 00 00 7f 00 00 7f 7f 00 00 00	acks=00000000000000000000000000000000000000000000000000000000000000000000000000000000000000000000000000000000000000000000000000000000000000
1259	603901277	603918986	stop	60 fd 40	acks=000
1260	603921551	604667896	stop	60 18 00 00 00 7f 00 7f 00 00 00 00 00 00 00 7f 7f 00 7f 00 00 00 00 00 00 00 00 00 7f 00 00 7f 7f 00 00 00 00 00 00 00 7f 7f 00 00 7f 00 00 00 7f 7f 00 7f 7f 7f 7f 7f 00 00 7f 00 00 00 00 7f 00 00 00 00 00 7f 00 7f 7f 7f 7f 00 00 00 00 00 00 00 7f 00 00 00 00 00 7f 00 00 7f 00 7f 7f 00 7f 7f 00 00 00 00 7f 00 00 00 7f 00 7f 00 7f 00 00 00 7f 00 7f 00 00 00 00 7f 00 00 00 00 7f 00 00 7f 7f 00 00 00	acks=00000000000000000000000000000000000000000000000000000000000000000000000000000000000000000000000000000000000000000000000000000000000000
1261	604675102	604692803	stop	60 fd 40	acks=000
1262	604695368	605441581	stop	60 18 00 00 00 7f 00 7f 00 00 00 00 00 00 00 00 7f 00 7f 00 00 00 00 00 00 00 7f 7f 7f 00 00 7f 7f 00 00 00 00 00 00 00 7f 7f 00 00 7f 00 00 7f 00 7f 00 7f 00 7f 7f 00 00 00 00 00 7f 00 00 00 7f 00 00 00 00 7f 00 7f 7f 7f 00 00 00 00 00 00 00 00 7f 7f 00 7f 00 00 7f 00 00 00 00 7f 7f 00 7f 00 00 00 00 00 00 00 7f 00 7f 00 00 00 7f 00 00 00 00 00 7f 00 00 00 00 7f 00 00 00 7f 00 00 00 00 00 00 00 00	acks=00000000000000000000000000000000000000000000000000000000000000000000000000000000000000000000000000000000000000000000000000000000000000
1263	605448625	605466327	stop	60 fd 40	acks=000
1264	605468894	606207480	stop	60 18 00 00 00 7f 00 7f 00 00 00 00 00 00 00 00 7f 00 7f 00 00 00 00 00 00 00 7f 7f 7f 00 00 7f 7f 00 00 00 00 00 00 00 7f 7f 00 00 7f 00 00 7f 00 7f 00 7f 00 7f 7f 00 00 00 00 00 7f 00 00 00 7f 00 00 00 00 7f 00 7f 00 7f 00 00 00 00 00 00 00 00 7f 7f 00 7f 00 00 7f 00 00 00 00 7f 7f 00 7f 00 00 00 00 00 00 00 7f 00 7f 00 00 00 7f 00 00 00 00 00 7f 00 00 00 00 7f 00 00 00 7f 00 00 00 00 00 00 00 00	acks=00000000000000000000000000000000000000000000000000000000000000000000000000000000000000000000000000000000000000000000000000000000000000
1265	607219911	607237607	stop	60 fd 40	acks=000
1266	607240170	607986414	stop	60 18 00 00 00 00 00 00 00 00 00 00 00 00 00 00 7f 00 00 00 00 00 00 00 00 00 7f 7f 00 00 00 00 00 00 00 7f 00 00 7f 00 7f 00 00 00 00 00 7f 7f 00 00 00 7f 00 7f 7f 00 00 00 00 7f 7f 00 7f 00 7f 7f 00 00 00 7f 00 7f 00 00 00 7f 00 7f 00 7f 00 00 00 7f 00 7f 00 00 00 00 00 00 00 00 7f 00 00 00 00 00 00 00 00 7f 7f 00 7f 00 00 7f 7f 00 00 00 00 7f 00 00 00 7f 00 7f 00 00 00 7f 00 00 00 00 00 00 00 00	acks=00000000000000000000000000000000000000000000000000000000000000000000000000000000000000000000000000000000000000000000000000000000000000
1267	607993625	608011325	stop	60 fd 40	acks=000
1268	608013891	608760073	stop	60 18 00 00 00 00 00 00 00 00 00 00 00 00 00 00 7f 00 00 00 00 00 00 00 00 00 7f 00 00 7f 00 00 00 00 00 7f 00 7f 7f 7f 7f 00 7f 7f 00 00 7f 7f 7f 00 00 7f 7f 7f 7f 7f 00 00 00 7f 00 00 7f 00 00 7f 00 00 00 7f 00 00 00 00 00 7f 00 7f 00 7f 00 7f 00 00 00 00 00 00 00 00 00 00 00 00 7f 00 00 00 00 00 00 00 00 7f 00 00 7f 00 00 7f 00 00 00 00 00 7f 00 00 00 7f 00 7f 00 00 00 00 00 00 00 00 00 00 00 00	acks=00000000000000000000000000000000000000000000000000000000000000000000000000000000000000000000000000000000000000000000000000000000000000
1269	608767118	608784819	stop	60 fd 40	acks=000
1270	608787384	609533378	stop	60 18 00 00 00 00 00 00 00 00 00 00 00 00 00 00 7f 00 00 00 00 00 00 00 00 00 7f 00 00 7f 00 00 00 00 00 7f 00 7f 7f 7f 7f 00 7f 7f 00 00 7f 7f 7f 00 00 00 7f 7f 7f 7f 00 00 00 7f 00 00 7f 00 00 7f 00 00 00 7f 00 00 00 00 00 7f 00 7f 00 7f 00 7f 00 00 00 00 00 00 00 00 00 00 00 00 7f 7f 00 00 00 00 00 00 00 7f 00 00 7f 00 00 7f 00 00 00 00 00 7f 00 00 00 7f 00 7f 00 00 00 00 00 00 00 00 00 00 00 00	acks=00000000000000000000000000000000000000000000000000000000000000000000000000000000000000000000000000000000000000000000000000000000000000
1271	610544630	610562343	stop	60 fd 40	acks=000
1272	610564910	611304743	stop	60 18 00 00 7f 7f 00 00 7f 00 00 00 00 00 00 00 7f 00 00 00 00 00 00 00 00 00 7f 00 7f 7f 00 00 7f 00 00 00 00 7f 00 7f 7f 00 7f 7f 7f 00 00 7f 7f 7f 00 00 7f 00 7f 7f 00 00 00 00 00 7f 00 00 00 7f 00 00 00 00 00 00 00 00 00 00 00 00 00 00 00 7f 00 00 00 00 00 00 7f 00 00 00 7f 00 7f 7f 00 00 00 00 00 00 00 7f 00 7f 00 00 00 00 00 00 00 00 00 00 7f 00 7f 00 00 00 00 00 00 00 00 00 00 00 00 00 00 00	acks=00000000000000000000000000000000000000000000000000000000000000000000000000000000000000000000000000000000000000000000000000000000000000
1273	611312016	611329725	stop	60 fd 40	acks=000
1274	611332292	612078540	stop	60 18 00 00 7f 7f 00 00 7f 00 00 00 00 00 00 00 7f 7f 00 00 7f 00 00 00 00 00 00 7f 7f 00 7f 00 7f 00 00 00 00 7f 00 00 7f 00 00 00 7f 00 00 7f 00 7f 00 00 7f 00 7f 00 00 00 00 00 00 7f 00 00 00 7f 00 00 00 00 7f 00 00 00 00 00 00 00 00 00 00 00 00 7f 00 00 00 00 7f 00 00 00 7f 00 7f 7f 00 00 00 00 00 00 7f 7f 00 7f 00 00 00 00 00 00 00 00 00 00 7f 00 7f 00 00 00 00 00 00 00 7f 00 00 00 00 00 00 00	acks=00000000000000000000000000000000000000000000000000000000000000000000000000000000000000000000000000000000000000000000000000000000000000
1275	612085587	612103289	stop	60 fd 40	acks=000
1276	612105856	612851938	stop	60 18 00 00 7f 7f 00 00 7f 00 00 00 00 00 00 00 7f 7f 00 00 7f 00 00 00 00 00 00 7f 7f 00 7f 00 7f 00 00 00 00 7f 00 00 7f 00 00 00 7f 00 00 7f 00 7f 00 00 7f 00 00 00 00 00 00 00 00 7f 00 00 00 7f 00 00 00 00 7f 00 00 00 00 00 00 00 00 00 00 00 00 7f 00 00 00 00 7f 00 00 00 7f 00 7f 7f 00 00 00 00 00 00 7f 7f 00 7f 00 00 00 00 00 00 00 00 00 00 7f 00 7f 00 7f 00 00 00 00 00 7f 00 00 00 00 00 00 00	acks=00000000000000000000000000000000000000000000000000000000000000000000000000000000000000000000000000000000000000000000000000000000000000
1277	613863252	613880953	stop	60 fd 40	acks=000
1278	613883516	614629494	stop	60 18 00 00 00 00 00 00 00 00 00 00 00 00 00 00 7f 7f 7f 7f 7f 00 00 00 00 00 00 7f 00 00 7f 7f 7f 00 00 7f 00 7f 7f 00 00 00 00 00 00 00 7f 7f 00 00 7f 00 7f 00 00 00 00 00 00 7f 00 00 00 00 00 00 00 00 00 00 7f 00 00 00 00 00 00 00 00 7f 00 00 7f 7f 00 00 00 00 00 00 00 00 00 7f 00 7f 00 00 00 00 00 00 7f 00 00 7f 7f 00 00 7f 00 00 00 00 00 00 00 00 00 00 7f 00 00 00 00 00 7f 00 00 00 00 00 00 00	acks=00000000000000000000000000000000000000000000000000000000000000000000000000000000000000000000000000000000000000000000000000000000000000
1279	614636701	614654398	stop	60 fd 40	acks=000
1280	614656964	615403198	stop	60 18 00 00 00 00 00 00 00 00 00 00 00 00 00 00 7f 00 7f 7f 00 00 00 00 00 00 00 00 00 00 00 7f 7f 00 00 7f 00 00 7f 00 00 00 00 00 00 00 7f 7f 7f 00 7f 00 7f 00 00 7f 00 00 7f 7f 00 00 00 00 00 00 00 00 00 00 00 00 00 00 00 00 00 00 00 7f 00 00 7f 7f 00 00 00 00 00 00 00 7f 00 7f 00 7f 00 00 00 00 00 00 00 00 00 7f 7f 00 00 7f 7f 00 00 00 00 00 00 00 00 00 7f 00 00 00 00 00 7f 00 00 7f 7f 00 00 00	acks=00000000000000000000000000000000000000000000000000000000000000000000000000000000000000000000000000000000000000000000000000000000000000
1281	615410243	615427938	stop	60 fd 40	acks=000
1282	615430502	616176305	stop	60 18 00 7f 00 00 00 00 00 00 00 00 00 00 00 00 00 00 7f 7f 00 00 00 00 7f 00 00 00 00 00 00 7f 7f 00 00 7f 00 00 7f 00 00 00 00 00 00 00 7f 7f 7f 00 7f 00 7f 00 00 7f 00 00 7f 7f 00 00 00 00 00 00 00 00 00 00 00 00 00 00 00 00 00 00 00 7f 00 00 7f 7f 00 00 00 00 00 00 00 7f 00 7f 00 7f 00 00 7f 7f 00 00 00 00 00 7f 7f 00 00 7f 7f 00 00 00 00 00 00 00 00 00 7f 00 00 00 00 00 7f 7f 7f 7f 7f 7f 00 00	acks=00000000000000000000000000000000000000000000000000000000000000000000000000000000000000000000000000000000000000000000000000000000000000
1283	617188045	617205741	stop	60 fd 40	acks=000
1284	617208306	617954282	stop	60 18 00 7f 7f 7f 00 7f 7f 00 00 00 00 00 00 00 00 00 00 00 00 00 00 00 7f 00 00 00 00 00 00 00 00 00 00 00 00 00 00 00 00 7f 00 00 00 00 00 7f 7f 7f 00 00 7f 7f 00 7f 00 00 7f 00 00 7f 00 00 00 7f 00 00 00 7f 00 00 00 7f 00 00 00 00 00 00 00 00 7f 7f 00 00 00 00 00 00 00 7f 00 00 00 7f 7f 00 7f 7f 00 00 00 00 00 00 7f 00 00 00 7f 00 00 00 00 7f 7f 00 00 00 7f 7f 00 00 00 00 7f 7f 7f 7f 7f 7f 00 00	acks=00000000000000000000000000000000000000000000000000000000000000000000000000000000000000000000000000000000000000000000000000000000000000
1285	617961491	617979185	stop	60 fd 40	acks=000
1286	617981749	618727563	stop	60 18 00 7f 7f 7f 00 7f 7f 00 00 00 00 00 00 00 00 00 00 00 00 00 00 00 7f 00 00 7f 00 00 00 00 00 00 00 00 00 00 00 00 00 7f 00 00 00 00 00 00 7f 7f 00 00 7f 7f 00 00 00 00 00 00 00 7f 00 00 00 7f 00 00 00 7f 00 00 00 7f 00 00 00 00 00 00 00 00 7f 7f 00 00 00 00 00 00 00 00 00 00 00 7f 7f 00 7f 7f 00 00 00 00 00 00 7f 00 00 00 00 00 00 00 00 7f 7f 00 00 00 7f 7f 00 00 00 00 00 7f 7f 00 00 7f 00 00	acks=00000000000000000000000000000000000000000000000000000000000000000000000000000000000000000000000000000000000000000000000000000000000000
1287	618734605	618752294	stop	60 fd 40	acks=000
1288	618754858	619500830	stop	60 18 00 00 7f 7f 00 7f 7f 7f 00 00 00 00 00 00 00 00 00 00 00 00 00 00 00 00 00 7f 00 00 00 00 00 00 00 00 00 00 00 00 00 7f 00 00 00 00 00 00 7f 7f 00 00 7f 7f 00 00 00 00 00 00 00 7f 00 00 00 7f 00 00 00 7f 00 00 7f 7f 00 00 00 00 00 00 00 00 7f 7f 00 00 00 00 00 00 00 00 00 00 00 7f 7f 00 00 7f 00 00 00 00 00 00 7f 7f 00 00 00 00 7f 00 00 7f 7f 7f 00 00 7f 7f 00 7f 7f 00 00 00 00 00 00 00 00 00	acks=00000000000000000000000000000000000000000000000000000000000000000000000000000000000000000000000000000000000000000000000000000000000000
1289	620512712	620530418	stop	60 fd 40	acks=000
1290	620532983	621279313	stop	60 18 00 00 00 00 00 00 00 7f 00 00 00 00 00 00 00 00 00 7f 00 00 00 00 00 00 00 7f 00 00 00 00 00 00 00 00 00 00 7f 00 7f 00 00 00 7f 00 7f 00 7f 00 7f 00 7f 00 00 00 00 00 00 00 00 00 7f 00 00 7f 00 00 00 00 00 00 7f 00 00 7f 00 7f 00 00 00 00 00 7f 00 00 00 00 00 00 00 00 00 7f 7f 7f 00 00 00 7f 00 00 00 7f 00 7f 00 7f 00 7f 00 00 7f 00 00 7f 00 7f 00 7f 7f 00 00 7f 7f 00 00 00 00 00 00 00 00 00	acks=00000000000000000000000000000000000000000000000000000000000000000000000000000000000000000000000000000000000000000000000000000000000000
1291	621286526	621304225	stop	60 fd 40	acks=000
1292	621306790	622044790	stop	60 18 00 00 00 00 00 00 00 7f 00 00 00 00 00 00 00 00 00 7f 00 00 00 00 00 00 00 7f 00 00 00 00 00 00 00 00 00 00 7f 00 7f 00 00 00 7f 00 7f 00 7f 00 7f 00 00 00 00 7f 00 00 00 00 00 00 7f 00 00 7f 00 00 00 00 00 00 7f 00 00 7f 00 7f 00 00 00 00 00 7f 00 00 00 00 00 00 00 00 00 7f 7f 7f 00 00 00 7f 00 00 00 7f 00 7f 00 7f 00 7f 00 00 7f 00 00 7f 00 7f 00 7f 7f 00 00 7f 7f 00 00 00 00 00 00 00 00 00	acks=00000000000000000000000000000000000000000000000000000000000000000000000000000000000000000000000000000000000000000000000000000000000000
1293	622051892	622069587	stop	60 fd 40	acks=000
1294	622072152	622817935	stop	60 18 7f 00 00 00 00 00 00 7f 00 00 00 7f 00 00 00 00 00 7f 00 00 7f 00 00 00 00 7f 00 00 00 00 00 00 00 00 00 00 7f 00 7f 00 00 00 7f 00 7f 00 7f 00 7f 7f 00 00 00 7f 00 00 00 00 00 00 7f 00 00 7f 7f 00 00 00 00 00 00 00 00 7f 7f 7f 00 00 00 00 00 7f 00 00 00 00 00 00 7f 00 00 7f 7f 7f 00 00 00 7f 00 00 00 7f 00 7f 00 00 00 7f 00 00 00 00 00 7f 00 00 00 7f 7f 00 00 00 00 00 00 00 00 00 00 00 00 00	acks=00000000000000000000000000000000000000000000000000000000000000000000000000000000000000000000000000000000000000000000000000000000000000
1295	623829815	623847519	stop	60 fd 40	acks=000
1296	623850083	624596142	stop	60 18 7f 00 00 7f 00 00 00 7f 00 00 00 7f 00 00 00 00 00 00 00 00 7f 00 00 00 00 7f 7f 00 00 00 7f 00 00 7f 00 00 00 00 00 00 00 00 7f 00 00 00 7f 7f 00 7f 00 00 00 7f 00 00 00 00 00 00 00 00 00 00 7f 00 00 00 00 00 00 00 00 00 7f 00 00 00 00 00 00 7f 00 00 00 00 7f 00 7f 00 7f 00 00 7f 00 00 00 7f 00 00 00 00 00 7f 00 00 00 00 00 00 00 00 00 00 7f 00 7f 00 7f 00 00 00 00 00 00 00 00 00 00 00 00 00	acks=00000000000000000000000000000000000000000000000000000000000000000000000000000000000000000000000000000000000000000000000000000000000000
1297	624603353	624621048	stop	60 fd 40	acks=000
1298	624623612	625369900	stop	60 18 7f 00 00 7f 00 00 00 7f 00 00 00 7f 00 00 00 00 00 00 00 00 7f 00 00 00 00 7f 7f 00 00 00 7f 00 00 7f 00 00 00 00 00 00 00 00 7f 00 00 00 7f 7f 00 7f 00 00 00 7f 00 00 00 00 00 00 00 00 00 00 7f 00 00 00 00 00 00 00 00 00 7f 00 00 00 00 00 00 00 00 00 7f 00 7f 00 7f 00 7f 00 00 7f 00 00 00 7f 00 00 00 00 00 7f 00 00 00 00 00 00 00 00 00 00 7f 00 7f 00 7f 00 00 00 00 00 00 00 00 00 00 00 00 00	acks=00000000000000000000000000000000000000000000000000000000000000000000000000000000000000000000000000000000000000000000000000000000000000
1299	625376942	625394640	stop	60 fd 40	acks=000
1300	625397206	626143506	stop	60 18 00 00 00 7f 00 00 00 7f 7f 00 00 00 00 00 00 00 00 00 00 00 00 00 00 7f 00 7f 7f 00 00 00 7f 00 00 7f 00 00 00 00 00 00 00 00 7f 00 00 00 7f 7f 00 00 00 00 7f 7f 00 7f 00 00 00 00 00 00 00 00 00 00 7f 00 00 00 00 00 00 00 00 00 00 00 00 00 00 00 00 00 7f 00 7f 00 7f 00 7f 00 00 00 00 00 00 7f 00 00 00 00 00 7f 00 00 00 00 00 00 00 7f 00 00 7f 00 7f 00 7f 00 00 00 00 00 00 00 00 00 00 00 00 00	acks=00000000000000000000000000000000000000000000000000000000000000000000000000000000000000000000000000000000000000000000000000000000000000
1301	627156134	627173830	stop	60 fd 40	acks=000
1302	627176393	627922457	stop	60 18 00 00 7f 00 00 00 00 7f 7f 00 00 00 00 00 00 00 7f 00 00 00 00 00 00 7f 00 7f 00 00 00 7f 00 00 00 7f 00 00 7f 00 00 00 00 00 00 00 7f 00 7f 00 00 00 00 00 7f 7f 00 7f 00 7f 00 00 00 00 00 00 00 00 7f 00 00 00 00 00 00 00 00 00 00 7f 00 00 00 00 00 00 7f 00 00 00 7f 00 00 00 00 00 00 00 00 7f 00 00 00 00 00 00 7f 00 00 7f 00 00 00 7f 00 00 7f 00 00 00 7f 00 00 00 00 00 00 00 00 00 00 00 00 00	acks=00000000000000000000000000000000000000000000000000000000000000000000000000000000000000000000000000000000000000000000000000000000000000
1303	627929663	627947361	stop	60 fd 40	acks=000
1304	627949926	628696150	stop	60 18 00 00 7f 00 00 00 00 7f 7f 00 00 00 00 00 00 00 7f 00 00 00 00 00 00 7f 00 7f 00 00 00 7f 00 00 00 7f 00 00 7f 00 00 00 00 00 00 00 7f 00 00 00 00 00 00 00 7f 7f 00 7f 00 7f 00 00 00 00 00 00 00 00 7f 00 00 00 00 00 00 00 00 00 00 7f 00 00 00 00 00 00 7f 00 00 00 7f 00 00 00 00 00 00 7f 00 7f 00 00 00 00 00 00 7f 00 00 7f 00 00 00 7f 00 00 7f 00 00 00 7f 00 00 00 00 00 00 00 00 00 00 00 00 00	acks=00000000000000000000000000000000000000000000000000000000000000000000000000000000000000000000000000000000000000000000000000000000000000
1305	628703197	628720894	stop	60 fd 40	acks=000
1306	628723458	629469288	stop	60 18 00 7f 7f 00 7f 00 00 7f 00 7f 00 00 7f 00 7f 00 7f 00 00 7f 00 00 7f 00 00 7f 00 00 00 7f 00 00 00 7f 00 00 7f 00 00 00 00 00 00 00 7f 00 00 00 00 00 00 00 00 7f 00 00 00 7f 00 00 00 00 00 00 00 00 00 00 00 00 00 00 00 00 00 00 00 7f 00 00 00 00 00 00 7f 00 00 00 7f 00 00 00 00 7f 00 7f 7f 7f 00 7f 00 00 00 00 7f 00 00 7f 00 00 00 00 00 00 7f 00 00 00 00 00 00 00 00 00 00 7f 7f 00 00 7f 00 00	acks=00000000000000000000000000000000000000000000000000000000000000000000000000000000000000000000000000000000000000000000000000000000000000
1307	630480793	630498489	stop	60 fd 40	acks=000
1308	630501053	631246966	stop	60 18 00 7f 7f 7f 7f 00 7f 7f 00 7f 00 00 7f 00 7f 00 00 00 00 7f 00 00 7f 00 00 7f 00 00 00 00 00 00 00 00 00 00 7f 00 00 00 00 00 00 00 00 00 00 7f 00 00 00 7f 00 7f 00 00 00 00 00 7f 00 00 00 7f 00 00 00 7f 00 00 00 00 00 00 00 00 00 00 00 00 00 00 00 00 7f 00 00 00 7f 00 00 7f 00 7f 00 7f 7f 7f 00 7f 00 00 00 00 00 00 00 00 00 00 00 00 00 00 7f 00 00 00 00 00 00 00 00 00 00 7f 7f 00 00 7f 00 00	acks=00000000000000000000000000000000000000000000000000000000000000000000000000000000000000000000000000000000000000000000000000000000000000
1309	631254171	631271864	stop	60 fd 40	acks=000
1310	631274429	632020010	stop	60 18 00 7f 7f 7f 7f 00 7f 7f 00 7f 00 00 7f 00 7f 00 00 00 00 7f 00 00 7f 00 00 00 00 00 00 00 00 7f 00 00 7f 00 7f 00 00 00 00 00 00 00 00 7f 00 7f 00 00 00 7f 00 7f 00 00 00 00 00 7f 00 00 7f 7f 00 00 00 7f 00 00 00 00 00 00 00 00 00 00 7f 00 00 00 7f 00 7f 7f 00 00 7f 00 00 7f 00 7f 00 7f 7f 7f 00 7f 00 00 00 00 00 00 00 00 00 00 00 00 00 00 7f 00 00 00 00 00 00 00 00 00 00 7f 7f 00 00 7f 00 00	acks=00000000000000000000000000000000000000000000000000000000000000000000000000000000000000000000000000000000000000000000000000000000000000
1311	632027050	632044746	stop	60 fd 40	acks=000
1312	632047311	632783596	stop	60 18 00 00 7f 7f 00 00 7f 7f 00 00 00 00 00 00 00 00 00 00 00 00 00 00 00 00 00 00 00 00 00 00 00 7f 00 00 7f 00 7f 00 00 00 00 00 00 00 00 7f 00 7f 00 00 00 7f 00 7f 00 00 00 00 00 7f 00 00 7f 7f 00 00 00 7f 00 00 7f 00 00 00 00 00 00 00 7f 00 00 00 7f 00 7f 7f 00 00 7f 00 00 7f 00 00 00 7f 00 00 00 00 00 00 00 00 00 7f 00 00 00 00 7f 00 00 00 7f 7f 00 00 7f 00 00 7f 7f 00 00 7f 00 00 00 00 00 00	acks=00000000000000000000000000000000000000000000000000000000000000000000000000000000000000000000000000000000000000000000000000000000000000
1313	633796382	633814084	stop	60 fd 40	acks=000
1314	633816647	634562637	stop	60 18 00 00 00 00 00 00 00 7f 00 00 00 00 00 00 00 00 00 7f 00 00 00 00 00 00 00 00 00 00 00 00 00 7f 00 00 7f 00 7f 00 7f 00 00 00 00 00 7f 7f 00 7f 7f 00 00 00 00 7f 00 00 00 00 00 00 00 00 7f 00 00 00 00 00 00 00 7f 00 00 00 00 00 00 00 7f 00 00 00 7f 00 7f 7f 00 00 7f 00 00 7f 7f 00 00 7f 00 00 00 00 00 00 00 7f 00 7f 00 7f 00 00 7f 00 00 00 7f 7f 00 00 7f 00 00 7f 7f 00 00 7f 00 00 00 00 00 00	acks=00000000000000000000000000000000000000000000000000000000000000000000000000000000000000000000000000000000000000000000000000000000000000
1315	634569848	634587548	stop	60 fd 40	acks=000
1316	634590111	635336379	stop	60 18 00 00 00 00 00 00 00 7f 00 00 00 00 00 7f 00 00 00 7f 00 00 00 00 00 00 00 00 00 00 00 00 00 00 00 00 00 00 7f 00 7f 00 7f 00 00 00 7f 00 00 7f 7f 00 7f 00 00 00 00 00 00 00 00 00 00 7f 7f 00 00 00 00 00 00 00 7f 00 7f 00 00 00 00 00 00 00 00 00 00 00 7f 00 00 00 7f 00 00 7f 7f 00 00 7f 00 00 00 00 00 00 00 7f 00 7f 7f 7f 00 00 7f 00 7f 00 7f 7f 00 00 7f 00 00 7f 7f 00 00 7f 00 00 00 00 00 00	acks=00000000000000000000000000000000000000000000000000000000000000000000000000000000000000000000000000000000000000000000000000000000000000
1317	635343424	635361128	stop	60 fd 40	acks=000
1318	635363693	636109786	stop	60 18 7f 00 00 00 00 00 00 00 00 00 00 7f 00 7f 00 00 00 7f 00 00 7f 00 00 00 00 00 00 00 00 00 00 00 00 00 00 00 7f 00 7f 00 7f 00 00 00 7f 00 00 7f 7f 7f 7f 00 00 00 00 00 00 00 00 00 00 7f 7f 00 7f 00 00 00 00 00 7f 00 7f 00 7f 00 00 00 00 00 00 00 00 00 7f 00 00 00 7f 00 00 7f 7f 00 00 7f 00 7f 00 00 00 00 00 7f 00 00 7f 7f 00 00 00 00 7f 00 7f 00 00 00 00 00 00 00 00 00 00 7f 00 00 00 00 00 00	acks=00000000000000000000000000000000000000000000000000000000000000000000000000000000000000000000000000000000000000000000000000000000000000
1319	637121095	637138803	stop	60 fd 40	acks=000
1320	637141368	637878051	stop	60 18 7f 00 00 7f 00 00 00 00 00 00 00 7f 00 7f 00 00 00 00 00 00 7f 00 00 00 00 00 00 00 00 00 00 00 00 00 00 00 7f 00 00 00 7f 00 00 00 7f 00 00 7f 00 7f 7f 00 00 00 00 00 00 00 00 00 00 7f 7f 00 7f 00 00 00 00 00 7f 00 7f 00 7f 00 00 00 00 00 00 00 00 00 7f 00 00 00 7f 00 00 00 00 00 00 7f 00 7f 00 00 00 00 00 00 00 00 7f 00 00 00 00 00 7f 00 00 00 00 00 00 00 00 00 00 00 00 7f 00 00 00 00 00 00	acks=00000000000000000000000000000000000000000000000000000000000000000000000000000000000000000000000000000000000000000000000000000000000000
1321	637885320	637903018	stop	60 fd 40	acks=000
1322	637905584	638652075	stop	60 18 7f 00 00 7f 00 00 00 00 00 00 00 7f 00 00 00 00 00 00 7f 00 7f 00 00 00 00 00 00 00 00 00 00 00 00 00 00 00 7f 00 00 00 7f 00 00 00 7f 00 00 7f 00 7f 00 00 00 00 00 00 00 00 7f 00 00 00 7f 00 7f 00 00 00 00 7f 7f 00 00 00 7f 00 00 00 00 00 00 7f 00 7f 7f 00 00 00 7f 00 00 00 00 00 00 7f 00 7f 00 00 00 00 7f 00 00 00 00 00 00 00 00 00 00 00 00 00 00 00 00 00 00 00 00 7f 00 7f 00 00 00 00 00 00	acks=00000000000000000000000000000000000000000000000000000000000000000000000000000000000000000000000000000000000000000000000000000000000000
1323	638659121	638676824	stop	60 fd 40	acks=000
1324	638679389	639425516	stop	60 18 00 00 00 7f 00 00 00 7f 7f 00 00 00 00 00 00 00 00 00 7f 00 00 00 00 7f 00 00 00 00 00 00 00 00 00 00 00 00 7f 00 00 00 7f 00 00 00 7f 00 00 7f 00 7f 00 00 7f 00 00 7f 00 00 7f 00 00 00 7f 00 00 00 7f 00 00 7f 7f 00 00 00 00 00 00 00 00 00 00 7f 00 7f 7f 00 00 00 00 00 00 00 00 00 00 7f 00 00 00 00 00 00 7f 00 00 00 00 00 00 00 00 7f 00 00 00 00 00 00 00 00 00 00 00 7f 00 7f 00 00 00 00 00 00	acks=00000000000000000000000000000000000000000000000000000000000000000000000000000000000000000000000000000000000000000000000000000000000000
1325	640438205	640455922	stop	60 fd 40	acks=000
1326	640458488	641205276	stop	60 18 00 00 00 7f 00 00 00 7f 7f 00 00 00 00 00 00 00 00 00 7f 00 00 00 00 7f 00 00 00 00 00 00 00 00 00 00 00 00 00 00 00 00 7f 00 00 00 7f 00 00 7f 00 7f 00 00 7f 00 00 7f 00 00 7f 00 00 00 7f 00 00 00 7f 00 00 7f 7f 00 00 00 00 00 00 00 00 00 00 7f 00 7f 7f 00 00 00 00 00 00 00 00 00 00 7f 00 00 00 00 00 00 7f 00 00 00 00 7f 00 00 00 7f 00 00 00 00 00 00 00 00 00 00 00 7f 00 7f 00 00 00 00 00 00	acks=00000000000000000000000000000000000000000000000000000000000000000000000000000000000000000000000000000000000000000000000000000000000000
1327	641212490	641230202	stop	60 fd 40	acks=000
1328	641232770	641979320	stop	60 18 00 00 00 7f 00 00 00 7f 7f 00 00 00 00 00 00 00 00 00 7f 00 00 00 00 7f 7f 00 00 7f 00 00 00 00 00 00 00 00 00 7f 00 00 7f 7f 00 00 7f 00 7f 7f 00 7f 00 00 7f 00 00 7f 00 00 00 00 00 00 7f 00 00 00 7f 00 00 00 7f 00 00 00 00 00 00 00 00 7f 00 00 00 00 00 00 00 00 00 7f 00 00 00 00 00 7f 00 00 00 00 00 00 00 00 00 00 00 7f 00 00 00 7f 00 00 00 00 00 00 00 00 00 00 00 00 00 7f 00 00 00 00 00 00	acks=00000000000000000000000000000000000000000000000000000000000000000000000000000000000000000000000000000000000000000000000000000000000000
1329	641986369	642004078	stop	60 fd 40	acks=000
1330	642006645	642753258	stop	60 18 00 7f 00 7f 7f 00 00 00 00 7f 00 00 7f 00 7f 00 00 00 7f 7f 00 00 7f 00 7f 00 00 7f 00 00 00 00 00 00 00 00 00 7f 00 00 7f 7f 00 00 7f 00 7f 7f 00 7f 00 00 7f 00 00 00 00 00 00 00 00 00 7f 00 00 00 00 00 00 00 7f 00 00 00 00 00 00 00 00 7f 00 00 00 00 00 00 00 00 7f 7f 00 00 00 7f 00 7f 7f 00 00 7f 00 00 00 00 00 00 00 7f 00 00 00 00 00 00 00 00 00 00 00 00 00 00 00 00 00 7f 7f 00 00 7f 00 00	acks=00000000000000000000000000000000000000000000000000000000000000000000000000000000000000000000000000000000000000000000000000000000000000
1331	643766044	643783746	stop	60 fd 40	acks=000
1332	643786312	644532872	stop	60 18 00 7f 00 7f 7f 00 00 00 00 7f 00 00 7f 00 7f 00 00 00 7f 7f 00 00 7f 00 7f 00 00 7f 00 00 00 00 00 00 00 00 00 7f 00 00 7f 7f 00 00 7f 00 7f 00 00 7f 00 00 7f 00 00 00 00 00 00 00 00 00 7f 00 00 00 00 00 00 00 7f 00 00 00 00 00 00 00 00 7f 00 00 00 00 00 00 00 00 7f 7f 00 00 00 7f 7f 7f 7f 00 00 7f 00 00 00 00 00 00 00 7f 00 00 00 00 00 00 00 00 00 00 00 00 00 00 00 00 00 7f 7f 00 00 7f 00 00	acks=00000000000000000000000000000000000000000000000000000000000000000000000000000000000000000000000000000000000000000000000000000000000000
1333	644540078	644557773	stop	60 fd 40	acks=000
1334	644560337	645306838	stop	60 18 00 7f 00 7f 7f 00 00 00 00 7f 00 00 7f 00 7f 7f 00 00 7f 7f 00 00 7f 00 00 7f 00 00 7f 00 00 7f 00 00 7f 7f 00 00 00 00 7f 00 00 00 7f 7f 00 00 00 7f 00 00 7f 00 00 00 00 00 00 00 00 00 7f 00 00 00 00 00 7f 00 7f 00 00 00 00 00 00 00 7f 00 00 00 7f 00 7f 7f 00 00 7f 7f 00 00 00 7f 7f 00 7f 00 00 7f 7f 00 00 00 00 00 00 7f 00 00 00 00 00 00 00 00 00 00 00 00 00 00 00 00 00 7f 7f 00 00 7f 00 00	acks=00000000000000000000000000000000000000000000000000000000000000000000000000000000000000000000000000000000000000000000000000000000000000
1335	645313883	645331587	stop	60 fd 40	acks=000
1336	645334152	646080591	stop	60 18 00 00 00 7f 00 00 00 00 00 00 00 00 00 00 7f 7f 00 00 7f 00 00 00 00 00 00 7f 00 00 7f 00 00 7f 00 00 7f 7f 00 00 00 00 7f 00 00 00 7f 7f 00 00 00 7f 00 00 7f 00 00 00 00 00 00 00 00 00 7f 00 00 00 00 00 7f 00 7f 00 00 00 00 00 00 00 7f 00 00 00 7f 00 7f 7f 00 00 00 7f 00 00 00 00 7f 00 00 00 00 00 7f 00 00 00 00 7f 00 7f 00 00 7f 00 00 00 00 7f 00 00 7f 00 00 7f 7f 00 00 00 00 00 00 00 00 00	acks=00000000000000000000000000000000000000000000000000000000000000000000000000000000000000000000000000000000000000000000000000000000000000
1337	647092236	647109947	stop	60 fd 40	acks=000
1338	647112513	647858616	stop	60 18 00 00 00 7f 00 00 00 00 00 00 00 00 00 00 7f 7f 00 00 7f 00 00 00 00 00 00 7f 00 00 7f 00 00 7f 00 00 7f 7f 00 00 00 00 7f 00 00 00 00 7f 00 00 00 7f 00 00 7f 00 00 00 00 00 00 00 00 00 7f 00 00 00 00 00 7f 00 7f 00 00 7f 00 00 00 00 7f 00 00 00 7f 00 7f 7f 00 00 00 7f 00 00 00 00 7f 00 00 00 00 00 7f 00 00 00 00 7f 00 7f 00 00 7f 00 00 00 00 7f 00 00 7f 00 00 7f 7f 00 00 00 00 00 00 00 00 00	acks=00000000000000000000000000000000000000000000000000000000000000000000000000000000000000000000000000000000000000000000000000000000000000
1339	647865822	647883521	stop	60 fd 40	acks=000
1340	647886086	648622116	stop	60 18 00 00 00 7f 00 00 00 00 00 00 00 00 00 7f 7f 00 00 00 7f 00 00 00 00 00 00 00 00 00 00 00 00 00 00 00 00 00 00 00 00 00 7f 00 00 00 00 7f 00 00 00 7f 7f 00 7f 7f 00 00 7f 00 00 00 00 7f 00 00 00 00 00 00 00 00 7f 00 7f 7f 00 00 00 00 00 00 00 00 00 00 00 00 00 00 00 7f 00 00 00 00 7f 7f 00 00 00 00 00 00 00 00 00 7f 7f 7f 7f 00 7f 00 7f 00 00 7f 00 00 7f 00 00 7f 7f 00 7f 00 00 7f 7f 00 00 00	acks=00000000000000000000000000000000000000000000000000000000000000000000000000000000000000000000000000000000000000000000000000000000000000
1341	648629222	648646923	stop	60 fd 40	acks=000
1342	648649489	649395652	stop	60 18 7f 7f 00 7f 00 00 00 00 00 00 00 7f 00 7f 7f 00 00 00 7f 00 7f 00 00 00 00 00 00 00 00 00 00 00 00 00 00 00 00 00 00 00 7f 00 00 00 00 7f 00 00 00 7f 7f 00 7f 7f 00 00 7f 00 00 00 00 7f 00 00 7f 00 00 00 00 00 00 00 7f 7f 7f 00 00 00 00 00 00 00 00 00 00 00 00 00 00 7f 00 00 00 00 7f 7f 00 7f 00 00 00 00 00 00 00 00 7f 7f 7f 00 00 00 7f 00 00 00 00 00 00 00 00 00 00 00 7f 00 7f 7f 7f 00 00 00	acks=00000000000000000000000000000000000000000000000000000000000000000000000000000000000000000000000000000000000000000000000000000000000000
1343	650407807	650425509	stop	60 fd 40	acks=000
1344	650428073	651174124	stop	60 18 7f 7f 00 00 00 7f 00 00 00 00 00 7f 00 7f 7f 00 00 00 7f 00 7f 00 00 00 00 00 00 00 00 00 00 00 00 00 00 00 00 00 00 7f 7f 00 00 00 00 7f 00 00 00 7f 7f 00 7f 7f 00 00 7f 00 00 00 00 7f 00 00 7f 00 00 00 00 00 00 7f 7f 7f 7f 00 00 00 00 00 7f 00 00 00 00 00 00 00 00 7f 7f 00 00 00 7f 7f 00 7f 00 00 00 00 00 00 00 00 7f 7f 7f 00 00 00 7f 00 7f 00 00 00 00 7f 00 00 00 00 7f 00 7f 7f 7f 00 00 00	acks=00000000000000000000000000000000000000000000000000000000000000000000000000000000000000000000000000000000000000000000000000000000000000
1345	651181334	651199037	stop	60 fd 40	acks=000
1346	651201603	651947942	stop	60 18 7f 7f 00 00 00 7f 00 00 00 00 00 7f 00 00 7f 00 00 00 7f 00 7f 00 00 00 00 00 00 00 00 00 00 00 00 00 00 00 00 00 00 7f 00 00 00 00 00 7f 00 00 00 7f 7f 00 7f 00 00 00 00 00 7f 00 00 00 7f 00 7f 00 00 00 00 7f 00 7f 00 7f 7f 00 00 00 00 00 7f 7f 00 7f 00 00 00 00 00 7f 7f 00 00 00 7f 00 00 7f 00 00 00 00 7f 00 00 00 00 7f 00 00 00 00 00 00 7f 00 00 00 00 7f 00 00 00 7f 00 00 7f 00 00 00 00 00	acks=00000000000000000000000000000000000000000000000000000000000000000000000000000000000000000000000000000000000000000000000000000000000000
1347	651954992	651972707	stop	60 fd 40	acks=000
1348	651975275	652721567	stop	60 18 00 00 00 00 00 7f 00 7f 7f 00 00 00 00 00 7f 00 00 00 7f 00 00 00 00 7f 00 00 00 00 00 00 00 00 00 00 00 00 00 00 00 7f 00 00 00 00 00 7f 00 00 00 00 7f 00 7f 00 00 7f 00 00 7f 00 00 00 7f 00 00 00 7f 00 00 7f 00 7f 00 7f 00 00 00 00 00 00 7f 7f 00 7f 00 00 00 00 00 7f 7f 00 00 7f 7f 00 00 00 00 00 00 00 7f 00 00 00 00 7f 00 00 00 7f 00 00 7f 7f 00 00 00 7f 00 7f 00 7f 00 00 00 00 00 7f 00 00	acks=00000000000000000000000000000000000000000000000000000000000000000000000000000000000000000000000000000000000000000000000000000000000000
1349	653734121	653751821	stop	60 fd 40	acks=000
1350	653754384	654500083	stop	60 18 00 00 00 00 00 00 00 7f 7f 00 00 00 00 00 7f 00 00 00 7f 00 00 00 00 7f 00 00 00 00 00 7f 00 00 00 00 00 00 7f 00 00 00 00 00 00 00 00 7f 00 00 00 00 7f 00 7f 00 00 7f 00 00 7f 00 7f 00 7f 00 00 00 7f 00 00 7f 00 00 00 7f 00 7f 00 00 00 00 00 7f 00 7f 00 00 00 00 00 7f 7f 00 00 7f 7f 00 00 00 00 00 00 7f 7f 00 00 00 00 00 00 00 00 7f 00 7f 00 7f 00 7f 00 00 00 7f 00 7f 00 00 00 00 00 7f 00 00	acks=00000000000000000000000000000000000000000000000000000000000000000000000000000000000000000000000000000000000000000000000000000000000000
1351	654507286	654524978	stop	60 fd 40	acks=000
1352	654527542	655273486	stop	60 18 00 00 00 00 00 00 00 7f 7f 00 00 00 00 00 7f 00 00 00 00 00 00 00 00 7f 7f 00 00 7f 00 7f 00 00 00 00 00 00 7f 7f 00 00 7f 7f 00 00 00 7f 7f 00 00 00 7f 00 7f 00 00 7f 00 00 00 00 7f 00 00 00 00 00 7f 00 00 00 00 00 00 7f 00 7f 00 00 00 7f 00 7f 00 00 00 00 00 00 00 7f 7f 00 00 7f 7f 00 00 00 00 00 00 7f 00 00 00 00 00 00 00 00 00 7f 00 7f 00 7f 00 7f 00 00 00 7f 00 00 00 00 00 00 00 7f 00 00	acks=00000000000000000000000000000000000000000000000000000000000000000000000000000000000000000000000000000000000000000000000000000000000000
1353	655280529	655298215	stop	60 fd 40	acks=000
1354	655300777	656046731	stop	60 18 00 00 00 00 7f 00 00 00 00 7f 00 7f 7f 00 7f 00 00 00 00 7f 00 00 00 00 7f 00 00 7f 00 7f 00 00 00 00 00 00 7f 7f 00 00 7f 7f 00 00 00 7f 7f 00 00 00 7f 00 00 00 00 00 00 00 00 00 7f 00 00 00 7f 00 00 00 00 00 00 00 00 7f 00 7f 00 00 00 7f 00 7f 00 00 00 00 00 00 7f 7f 7f 00 00 7f 7f 00 00 00 00 7f 00 7f 00 00 00 00 00 00 00 00 00 00 00 7f 00 00 00 7f 7f 00 00 00 7f 00 00 7f 00 00 00 7f 00 00	acks=00000000000000000000000000000000000000000000000000000000000000000000000000000000000000000000000000000000000000000000000000000000000000
1355	657058782	657076473	stop	60 fd 40	acks=000
1356	657079035	657824640	stop	60 18 00 00 00 00 7f 00 00 00 00 7f 00 7f 7f 00 7f 00 00 00 00 7f 00 00 00 00 7f 00 7f 7f 00 7f 7f 00 00 00 00 00 00 7f 00 00 7f 7f 7f 00 00 7f 7f 7f 00 00 7f 7f 00 00 00 00 00 00 00 00 00 00 00 00 7f 00 00 00 00 00 00 00 00 7f 00 00 00 00 00 7f 00 7f 00 00 00 00 7f 00 7f 7f 7f 00 00 7f 7f 00 00 00 00 7f 00 00 00 00 00 00 00 00 00 00 00 00 00 00 00 00 7f 00 7f 00 00 00 7f 00 00 7f 00 00 00 7f 00 00	acks=00000000000000000000000000000000000000000000000000000000000000000000000000000000000000000000000000000000000000000000000000000000000000
1357	657831844	657849537	stop	60 fd 40	acks=000
1358	657852101	658598120	stop	60 18 00 00 00 00 7f 00 00 00 00 7f 00 7f 7f 00 7f 7f 00 00 7f 7f 00 00 00 00 00 7f 7f 00 7f 7f 7f 7f 00 00 7f 7f 00 00 00 00 00 00 7f 00 00 7f 7f 7f 00 00 7f 7f 00 00 00 00 00 00 00 00 00 00 00 00 7f 00 00 00 7f 00 00 00 00 7f 00 00 00 00 7f 00 00 7f 7f 00 7f 7f 7f 00 7f 00 7f 00 00 7f 7f 00 00 00 00 7f 7f 00 00 00 00 00 00 00 00 00 00 00 00 00 00 00 7f 00 7f 00 00 00 7f 00 00 7f 00 00 00 7f 00 00	acks=00000000000000000000000000000000000000000000000000000000000000000000000000000000000000000000000000000000000000000000000000000000000000
1359	658605105	658622617	stop	60 fd 40	acks=000
1360	658625152	659365915	stop	60 18 7f 00 00 00 00 00 00 00 00 00 00 00 00 00 00 7f 00 00 7f 00 00 00 00 00 00 7f 7f 00 7f 7f 7f 7f 00 00 7f 7f 00 00 00 00 00 00 7f 00 00 7f 7f 7f 00 00 7f 7f 00 00 00 7f 00 00 00 00 00 00 00 00 00 00 7f 00 7f 00 7f 00 00 7f 00 00 00 00 7f 00 00 7f 7f 00 7f 7f 7f 00 00 00 7f 00 00 7f 7f 00 00 7f 00 00 7f 00 00 00 00 00 00 00 00 00 00 00 00 00 00 00 7f 00 7f 00 00 00 7f 00 00 7f 00 00 00 7f 00 00	acks=00000000000000000000000000000000000000000000000000000000000000000000000000000000000000000000000000000000000000000000000000000000000000
1361	660377432	660395145	stop	60 fd 40	acks=000
1362	660397710	661144156	stop	60 18 7f 00 00 00 00 00 00 00 00 00 00 00 00 00 00 7f 7f 00 7f 00 00 00 00 00 00 7f 00 00 7f 7f 00 7f 00 7f 7f 7f 00 00 00 00 00 00 00 00 7f 7f 7f 00 00 00 7f 7f 00 00 00 7f 00 7f 00 00 00 00 00 00 00 00 7f 00 7f 00 7f 00 00 7f 00 00 00 7f 7f 00 00 7f 7f 00 7f 7f 00 00 00 00 7f 00 7f 7f 00 00 00 7f 00 00 7f 00 00 00 7f 00 00 00 00 00 00 00 00 00 00 00 00 00 7f 00 00 00 7f 00 00 7f 00 00 00 7f 00 00	acks=00000000000000000000000000000000000000000000000000000000000000000000000000000000000000000000000000000000000000000000000000000000000000
1363	661151370	661169081	stop	60 fd 40	acks=000
1364	661171647	661918134	stop	60 18 7f 00 00 00 00 00 00 00 00 00 00 00 00 7f 00 00 7f 00 00 00 00 00 00 00 00 7f 00 00 00 7f 00 00 00 7f 00 00 00 00 00 00 00 00 00 00 7f 00 7f 00 00 00 7f 7f 00 7f 00 7f 7f 7f 00 00 00 7f 00 00 00 00 7f 00 00 00 7f 00 7f 7f 00 00 00 7f 00 00 00 7f 00 00 00 00 00 00 00 7f 7f 00 7f 7f 00 7f 00 7f 00 00 00 00 00 00 7f 00 7f 00 7f 00 00 00 7f 00 00 00 00 00 7f 00 00 00 7f 00 7f 7f 00 7f 7f 7f 00 00	acks=00000000000000000000000000000000000000000000000000000000000000000000000000000000000000000000000000000000000000000000000000000000000000
1365	661925181	661942886	stop	60 fd 40	acks=000
1366	661945452	662691585	stop	60 18 7f 7f 00 00 7f 00 00 7f 00 7f 00 00 00 7f 00 00 7f 00 00 00 00 00 7f 7f 00 7f 00 00 00 7f 00 00 00 7f 00 00 00 00 00 00 00 00 00 00 7f 00 7f 00 00 7f 7f 7f 00 7f 00 00 7f 7f 00 00 00 7f 00 00 00 00 00 00 00 00 7f 00 7f 7f 00 00 00 7f 00 00 00 7f 00 00 00 00 00 00 00 7f 7f 00 7f 00 00 7f 7f 7f 00 00 00 00 00 00 7f 00 7f 00 7f 00 00 00 7f 00 00 00 00 00 7f 00 00 00 7f 00 7f 00 7f 7f 7f 00 00 00	acks=00000000000000000000000000000000000000000000000000000000000000000000000000000000000000000000000000000000000000000000000000000000000000
1367	663703669	663721374	stop	60 fd 40	acks=000
1368	663723938	664462992	stop	60 18 7f 7f 7f 7f 7f 7f 7f 7f 00 7f 00 00 00 7f 00 00 00 00 00 00 00 00 7f 7f 00 7f 00 00 00 7f 00 00 00 00 00 00 00 00 00 7f 00 00 00 00 00 00 7f 00 00 7f 7f 7f 00 7f 00 00 7f 00 00 7f 00 7f 00 7f 00 00 00 7f 00 00 7f 7f 7f 00 00 00 00 00 00 00 7f 7f 00 00 00 00 00 00 00 7f 7f 00 7f 00 7f 7f 7f 7f 00 00 00 00 00 00 00 00 7f 00 7f 00 00 00 7f 00 7f 00 00 00 7f 7f 00 00 7f 00 7f 00 7f 7f 7f 00 00 00	acks=00000000000000000000000000000000000000000000000000000000000000000000000000000000000000000000000000000000000000000000000000000000000000
1369	664470259	664487946	stop	60 fd 40	acks=000
1370	664490509	665236852	stop	60 18 7f 7f 7f 7f 7f 7f 7f 7f 00 7f 00 00 00 00 00 00 00 00 00 00 00 00 7f 7f 00 7f 00 00 00 7f 00 00 00 00 00 00 00 00 00 7f 00 00 00 00 00 00 7f 00 00 7f 00 7f 00 7f 00 00 00 00 7f 7f 00 00 7f 7f 00 00 00 7f 00 7f 7f 7f 00 00 00 00 00 00 7f 00 7f 7f 7f 7f 00 00 00 00 00 00 7f 00 7f 00 7f 00 7f 7f 00 00 00 00 7f 00 00 00 00 00 00 00 00 00 00 00 7f 00 00 00 7f 7f 00 00 7f 7f 00 00 7f 00 00 00 00 00	acks=00000000000000000000000000000000000000000000000000000000000000000000000000000000000000000000000000000000000000000000000000000000000000
1371	665243903	665261617	stop	60 fd 40	acks=000
1372	665264184	666010616	stop	60 18 7f 00 7f 7f 00 7f 7f 7f 00 00 00 00 7f 00 00 00 00 00 00 00 00 00 00 7f 00 7f 00 00 00 7f 00 00 00 00 00 00 00 00 00 7f 00 00 00 00 00 00 7f 00 00 7f 00 7f 7f 7f 00 00 00 00 7f 7f 00 00 7f 7f 00 00 00 7f 00 7f 00 7f 00 00 00 00 00 00 7f 00 7f 7f 7f 7f 00 00 00 00 7f 00 7f 00 7f 00 7f 00 00 7f 00 00 00 00 7f 00 00 7f 00 00 00 00 7f 00 00 00 7f 7f 00 00 00 7f 00 7f 00 7f 00 00 00 00 00 00 00 00	acks=00000000000000000000000000000000000000000000000000000000000000000000000000000000000000000000000000000000000000000000000000000000000000
1373	667022294	667039997	stop	60 fd 40	acks=000
1374	667042561	667788481	stop	60 18 7f 00 00 00 00 00 00 7f 00 00 00 00 7f 00 00 00 00 7f 00 00 00 00 00 7f 00 7f 00 00 00 7f 00 00 00 00 00 00 7f 00 7f 00 00 00 00 00 00 00 7f 00 7f 7f 00 7f 7f 7f 00 00 00 00 7f 00 7f 00 7f 00 00 00 00 00 00 7f 00 00 00 7f 00 7f 00 00 7f 00 00 7f 7f 7f 00 00 00 00 7f 00 00 7f 7f 00 00 00 00 7f 00 00 00 7f 7f 7f 00 7f 00 7f 00 00 7f 00 00 7f 7f 7f 00 7f 00 00 00 7f 00 7f 00 00 00 00 00 00 00 00	acks=00000000000000000000000000000000000000000000000000000000000000000000000000000000000000000000000000000000000000000000000000000000000000
1375	667795693	667813400	stop	60 fd 40	acks=000
1376	667815967	668561968	stop	60 18 7f 00 00 00 00 00 00 7f 00 00 00 00 7f 00 00 00 00 7f 00 00 00 00 00 7f 7f 7f 00 7f 00 7f 00 7f 00 00 00 00 7f 7f 7f 00 7f 7f 00 00 00 00 7f 00 7f 7f 00 7f 7f 7f 00 00 00 00 00 00 7f 7f 00 00 00 00 00 00 00 00 00 00 7f 7f 00 7f 00 00 00 7f 00 00 00 00 7f 00 00 00 7f 00 00 7f 7f 00 00 00 00 7f 00 00 00 7f 00 7f 00 7f 00 7f 00 00 7f 00 00 7f 7f 7f 00 7f 00 00 00 7f 00 00 00 00 00 00 00 00 00 00	acks=00000000000000000000000000000000000000000000000000000000000000000000000000000000000000000000000000000000000000000000000000000000000000
1377	668569011	668586701	stop	60 fd 40	acks=000
1378	668589264	669330246	stop	60 18 00 00 00 00 00 00 00 7f 00 00 00 7f 7f 00 7f 00 00 7f 00 00 7f 00 00 7f 7f 7f 00 7f 00 7f 00 7f 00 00 00 00 7f 7f 7f 00 7f 7f 00 00 00 00 7f 00 7f 00 00 7f 7f 7f 00 00 00 00 00 00 7f 7f 00 00 7f 00 00 00 00 00 00 00 7f 7f 7f 7f 00 00 00 7f 00 00 00 00 7f 00 00 00 7f 00 00 7f 7f 00 00 00 00 00 00 00 00 7f 00 7f 00 00 00 7f 00 00 00 00 00 7f 7f 00 00 7f 00 00 00 00 00 00 00 7f 00 00 00 00 00 00	acks=00000000000000000000000000000000000000000000000000000000000000000000000000000000000000000000000000000000000000000000000000000000000000
1379	670340976	670358656	stop	60 fd 40	acks=000
1380	670361219	671107320	stop	60 18 00 00 00 00 00 00 00 7f 00 00 00 7f 7f 00 7f 00 00 00 00 00 7f 00 00 7f 7f 7f 7f 7f 00 00 7f 7f 00 00 00 00 7f 7f 00 00 7f 7f 7f 00 00 00 7f 7f 00 00 00 7f 7f 7f 00 00 00 00 00 00 00 7f 00 00 7f 00 00 00 00 00 00 00 7f 00 7f 00 00 00 00 7f 00 00 00 00 7f 00 7f 00 7f 00 7f 00 7f 00 00 00 00 00 00 00 00 00 00 00 00 00 00 00 00 00 00 00 00 00 7f 00 7f 00 00 00 00 00 00 00 00 7f 00 00 00 00 00 00	acks=00000000000000000000000000000000000000000000000000000000000000000000000000000000000000000000000000000000000000000000000000000000000000
1381	671114528	671132226	stop	60 fd 40	acks=000
1382	671134791	671880665	stop	60 18 00 00 00 00 00 00 00 7f 00 00 00 7f 7f 00 7f 7f 00 00 7f 00 7f 00 00 7f 00 7f 7f 00 7f 00 7f 7f 00 00 00 7f 7f 00 00 00 00 00 7f 00 00 7f 00 7f 00 00 00 7f 7f 7f 00 00 00 00 7f 00 00 00 00 00 7f 00 00 00 7f 00 00 00 00 00 7f 00 00 00 00 00 00 00 00 7f 7f 00 7f 00 7f 00 7f 00 7f 00 00 7f 00 00 00 00 7f 00 00 00 00 00 00 00 00 00 00 00 7f 00 7f 00 7f 00 00 00 00 00 00 00 00 7f 00 00 00 00 00 00	acks=00000000000000000000000000000000000000000000000000000000000000000000000000000000000000000000000000000000000000000000000000000000000000
1383	671887711	671905421	stop	60 fd 40	acks=000
1384	671907987	672654533	stop	60 18 00 00 00 00 00 00 00 00 7f 00 00 00 7f 00 7f 7f 00 00 7f 00 00 00 00 00 00 7f 7f 00 7f 00 7f 7f 00 00 00 7f 7f 00 00 00 00 00 7f 00 00 7f 00 7f 00 00 00 7f 00 7f 00 7f 00 00 7f 00 00 00 00 00 00 00 7f 00 7f 00 7f 00 00 00 00 00 00 00 00 00 00 00 00 7f 7f 00 7f 00 7f 00 7f 00 7f 00 00 7f 00 00 00 00 7f 00 00 00 00 00 00 00 00 00 00 7f 7f 00 7f 00 7f 00 00 00 00 00 00 00 00 7f 00 00 00 00 00 00	acks=00000000000000000000000000000000000000000000000000000000000000000000000000000000000000000000000000000000000000000000000000000000000000
1385	673667177	673684880	stop	60 fd 40	acks=000
1386	673687444	674431013	stop	60 18 00 00 00 00 00 00 00 00 7f 00 00 00 7f 00 7f 7f 7f 00 7f 00 00 00 00 00 00 7f 00 00 7f 7f 00 7f 00 7f 00 7f 7f 00 00 00 00 00 00 00 7f 7f 00 7f 00 00 00 00 00 7f 00 7f 00 7f 7f 00 00 00 00 00 00 00 7f 00 7f 00 7f 00 00 00 00 00 00 7f 00 00 00 00 00 7f 7f 00 00 00 7f 00 00 00 7f 00 00 7f 00 00 00 00 7f 00 00 00 7f 00 00 00 00 00 00 7f 7f 00 7f 00 00 00 00 00 00 00 00 00 00 7f 00 00 00 00 00 00	acks=00000000000000000000000000000000000000000000000000000000000000000000000000000000000000000000000000000000000000000000000000000000000000
1387	674439522	674457034	stop	60 fd 40	acks=000
1388	674459079	675204395	stop	60 18 00 00 00 00 00 00 00 00 7f 00 00 00 7f 00 7f 00 7f 00 00 00 00 00 00 00 00 00 00 00 00 7f 00 7f 00 7f 00 00 7f 7f 00 00 00 00 00 00 7f 7f 00 7f 00 00 7f 00 00 7f 00 7f 7f 7f 00 00 00 00 7f 00 00 00 7f 00 00 00 7f 00 00 00 00 00 00 7f 00 7f 00 00 00 00 7f 00 00 00 7f 7f 00 00 7f 00 00 7f 00 00 00 00 00 00 00 00 7f 00 00 00 7f 00 00 7f 7f 00 7f 00 00 00 00 00 00 00 00 7f 7f 7f 00 7f 7f 00 00 00	acks=00000000000000000000000000000000000000000000000000000000000000000000000000000000000000000000000000000000000000000000000000000000000000
1389	675211507	675229214	stop	60 fd 40	acks=000
1390	675231780	675978186	stop	60 18 00 00 00 00 7f 00 00 00 00 7f 00 00 00 00 00 00 7f 00 00 7f 00 00 00 00 00 00 00 00 00 7f 00 7f 00 7f 00 00 7f 7f 00 00 00 00 00 00 7f 7f 00 7f 00 7f 7f 00 00 7f 00 00 7f 7f 00 00 00 00 7f 00 00 00 00 00 00 00 7f 00 00 00 00 00 00 7f 00 7f 00 00 00 00 7f 00 00 00 00 7f 00 00 7f 00 00 7f 00 00 00 7f 00 00 00 00 7f 00 00 00 7f 00 00 00 7f 00 7f 00 00 00 00 00 00 00 00 7f 7f 7f 00 7f 7f 00 00 00	acks=00000000000000000000000000000000000000000000000000000000000000000000000000000000000000000000000000000000000000000000000000000000000000
1391	676990384	677008101	stop	60 fd 40	acks=000
1392	677010666	677757527	stop	60 18 00 00 7f 7f 7f 7f 7f 00 00 7f 00 00 00 00 00 00 00 00 00 7f 00 00 00 00 00 00 00 00 00 00 00 7f 00 00 00 00 7f 7f 00 7f 00 00 00 00 7f 7f 00 7f 00 7f 7f 7f 00 7f 00 00 7f 00 00 7f 00 00 7f 7f 00 00 00 7f 00 00 7f 7f 00 00 00 00 00 00 00 7f 7f 00 00 00 7f 00 00 00 00 7f 00 00 00 00 7f 7f 00 00 00 7f 00 00 00 00 00 00 00 00 7f 00 00 00 7f 00 7f 00 00 00 00 7f 00 00 00 7f 7f 7f 00 7f 7f 00 00 00	acks=00000000000000000000000000000000000000000000000000000000000000000000000000000000000000000000000000000000000000000000000000000000000000
1393	677764747	677782476	stop	60 fd 40	acks=000
1394	677785044	678531843	stop	60 18 00 00 7f 7f 7f 7f 7f 00 00 7f 00 00 00 00 00 7f 00 00 00 7f 00 00 00 00 00 00 00 7f 7f 00 00 00 00 00 7f 00 7f 00 00 7f 7f 00 00 00 7f 00 00 7f 00 7f 7f 7f 00 00 00 00 00 00 00 7f 00 00 7f 7f 00 00 00 7f 00 00 7f 7f 00 00 00 00 00 00 7f 00 7f 7f 7f 00 00 7f 00 00 00 00 00 00 00 00 7f 7f 00 00 00 7f 00 00 00 00 00 00 00 00 00 00 00 00 7f 00 7f 00 00 00 00 7f 00 00 00 7f 00 7f 00 00 00 00 00 00	acks=00000000000000000000000000000000000000000000000000000000000000000000000000000000000000000000000000000000000000000000000000000000000000
1395	678538895	678556607	stop	60 fd 40	acks=000
1396	678559174	679305899	stop	60 18 00 00 7f 7f 00 7f 7f 00 00 00 00 00 00 00 00 7f 00 00 00 00 00 00 00 00 00 00 00 7f 7f 00 00 00 00 00 7f 00 7f 00 00 7f 7f 00 00 00 7f 00 00 7f 00 7f 7f 7f 7f 00 00 00 00 00 00 7f 00 00 7f 7f 00 00 00 7f 00 00 7f 7f 00 00 00 00 00 00 7f 00 7f 7f 7f 00 00 7f 00 00 00 00 00 00 00 00 7f 7f 00 00 00 00 00 00 00 00 00 00 00 00 00 00 00 00 7f 00 7f 00 00 00 00 7f 00 00 00 7f 00 7f 00 00 00 00 00 00	acks=00000000000000000000000000000000000000000000000000000000000000000000000000000000000000000000000000000000000000000000000000000000000000
1397	680318223	680335921	stop	60 fd 40	acks=000
1398	680338485	681084945	stop	60 18 00 00 00 7f 00 00 00 00 00 00 00 00 00 00 00 7f 00 7f 00 00 00 00 00 00 00 00 00 7f 7f 00 00 00 00 00 7f 00 7f 00 7f 00 7f 00 00 00 7f 00 00 7f 7f 7f 7f 00 7f 00 00 00 00 00 00 00 7f 00 7f 00 00 00 00 00 00 00 7f 00 00 7f 00 7f 00 00 7f 00 00 7f 7f 00 00 7f 00 00 00 00 00 7f 7f 00 00 7f 00 00 00 00 00 7f 00 7f 00 00 00 7f 00 00 00 00 7f 7f 00 00 00 7f 00 00 00 00 00 7f 00 7f 00 00 00 00 00 00	acks=00000000000000000000000000000000000000000000000000000000000000000000000000000000000000000000000000000000000000000000000000000000000000
1399	681092154	681109852	stop	60 fd 40	acks=000
1400	681112418	681859112	stop	60 18 00 00 00 7f 00 00 00 00 00 00 00 00 00 7f 00 00 00 7f 7f 00 00 00 00 00 00 00 00 7f 00 00 00 00 00 00 00 00 7f 00 7f 00 7f 00 00 00 7f 00 7f 7f 7f 7f 00 00 7f 00 00 00 7f 00 00 00 7f 7f 7f 00 00 00 00 00 7f 00 7f 00 7f 7f 00 7f 00 00 00 00 00 7f 00 00 00 00 00 00 00 00 00 7f 7f 00 00 00 00 00 00 00 00 7f 00 7f 00 00 7f 7f 00 00 00 00 00 7f 00 00 00 7f 00 00 00 00 00 7f 00 7f 00 00 7f 00 00 00	acks=00000000000000000000000000000000000000000000000000000000000000000000000000000000000000000000000000000000000000000000000000000000000000
1401	681866162	681883878	stop	60 fd 40	acks=000
1402	681886446	682632859	stop	60 18 00 00 00 7f 00 00 00 00 00 00 00 00 00 7f 7f 00 00 7f 7f 00 00 00 00 00 00 00 00 7f 00 00 00 00 00 00 00 00 7f 00 7f 00 7f 00 00 00 7f 00 7f 7f 7f 7f 00 00 7f 00 00 00 7f 00 00 00 7f 7f 7f 00 00 00 00 00 7f 00 7f 00 7f 7f 00 7f 00 00 00 00 00 7f 00 00 00 00 00 00 00 00 00 7f 7f 00 00 00 00 00 00 00 00 7f 00 7f 00 00 7f 7f 00 00 00 00 00 7f 00 00 00 7f 00 00 00 00 00 7f 00 00 00 00 7f 00 00 00	acks=00000000000000000000000000000000000000000000000000000000000000000000000000000000000000000000000000000000000000000000000000000000000000
1403	683644413	683662128	stop	60 fd 40	acks=000
1404	683664693	684411113	stop	60 18 00 00 00 7f 00 00 00 00 00 00 00 00 00 7f 7f 00 00 00 7f 00 00 00 00 00 00 00 7f 7f 00 00 7f 00 00 00 00 00 00 00 00 7f 7f 00 7f 00 7f 00 7f 7f 00 7f 00 00 7f 00 00 00 7f 00 00 00 00 7f 7f 00 00 00 00 00 7f 00 7f 7f 7f 00 00 00 00 00 00 00 00 7f 00 00 00 00 7f 00 00 00 7f 00 00 00 00 00 00 00 00 00 00 00 00 00 00 00 7f 7f 00 00 00 00 00 00 00 00 7f 00 00 00 00 00 00 7f 00 00 00 00 7f 00 00 00	acks=00000000000000000000000000000000000000000000000000000000000000000000000000000000000000000000000000000000000000000000000000000000000000
1405	684418322	684436020	stop	60 fd 40	acks=000
1406	684438586	685176853	stop	60 18 00 00 00 7f 00 00 00 00 00 00 00 00 00 00 7f 00 00 00 7f 00 00 00 00 00 00 7f 7f 7f 00 00 7f 00 00 00 00 00 00 00 00 7f 7f 00 7f 00 7f 7f 7f 7f 00 7f 00 00 7f 00 00 00 00 00 7f 00 00 00 00 00 00 00 00 00 7f 7f 7f 7f 00 00 00 00 00 00 00 00 00 00 00 7f 00 00 7f 00 00 7f 7f 00 00 00 00 00 00 00 00 00 00 00 7f 00 00 00 00 7f 00 00 00 00 00 00 00 00 7f 00 00 00 00 00 00 00 00 00 00 7f 00 00 00 00	acks=00000000000000000000000000000000000000000000000000000000000000000000000000000000000000000000000000000000000000000000000000000000000000
1407	685183958	685201657	stop	60 fd 40	acks=000
1408	685204223	685950198	stop	60 18 00 00 00 7f 00 00 00 00 00 00 00 00 00 00 7f 00 00 00 7f 00 00 00 00 00 00 7f 7f 7f 00 00 7f 00 00 00 00 00 00 00 00 7f 7f 00 7f 00 7f 7f 7f 7f 00 7f 00 00 7f 00 00 00 00 00 7f 00 00 00 00 00 00 00 00 00 7f 7f 00 7f 00 00 00 00 00 00 00 00 00 00 00 7f 00 00 7f 00 00 7f 7f 00 00 00 00 00 00 00 00 00 00 00 7f 00 00 00 00 7f 00 00 00 00 00 00 00 00 7f 00 00 00 00 00 00 00 00 00 00 7f 00 00 00 00	acks=00000000000000000000000000000000000000000000000000000000000000000000000000000000000000000000000000000000000000000000000000000000000000
1409	686961510	686979209	stop	60 fd 40	acks=000
1410	686981773	687727927	stop	60 18 00 00 00 7f 00 7f 00 00 00 00 00 00 00 00 7f 00 7f 00 7f 00 00 00 00 00 00 7f 00 7f 00 7f 00 00 00 7f 00 00 00 00 00 00 7f 00 00 00 7f 7f 7f 00 00 7f 00 00 7f 00 00 00 00 7f 7f 00 7f 00 00 00 00 00 00 00 7f 7f 00 00 00 00 00 00 00 7f 00 00 00 00 00 7f 00 00 00 00 00 7f 00 00 00 00 7f 00 00 00 00 00 00 00 7f 00 7f 00 00 7f 00 00 00 00 00 00 00 00 00 7f 00 00 00 00 00 00 00 00 00 7f 00 00 00 00	acks=00000000000000000000000000000000000000000000000000000000000000000000000000000000000000000000000000000000000000000000000000000000000000
1411	687735139	687752837	stop	60 fd 40	acks=000
1412	687755402	688501752	stop	60 18 00 00 00 7f 00 7f 00 00 00 00 00 00 00 00 7f 00 7f 00 7f 00 00 00 00 00 7f 7f 00 00 00 7f 00 00 00 7f 00 00 00 7f 00 00 00 7f 00 00 7f 7f 00 00 00 7f 7f 00 7f 7f 00 00 00 7f 00 00 7f 00 00 00 00 00 00 00 7f 00 00 00 00 00 00 00 00 7f 00 7f 00 00 00 00 00 00 00 00 00 7f 00 00 00 00 7f 00 00 00 00 00 00 00 00 00 7f 00 00 7f 00 00 00 00 00 00 00 00 00 7f 00 00 00 00 00 00 00 00 00 7f 00 00 00 00	acks=00000000000000000000000000000000000000000000000000000000000000000000000000000000000000000000000000000000000000000000000000000000000000
1413	688508802	688526509	stop	60 fd 40	acks=000
1414	688529075	689275621	stop	60 18 00 7f 00 7f 00 7f 00 00 00 00 00 00 00 00 7f 00 7f 00 7f 00 00 00 7f 00 7f 7f 00 00 00 7f 00 00 00 7f 00 00 00 7f 00 00 00 7f 00 00 7f 7f 00 00 00 00 7f 00 7f 7f 00 00 00 7f 00 00 7f 00 00 00 00 00 00 00 7f 00 00 00 00 00 00 00 00 7f 00 7f 00 00 00 00 00 00 00 00 00 7f 00 00 00 7f 7f 00 7f 00 00 00 00 00 00 00 7f 00 00 7f 00 00 00 00 00 00 00 00 00 7f 00 00 00 00 00 00 00 7f 7f 7f 00 7f 00 00	acks=00000000000000000000000000000000000000000000000000000000000000000000000000000000000000000000000000000000000000000000000000000000000000
1415	690287833	690305534	stop	60 fd 40	acks=000
1416	690308099	691054266	stop	60 18 00 7f 7f 7f 00 7f 7f 00 00 00 00 00 00 00 7f 00 00 00 7f 00 00 00 7f 00 7f 7f 7f 00 00 00 00 00 00 00 00 00 00 7f 00 00 00 7f 00 00 00 7f 00 00 00 00 7f 7f 7f 7f 00 00 00 00 00 7f 00 00 00 7f 00 00 00 7f 7f 00 00 00 00 7f 00 7f 00 00 00 7f 00 00 00 00 00 00 7f 00 00 7f 00 00 00 7f 7f 00 7f 00 00 00 00 00 00 00 00 00 00 7f 00 00 00 00 00 00 7f 00 00 00 00 00 00 00 00 00 00 7f 7f 7f 00 7f 00 00	acks=00000000000000000000000000000000000000000000000000000000000000000000000000000000000000000000000000000000000000000000000000000000000000
1417	691061482	691079193	stop	60 fd 40	acks=000
1418	691081759	691828130	stop	60 18 00 7f 7f 7f 00 7f 7f 00 00 00 00 00 00 00 7f 7f 00 00 00 00 00 00 7f 00 00 00 7f 00 7f 00 00 00 00 00 00 7f 00 00 00 00 00 00 00 00 00 7f 00 00 00 00 7f 7f 7f 7f 00 00 00 00 00 7f 00 00 00 7f 00 00 00 7f 00 00 00 00 00 7f 00 7f 00 00 00 00 00 7f 00 00 00 00 7f 00 00 7f 00 00 00 7f 7f 00 7f 00 00 00 7f 00 00 00 00 00 00 7f 00 00 00 00 00 00 7f 00 00 00 00 00 00 00 00 00 00 7f 7f 7f 00 7f 00 00	acks=00000000000000000000000000000000000000000000000000000000000000000000000000000000000000000000000000000000000000000000000000000000000000
1419	691835176	691852878	stop	60 fd 40	acks=000
1420	691855442	692601606	stop	60 18 00 00 7f 7f 00 7f 7f 00 00 00 00 00 00 00 7f 7f 00 00 00 00 00 00 00 00 00 00 7f 00 7f 00 00 00 00 00 00 7f 00 00 00 00 00 00 00 00 00 7f 00 00 00 00 7f 7f 00 7f 00 00 00 00 00 7f 00 00 00 7f 00 00 00 7f 00 00 7f 00 00 7f 00 7f 00 00 00 00 00 7f 00 00 00 00 7f 00 00 7f 00 00 00 7f 7f 00 00 00 00 00 7f 00 00 00 00 7f 00 7f 00 00 7f 00 00 00 7f 7f 00 00 7f 00 00 7f 7f 00 00 00 00 7f 00 7f 00 00	acks=00000000000000000000000000000000000000000000000000000000000000000000000000000000000000000000000000000000000000000000000000000000000000
1421	693614017	693631711	stop	60 fd 40	acks=000
1422	693634274	694380373	stop	60 18 00 00 00 00 00 7f 00 00 00 00 00 00 00 00 7f 7f 00 7f 00 00 00 00 00 00 00 00 00 00 7f 00 00 00 00 00 00 7f 7f 00 7f 00 00 00 00 00 00 7f 00 00 7f 00 7f 00 00 7f 00 00 00 7f 00 00 00 00 00 00 00 00 00 00 00 00 7f 00 00 7f 00 7f 00 7f 00 00 00 7f 00 00 00 00 00 00 00 7f 7f 7f 7f 7f 7f 00 00 00 00 00 7f 00 00 7f 00 7f 00 7f 00 00 7f 00 00 00 7f 7f 7f 00 7f 00 00 7f 7f 00 00 00 00 7f 00 7f 00 00	acks=00000000000000000000000000000000000000000000000000000000000000000000000000000000000000000000000000000000000000000000000000000000000000
1423	694387577	694405267	stop	60 fd 40	acks=000
1424	694407828	695153709	stop	60 18 00 00 00 00 00 7f 00 00 00 00 00 00 00 00 7f 00 00 7f 00 00 00 00 00 00 00 00 00 00 00 00 00 00 00 00 00 00 7f 00 7f 00 00 00 00 00 00 7f 7f 00 7f 00 7f 00 00 00 00 00 7f 7f 00 00 00 00 00 00 00 00 00 00 00 00 7f 00 00 7f 00 7f 00 7f 00 00 00 7f 00 00 00 00 00 00 00 00 7f 7f 7f 7f 7f 00 00 00 00 00 00 00 00 7f 00 7f 00 7f 7f 00 7f 00 00 00 7f 7f 7f 00 7f 00 00 7f 7f 00 7f 00 00 00 7f 7f 00 00	acks=00000000000000000000000000000000000000000000000000000000000000000000000000000000000000000000000000000000000000000000000000000000000000
1425	695160748	695178443	stop	60 fd 40	acks=000
1426	695181008	695917460	stop	60 18 7f 00 00 00 00 7f 00 00 00 00 00 7f 00 00 00 00 00 7f 00 00 7f 00 00 00 00 00 00 00 00 00 00 00 00 00 00 00 7f 00 7f 00 00 00 00 00 00 7f 7f 00 7f 7f 7f 00 00 00 00 00 7f 7f 00 00 00 00 00 00 7f 00 00 00 00 00 00 00 00 7f 7f 7f 00 7f 00 00 00 7f 00 00 00 00 00 00 00 00 7f 7f 7f 7f 7f 00 00 7f 00 00 00 00 00 7f 00 00 00 7f 7f 00 00 00 00 00 7f 00 7f 00 7f 00 00 00 7f 00 7f 00 00 00 7f 7f 00 00	acks=00000000000000000000000000000000000000000000000000000000000000000000000000000000000000000000000000000000000000000000000000000000000000
1427	696929609	696947312	stop	60 fd 40	acks=000
1428	696949877	697695844	stop	60 18 7f 00 00 00 00 00 7f 00 00 00 00 7f 00 00 00 00 7f 00 00 00 7f 00 00 00 00 00 00 00 00 7f 00 00 00 00 00 00 7f 00 00 7f 00 00 00 00 00 7f 7f 7f 00 7f 7f 00 00 00 00 00 7f 00 00 7f 00 00 00 00 7f 00 00 00 00 00 00 7f 00 7f 7f 7f 00 00 00 00 7f 7f 00 00 00 00 00 00 00 00 7f 00 00 7f 00 00 00 7f 00 00 00 00 00 00 00 00 00 00 7f 00 00 00 00 00 00 00 7f 00 7f 7f 00 00 7f 00 7f 00 00 00 7f 7f 00 00	acks=00000000000000000000000000000000000000000000000000000000000000000000000000000000000000000000000000000000000000000000000000000000000000
1429	697703052	697720744	stop	60 fd 40	acks=000
1430	697723309	698469248	stop	60 18 7f 00 00 00 00 00 7f 00 00 00 00 7f 00 00 00 00 7f 00 00 00 7f 00 00 00 00 7f 00 00 00 7f 00 00 00 00 00 00 7f 00 00 7f 00 00 00 00 00 00 7f 7f 00 7f 7f 00 00 00 00 00 00 00 00 7f 00 00 00 00 7f 00 00 00 00 00 00 7f 00 7f 7f 7f 00 00 00 00 7f 7f 00 00 00 00 00 00 00 00 7f 00 00 7f 00 00 00 7f 00 00 00 00 00 00 00 00 00 00 00 00 00 00 00 00 00 00 7f 00 7f 7f 00 00 7f 00 00 00 00 00 00 7f 00 00	acks=00000000000000000000000000000000000000000000000000000000000000000000000000000000000000000000000000000000000000000000000000000000000000
1431	698476296	698493998	stop	60 fd 40	acks=000
1432	698496565	699242746	stop	60 18 7f 00 00 00 00 00 7f 7f 7f 00 00 00 00 00 00 00 7f 00 00 00 00 00 00 7f 00 7f 00 00 00 7f 00 00 00 00 00 00 7f 00 00 7f 00 00 00 00 00 00 7f 7f 00 00 7f 00 7f 00 00 7f 00 00 00 7f 00 00 00 00 00 00 7f 00 00 00 00 7f 00 7f 00 7f 00 00 00 00 7f 7f 00 00 00 00 00 00 00 00 7f 00 00 7f 00 00 00 7f 00 00 00 00 00 00 00 00 00 00 00 00 00 7f 00 00 00 00 7f 00 7f 7f 00 00 7f 00 00 00 00 00 00 7f 00 00	acks=00000000000000000000000000000000000000000000000000000000000000000000000000000000000000000000000000000000000000000000000000000000000000
1433	700254323	700272026	stop	60 fd 40	acks=000
1434	700274589	701011001	stop	60 18 7f 00 00 00 00 00 00 7f 7f 00 00 00 00 00 00 00 7f 7f 00 00 00 00 00 7f 00 7f 00 00 00 7f 00 00 00 00 00 00 00 00 00 00 00 00 00 00 7f 00 7f 7f 7f 00 7f 7f 7f 00 00 7f 00 00 00 00 7f 00 00 00 00 00 7f 7f 00 00 00 00 00 00 00 00 00 00 00 00 00 7f 00 00 00 00 00 00 00 00 7f 00 00 7f 00 00 00 7f 00 00 00 7f 00 00 00 00 00 00 00 00 00 7f 00 7f 00 00 7f 7f 7f 00 00 00 7f 00 00 00 00 00 00 7f 00 00	acks=00000000000000000000000000000000000000000000000000000000000000000000000000000000000000000000000000000000000000000000000000000000000000
1435	701018273	701035979	stop	60 fd 40	acks=000
1436	701038546	701784596	stop	60 18 7f 00 00 00 00 00 00 7f 7f 00 00 00 00 00 00 00 7f 7f 00 00 00 00 00 7f 00 7f 00 00 00 7f 00 00 00 00 00 00 00 00 00 00 00 00 00 00 7f 00 7f 7f 7f 00 00 7f 7f 7f 00 7f 00 00 00 00 7f 00 00 00 00 00 7f 7f 00 00 00 00 00 00 00 00 00 00 00 00 00 7f 00 00 00 00 00 00 00 00 7f 00 00 7f 00 00 00 7f 00 00 00 7f 00 00 00 00 00 00 00 00 00 7f 00 7f 00 00 7f 7f 7f 00 00 00 7f 00 00 00 00 00 00 7f 00 00	acks=00000000000000000000000000000000000000000000000000000000000000000000000000000000000000000000000000000000000000000000000000000000000000
1437	701791637	701809327	stop	60 fd 40	acks=000
1438	701811890	702557839	stop	60 18 7f 7f 00 00 7f 00 00 7f 00 7f 00 00 7f 00 7f 00 7f 7f 00 7f 00 00 7f 7f 00 7f 00 00 00 7f 00 00 00 00 00 00 00 00 00 00 00 00 00 00 7f 00 7f 7f 7f 00 00 7f 00 7f 00 00 00 00 00 00 7f 00 00 00 00 00 00 7f 00 00 00 00 00 00 00 00 00 00 00 00 00 7f 00 00 00 00 00 00 7f 00 7f 00 00 00 00 00 7f 7f 00 7f 00 7f 00 00 00 00 00 00 00 00 00 00 00 7f 00 00 7f 7f 7f 00 00 00 7f 00 00 7f 7f 00 00 00 00 00	acks=00000000000000000000000000000000000000000000000000000000000000000000000000000000000000000000000000000000000000000000000000000000000000
1439	703569902	703587610	stop	60 fd 40	acks=000
1440	703590176	704336329	stop	60 18 7f 7f 00 7f 7f 00 00 7f 00 7f 00 00 7f 00 7f 00 7f 00 00 7f 00 00 7f 7f 00 7f 7f 00 00 7f 7f 00 00 00 00 00 00 00 7f 00 00 00 7f 00 7f 00 7f 00 00 00 00 7f 00 7f 00 00 00 00 00 00 00 00 00 00 00 00 00 7f 00 00 00 00 00 00 00 00 00 00 00 00 00 7f 00 00 00 00 7f 00 7f 00 00 00 7f 00 00 00 7f 7f 00 7f 00 00 00 00 00 00 00 00 00 00 00 00 00 00 7f 00 00 00 7f 00 00 00 7f 00 00 7f 7f 00 00 00 00 00	acks=00000000000000000000000000000000000000000000000000000000000000000000000000000000000000000000000000000000000000000000000000000000000000
1441	704343541	704361237	stop	60 fd 40	acks=000
1442	704363801	705109952	stop	60 18 7f 7f 00 7f 7f 00 00 7f 00 7f 00 00 7f 00 7f 00 7f 00 00 7f 00 00 7f 7f 00 7f 7f 00 00 7f 7f 7f 00 00 7f 00 00 00 7f 00 00 00 7f 00 7f 7f 7f 00 00 00 00 7f 00 7f 00 00 00 00 00 00 00 00 00 00 00 00 00 7f 00 00 00 00 00 00 00 00 00 00 7f 00 00 00 7f 00 7f 7f 7f 00 7f 00 00 00 7f 00 00 00 7f 7f 00 7f 00 00 00 00 00 00 00 00 00 00 00 00 00 00 7f 00 00 00 7f 00 00 00 7f 00 00 7f 7f 00 00 00 00 00	acks=00000000000000000000000000000000000000000000000000000000000000000000000000000000000000000000000000000000000000000000000000000000000000
1443	705116996	705134696	stop	60 fd 40	acks=000
1444	705137261	705880079	stop	60 18 7f 00 00 7f 00 00 00 7f 00 00 00 00 7f 00 00 00 7f 00 00 00 00 00 00 7f 00 7f 7f 00 00 7f 7f 7f 00 00 7f 00 00 00 7f 00 00 00 7f 00 7f 7f 7f 00 00 00 00 7f 00 7f 00 00 00 00 00 00 00 00 00 00 00 00 00 7f 00 00 7f 00 00 00 00 00 00 00 7f 00 00 00 7f 00 7f 7f 7f 00 7f 00 00 00 7f 00 00 00 00 7f 00 00 00 00 00 00 00 7f 00 00 00 00 7f 00 00 00 7f 7f 00 00 00 00 00 7f 00 00 00 00 00 00 00 00 00 00	acks=00000000000000000000000000000000000000000000000000000000000000000000000000000000000000000000000000000000000000000000000000000000000000
1445	706891636	706909336	stop	60 fd 40	acks=000
1446	706911901	707658259	stop	60 18 7f 00 00 7f 00 00 00 7f 00 00 00 00 7f 00 00 00 00 00 00 00 00 00 00 7f 00 7f 00 00 00 00 00 7f 00 7f 7f 00 7f 00 7f 00 00 00 00 00 00 7f 7f 00 00 00 00 7f 00 7f 00 00 00 7f 00 00 00 00 00 00 00 00 00 7f 00 00 7f 00 00 00 00 00 00 7f 7f 00 00 00 7f 00 7f 7f 00 00 7f 00 00 00 7f 00 00 00 00 7f 00 00 00 00 00 00 7f 7f 00 7f 00 00 7f 00 00 00 7f 7f 00 00 00 00 00 7f 00 00 00 00 00 00 00 00 00 00	acks=00000000000000000000000000000000000000000000000000000000000000000000000000000000000000000000000000000000000000000000000000000000000000
1447	707665474	707683186	stop	60 fd 40	acks=000
1448	707685752	708432332	stop	60 18 7f 00 00 7f 00 00 00 7f 00 00 00 00 7f 7f 00 00 00 00 00 00 00 00 00 7f 00 7f 00 00 00 00 00 7f 00 7f 00 00 7f 00 7f 00 00 00 00 00 00 00 00 00 00 00 7f 7f 00 7f 00 00 00 7f 00 00 00 7f 00 00 00 00 00 7f 00 00 7f 00 7f 00 00 00 00 7f 00 00 00 00 00 00 7f 00 00 00 7f 00 00 00 7f 00 00 7f 00 7f 00 00 00 00 00 00 7f 7f 7f 7f 00 00 7f 00 7f 00 7f 7f 00 00 00 00 00 7f 00 00 00 00 00 00 00 00 00 00	acks=00000000000000000000000000000000000000000000000000000000000000000000000000000000000000000000000000000000000000000000000000000000000000
1449	708439375	708457069	stop	60 fd 40	acks=000
1450	708459634	709206103	stop	60 18 00 7f 00 7f 00 00 00 7f 00 00 00 7f 7f 7f 00 00 00 00 00 00 7f 00 7f 7f 00 7f 00 00 00 00 00 7f 00 7f 00 00 7f 00 7f 00 00 00 00 00 00 00 00 00 00 7f 7f 7f 00 7f 00 00 00 7f 00 00 00 7f 00 00 7f 00 00 7f 00 00 00 00 7f 00 7f 00 00 7f 00 00 00 00 00 00 7f 00 00 00 7f 00 00 00 7f 00 00 7f 7f 00 00 00 00 00 00 00 7f 00 7f 7f 00 00 00 00 7f 00 7f 00 00 00 00 00 00 00 00 00 00 7f 7f 00 00 00 00 00	acks=00000000000000000000000000000000000000000000000000000000000000000000000000000000000000000000000000000000000000000000000000000000000000
1451	710217824	710235526	stop	60 fd 40	acks=000
1452	710238090	710984209	stop	60 18 00 7f 7f 00 00 00 7f 7f 00 00 00 7f 7f 7f 00 00 00 00 00 00 7f 00 7f 7f 00 7f 00 00 00 00 00 7f 00 00 00 00 7f 00 7f 00 00 00 00 00 00 00 00 7f 00 7f 7f 00 00 7f 00 00 00 00 00 7f 00 7f 00 7f 7f 00 00 00 00 00 00 00 7f 00 7f 00 00 00 00 00 00 00 00 00 7f 00 00 00 7f 00 00 00 7f 00 00 7f 7f 00 00 00 00 00 00 00 00 00 7f 7f 00 00 00 00 7f 00 7f 00 00 00 00 00 00 00 00 00 00 7f 7f 00 00 00 00 00	acks=00000000000000000000000000000000000000000000000000000000000000000000000000000000000000000000000000000000000000000000000000000000000000
1453	710991415	711009111	stop	60 fd 40	acks=000
1454	711011677	711749843	stop	60 18 00 7f 7f 00 00 00 7f 7f 00 00 00 7f 7f 00 00 00 00 00 00 00 7f 00 7f 7f 00 00 00 00 00 00 00 7f 00 00 00 00 7f 00 7f 00 00 00 00 00 00 00 00 7f 00 7f 00 00 00 7f 00 00 00 00 7f 7f 00 00 7f 7f 7f 00 00 00 00 7f 00 00 00 00 7f 00 00 00 00 00 00 7f 00 7f 7f 00 00 00 7f 00 00 00 7f 00 00 7f 7f 00 00 00 00 00 7f 00 00 00 00 7f 00 00 00 00 7f 00 7f 00 00 00 00 00 00 00 00 7f 00 7f 7f 00 00 00 00 00	acks=00000000000000000000000000000000000000000000000000000000000000000000000000000000000000000000000000000000000000000000000000000000000000
1455	711756957	711774669	stop	60 fd 40	acks=000
1456	711777235	712523695	stop	60 18 00 00 7f 00 00 00 7f 00 7f 00 00 00 7f 00 00 00 00 00 00 00 00 00 00 00 00 00 00 00 00 00 00 7f 00 00 00 00 7f 00 7f 00 00 00 00 00 00 00 00 7f 00 00 00 00 7f 7f 00 7f 00 00 7f 7f 00 00 7f 7f 00 00 7f 00 00 7f 7f 00 00 00 00 00 00 00 00 00 00 7f 00 7f 7f 00 00 00 7f 00 00 00 7f 7f 00 7f 00 00 00 00 00 00 7f 00 00 7f 00 7f 00 00 7f 7f 7f 00 7f 7f 00 00 00 00 00 7f 00 7f 00 00 00 00 00 7f 00 00	acks=00000000000000000000000000000000000000000000000000000000000000000000000000000000000000000000000000000000000000000000000000000000000000
1457	713534932	713552646	stop	60 fd 40	acks=000
1458	713555213	714301647	stop	60 18 00 00 00 00 00 00 00 00 7f 00 00 00 7f 00 00 00 00 7f 00 00 00 00 00 00 00 00 00 00 00 00 00 7f 00 00 00 00 7f 00 00 00 00 00 00 00 7f 00 00 7f 7f 00 00 00 7f 7f 00 7f 00 00 7f 00 00 00 7f 00 00 00 7f 00 00 7f 7f 00 00 00 00 00 00 00 00 00 00 7f 00 7f 7f 00 00 00 7f 00 00 7f 00 7f 00 7f 00 00 00 00 00 00 7f 7f 00 7f 00 00 00 00 7f 7f 7f 00 7f 7f 00 00 00 00 00 7f 00 7f 00 00 00 00 00 7f 00 00	acks=00000000000000000000000000000000000000000000000000000000000000000000000000000000000000000000000000000000000000000000000000000000000000
1459	714308859	714326561	stop	60 fd 40	acks=000
1460	714329128	715075149	stop	60 18 00 00 00 00 00 00 00 00 7f 00 00 00 7f 00 00 00 00 7f 00 00 00 00 00 00 7f 00 00 7f 00 00 00 7f 00 00 00 00 7f 7f 00 00 7f 7f 00 00 7f 00 7f 7f 7f 00 00 00 7f 00 00 7f 00 00 00 00 00 00 7f 00 00 00 7f 00 00 00 7f 00 00 00 00 00 00 00 00 7f 00 00 00 00 7f 00 00 00 7f 00 00 7f 00 7f 00 7f 00 00 00 00 00 00 00 7f 00 7f 00 00 00 00 7f 7f 7f 00 7f 7f 00 00 00 00 00 7f 00 7f 00 00 00 00 00 7f 00 00	acks=00000000000000000000000000000000000000000000000000000000000000000000000000000000000000000000000000000000000000000000000000000000000000
1461	715082194	715099892	stop	60 fd 40	acks=000
1462	715102457	715848363	stop	60 18 00 00 00 00 7f 00 00 00 00 7f 00 7f 00 00 7f 00 00 7f 00 7f 7f 00 00 00 7f 00 00 7f 00 00 00 7f 00 00 00 00 7f 7f 00 00 7f 7f 00 00 7f 00 7f 7f 7f 7f 00 00 00 00 00 00 00 00 00 00 00 00 7f 00 7f 00 00 00 00 00 00 00 00 00 7f 00 00 00 00 7f 00 00 00 00 7f 00 00 00 00 00 00 7f 00 7f 00 7f 00 00 00 7f 00 00 00 7f 00 00 00 00 00 00 00 00 7f 00 7f 00 00 00 7f 00 00 00 7f 7f 00 00 00 00 00 7f 00 00	acks=00000000000000000000000000000000000000000000000000000000000000000000000000000000000000000000000000000000000000000000000000000000000000
1463	716859723	716877413	stop	60 fd 40	acks=000
1464	716879977	717625899	stop	60 18 00 00 00 7f 7f 00 00 00 00 7f 00 7f 00 00 7f 00 00 00 00 7f 7f 00 00 00 7f 00 00 7f 00 00 00 7f 00 00 00 00 7f 7f 00 00 7f 7f 00 00 7f 00 7f 7f 00 7f 00 00 00 00 00 00 00 00 00 00 00 00 7f 00 7f 00 00 00 00 00 00 00 00 00 7f 00 00 00 00 7f 00 00 00 00 7f 00 00 00 00 00 00 00 00 7f 00 7f 00 00 00 7f 00 00 00 00 00 00 00 00 00 00 00 00 7f 00 00 00 00 00 7f 00 00 00 7f 7f 00 00 00 00 00 7f 00 00	acks=00000000000000000000000000000000000000000000000000000000000000000000000000000000000000000000000000000000000000000000000000000000000000
1465	717633107	717650799	stop	60 fd 40	acks=000
1466	717653364	718399305	stop	60 18 00 00 00 7f 7f 00 00 00 00 7f 00 7f 00 00 7f 7f 00 00 7f 7f 7f 00 00 00 00 7f 00 7f 7f 00 00 00 00 00 7f 7f 7f 00 00 00 7f 00 00 00 7f 7f 00 7f 00 7f 00 00 00 00 00 00 00 00 00 00 00 00 7f 00 7f 00 00 00 7f 00 00 00 00 00 7f 00 00 00 7f 00 00 00 7f 00 00 7f 00 00 00 00 00 00 00 7f 00 7f 00 00 00 7f 7f 00 00 00 00 00 00 00 00 00 00 00 7f 00 00 00 00 00 7f 00 00 00 7f 7f 00 00 00 00 00 7f 00 00	acks=00000000000000000000000000000000000000000000000000000000000000000000000000000000000000000000000000000000000000000000000000000000000000
1467	718406350	718424042	stop	60 fd 40	acks=000
1468	718426606	719172493	stop	60 18 7f 00 00 7f 00 00 00 00 7f 00 00 00 00 00 00 7f 00 00 7f 00 00 00 00 00 00 7f 00 7f 7f 00 00 00 00 00 7f 7f 7f 00 00 00 7f 00 00 00 7f 7f 00 7f 00 00 00 00 7f 00 00 7f 00 00 00 00 00 00 7f 00 00 00 7f 00 7f 00 00 00 00 00 00 00 00 00 7f 00 00 00 7f 00 00 7f 00 00 00 00 00 00 00 7f 00 7f 00 7f 00 00 7f 00 00 00 00 00 00 00 00 00 00 7f 7f 00 00 00 00 00 7f 00 00 00 7f 7f 00 00 00 00 00 7f 00 00	acks=00000000000000000000000000000000000000000000000000000000000000000000000000000000000000000000000000000000000000000000000000000000000000
1469	720184382	720202088	stop	60 fd 40	acks=000
1470	720204652	720950409	stop	60 18 7f 00 00 7f 00 00 00 00 7f 00 00 00 00 00 00 7f 00 00 7f 00 00 00 00 00 00 7f 00 7f 7f 00 00 00 00 00 7f 7f 00 00 00 00 7f 00 00 00 7f 7f 00 7f 00 00 00 00 7f 00 00 7f 00 00 00 00 00 00 7f 00 00 00 7f 00 7f 00 00 00 00 00 00 00 00 00 7f 00 00 00 7f 00 00 7f 00 00 00 00 00 00 00 7f 00 7f 00 7f 00 00 7f 00 00 00 00 00 00 7f 00 00 00 7f 7f 00 00 00 00 00 7f 00 00 00 7f 7f 00 00 00 00 00 7f 00 00	acks=00000000000000000000000000000000000000000000000000000000000000000000000000000000000000000000000000000000000000000000000000000000000000
1471	720957613	720975306	stop	60 fd 40	acks=000
1472	720977870	721723822	stop	60 18 7f 00 00 7f 00 00 00 00 7f 00 00 00 00 7f 00 00 00 00 7f 00 00 00 00 00 00 00 00 7f 00 00 00 00 00 00 00 00 00 00 00 00 7f 00 00 00 7f 00 00 7f 00 00 7f 00 7f 7f 00 7f 7f 00 00 00 00 7f 7f 00 00 00 7f 00 7f 00 00 00 7f 00 00 00 00 00 00 00 00 00 00 00 00 00 00 00 00 7f 00 00 00 7f 00 00 00 7f 00 00 00 00 00 00 00 00 7f 7f 7f 00 00 7f 00 00 00 00 00 00 7f 00 00 00 7f 7f 7f 00 00 7f 7f 7f 00 00	acks=00000000000000000000000000000000000000000000000000000000000000000000000000000000000000000000000000000000000000000000000000000000000000
1473	721730870	721748582	stop	60 fd 40	acks=000
1474	721751149	722488045	stop	60 18 7f 7f 00 7f 7f 00 00 7f 00 7f 00 00 00 7f 7f 00 00 00 7f 7f 00 00 7f 7f 00 00 00 7f 00 00 00 00 00 00 00 00 00 00 00 00 7f 00 00 00 7f 00 00 7f 00 00 7f 00 00 7f 00 00 7f 00 00 00 00 7f 7f 00 00 00 00 00 7f 00 00 00 7f 00 00 00 00 00 00 00 00 00 00 00 00 00 00 00 00 7f 00 00 00 00 00 00 7f 7f 00 7f 00 00 00 00 00 00 7f 7f 7f 00 00 00 00 00 00 00 00 00 7f 00 00 00 7f 7f 7f 7f 7f 7f 7f 00 00 00	acks=00000000000000000000000000000000000000000000000000000000000000000000000000000000000000000000000000000000000000000000000000000000000000
1475	723499962	723517649	stop	60 fd 40	acks=000
1476	723520213	724265855	stop	60 18 7f 7f 00 7f 7f 7f 00 7f 00 7f 00 00 00 7f 7f 00 00 00 7f 7f 00 00 7f 7f 00 00 00 7f 00 00 00 00 00 00 00 00 00 00 00 7f 7f 00 00 00 7f 00 00 00 00 00 7f 00 00 7f 00 00 7f 00 00 00 00 7f 7f 00 00 00 00 00 7f 00 00 7f 7f 00 00 00 00 00 00 00 7f 00 00 00 00 00 00 00 00 7f 00 00 00 00 7f 00 7f 7f 00 7f 00 00 00 00 00 00 7f 7f 7f 00 00 00 00 00 7f 00 00 00 7f 7f 00 00 7f 7f 7f 7f 7f 7f 7f 00 00 00	acks=00000000000000000000000000000000000000000000000000000000000000000000000000000000000000000000000000000000000000000000000000000000000000
1477	724273062	724290748	stop	60 fd 40	acks=000
1478	724293312	725038942	stop	60 18 7f 7f 00 7f 7f 7f 00 7f 00 7f 00 00 00 00 7f 00 00 00 7f 7f 00 00 7f 7f 00 00 00 7f 00 00 00 00 00 00 7f 00 00 00 00 7f 7f 00 00 00 7f 7f 00 00 00 00 00 00 00 00 00 00 00 00 7f 00 00 00 00 00 00 00 00 00 7f 7f 00 7f 00 00 00 00 00 00 7f 00 7f 7f 7f 7f 00 7f 00 00 00 7f 00 00 00 00 7f 00 7f 7f 00 7f 00 00 7f 00 00 00 00 7f 00 00 00 00 00 00 7f 00 00 00 7f 7f 00 00 7f 00 00 7f 7f 7f 00 00 00 00	acks=00000000000000000000000000000000000000000000000000000000000000000000000000000000000000000000000000000000000000000000000000000000000000
1479	725045981	725063663	stop	60 fd 40	acks=000
1480	725066226	725811958	stop	60 18 7f 00 00 7f 00 7f 00 7f 00 00 00 00 7f 00 00 00 00 00 7f 00 00 00 00 7f 00 00 00 7f 00 00 00 00 00 00 7f 00 00 00 00 7f 7f 00 00 00 7f 7f 00 00 00 00 00 00 00 00 00 00 00 00 7f 00 00 00 00 00 00 00 00 00 7f 7f 7f 7f 00 00 00 00 00 00 7f 00 7f 7f 7f 7f 00 7f 00 00 7f 7f 00 00 00 00 7f 00 00 7f 00 00 00 00 7f 00 00 7f 00 7f 00 00 7f 00 00 00 7f 7f 00 00 00 7f 00 7f 00 00 00 00 00 7f 00 00 00 00	acks=00000000000000000000000000000000000000000000000000000000000000000000000000000000000000000000000000000000000000000000000000000000000000
1481	726824685	726842388	stop	60 fd 40	acks=000
1482	726844954	727580695	stop	60 18 7f 00 00 7f 00 7f 00 7f 00 00 00 00 7f 00 00 00 00 00 7f 00 00 00 00 7f 00 00 00 7f 00 00 00 00 00 00 7f 00 7f 00 00 00 7f 00 00 00 00 7f 00 00 00 00 00 00 00 00 00 00 00 00 7f 00 7f 00 00 00 00 00 00 00 7f 7f 7f 00 00 7f 00 7f 00 00 7f 00 00 7f 7f 7f 00 7f 00 00 7f 7f 00 00 00 00 7f 00 00 7f 00 00 00 7f 7f 00 00 7f 00 7f 00 00 7f 00 00 7f 00 7f 00 7f 00 00 00 7f 00 00 00 00 00 7f 00 00 00 00	acks=00000000000000000000000000000000000000000000000000000000000000000000000000000000000000000000000000000000000000000000000000000000000000
1483	727587966	727605665	stop	60 fd 40	acks=000
1484	727608230	728354375	stop	60 18 7f 00 00 7f 00 7f 00 7f 00 00 00 00 7f 7f 00 00 00 00 7f 00 00 00 00 7f 7f 00 00 00 00 00 00 7f 00 00 00 00 7f 7f 00 00 00 7f 00 00 00 00 7f 00 00 00 7f 00 00 00 00 00 00 00 00 00 7f 7f 00 00 00 00 00 00 7f 00 7f 00 7f 7f 00 7f 00 00 00 7f 00 00 00 00 7f 00 00 00 7f 7f 00 00 00 00 7f 00 00 7f 00 00 00 7f 00 00 00 7f 7f 7f 00 00 7f 00 00 7f 00 7f 00 7f 00 00 00 7f 00 00 00 00 00 7f 00 00 00 00	acks=00000000000000000000000000000000000000000000000000000000000000000000000000000000000000000000000000000000000000000000000000000000000000
1485	728361419	728379119	stop	60 fd 40	acks=000
1486	728381684	729127349	stop	60 18 00 00 00 7f 00 7f 00 7f 00 00 00 7f 7f 7f 00 00 00 00 7f 00 7f 00 00 7f 7f 00 00 00 00 00 00 7f 00 00 00 00 7f 7f 00 00 00 7f 00 00 00 00 7f 00 00 7f 7f 00 00 00 00 00 00 00 00 00 7f 7f 00 00 7f 00 00 00 7f 00 00 00 7f 7f 7f 7f 00 00 00 7f 00 00 00 00 7f 00 00 00 7f 7f 00 00 00 7f 7f 00 00 00 00 00 00 7f 00 00 00 00 7f 7f 00 00 00 00 00 7f 00 00 00 7f 00 00 00 00 00 00 00 00 00 7f 00 00 00 00	acks=00000000000000000000000000000000000000000000000000000000000000000000000000000000000000000000000000000000000000000000000000000000000000
1487	730140268	730157970	stop	60 fd 40	acks=000
1488	730160534	730906570	stop	60 18 00 00 00 00 00 7f 00 7f 00 00 00 7f 7f 7f 00 00 00 00 7f 00 7f 00 00 7f 7f 00 7f 00 00 00 7f 7f 00 00 00 00 00 7f 00 00 00 7f 7f 00 00 00 7f 7f 00 7f 7f 00 00 00 00 00 00 00 00 00 00 7f 00 00 7f 00 00 00 7f 00 00 00 7f 7f 7f 7f 00 00 00 7f 00 00 00 00 7f 00 7f 00 7f 7f 7f 00 00 7f 7f 00 00 00 00 00 00 00 00 00 00 00 7f 7f 00 00 00 00 00 00 00 00 7f 00 00 00 00 00 00 00 00 00 00 7f 00 00 00 00	acks=00000000000000000000000000000000000000000000000000000000000000000000000000000000000000000000000000000000000000000000000000000000000000
1489	730913779	730931476	stop	60 fd 40	acks=000
1490	730934042	731679937	stop	60 18 00 00 00 00 00 7f 00 7f 00 00 00 7f 7f 00 00 7f 00 00 00 00 7f 00 00 7f 00 7f 7f 00 7f 00 7f 7f 00 00 00 7f 00 00 00 00 00 00 7f 00 00 00 00 7f 00 7f 00 00 00 00 00 00 00 00 7f 00 00 00 00 00 7f 00 00 00 00 7f 00 00 00 7f 7f 7f 00 00 00 00 00 7f 00 7f 7f 00 7f 00 7f 7f 7f 00 00 7f 7f 7f 00 00 00 00 7f 00 7f 00 00 00 00 7f 00 00 00 00 7f 00 00 00 7f 00 00 00 00 00 00 00 00 00 00 7f 00 00 00 00	acks=00000000000000000000000000000000000000000000000000000000000000000000000000000000000000000000000000000000000000000000000000000000000000
1491	731686978	731704672	stop	60 fd 40	acks=000
1492	731707236	732453232	stop	60 18 00 00 00 00 00 7f 00 00 7f 00 00 00 7f 00 00 7f 00 00 00 00 00 00 00 00 00 7f 7f 00 7f 00 7f 7f 00 00 00 7f 00 00 00 00 00 00 7f 00 00 00 00 7f 00 00 00 00 7f 00 00 7f 00 00 7f 00 00 00 00 00 00 00 7f 00 00 7f 00 00 00 7f 00 7f 00 00 00 00 00 7f 00 7f 7f 00 7f 00 7f 7f 7f 00 00 7f 7f 7f 00 00 00 00 7f 00 7f 00 00 00 00 7f 00 00 00 7f 7f 00 00 00 7f 00 7f 00 00 00 00 00 00 00 00 7f 00 00 00 00	acks=00000000000000000000000000000000000000000000000000000000000000000000000000000000000000000000000000000000000000000000000000000000000000
1493	733465053	733482747	stop	60 fd 40	acks=000
1494	733485311	734231650	stop	60 18 00 00 00 00 00 7f 00 00 7f 00 00 00 7f 00 00 7f 7f 00 00 00 00 00 00 00 00 7f 00 00 7f 7f 00 7f 00 7f 00 7f 00 00 00 00 00 00 00 00 7f 00 00 00 00 00 00 00 7f 00 00 7f 00 7f 7f 00 00 00 00 00 00 00 7f 00 00 7f 00 00 00 7f 00 7f 00 7f 00 00 00 7f 00 7f 7f 00 00 00 7f 7f 7f 00 00 7f 7f 7f 00 00 00 00 7f 00 7f 00 7f 00 00 00 00 00 00 7f 7f 00 00 00 7f 00 7f 00 00 00 00 00 00 00 00 7f 00 00 00 00	acks=00000000000000000000000000000000000000000000000000000000000000000000000000000000000000000000000000000000000000000000000000000000000000
1495	734238859	734256561	stop	60 fd 40	acks=000
1496	734259128	735005390	stop	60 18 00 00 00 00 00 7f 00 00 7f 00 00 00 7f 00 00 00 7f 00 00 00 00 00 00 00 7f 00 00 00 00 7f 00 7f 00 7f 00 00 00 7f 00 00 00 7f 00 00 7f 00 7f 00 00 00 00 00 7f 7f 00 7f 7f 7f 00 00 00 00 7f 00 00 00 7f 00 00 00 00 00 00 7f 00 7f 00 7f 00 7f 00 00 00 00 7f 00 00 00 7f 00 7f 00 00 7f 7f 7f 00 00 00 00 00 00 00 00 7f 00 00 00 7f 00 00 7f 7f 00 00 00 7f 00 7f 00 00 00 00 7f 7f 00 00 00 7f 00 00 00	acks=00000000000000000000000000000000000000000000000000000000000000000000000000000000000000000000000000000000000000000000000000000000000000
1497	735012436	735030137	stop	60 fd 40	acks=000
1498	735032703	735778927	stop	60 18 00 7f 00 00 7f 7f 00 00 00 7f 00 00 00 00 7f 00 7f 00 00 7f 00 00 7f 00 7f 00 00 00 00 7f 00 7f 00 7f 00 00 00 7f 00 00 00 7f 00 00 7f 00 7f 00 00 00 00 00 00 7f 00 00 7f 7f 00 00 00 00 7f 00 00 00 00 00 00 00 00 00 00 7f 00 7f 00 7f 00 7f 00 00 00 00 7f 00 00 00 00 00 7f 00 00 7f 7f 7f 7f 7f 00 7f 00 00 00 00 7f 00 00 00 7f 00 00 00 7f 00 00 00 7f 00 7f 00 00 00 00 7f 7f 7f 7f 00 7f 7f 00 00	acks=00000000000000000000000000000000000000000000000000000000000000000000000000000000000000000000000000000000000000000000000000000000000000
1499	736791244	736808950	stop	60 fd 40	acks=000
1500	736811515	737557725	stop	60 18 00 7f 7f 7f 7f 00 7f 00 00 7f 00 00 00 00 7f 00 7f 00 00 7f 00 00 7f 00 7f 00 00 00 00 7f 00 7f 00 00 00 00 00 7f 00 7f 00 7f 00 00 00 00 7f 00 00 00 00 7f 00 7f 00 00 7f 00 00 7f 00 00 7f 7f 00 00 00 7f 00 00 00 7f 00 7f 00 7f 00 00 00 7f 7f 00 00 00 7f 00 00 00 00 00 7f 00 00 7f 00 7f 7f 7f 00 7f 00 00 00 00 00 00 00 00 7f 00 00 00 7f 00 7f 00 7f 00 7f 7f 00 00 00 7f 7f 7f 7f 00 7f 7f 00 00	acks=00000000000000000000000000000000000000000000000000000000000000000000000000000000000000000000000000000000000000000000000000000000000000
1501	737564940	737582655	stop	60 fd 40	acks=000
1502	737585222	738321473	stop	60 18 00 7f 7f 7f 7f 00 7f 00 00 7f 00 00 00 00 7f 7f 7f 00 00 7f 00 00 7f 00 00 7f 00 7f 7f 7f 00 00 00 00 7f 7f 00 00 00 7f 7f 00 00 00 00 7f 00 00 00 00 00 7f 00 00 00 00 00 00 00 7f 00 00 7f 7f 00 00 00 7f 00 00 00 7f 00 7f 00 7f 00 00 7f 00 7f 00 7f 00 00 7f 00 00 00 00 7f 00 00 7f 00 7f 7f 7f 00 7f 7f 00 00 00 00 00 00 00 00 00 00 00 7f 00 7f 00 7f 00 7f 7f 00 00 00 7f 00 7f 7f 00 00 7f 00 00	acks=00000000000000000000000000000000000000000000000000000000000000000000000000000000000000000000000000000000000000000000000000000000000000
1503	738328576	738346269	stop	60 fd 40	acks=000
1504	738348832	739094975	stop	60 18 00 00 7f 7f 00 00 7f 7f 00 00 00 00 00 00 00 7f 7f 00 00 00 00 00 00 00 00 7f 00 7f 7f 7f 00 00 00 00 7f 7f 00 00 00 7f 7f 00 00 00 00 7f 00 00 00 00 00 7f 00 00 00 00 00 00 00 7f 00 00 7f 7f 00 00 00 7f 00 00 7f 7f 00 7f 00 7f 00 00 7f 00 7f 00 7f 00 00 7f 00 00 00 00 7f 00 00 7f 00 7f 00 7f 00 00 7f 00 00 00 00 7f 00 00 00 00 7f 00 7f 00 7f 7f 7f 00 7f 7f 00 7f 7f 7f 00 00 00 00 00 00 00 00	acks=00000000000000000000000000000000000000000000000000000000000000000000000000000000000000000000000000000000000000000000000000000000000000
1505	740106819	740124525	stop	60 fd 40	acks=000
1506	740127090	740873235	stop	60 18 00 00 00 00 00 00 00 7f 00 00 00 00 00 00 00 7f 7f 7f 00 00 00 00 00 00 00 7f 00 7f 7f 7f 00 00 00 00 7f 7f 7f 00 7f 00 7f 00 00 00 00 7f 00 00 7f 00 00 7f 00 00 00 00 00 00 00 00 7f 00 7f 00 00 00 00 7f 00 00 7f 00 00 00 00 00 00 00 7f 00 00 00 7f 00 00 7f 00 00 00 00 7f 7f 7f 7f 00 7f 00 7f 00 00 7f 7f 00 7f 00 7f 00 7f 00 00 7f 00 7f 7f 00 7f 7f 7f 7f 00 00 7f 7f 7f 00 00 00 00 00 00 00 00	acks=00000000000000000000000000000000000000000000000000000000000000000000000000000000000000000000000000000000000000000000000000000000000000
1507	740880446	740898155	stop	60 fd 40	acks=000
1508	740900721	741647064	stop	60 18 00 00 00 00 00 00 00 7f 00 00 00 00 00 7f 00 00 7f 7f 7f 00 00 00 00 00 00 00 00 7f 00 7f 00 00 00 00 00 00 7f 00 7f 00 7f 00 00 00 00 00 00 00 7f 00 7f 7f 00 7f 00 00 7f 00 00 00 7f 7f 7f 00 00 00 00 7f 7f 00 7f 00 7f 00 00 00 00 00 00 00 00 00 00 00 00 00 00 00 00 00 7f 7f 7f 7f 00 00 00 7f 00 00 00 7f 00 7f 00 7f 7f 7f 7f 00 7f 00 00 7f 00 7f 7f 7f 7f 00 00 7f 7f 7f 7f 00 00 00 7f 00 00 00	acks=00000000000000000000000000000000000000000000000000000000000000000000000000000000000000000000000000000000000000000000000000000000000000
1509	741654110	741671814	stop	60 fd 40	acks=000
1510	741674379	742420744	stop	60 18 7f 00 00 00 00 00 00 7f 00 00 00 7f 00 7f 00 00 7f 7f 7f 00 7f 00 00 00 00 00 00 7f 00 7f 00 00 00 00 00 00 7f 00 7f 00 7f 00 00 00 00 00 00 00 7f 7f 7f 7f 00 7f 00 00 7f 00 00 00 7f 7f 7f 00 7f 00 00 7f 7f 00 00 00 7f 00 7f 00 00 00 00 00 00 00 00 00 00 00 00 00 7f 00 7f 7f 7f 7f 00 00 00 7f 00 00 00 7f 00 7f 00 00 7f 7f 7f 00 00 00 00 7f 00 00 7f 7f 7f 00 00 00 00 7f 7f 00 00 00 7f 00 00 00	acks=00000000000000000000000000000000000000000000000000000000000000000000000000000000000000000000000000000000000000000000000000000000000000
1511	743432371	743448903	stop	60 fd 40	acks=000
1512	743451510	744197704	stop	60 18 7f 00 00 00 00 00 00 7f 00 00 00 7f 00 7f 00 00 7f 00 7f 00 7f 00 00 00 00 00 7f 7f 00 7f 7f 00 00 00 00 00 00 00 7f 7f 7f 00 7f 00 00 00 00 7f 00 7f 7f 7f 00 7f 00 00 7f 00 00 00 00 7f 7f 00 7f 00 00 7f 7f 00 00 7f 7f 00 7f 00 00 00 00 00 7f 00 00 00 00 00 7f 00 7f 00 00 00 7f 7f 00 00 00 7f 00 00 00 00 00 00 00 00 7f 00 7f 00 00 00 00 00 7f 00 00 00 7f 7f 00 00 00 7f 7f 00 00 00 7f 00 00 00	acks=00000000000000000000000000000000000000000000000000000000000000000000000000000000000000000000000000000000000000000000000000000000000000
1513	744204916	744222616	stop	60 fd 40	acks=000
1514	744225181	744971467	stop	60 18 7f 00 00 00 00 00 00 7f 00 00 00 7f 00 00 00 00 7f 00 7f 00 7f 00 00 00 00 00 7f 7f 00 7f 7f 00 00 00 00 00 00 00 7f 7f 7f 00 7f 00 00 00 00 7f 00 7f 00 7f 00 00 00 00 00 00 7f 00 00 00 00 00 7f 00 00 7f 7f 7f 00 7f 00 00 7f 00 00 00 00 00 7f 7f 00 7f 7f 00 7f 00 7f 7f 00 00 7f 7f 00 00 00 7f 00 00 00 00 7f 00 00 00 00 00 00 00 00 00 00 00 7f 00 00 00 7f 7f 00 00 00 00 00 00 00 7f 00 00 00 00	acks=00000000000000000000000000000000000000000000000000000000000000000000000000000000000000000000000000000000000000000000000000000000000000
1515	744978514	744996223	stop	60 fd 40	acks=000
1516	744998790	745745113	stop	60 18 00 00 00 00 00 00 00 7f 7f 00 00 00 00 00 00 00 7f 00 7f 00 00 00 00 7f 00 00 7f 7f 00 7f 7f 00 00 00 00 00 00 00 7f 7f 7f 00 7f 00 00 00 00 7f 00 00 00 7f 7f 00 00 7f 00 00 7f 00 00 00 00 00 00 00 7f 7f 7f 7f 00 7f 00 00 00 00 00 00 00 00 7f 7f 00 7f 7f 00 7f 00 7f 7f 00 00 7f 00 00 00 00 7f 00 00 00 00 7f 00 00 00 00 00 00 00 00 7f 00 00 7f 00 00 00 7f 7f 00 00 00 00 00 00 00 7f 00 00 00 00	acks=00000000000000000000000000000000000000000000000000000000000000000000000000000000000000000000000000000000000000000000000000000000000000
1517	746757801	746775507	stop	60 fd 40	acks=000
1518	746778072	747524046	stop	60 18 00 00 00 00 00 7f 00 7f 7f 00 00 00 00 00 00 00 00 00 7f 00 00 00 00 7f 00 00 00 7f 00 00 00 00 00 7f 00 00 7f 00 7f 00 7f 00 00 00 7f 00 00 00 00 00 00 7f 7f 00 00 7f 00 7f 7f 00 7f 00 00 00 00 00 7f 7f 7f 7f 00 00 00 00 00 00 00 7f 00 00 00 7f 00 7f 7f 00 00 00 7f 7f 00 00 7f 00 7f 00 00 7f 00 00 00 7f 7f 00 7f 00 00 00 00 00 00 7f 00 7f 00 00 00 7f 7f 00 00 00 00 00 00 00 00 7f 00 00 00 00	acks=00000000000000000000000000000000000000000000000000000000000000000000000000000000000000000000000000000000000000000000000000000000000000
1519	747531247	747548933	stop	60 fd 40	acks=000
1520	747551496	748297451	stop	60 18 00 00 00 00 00 7f 00 7f 7f 00 00 00 00 00 00 00 00 00 7f 00 00 00 00 7f 7f 00 00 00 00 00 00 00 00 7f 00 00 7f 7f 7f 00 00 7f 00 00 7f 00 7f 00 00 00 00 7f 7f 00 00 7f 00 7f 00 00 7f 00 00 00 00 00 7f 7f 7f 00 00 00 00 00 00 00 00 7f 00 7f 00 00 00 00 7f 00 00 00 7f 7f 00 00 7f 00 7f 7f 00 7f 00 00 00 7f 00 00 7f 00 00 00 00 00 00 7f 00 7f 00 00 00 7f 7f 00 00 00 00 00 00 00 00 7f 00 00 00 00	acks=00000000000000000000000000000000000000000000000000000000000000000000000000000000000000000000000000000000000000000000000000000000000000
1521	748304497	748322200	stop	60 fd 40	acks=000
1522	748324766	749062869	stop	60 18 00 00 00 00 7f 7f 00 7f 00 7f 00 00 7f 00 7f 00 00 00 7f 7f 00 00 00 00 7f 00 00 00 00 00 00 00 00 7f 00 00 7f 7f 7f 00 00 7f 00 00 7f 00 7f 00 00 00 00 7f 00 00 00 00 00 7f 00 00 7f 00 00 00 00 00 00 7f 7f 00 00 00 00 00 00 00 00 7f 00 7f 00 00 00 00 7f 00 00 00 7f 7f 00 00 7f 00 7f 7f 00 7f 00 7f 00 7f 00 00 7f 00 00 00 00 00 00 00 00 7f 00 00 00 7f 00 00 00 00 00 00 00 7f 00 7f 00 00 00 00	acks=00000000000000000000000000000000000000000000000000000000000000000000000000000000000000000000000000000000000000000000000000000000000000
1523	750074914	750092604	stop	60 fd 40	acks=000
1524	750095167	750840973	stop	60 18 00 00 7f 7f 7f 7f 7f 7f 00 7f 00 00 7f 00 7f 00 00 00 7f 7f 00 00 00 00 7f 00 7f 00 00 00 7f 00 00 00 00 00 00 7f 7f 00 00 7f 7f 00 00 00 7f 7f 00 00 00 00 00 00 00 00 00 00 00 7f 00 00 00 7f 00 00 00 00 7f 00 00 00 00 7f 00 7f 00 00 00 7f 00 00 00 00 7f 00 7f 00 7f 7f 00 00 7f 00 7f 7f 00 7f 00 7f 00 00 00 00 00 00 00 00 00 00 00 00 00 00 00 00 00 00 00 00 00 00 00 00 00 7f 00 7f 00 00 00 00	acks=00000000000000000000000000000000000000000000000000000000000000000000000000000000000000000000000000000000000000000000000000000000000000
1525	750848185	750865887	stop	60 fd 40	acks=000
1526	750868452	751614772	stop	60 18 00 00 7f 7f 7f 7f 7f 7f 00 7f 00 00 7f 00 7f 7f 00 00 00 7f 00 00 00 00 00 7f 7f 00 7f 00 7f 7f 00 00 7f 7f 00 00 7f 00 00 00 7f 00 00 7f 00 7f 00 00 00 00 00 00 00 00 00 00 00 7f 00 00 7f 7f 00 00 00 00 00 00 00 00 00 7f 00 7f 00 00 7f 00 00 00 7f 00 7f 7f 7f 00 7f 7f 00 00 7f 00 7f 7f 00 7f 00 7f 7f 00 00 00 00 00 00 00 00 00 00 00 00 00 00 00 00 00 00 00 00 00 00 00 00 7f 00 7f 00 00 00 00	acks=00000000000000000000000000000000000000000000000000000000000000000000000000000000000000000000000000000000000000000000000000000000000000
1527	751621818	751639522	stop	60 fd 40	acks=000
1528	751642086	752388124	stop	60 18 00 00 7f 7f 00 7f 7f 7f 00 00 00 00 00 00 00 7f 00 00 00 00 00 00 00 00 00 7f 7f 00 7f 00 7f 7f 00 00 7f 7f 00 00 7f 00 00 00 7f 00 00 7f 00 7f 00 00 00 00 00 00 00 00 00 00 00 7f 00 00 7f 7f 00 00 00 00 00 00 7f 00 00 7f 00 7f 00 00 7f 00 00 00 7f 00 7f 7f 7f 00 7f 7f 00 00 7f 00 7f 7f 00 00 00 00 7f 00 00 00 00 00 00 00 00 00 00 00 00 00 00 00 00 00 00 00 00 00 00 00 00 7f 00 7f 00 00 00 00	acks=00000000000000000000000000000000000000000000000000000000000000000000000000000000000000000000000000000000000000000000000000000000000000
1529	753399624	753417322	stop	60 fd 40	acks=000
1530	753419886	754161315	stop	60 18 00 00 00 00 00 7f 00 7f 00 00 00 00 00 00 00 7f 00 7f 00 00 00 00 00 00 00 7f 00 00 7f 00 00 7f 00 7f 7f 7f 00 00 00 00 00 00 00 00 7f 7f 00 00 7f 00 00 00 00 00 00 00 00 7f 00 00 00 00 7f 00 00 00 00 00 00 00 7f 00 00 7f 00 7f 00 7f 7f 00 00 00 7f 00 7f 7f 00 00 7f 7f 7f 7f 00 00 7f 7f 00 00 00 00 7f 00 00 7f 7f 00 00 7f 00 00 00 00 00 00 00 00 7f 00 00 00 00 00 00 00 00 7f 00 7f 00 00 00 00	acks=00000000000000000000000000000000000000000000000000000000000000000000000000000000000000000000000000000000000000000000000000000000000000
1531	754168583	754186278	stop	60 fd 40	acks=000
1532	754188843	754934613	stop	60 18 00 00 00 00 00 7f 00 7f 00 00 00 00 00 7f 00 00 00 7f 00 00 00 00 00 00 00 00 00 00 00 00 00 00 00 7f 00 00 00 00 00 00 7f 00 00 00 7f 00 00 00 7f 00 7f 00 00 7f 00 00 7f 7f 00 00 00 7f 7f 00 00 00 00 00 00 00 7f 00 7f 7f 00 7f 00 7f 00 00 00 00 00 00 7f 00 00 00 7f 00 7f 7f 00 00 7f 7f 00 00 00 00 00 00 00 7f 7f 00 7f 7f 7f 00 00 00 7f 00 00 00 7f 00 00 00 00 00 00 00 7f 7f 00 00 7f 00 00 00	acks=00000000000000000000000000000000000000000000000000000000000000000000000000000000000000000000000000000000000000000000000000000000000000
1533	754941652	754959340	stop	60 fd 40	acks=000
1534	754961905	755708005	stop	60 18 00 00 00 00 00 7f 00 00 00 00 00 00 00 7f 00 00 00 7f 00 00 00 00 00 00 00 00 00 00 00 00 00 00 00 7f 00 00 00 00 00 00 7f 00 00 00 7f 00 00 00 7f 7f 7f 00 00 7f 00 00 7f 7f 00 00 00 7f 7f 00 00 00 00 00 00 00 7f 00 7f 7f 00 7f 00 7f 00 00 00 00 00 00 7f 00 00 00 7f 00 7f 7f 00 00 7f 7f 00 00 00 00 00 00 00 7f 7f 00 7f 7f 7f 00 00 00 7f 00 00 00 7f 00 00 00 00 00 00 00 7f 7f 00 00 7f 00 00 00	acks=00000000000000000000000000000000000000000000000000000000000000000000000000000000000000000000000000000000000000000000000000000000000000
1535	756719782	756737483	stop	60 fd 40	acks=000
1536	756740046	757486048	stop	60 18 00 00 7f 7f 00 00 7f 00 00 00 00 00 00 7f 00 00 7f 00 00 00 00 00 00 00 00 00 00 00 00 7f 00 00 00 00 00 00 00 00 00 7f 7f 00 00 00 00 00 00 00 00 7f 7f 00 00 7f 00 00 7f 00 00 7f 00 7f 7f 7f 00 00 00 00 00 00 7f 7f 7f 7f 00 7f 00 00 00 00 7f 00 00 00 7f 00 00 00 7f 00 7f 00 00 00 00 7f 00 00 00 00 00 00 00 00 00 00 7f 00 7f 00 00 00 7f 00 7f 00 7f 00 00 7f 00 00 00 00 7f 7f 00 00 7f 00 00 00	acks=00000000000000000000000000000000000000000000000000000000000000000000000000000000000000000000000000000000000000000000000000000000000000
1537	757493258	757510961	stop	60 fd 40	acks=000
1538	757513527	758259552	stop	60 18 00 00 7f 7f 00 00 7f 00 00 00 00 00 00 00 00 00 7f 00 7f 00 00 00 00 00 00 00 00 00 00 7f 00 00 00 00 00 00 00 00 00 7f 7f 00 00 00 00 00 00 00 00 7f 00 00 00 00 00 00 00 00 7f 7f 00 00 7f 7f 00 00 00 00 00 7f 7f 7f 00 7f 00 7f 00 00 00 00 7f 7f 00 7f 7f 00 00 00 7f 00 7f 00 00 00 00 7f 00 00 00 00 00 00 7f 00 00 00 00 00 00 00 00 00 00 00 7f 00 7f 00 00 7f 00 00 00 7f 00 7f 00 00 00 00 00 00	acks=00000000000000000000000000000000000000000000000000000000000000000000000000000000000000000000000000000000000000000000000000000000000000
1539	758266594	758284284	stop	60 fd 40	acks=000
1540	758286848	759032551	stop	60 18 00 00 7f 7f 00 00 7f 00 00 00 00 00 00 00 00 00 7f 00 7f 00 00 00 00 00 00 00 00 00 00 7f 00 00 00 00 00 00 00 00 00 7f 7f 00 00 00 00 00 00 00 00 7f 00 00 7f 00 00 00 00 00 7f 7f 00 00 7f 7f 00 00 00 00 00 7f 7f 7f 00 7f 00 7f 00 00 00 00 7f 7f 00 7f 7f 00 00 00 00 00 7f 00 00 00 00 7f 00 00 00 00 00 00 7f 00 00 00 00 00 00 00 00 00 00 00 7f 00 7f 00 00 7f 00 00 00 7f 00 7f 00 00 00 00 00 00	acks=00000000000000000000000000000000000000000000000000000000000000000000000000000000000000000000000000000000000000000000000000000000000000
1541	760044582	760062289	stop	60 fd 40	acks=000
1542	760064854	760811016	stop	60 18 00 00 00 00 00 00 00 00 00 00 00 00 00 00 00 00 7f 7f 7f 00 00 00 00 00 00 00 00 00 00 7f 00 00 00 00 00 00 7f 00 00 00 7f 00 00 00 00 00 00 00 7f 7f 00 7f 7f 00 00 00 00 00 7f 00 7f 00 7f 00 00 00 00 7f 00 7f 7f 00 00 00 00 00 00 00 00 00 00 7f 00 7f 7f 00 00 00 00 00 7f 7f 00 00 00 7f 00 00 00 00 00 7f 7f 7f 00 00 00 7f 00 00 00 00 00 7f 00 00 7f 7f 00 00 00 00 00 7f 00 7f 00 00 00 00 00 00	acks=00000000000000000000000000000000000000000000000000000000000000000000000000000000000000000000000000000000000000000000000000000000000000
1543	760818228	760835934	stop	60 fd 40	acks=000
1544	760838502	761584916	stop	60 18 00 00 00 00 00 00 00 00 00 00 00 00 00 00 00 00 7f 7f 7f 00 00 00 00 00 7f 00 00 7f 00 7f 00 00 00 00 00 00 7f 7f 00 00 7f 7f 00 00 00 00 7f 00 7f 7f 00 7f 7f 00 00 00 00 00 00 00 7f 00 7f 00 00 00 00 7f 00 00 7f 00 00 00 00 00 00 00 00 7f 00 00 00 00 00 00 00 00 00 7f 7f 7f 00 00 00 7f 00 00 00 00 00 7f 00 7f 00 00 00 7f 00 00 00 00 00 7f 00 00 7f 7f 00 00 00 00 00 00 00 7f 00 00 00 00 00 00	acks=00000000000000000000000000000000000000000000000000000000000000000000000000000000000000000000000000000000000000000000000000000000000000
1545	761591960	761609660	stop	60 fd 40	acks=000
1546	761612224	762358416	stop	60 18 00 00 00 00 00 00 00 00 00 00 00 00 00 00 7f 00 7f 7f 7f 00 00 00 00 00 7f 00 00 7f 00 7f 00 00 00 00 00 00 7f 7f 00 00 7f 7f 00 00 00 00 7f 00 7f 7f 00 7f 7f 00 00 00 00 00 00 00 7f 00 7f 00 00 00 00 7f 00 00 7f 00 00 00 00 00 00 00 00 7f 00 00 00 00 00 00 00 00 00 7f 7f 7f 00 00 00 7f 00 00 00 00 00 7f 00 7f 00 00 00 7f 00 00 00 00 00 7f 00 00 7f 7f 00 00 00 00 00 00 00 00 00 00 00 00 00 00	acks=00000000000000000000000000000000000000000000000000000000000000000000000000000000000000000000000000000000000000000000000000000000000000
1547	763370758	763388454	stop	60 fd 40	acks=000
1548	763391016	764136758	stop	60 18 00 00 00 00 00 00 00 00 00 00 00 00 00 00 7f 00 7f 00 7f 00 00 00 00 00 7f 00 7f 7f 00 7f 7f 00 00 00 00 00 00 7f 7f 00 7f 7f 7f 00 00 00 7f 7f 00 7f 00 7f 7f 00 00 00 00 00 00 00 00 00 7f 00 00 00 00 7f 00 00 7f 00 00 00 00 00 00 00 00 7f 00 00 00 00 00 00 7f 00 00 7f 00 00 7f 00 7f 7f 00 00 00 00 00 00 00 00 00 00 00 00 00 00 00 00 00 00 00 00 00 00 00 00 00 00 00 00 00 00 00 00 00 00 00 00	acks=00000000000000000000000000000000000000000000000000000000000000000000000000000000000000000000000000000000000000000000000000000000000000
1549	764143963	764161649	stop	60 fd 40	acks=000
1550	764164213	764904470	stop	60 18 00 00 00 00 00 00 00 00 00 00 00 00 00 00 7f 7f 7f 00 7f 00 00 00 00 00 00 7f 7f 00 7f 7f 7f 00 00 00 00 7f 00 00 7f 00 7f 00 7f 00 00 7f 00 7f 00 7f 00 7f 7f 00 00 00 00 00 00 00 00 00 7f 00 00 00 00 7f 7f 00 7f 00 00 00 00 00 00 00 00 00 00 00 00 00 00 00 7f 00 00 7f 00 00 7f 00 7f 00 00 00 00 00 7f 00 00 00 00 00 00 00 00 00 00 00 00 00 00 00 00 00 00 00 00 00 00 00 00 00 00 00 00 00 00 00	acks=00000000000000000000000000000000000000000000000000000000000000000000000000000000000000000000000000000000000000000000000000000000000000
1551	764911571	764929260	stop	60 fd 40	acks=000
1552	764931824	765677756	stop	60 18 00 00 00 00 00 00 00 00 00 00 00 00 00 00 7f 7f 7f 00 7f 00 00 00 00 00 00 7f 7f 00 7f 7f 7f 00 00 00 00 7f 00 00 7f 00 7f 00 7f 00 00 7f 00 7f 00 7f 00 7f 7f 00 00 00 00 00 00 00 00 00 7f 00 00 00 00 7f 7f 00 00 00 00 00 00 00 00 00 00 00 00 00 00 00 00 00 7f 00 00 7f 00 00 7f 00 7f 00 00 00 00 00 7f 00 00 00 00 00 00 00 00 00 00 00 00 00 00 00 00 00 00 00 00 00 00 00 00 00 00 00 00 00 00 00	acks=00000000000000000000000000000000000000000000000000000000000000000000000000000000000000000000000000000000000000000000000000000000000000
1553	766689390	766707092	stop	60 fd 40	acks=000
1554	766709656	767455249	stop	60 18 00 00 00 00 00 00 00 00 00 00 00 00 00 00 7f 7f 00 00 7f 00 00 00 00 00 00 7f 00 00 7f 00 00 00 00 7f 00 7f 00 00 7f 00 7f 00 00 00 7f 7f 00 00 00 7f 00 7f 7f 00 00 00 00 7f 00 00 00 00 7f 00 00 00 00 7f 7f 00 00 00 00 7f 00 00 00 7f 00 00 00 00 00 00 00 00 00 00 00 7f 00 00 7f 00 7f 00 00 00 00 00 7f 00 00 00 7f 00 00 00 00 00 00 00 00 00 00 00 00 00 00 00 00 00 00 00 00 00 00 00 00 00 00 00	acks=00000000000000000000000000000000000000000000000000000000000000000000000000000000000000000000000000000000000000000000000000000000000000
1555	767462449	767480132	stop	60 fd 40	acks=000
1556	767482694	768228457	stop	60 18 00 00 00 00 00 00 00 00 00 00 00 00 00 00 7f 00 00 00 7f 00 00 00 00 00 00 00 00 00 00 00 00 00 00 7f 00 00 00 00 7f 00 7f 00 00 00 7f 7f 00 00 00 7f 7f 7f 7f 7f 00 00 7f 7f 00 00 00 00 00 00 00 00 00 7f 00 00 00 00 00 7f 00 00 00 7f 00 00 00 00 00 00 00 00 00 00 00 7f 00 00 7f 00 7f 00 00 00 00 00 00 00 00 00 7f 00 00 00 7f 00 00 00 00 00 00 00 00 00 00 00 00 00 00 00 7f 00 00 7f 7f 00 00 00	acks=00000000000000000000000000000000000000000000000000000000000000000000000000000000000000000000000000000000000000000000000000000000000000
1557	768235497	768253188	stop	60 fd 40	acks=000
1558	768255753	769001918	stop	60 18 00 7f 00 00 00 00 00 00 00 00 00 00 00 00 7f 00 00 00 7f 00 00 00 7f 00 00 00 00 00 00 00 00 00 00 7f 00 00 00 00 7f 00 7f 00 00 00 7f 7f 00 00 00 00 7f 7f 7f 7f 00 00 7f 7f 00 00 00 00 00 00 00 00 00 7f 00 00 00 00 00 7f 00 00 00 7f 00 00 00 00 00 00 00 00 00 00 00 7f 00 00 7f 7f 7f 00 7f 00 00 00 00 00 00 00 7f 00 00 00 7f 00 00 00 00 00 00 00 00 00 00 00 00 00 00 00 7f 7f 7f 7f 7f 7f 00 00	acks=00000000000000000000000000000000000000000000000000000000000000000000000000000000000000000000000000000000000000000000000000000000000000
1559	770014185	770031881	stop	60 fd 40	acks=000
1560	770034445	770780596	stop	60 18 00 7f 7f 7f 00 7f 7f 00 00 00 00 00 00 00 7f 00 00 00 7f 00 00 00 7f 00 00 00 00 00 00 00 00 00 00 00 00 00 00 00 7f 7f 7f 00 00 00 00 7f 00 00 00 00 7f 00 7f 7f 00 00 7f 00 00 7f 00 00 00 7f 00 00 00 00 00 00 00 7f 00 7f 00 00 00 00 00 00 7f 00 00 00 00 00 00 00 00 7f 7f 00 7f 7f 7f 00 7f 00 00 00 00 00 00 00 00 00 00 00 7f 00 00 00 00 00 7f 00 00 00 00 7f 00 00 00 00 7f 7f 7f 7f 7f 7f 00 00	acks=00000000000000000000000000000000000000000000000000000000000000000000000000000000000000000000000000000000000000000000000000000000000000
1561	770787804	770805499	stop	60 fd 40	acks=000
1562	770808064	771554001	stop	60 18 00 7f 7f 7f 00 7f 7f 00 00 00 00 00 00 00 7f 00 00 00 7f 00 00 00 7f 00 00 00 00 00 00 00 00 00 00 00 00 00 00 00 7f 7f 00 00 00 00 00 7f 00 00 00 00 7f 00 7f 00 00 00 00 00 00 7f 00 00 00 7f 00 00 00 00 00 00 00 7f 00 7f 00 00 00 00 00 00 7f 7f 00 00 00 00 00 00 00 7f 7f 00 7f 7f 7f 00 7f 00 00 00 00 00 00 00 00 00 00 00 00 00 00 00 00 00 7f 00 00 00 00 7f 00 00 00 00 00 7f 7f 00 00 7f 00 00	acks=00000000000000000000000000000000000000000000000000000000000000000000000000000000000000000000000000000000000000000000000000000000000000
1563	771561042	771578737	stop	60 fd 40	acks=000
1564	771581301	772327130	stop	60 18 00 00 7f 7f 00 7f 7f 00 00 00 00 00 00 00 7f 00 00 00 7f 00 00 00 00 00 00 00 00 00 00 00 00 00 00 00 00 00 00 00 7f 7f 00 00 00 00 00 7f 00 00 00 00 7f 00 00 00 00 00 00 00 00 7f 00 00 00 7f 00 00 00 00 00 00 7f 7f 00 7f 00 00 00 00 00 00 7f 7f 00 00 00 00 00 00 00 7f 7f 00 7f 00 7f 00 00 00 00 00 00 00 00 00 00 7f 00 00 00 00 7f 00 00 00 7f 7f 00 00 7f 7f 00 7f 7f 00 00 00 7f 00 00 00 00 00	acks=00000000000000000000000000000000000000000000000000000000000000000000000000000000000000000000000000000000000000000000000000000000000000
1565	773338851	773356557	stop	60 fd 40	acks=000
1566	773359121	774105180	stop	60 18 00 00 00 00 00 00 00 00 00 00 00 00 00 00 7f 00 00 7f 7f 00 00 00 00 00 00 00 00 00 00 7f 00 00 00 00 00 00 7f 00 00 00 00 00 00 00 00 7f 00 00 7f 00 7f 00 00 00 00 00 00 00 00 00 7f 00 00 00 00 00 00 00 00 00 7f 00 00 7f 00 7f 00 00 00 00 00 7f 00 00 00 00 00 00 00 7f 7f 7f 00 00 7f 00 00 00 00 00 00 7f 00 7f 00 7f 00 7f 00 00 7f 00 00 7f 00 7f 00 7f 7f 00 00 7f 7f 00 00 00 7f 00 00 00 00 00	acks=00000000000000000000000000000000000000000000000000000000000000000000000000000000000000000000000000000000000000000000000000000000000000
1567	774112387	774130082	stop	60 fd 40	acks=000
1568	774132646	774878746	stop	60 18 00 00 00 00 00 00 00 00 00 00 00 00 00 00 7f 00 00 7f 00 00 00 00 00 00 00 00 00 00 00 7f 00 00 00 00 00 00 7f 00 00 00 00 00 00 00 00 7f 7f 00 7f 00 7f 00 00 00 00 00 00 00 00 00 7f 00 00 00 00 00 00 00 00 00 7f 00 00 7f 00 7f 00 00 00 00 00 7f 00 00 00 00 00 00 00 7f 7f 7f 00 00 7f 00 00 00 00 00 00 7f 00 7f 00 7f 00 7f 00 00 7f 00 00 7f 00 7f 00 7f 7f 00 00 7f 7f 00 00 00 7f 00 00 00 00 00	acks=00000000000000000000000000000000000000000000000000000000000000000000000000000000000000000000000000000000000000000000000000000000000000
1569	774885791	774903995	stop	60 fd 40	acks=000
1570	774906582	775644849	stop	60 18 7f 00 00 00 00 00 00 00 00 00 00 7f 00 00 00 00 00 7f 00 00 7f 00 00 00 00 00 00 00 00 7f 00 00 00 00 00 00 7f 00 00 00 00 00 00 00 00 7f 7f 00 7f 7f 7f 00 00 00 00 00 00 00 00 00 7f 00 00 00 7f 00 00 00 00 00 00 00 00 7f 7f 7f 00 00 00 00 00 7f 00 00 00 00 00 00 00 7f 7f 7f 00 00 7f 00 7f 7f 00 00 00 7f 00 7f 00 00 00 7f 00 00 00 00 00 7f 00 7f 00 7f 00 00 00 00 00 00 00 7f 00 00 00 00 00 00	acks=00000000000000000000000000000000000000000000000000000000000000000000000000000000000000000000000000000000000000000000000000000000000000
1571	776657489	776675192	stop	60 fd 40	acks=000
1572	776677756	777423763	stop	60 18 7f 00 00 00 00 00 00 00 00 00 00 7f 00 00 00 00 00 00 00 00 7f 00 00 00 00 00 7f 00 00 7f 7f 00 00 00 00 00 00 00 00 00 00 00 7f 00 00 7f 7f 7f 00 7f 7f 7f 00 00 00 00 00 00 00 00 00 00 00 00 7f 00 00 00 00 00 00 00 00 7f 7f 00 00 00 00 00 00 7f 00 00 00 00 7f 00 00 7f 7f 00 00 00 7f 00 7f 7f 00 00 00 00 00 00 00 00 00 00 00 00 00 00 00 00 00 7f 7f 00 00 00 00 00 00 00 00 7f 00 00 00 00 00 00	acks=00000000000000000000000000000000000000000000000000000000000000000000000000000000000000000000000000000000000000000000000000000000000000
1573	777430977	777448674	stop	60 fd 40	acks=000
1574	777451239	778197559	stop	60 18 7f 00 00 00 00 00 00 00 00 00 00 7f 00 00 00 00 00 00 00 00 7f 00 00 00 00 7f 7f 00 00 7f 7f 00 00 00 00 00 00 00 00 00 00 00 7f 00 00 00 7f 7f 00 7f 7f 7f 00 00 00 00 00 00 00 00 00 00 00 00 7f 00 00 00 00 00 00 00 00 7f 7f 00 00 00 00 00 00 7f 00 00 00 00 7f 00 00 00 7f 00 00 00 7f 00 7f 7f 00 00 00 00 00 00 00 00 00 00 00 00 00 00 00 00 00 7f 7f 00 00 00 00 00 00 00 00 7f 00 00 00 00 00 00	acks=00000000000000000000000000000000000000000000000000000000000000000000000000000000000000000000000000000000000000000000000000000000000000
1575	778204606	778222317	stop	60 fd 40	acks=000
1576	778224883	778971213	stop	60 18 00 00 00 00 00 00 00 7f 7f 00 00 00 00 00 00 00 00 00 00 00 00 00 00 7f 00 7f 7f 00 00 7f 7f 00 00 00 00 00 00 00 00 00 00 00 7f 00 00 00 7f 7f 00 00 7f 7f 7f 00 00 7f 00 00 00 00 00 00 00 00 7f 00 7f 00 00 00 7f 00 00 7f 00 00 00 00 00 00 00 7f 00 00 00 00 7f 00 00 00 7f 00 00 00 7f 00 00 00 00 00 00 00 00 00 00 7f 00 00 00 00 00 7f 00 00 00 00 7f 00 00 00 00 00 00 00 00 00 7f 00 00 00 00 00	acks=00000000000000000000000000000000000000000000000000000000000000000000000000000000000000000000000000000000000000000000000000000000000000
1577	779983730	780001437	stop	60 fd 40	acks=000
1578	780004001	780740373	stop	60 18 00 00 00 00 00 00 00 7f 7f 00 00 00 00 00 00 00 7f 00 00 00 00 00 00 7f 00 7f 00 00 00 7f 00 00 00 7f 00 00 00 00 00 00 00 00 00 00 7f 00 7f 00 00 00 7f 7f 7f 00 00 7f 00 7f 00 00 00 00 00 00 7f 00 7f 00 00 00 7f 00 00 7f 00 00 00 7f 00 00 00 7f 00 00 00 00 00 00 00 00 7f 00 7f 00 00 00 00 00 00 00 00 00 00 00 7f 7f 00 00 00 00 00 7f 00 00 00 00 00 00 00 00 00 00 00 00 00 00 7f 00 00 00 00 00	acks=00000000000000000000000000000000000000000000000000000000000000000000000000000000000000000000000000000000000000000000000000000000000000
1579	780747641	780765337	stop	60 fd 40	acks=000
1580	780767902	781513981	stop	60 18 00 00 00 00 00 00 00 7f 7f 00 00 00 00 00 00 00 7f 00 00 00 00 00 00 7f 00 7f 00 00 00 7f 00 00 00 7f 00 00 00 00 00 00 00 00 00 00 7f 00 7f 00 00 00 00 7f 7f 7f 00 7f 00 7f 00 00 00 00 00 00 7f 00 7f 00 00 00 7f 00 00 7f 00 00 00 7f 00 00 00 7f 00 00 00 00 00 00 00 00 7f 00 7f 00 00 00 00 00 00 00 00 00 00 00 7f 7f 00 00 00 00 00 7f 00 00 00 00 00 00 00 00 00 00 00 00 00 00 7f 00 00 00 00 00	acks=00000000000000000000000000000000000000000000000000000000000000000000000000000000000000000000000000000000000000000000000000000000000000
1581	781521029	781538736	stop	60 fd 40	acks=000
1582	781541302	782287334	stop	60 18 00 7f 00 00 7f 00 00 00 00 7f 00 00 7f 00 7f 00 7f 00 00 7f 00 00 7f 00 00 7f 00 00 00 7f 00 00 00 7f 00 00 00 00 00 00 00 00 00 00 7f 00 7f 00 00 7f 00 7f 00 7f 00 7f 00 7f 00 00 00 00 00 00 00 00 00 00 00 00 00 00 00 7f 7f 00 00 7f 00 00 00 7f 00 00 00 00 00 00 7f 00 7f 00 7f 7f 00 00 7f 00 00 7f 00 00 00 00 7f 00 00 00 00 00 00 00 00 00 00 7f 00 00 00 00 00 00 00 00 00 7f 7f 00 00 7f 00 00	acks=00000000000000000000000000000000000000000000000000000000000000000000000000000000000000000000000000000000000000000000000000000000000000
1583	783299302	783317009	stop	60 fd 40	acks=000
1584	783319573	784065536	stop	60 18 00 7f 7f 7f 7f 00 7f 00 00 7f 00 00 7f 00 7f 00 00 00 00 7f 00 00 7f 00 00 7f 00 00 00 7f 00 00 00 00 00 00 00 00 00 00 00 00 00 00 00 00 7f 00 00 7f 00 7f 00 7f 00 7f 00 00 00 7f 00 00 00 7f 00 00 00 7f 00 00 00 00 00 00 7f 00 00 00 00 00 00 7f 00 00 00 00 00 00 7f 00 7f 00 7f 7f 00 00 7f 00 00 7f 00 00 00 00 00 00 00 00 00 00 00 00 00 00 7f 7f 00 00 00 00 00 00 00 00 00 7f 7f 00 00 7f 00 00	acks=00000000000000000000000000000000000000000000000000000000000000000000000000000000000000000000000000000000000000000000000000000000000000
1585	784072746	784090432	stop	60 fd 40	acks=000
1586	784092997	784838601	stop	60 18 00 7f 7f 7f 7f 00 7f 00 00 7f 00 00 7f 00 7f 00 00 00 00 7f 00 00 7f 00 00 7f 00 00 00 7f 00 7f 00 00 7f 00 00 00 00 00 00 00 00 00 00 7f 7f 00 00 7f 00 7f 00 7f 00 7f 00 00 00 7f 00 00 00 7f 00 00 00 7f 00 00 00 00 00 00 7f 00 00 00 7f 00 00 00 7f 00 7f 7f 00 00 7f 00 7f 00 7f 7f 00 00 7f 00 00 7f 00 00 00 00 00 00 00 00 00 00 00 00 00 00 7f 7f 00 00 00 00 00 00 00 00 00 7f 7f 00 00 7f 00 00	acks=00000000000000000000000000000000000000000000000000000000000000000000000000000000000000000000000000000000000000000000000000000000000000
1587	784845640	784863332	stop	60 fd 40	acks=000
1588	784865897	785601858	stop	60 18 00 00 7f 7f 7f 00 7f 00 7f 00 00 00 00 00 00 00 00 00 00 00 00 00 00 00 00 7f 00 00 00 7f 00 7f 00 00 7f 00 00 00 00 00 00 00 00 00 00 7f 7f 00 00 00 00 7f 7f 7f 00 00 00 00 00 7f 00 00 00 7f 7f 00 00 7f 00 00 7f 00 00 00 00 00 00 00 7f 00 00 00 7f 00 7f 7f 00 00 00 00 7f 00 7f 00 00 00 00 00 00 00 00 00 00 00 00 7f 00 00 00 00 7f 00 00 00 7f 7f 00 00 7f 00 00 7f 7f 00 00 00 00 00 00 00 00 00	acks=00000000000000000000000000000000000000000000000000000000000000000000000000000000000000000000000000000000000000000000000000000000000000
1589	786617942	786635638	stop	60 fd 40	acks=000
1590	786638200	787383978	stop	60 18 00 00 00 00 7f 00 00 00 7f 00 00 00 00 00 00 00 00 7f 00 00 00 00 00 00 00 7f 00 00 00 7f 00 7f 00 00 7f 00 7f 00 7f 00 00 00 00 00 00 7f 7f 00 7f 00 00 7f 7f 7f 00 00 00 00 00 00 00 00 00 00 7f 00 00 00 00 00 7f 00 00 00 00 00 00 00 7f 00 00 00 7f 00 7f 7f 00 00 00 00 00 7f 7f 00 00 00 00 00 00 00 00 00 00 7f 00 7f 00 7f 00 00 7f 00 00 00 7f 7f 00 00 7f 00 00 7f 7f 00 00 00 00 00 00 00 00 00	acks=00000000000000000000000000000000000000000000000000000000000000000000000000000000000000000000000000000000000000000000000000000000000000
1591	787391181	787408872	stop	60 fd 40	acks=000
1592	787411436	788157194	stop	60 18 00 00 00 00 7f 00 00 00 7f 00 00 00 00 7f 00 00 00 7f 00 00 00 00 00 00 00 7f 00 00 00 7f 00 00 00 00 00 00 7f 00 7f 00 00 00 00 00 00 00 00 00 7f 00 7f 7f 7f 7f 00 00 00 00 00 00 00 7f 00 00 7f 00 00 00 00 00 7f 00 7f 00 00 00 00 00 00 00 00 00 7f 00 00 00 00 00 00 00 00 7f 7f 00 00 7f 00 00 00 00 00 00 00 7f 00 7f 7f 7f 00 00 7f 00 7f 00 7f 7f 00 00 7f 00 00 7f 7f 00 00 00 00 00 00 00 00 00	acks=00000000000000000000000000000000000000000000000000000000000000000000000000000000000000000000000000000000000000000000000000000000000000
1593	788164239	788181936	stop	60 fd 40	acks=000
1594	788184500	788930488	stop	60 18 7f 7f 00 00 00 00 00 00 00 00 00 7f 00 7f 7f 00 00 7f 00 00 7f 00 7f 00 00 7f 00 00 00 7f 00 00 00 00 00 00 7f 00 7f 00 00 00 00 00 00 00 00 00 7f 7f 7f 7f 00 7f 00 7f 00 00 00 00 00 7f 00 00 7f 00 00 00 00 00 00 00 7f 00 7f 00 00 00 00 00 00 00 7f 00 00 00 00 00 00 00 00 7f 7f 00 00 7f 7f 7f 00 7f 00 00 00 7f 00 00 7f 7f 00 00 00 00 7f 00 7f 00 00 00 00 00 00 00 00 00 00 7f 7f 00 00 7f 00 00	acks=00000000000000000000000000000000000000000000000000000000000000000000000000000000000000000000000000000000000000000000000000000000000000
1595	789942644	789960339	stop	60 fd 40	acks=000
1596	789962902	790701179	stop	60 18 7f 7f 00 00 00 00 00 00 00 00 00 7f 00 7f 7f 00 00 00 00 00 7f 00 7f 00 00 7f 00 00 00 00 00 00 00 00 00 00 7f 00 00 00 00 00 00 00 00 00 00 7f 00 7f 7f 7f 00 7f 00 7f 00 00 00 00 00 7f 00 00 7f 00 00 00 00 00 00 00 7f 00 7f 00 00 00 00 00 00 00 7f 00 00 00 00 00 00 00 00 00 7f 00 00 7f 7f 7f 00 7f 00 00 00 00 00 00 7f 00 00 00 00 00 7f 00 7f 00 00 00 00 00 00 00 00 00 00 7f 7f 00 00 7f 00 00	acks=00000000000000000000000000000000000000000000000000000000000000000000000000000000000000000000000000000000000000000000000000000000000000
1597	790708447	790726139	stop	60 fd 40	acks=000
1598	790728702	791474653	stop	60 18 7f 7f 00 00 00 00 00 00 00 00 00 7f 00 00 7f 00 00 00 00 00 7f 00 7f 00 00 00 00 00 00 00 00 00 00 00 00 00 7f 00 00 00 00 00 00 00 00 7f 00 7f 00 7f 00 7f 00 7f 00 7f 00 00 7f 00 00 7f 7f 00 7f 00 00 00 00 7f 00 00 00 00 7f 00 00 00 00 00 00 7f 00 7f 00 7f 00 00 00 00 00 00 7f 00 00 00 7f 7f 00 7f 00 00 7f 00 00 00 00 00 00 00 00 00 00 00 7f 00 00 00 00 00 00 00 00 7f 00 7f 7f 00 00 7f 00 00	acks=00000000000000000000000000000000000000000000000000000000000000000000000000000000000000000000000000000000000000000000000000000000000000
1599	791481696	791499397	stop	60 fd 40	acks=000
1600	791501961	792248021	stop	60 18 00 00 00 00 7f 00 00 7f 7f 00 00 00 00 00 00 00 00 00 00 00 00 00 7f 7f 00 00 00 00 00 00 00 00 00 00 00 00 7f 00 00 00 00 00 00 00 00 7f 00 7f 00 00 00 7f 7f 7f 00 7f 00 00 7f 00 00 7f 7f 00 00 00 7f 00 00 7f 7f 00 00 00 00 00 00 00 00 00 00 7f 00 7f 00 7f 00 00 00 00 00 00 7f 7f 00 00 00 00 00 00 00 00 7f 00 00 7f 00 00 00 00 7f 7f 00 00 7f 7f 00 00 00 00 00 7f 7f 7f 00 00 00 00 00 00 00 00	acks=00000000000000000000000000000000000000000000000000000000000000000000000000000000000000000000000000000000000000000000000000000000000000
1601	793259759	793277468	stop	60 fd 40	acks=000
1602	793280033	794026152	stop	60 18 00 00 00 00 7f 00 00 7f 7f 00 00 00 00 00 00 00 00 00 00 00 00 00 7f 7f 00 00 00 00 00 00 00 00 00 00 00 00 7f 00 00 00 00 00 00 00 7f 7f 00 7f 00 00 00 00 7f 7f 00 7f 00 00 7f 00 00 7f 7f 00 00 00 7f 00 00 7f 7f 00 00 00 00 00 00 00 00 00 00 7f 00 7f 00 7f 00 00 00 00 00 00 7f 7f 00 00 00 00 00 00 00 00 7f 00 00 7f 00 00 00 00 7f 7f 00 00 7f 7f 00 00 00 00 00 7f 7f 7f 00 00 00 00 00 00 00 00	acks=00000000000000000000000000000000000000000000000000000000000000000000000000000000000000000000000000000000000000000000000000000000000000
1603	794033361	794051055	stop	60 fd 40	acks=000
1604	794053620	794799287	stop	60 18 00 00 00 00 7f 00 00 7f 7f 00 00 00 00 00 00 00 00 00 00 00 00 00 7f 7f 7f 00 00 7f 00 00 00 00 00 00 00 00 7f 7f 00 00 7f 7f 00 00 7f 00 7f 7f 00 00 7f 00 7f 00 00 7f 00 00 7f 00 00 00 00 00 00 00 7f 00 00 00 7f 00 00 00 00 00 00 00 00 7f 00 00 7f 00 00 00 00 00 00 00 00 00 7f 7f 00 00 00 00 00 00 00 00 00 00 00 7f 7f 00 00 00 7f 7f 00 00 7f 7f 00 00 00 00 00 7f 7f 00 00 00 00 00 00 00 00 00	acks=00000000000000000000000000000000000000000000000000000000000000000000000000000000000000000000000000000000000000000000000000000000000000
1605	794806324	794824009	stop	60 fd 40	acks=000
1606	794826572	795572687	stop	60 18 7f 00 00 00 7f 00 00 00 00 7f 00 7f 7f 00 7f 00 00 00 00 7f 7f 00 7f 00 7f 00 00 7f 00 00 00 00 00 00 00 00 7f 7f 00 00 7f 7f 00 00 7f 00 7f 7f 00 7f 7f 00 00 00 00 00 00 00 7f 00 00 00 00 00 7f 00 00 00 00 00 00 00 00 00 7f 00 00 00 00 7f 00 00 7f 00 00 00 00 00 7f 00 00 00 7f 7f 00 00 00 00 00 7f 00 00 00 00 00 00 7f 00 00 00 7f 00 00 00 7f 00 00 00 7f 00 00 00 00 00 00 00 00 00 00 00 00 00	acks=00000000000000000000000000000000000000000000000000000000000000000000000000000000000000000000000000000000000000000000000000000000000000
1607	796584547	796602242	stop	60 fd 40	acks=000
1608	796604806	797350899	stop	60 18 7f 00 00 7f 7f 00 00 00 00 7f 00 7f 7f 00 7f 00 00 00 00 7f 7f 00 7f 00 7f 00 00 7f 00 00 00 00 00 00 00 00 7f 7f 00 00 7f 7f 00 00 7f 00 7f 7f 00 7f 7f 00 00 00 00 00 00 00 7f 00 00 00 00 00 7f 00 00 00 00 00 00 00 00 00 7f 00 00 00 00 7f 00 00 7f 00 00 00 00 00 7f 00 00 00 00 7f 00 00 00 00 00 7f 00 00 00 00 00 00 7f 00 00 00 7f 00 00 00 00 00 00 00 7f 00 00 00 00 00 00 00 00 00 00 00 00 00	acks=00000000000000000000000000000000000000000000000000000000000000000000000000000000000000000000000000000000000000000000000000000000000000
1609	797358110	797375811	stop	60 fd 40	acks=000
1610	797378376	798124366	stop	60 18 7f 00 00 7f 7f 00 00 00 00 7f 00 7f 7f 00 7f 7f 00 00 7f 7f 7f 00 7f 00 00 7f 00 00 7f 00 00 7f 00 00 7f 7f 7f 7f 00 00 00 00 00 00 7f 7f 00 7f 00 7f 00 00 00 00 00 00 00 00 00 00 00 7f 00 00 7f 00 00 00 7f 00 00 00 00 00 7f 00 00 00 7f 00 00 7f 7f 00 7f 7f 00 00 7f 00 00 00 00 7f 00 00 00 00 00 7f 7f 00 7f 00 00 00 00 00 00 00 7f 00 00 00 00 00 00 00 7f 00 00 00 00 00 00 00 00 00 00 00 00 00	acks=00000000000000000000000000000000000000000000000000000000000000000000000000000000000000000000000000000000000000000000000000000000000000
1611	798131407	798149099	stop	60 fd 40	acks=000
1612	798151663	798897256	stop	60 18 00 00 00 7f 00 00 00 00 7f 00 00 00 00 00 00 7f 00 00 7f 00 7f 00 7f 7f 00 7f 00 00 7f 00 00 7f 00 00 7f 7f 7f 7f 00 00 00 00 00 00 7f 7f 00 7f 00 00 00 00 7f 00 00 7f 00 00 00 00 00 7f 00 00 00 00 7f 00 7f 00 00 00 00 00 00 00 00 00 7f 00 00 7f 7f 00 7f 7f 00 00 00 00 00 00 00 7f 00 00 00 7f 00 00 7f 00 7f 00 00 00 00 00 00 00 7f 7f 00 00 00 00 00 00 7f 00 00 00 00 00 00 00 00 00 00 00 00 00	acks=00000000000000000000000000000000000000000000000000000000000000000000000000000000000000000000000000000000000000000000000000000000000000
1613	799909201	799926889	stop	60 fd 40	acks=000
1614	799929451	800675287	stop	60 18 00 00 00 7f 00 00 00 00 7f 00 00 00 00 00 00 7f 00 00 7f 00 7f 00 7f 7f 00 7f 00 00 7f 00 00 7f 00 00 7f 7f 00 7f 00 00 00 00 00 00 7f 7f 00 7f 00 00 00 00 7f 00 00 7f 00 00 00 00 00 7f 00 00 00 00 7f 00 7f 00 00 00 00 00 00 00 00 00 7f 00 00 7f 7f 00 7f 7f 00 00 00 00 00 00 00 7f 00 00 00 7f 00 00 7f 00 7f 00 00 00 00 7f 00 00 7f 7f 00 00 00 00 00 00 7f 00 00 00 00 00 00 00 00 00 00 00 00 00	acks=00000000000000000000000000000000000000000000000000000000000000000000000000000000000000000000000000000000000000000000000000000000000000
1615	800682494	800700183	stop	60 fd 40	acks=000
1616	800702747	801441997	stop	60 18 00 00 00 7f 00 00 00 00 7f 00 00 00 00 7f 00 7f 00 00 00 00 7f 00 7f 7f 00 00 00 00 00 00 00 00 00 00 00 00 00 00 00 00 00 7f 00 00 7f 00 7f 7f 00 00 7f 00 7f 7f 00 7f 7f 00 7f 00 00 7f 00 00 00 00 7f 00 00 00 00 00 7f 00 00 00 00 00 00 00 00 00 00 00 00 00 00 00 00 7f 00 00 00 7f 00 7f 00 7f 00 00 00 00 00 00 00 00 7f 7f 7f 00 7f 7f 7f 00 00 00 00 00 7f 00 00 00 00 00 7f 00 00 7f 7f 00 00 00	acks=00000000000000000000000000000000000000000000000000000000000000000000000000000000000000000000000000000000000000000000000000000000000000
1617	801449100	801466793	stop	60 fd 40	acks=000
1618	801469356	802214974	stop	60 18 00 7f 00 7f 7f 00 00 7f 00 7f 00 00 7f 7f 7f 7f 00 00 00 7f 7f 00 7f 00 00 00 00 00 00 00 00 00 00 00 00 00 00 00 00 00 00 7f 00 00 7f 00 7f 7f 00 00 7f 00 00 7f 00 00 7f 00 7f 00 00 7f 00 00 00 00 00 00 00 00 00 00 7f 00 00 00 00 00 00 00 00 00 00 00 00 00 00 00 00 7f 00 00 00 00 00 7f 7f 7f 00 7f 00 00 00 00 00 00 7f 7f 7f 00 7f 7f 7f 00 00 00 00 00 7f 00 00 00 00 00 7f 7f 7f 7f 7f 7f 00 00	acks=00000000000000000000000000000000000000000000000000000000000000000000000000000000000000000000000000000000000000000000000000000000000000
1619	803226309	803244006	stop	60 fd 40	acks=000
1620	803246569	803992503	stop	60 18 00 7f 00 7f 7f 7f 00 7f 00 7f 00 00 7f 7f 7f 7f 00 00 00 7f 7f 00 7f 00 00 00 00 00 00 00 00 00 00 00 00 00 00 00 00 7f 00 7f 00 00 7f 00 7f 00 00 00 7f 00 00 7f 00 00 7f 00 7f 00 00 7f 00 00 00 00 00 00 00 00 00 7f 7f 00 00 00 00 00 00 00 7f 00 00 00 00 00 00 00 00 7f 00 00 00 00 7f 7f 7f 7f 00 7f 00 00 00 00 00 00 7f 7f 7f 00 7f 7f 7f 00 7f 00 00 00 7f 7f 00 00 00 00 7f 7f 7f 7f 7f 7f 00 00	acks=00000000000000000000000000000000000000000000000000000000000000000000000000000000000000000000000000000000000000000000000000000000000000
1621	803999704	804017381	stop	60 fd 40	acks=000
1622	804019944	804765889	stop	60 18 00 7f 00 7f 7f 7f 00 7f 00 7f 00 00 7f 00 7f 00 00 00 00 7f 7f 00 7f 00 00 7f 00 00 00 00 00 7f 00 00 7f 00 00 7f 00 7f 00 00 00 00 7f 7f 00 00 00 00 00 00 00 00 00 00 7f 00 7f 00 00 00 7f 00 00 00 00 00 00 7f 00 7f 00 00 00 00 00 00 7f 00 7f 7f 7f 7f 00 7f 00 00 00 00 00 00 00 00 7f 00 7f 7f 00 7f 7f 00 7f 00 00 00 00 7f 00 00 7f 7f 00 00 7f 00 00 00 7f 7f 00 00 00 7f 00 7f 7f 00 00 7f 00 00	acks=00000000000000000000000000000000000000000000000000000000000000000000000000000000000000000000000000000000000000000000000000000000000000
1623	804772932	804790632	stop	60 fd 40	acks=000
1624	804793197	805538850	stop	60 18 00 00 00 7f 00 7f 00 7f 00 00 00 00 00 00 00 00 00 00 00 7f 7f 00 00 00 00 7f 00 00 00 00 00 7f 00 00 7f 00 00 7f 00 7f 00 00 00 00 7f 7f 00 00 00 00 00 00 00 00 00 00 7f 00 7f 00 00 00 7f 00 00 00 00 00 00 7f 7f 7f 00 00 00 00 00 00 7f 00 7f 7f 7f 7f 00 7f 00 00 7f 00 00 00 00 00 7f 00 00 7f 00 00 7f 00 7f 00 00 7f 00 7f 00 00 7f 7f 00 00 7f 7f 00 00 00 7f 00 7f 7f 7f 00 00 00 00 00 00 00 00	acks=00000000000000000000000000000000000000000000000000000000000000000000000000000000000000000000000000000000000000000000000000000000000000
1625	806551101	806568789	stop	60 fd 40	acks=000
1626	806571353	807316926	stop	60 18 00 00 00 7f 00 00 00 7f 00 00 00 00 00 00 00 00 00 00 00 7f 7f 00 00 00 00 7f 00 00 00 00 00 7f 00 00 7f 00 7f 7f 00 00 00 00 00 00 00 7f 00 00 00 00 00 00 00 00 00 00 7f 00 7f 00 7f 00 7f 00 00 00 00 00 00 7f 7f 7f 00 7f 00 7f 00 00 7f 00 00 7f 7f 7f 00 7f 00 00 7f 00 00 00 00 00 00 00 00 7f 00 00 7f 7f 7f 00 00 7f 00 7f 00 00 7f 7f 00 7f 00 7f 00 7f 00 00 00 7f 7f 7f 00 00 00 00 00 00 00 00	acks=00000000000000000000000000000000000000000000000000000000000000000000000000000000000000000000000000000000000000000000000000000000000000
1627	807324129	807341808	stop	60 fd 40	acks=000
1628	807344371	808089885	stop	60 18 00 00 00 7f 00 00 00 7f 00 00 00 00 00 7f 00 7f 00 00 00 7f 7f 00 00 00 7f 00 00 7f 00 00 00 00 00 00 7f 00 7f 7f 00 00 7f 7f 00 00 00 00 7f 00 00 00 7f 00 00 7f 00 00 00 00 00 00 7f 7f 00 00 00 00 00 00 00 00 7f 7f 7f 7f 00 7f 00 00 00 7f 00 00 00 00 7f 00 00 00 7f 00 00 00 00 00 00 00 00 7f 00 00 00 7f 00 00 00 7f 7f 7f 7f 00 7f 7f 7f 7f 00 7f 00 7f 00 00 00 7f 7f 00 00 00 00 00 00 00 00 00	acks=00000000000000000000000000000000000000000000000000000000000000000000000000000000000000000000000000000000000000000000000000000000000000
1629	808096921	808114605	stop	60 fd 40	acks=000
1630	808117169	808862695	stop	60 18 7f 00 00 7f 00 00 00 7f 00 00 00 7f 00 7f 00 7f 00 00 00 7f 7f 00 00 00 7f 00 00 7f 00 00 00 00 00 00 7f 00 7f 7f 00 00 7f 7f 00 00 00 00 7f 00 00 7f 7f 00 00 7f 00 00 00 00 00 00 7f 7f 00 00 7f 00 00 00 00 00 00 7f 7f 7f 7f 7f 00 00 00 7f 00 00 00 00 7f 00 00 00 7f 00 00 00 00 7f 00 00 00 00 00 00 00 7f 00 00 00 00 7f 7f 7f 00 00 7f 7f 7f 00 00 00 7f 00 00 00 00 00 00 00 00 00 00 00 00 00 00	acks=00000000000000000000000000000000000000000000000000000000000000000000000000000000000000000000000000000000000000000000000000000000000000
1631	809874233	809891924	stop	60 fd 40	acks=000
1632	809894487	810640134	stop	60 18 7f 00 00 00 00 00 00 7f 00 00 00 7f 00 7f 00 7f 00 00 00 7f 7f 00 00 00 7f 00 7f 7f 00 00 7f 00 00 00 7f 00 00 7f 00 00 7f 7f 7f 00 00 00 7f 7f 00 7f 7f 00 00 7f 00 00 00 00 00 00 7f 7f 00 00 7f 00 00 00 00 00 00 00 7f 00 7f 00 00 00 00 7f 00 00 00 00 7f 00 7f 00 7f 00 7f 00 00 7f 00 00 00 00 00 00 00 00 00 00 00 00 7f 7f 7f 00 00 7f 7f 00 7f 00 7f 00 00 7f 00 00 00 00 00 00 00 00 00 00 00 00	acks=00000000000000000000000000000000000000000000000000000000000000000000000000000000000000000000000000000000000000000000000000000000000000
1633	810647336	810665016	stop	60 fd 40	acks=000
1634	810667580	811413283	stop	60 18 7f 00 00 00 00 00 00 7f 00 00 00 7f 00 7f 00 7f 00 00 7f 7f 7f 00 00 00 00 7f 7f 00 7f 00 7f 00 00 00 7f 7f 00 00 00 00 00 00 7f 00 00 00 00 7f 00 7f 00 00 00 00 00 00 7f 00 7f 00 7f 00 00 00 7f 00 00 00 7f 7f 00 00 00 00 7f 00 00 00 00 00 00 7f 00 7f 7f 00 7f 00 7f 00 7f 00 00 7f 00 7f 00 00 00 00 7f 00 7f 00 00 00 00 7f 00 00 00 7f 00 00 7f 00 7f 00 00 7f 00 00 00 7f 00 00 00 00 00 00 00 00	acks=00000000000000000000000000000000000000000000000000000000000000000000000000000000000000000000000000000000000000000000000000000000000000
1635	811420739	811438436	stop	60 fd 40	acks=000
1636	811440971	812176629	stop	60 18 00 00 00 00 00 00 00 00 7f 00 00 00 00 7f 00 7f 00 00 7f 7f 00 00 00 7f 00 7f 7f 00 7f 00 7f 00 00 00 7f 7f 00 00 00 00 00 00 7f 00 00 00 00 7f 00 00 00 00 7f 00 00 7f 7f 00 7f 00 7f 00 00 00 00 00 7f 00 7f 7f 00 00 00 00 00 00 00 00 00 00 00 7f 00 7f 7f 00 7f 00 7f 00 7f 00 00 7f 00 7f 00 00 00 00 7f 00 7f 00 00 00 00 7f 00 00 00 7f 00 00 7f 00 7f 00 7f 7f 00 00 00 7f 00 00 00 00 00 00 00 00	acks=00000000000000000000000000000000000000000000000000000000000000000000000000000000000000000000000000000000000000000000000000000000000000
1637	813188299	813205996	stop	60 fd 40	acks=000
1638	813208560	813954576	stop	60 18 00 00 00 00 00 00 00 00 7f 00 00 00 00 7f 00 7f 7f 00 7f 7f 00 00 00 7f 00 7f 7f 00 7f 7f 00 00 00 7f 7f 7f 7f 00 00 00 00 00 00 00 7f 00 00 00 00 00 00 00 7f 00 00 7f 7f 7f 7f 00 00 00 00 00 00 00 7f 00 7f 7f 00 7f 00 00 00 00 00 7f 00 00 00 7f 00 7f 7f 00 00 00 7f 00 00 00 00 7f 00 7f 00 00 00 00 7f 7f 7f 00 7f 00 00 00 00 00 00 7f 00 00 00 00 00 00 7f 00 00 00 00 7f 00 00 00 00 00 00 00 00	acks=00000000000000000000000000000000000000000000000000000000000000000000000000000000000000000000000000000000000000000000000000000000000000
1639	813961786	813979488	stop	60 fd 40	acks=000
1640	813982054	814727553	stop	60 18 00 00 00 00 00 00 00 00 7f 00 00 00 00 7f 00 00 7f 00 00 7f 00 00 00 7f 7f 00 7f 7f 00 7f 00 00 00 7f 7f 00 7f 7f 00 00 00 7f 00 00 7f 00 7f 00 00 00 00 00 7f 7f 00 7f 7f 7f 00 00 00 00 7f 00 00 00 7f 00 00 7f 00 7f 00 00 00 00 00 7f 00 7f 00 00 00 00 7f 00 00 00 7f 7f 00 00 00 7f 00 7f 00 00 00 00 00 7f 00 00 7f 00 00 00 7f 00 00 7f 00 00 00 00 00 00 7f 00 00 00 00 00 7f 00 00 7f 7f 00 00 00	acks=00000000000000000000000000000000000000000000000000000000000000000000000000000000000000000000000000000000000000000000000000000000000000
1641	814734593	814752281	stop	60 fd 40	acks=000
1642	814754843	815500176	stop	60 18 00 7f 00 00 7f 00 00 00 00 7f 00 00 7f 7f 7f 00 7f 00 00 7f 00 00 7f 00 7f 00 7f 7f 00 7f 00 00 00 7f 7f 00 7f 7f 00 00 00 7f 00 00 7f 00 7f 00 00 00 00 00 00 7f 00 00 7f 7f 00 00 00 00 7f 00 00 00 00 00 00 7f 00 7f 00 00 00 00 00 7f 00 7f 00 00 00 00 7f 00 00 00 00 7f 00 00 00 7f 00 7f 7f 7f 00 7f 00 7f 00 00 7f 00 00 00 7f 00 00 00 00 00 00 00 00 00 7f 00 00 00 00 00 7f 7f 7f 7f 7f 7f 00 00	acks=00000000000000000000000000000000000000000000000000000000000000000000000000000000000000000000000000000000000000000000000000000000000000
1643	816511489	816529181	stop	60 fd 40	acks=000
1644	816531743	817272607	stop	60 18 00 7f 7f 7f 7f 7f 7f 00 00 7f 00 00 7f 7f 7f 00 00 00 00 7f 00 00 7f 00 7f 00 00 7f 00 00 7f 00 00 00 7f 00 00 7f 00 7f 00 7f 00 00 00 00 7f 7f 00 00 00 7f 00 7f 00 00 7f 7f 00 7f 7f 00 7f 7f 00 00 00 7f 00 7f 00 7f 00 00 00 00 00 00 00 7f 7f 00 00 00 7f 00 00 00 00 7f 00 00 00 7f 7f 7f 7f 7f 00 7f 00 00 00 00 00 00 00 00 7f 00 00 00 00 00 7f 00 00 00 7f 7f 00 00 00 00 7f 7f 7f 7f 7f 7f 00 00	acks=00000000000000000000000000000000000000000000000000000000000000000000000000000000000000000000000000000000000000000000000000000000000000
1645	817279875	817297569	stop	60 fd 40	acks=000
1646	817300133	818045615	stop	60 18 00 7f 7f 7f 7f 7f 7f 00 00 7f 00 00 7f 7f 7f 7f 00 00 00 7f 00 00 7f 00 7f 7f 00 00 7f 00 7f 7f 00 00 7f 7f 00 00 00 7f 7f 00 00 00 00 7f 00 7f 00 00 00 7f 00 00 00 00 00 7f 00 7f 7f 00 7f 7f 00 00 00 7f 7f 7f 00 7f 00 00 00 00 00 00 7f 00 7f 00 7f 00 00 7f 00 00 00 00 00 00 00 7f 7f 7f 7f 7f 00 7f 7f 00 00 00 00 00 00 00 00 00 00 00 00 00 7f 00 00 00 7f 7f 00 00 00 00 00 7f 7f 00 00 7f 00 00	acks=00000000000000000000000000000000000000000000000000000000000000000000000000000000000000000000000000000000000000000000000000000000000000
1647	818052659	818070348	stop	60 fd 40	acks=000
1648	818072912	818818257	stop	60 18 00 00 7f 7f 00 7f 7f 7f 00 00 00 00 00 7f 00 7f 00 00 00 00 00 00 00 00 7f 7f 00 00 7f 00 7f 7f 00 00 7f 7f 00 00 00 7f 7f 00 00 00 00 7f 00 7f 00 00 00 7f 00 00 00 00 00 7f 00 7f 7f 00 7f 7f 00 00 00 7f 7f 7f 7f 7f 00 00 00 00 00 00 7f 00 7f 00 7f 00 00 7f 00 00 00 00 00 00 00 7f 7f 7f 00 7f 00 00 7f 00 00 00 00 7f 00 00 00 00 7f 00 00 00 7f 7f 00 00 7f 7f 00 7f 7f 00 00 00 00 00 00 00 00 00	acks=00000000000000000000000000000000000000000000000000000000000000000000000000000000000000000000000000000000000000000000000000000000000000
1649	819830114	819847807	stop	60 fd 40	acks=000
1650	819850371	820596157	stop	60 18 00 00 00 00 00 00 00 7f 00 00 00 00 00 7f 00 7f 00 7f 00 00 00 00 00 00 7f 7f 7f 00 7f 00 00 7f 00 00 7f 7f 7f 00 7f 00 7f 00 00 00 7f 7f 00 00 7f 00 00 00 00 00 00 00 00 00 00 7f 7f 00 7f 00 00 00 00 00 7f 7f 7f 00 00 7f 00 7f 00 00 7f 00 00 00 7f 00 00 7f 00 00 00 00 00 7f 7f 7f 00 7f 00 7f 00 00 7f 7f 00 7f 7f 7f 00 7f 00 00 7f 00 00 7f 00 7f 00 7f 7f 00 00 7f 7f 00 00 00 00 00 00 00 00 00	acks=00000000000000000000000000000000000000000000000000000000000000000000000000000000000000000000000000000000000000000000000000000000000000
1651	820603364	820621049	stop	60 fd 40	acks=000
1652	820623613	821369096	stop	60 18 00 00 00 00 00 00 00 7f 00 00 00 00 00 7f 00 00 00 7f 7f 00 00 00 00 00 7f 00 7f 00 00 00 00 00 00 00 00 7f 7f 00 7f 00 7f 00 00 00 7f 00 00 00 7f 00 7f 00 00 7f 00 00 7f 00 00 7f 7f 7f 7f 00 00 00 00 00 00 7f 7f 00 7f 7f 00 7f 00 00 00 00 00 00 00 00 00 00 00 00 00 00 00 7f 7f 7f 00 00 00 7f 00 00 00 7f 00 7f 7f 7f 7f 7f 7f 00 7f 00 7f 7f 00 7f 00 7f 7f 00 00 7f 7f 00 7f 00 00 7f 7f 00 00 00	acks=00000000000000000000000000000000000000000000000000000000000000000000000000000000000000000000000000000000000000000000000000000000000000
1653	821376137	821393823	stop	60 fd 40	acks=000
1654	821396385	822133305	stop	60 18 7f 00 00 00 00 00 00 7f 00 00 00 7f 00 7f 00 00 00 7f 7f 00 7f 00 00 00 7f 00 7f 00 00 00 00 00 00 00 00 7f 7f 00 7f 00 7f 00 00 00 7f 00 00 00 7f 7f 7f 00 00 7f 00 00 7f 00 00 7f 7f 7f 7f 00 7f 00 00 00 00 7f 00 00 7f 7f 7f 7f 00 00 00 00 00 00 00 00 00 00 00 00 7f 00 00 7f 7f 7f 00 00 00 7f 00 00 00 7f 00 7f 7f 00 7f 7f 7f 00 00 00 7f 7f 00 00 00 7f 7f 00 00 00 00 00 7f 00 00 7f 7f 00 00 00	acks=00000000000000000000000000000000000000000000000000000000000000000000000000000000000000000000000000000000000000000000000000000000000000
1655	823145698	823163387	stop	60 fd 40	acks=000
1656	823165951	823911637	stop	60 18 7f 00 00 7f 00 7f 00 7f 00 00 00 7f 00 7f 00 00 00 00 7f 00 7f 00 00 00 7f 00 7f 00 00 00 7f 00 00 00 00 7f 00 00 00 7f 7f 00 7f 00 00 00 00 7f 7f 7f 7f 00 00 7f 00 00 7f 7f 00 00 00 7f 7f 7f 7f 00 00 00 00 7f 00 7f 7f 00 7f 00 00 00 00 00 7f 00 00 00 00 00 7f 00 7f 00 7f 00 00 7f 00 00 00 7f 00 00 00 00 00 00 00 00 7f 00 7f 00 00 00 7f 00 7f 00 7f 00 7f 7f 00 00 00 00 7f 00 00 7f 7f 00 00 00	acks=00000000000000000000000000000000000000000000000000000000000000000000000000000000000000000000000000000000000000000000000000000000000000
1657	823918844	823936535	stop	60 fd 40	acks=000
1658	823939098	824684796	stop	60 18 7f 00 00 7f 00 7f 00 7f 00 00 00 7f 00 00 00 00 00 00 7f 00 7f 00 00 00 7f 00 7f 00 00 00 7f 00 00 00 00 7f 00 00 00 7f 7f 00 7f 00 00 00 00 7f 7f 7f 00 00 00 00 00 00 00 7f 7f 00 00 00 00 7f 7f 00 00 00 00 7f 00 7f 00 00 7f 00 00 00 00 00 7f 7f 00 7f 7f 00 7f 00 7f 7f 7f 00 00 7f 00 00 00 7f 00 00 00 00 7f 00 00 00 00 00 00 00 00 00 00 00 7f 00 7f 00 7f 7f 00 00 00 7f 7f 00 00 00 00 00 00 00	acks=00000000000000000000000000000000000000000000000000000000000000000000000000000000000000000000000000000000000000000000000000000000000000
1659	824691838	824709527	stop	60 fd 40	acks=000
1660	824712091	825457807	stop	60 18 00 00 00 7f 00 7f 00 7f 7f 00 00 00 00 00 00 00 00 00 7f 00 00 00 00 7f 7f 00 7f 00 00 00 7f 00 00 00 00 7f 00 00 00 7f 7f 00 7f 00 00 00 00 7f 7f 00 00 00 7f 00 00 7f 00 7f 7f 00 00 00 00 7f 00 00 7f 00 00 7f 00 7f 00 00 00 00 00 00 00 00 7f 7f 00 7f 7f 00 7f 00 7f 7f 7f 00 00 00 00 00 00 7f 00 00 00 00 7f 00 00 00 00 00 00 00 00 7f 00 00 7f 00 7f 00 7f 7f 00 00 00 7f 7f 00 00 00 00 00 00 00	acks=00000000000000000000000000000000000000000000000000000000000000000000000000000000000000000000000000000000000000000000000000000000000000
1661	826470419	826488110	stop	60 fd 40	acks=000
1662	826490674	827233782	stop	60 18 00 00 00 00 00 00 00 7f 7f 00 00 00 00 00 00 00 7f 00 7f 00 00 00 00 7f 7f 00 00 00 00 7f 00 00 00 7f 00 7f 7f 00 00 00 7f 00 00 00 7f 00 00 00 00 00 00 00 7f 00 00 7f 00 7f 7f 7f 7f 00 00 00 00 00 7f 00 00 7f 00 00 00 00 00 7f 00 7f 00 00 7f 7f 00 7f 7f 00 00 00 7f 7f 00 00 00 00 7f 00 00 7f 00 00 00 7f 7f 7f 7f 00 00 7f 00 00 00 7f 00 7f 00 00 00 7f 7f 00 00 00 00 7f 7f 00 00 00 00 00 00 00	acks=00000000000000000000000000000000000000000000000000000000000000000000000000000000000000000000000000000000000000000000000000000000000000
1663	827240876	827257389	stop	60 fd 40	acks=000
1664	827259395	828001568	stop	60 18 00 00 00 00 00 00 00 7f 7f 00 00 00 00 00 00 00 7f 00 7f 00 00 00 00 7f 7f 00 00 7f 00 7f 00 00 00 7f 00 7f 7f 7f 00 00 00 7f 00 00 7f 00 7f 00 00 00 00 00 7f 00 00 7f 00 7f 00 7f 7f 00 00 00 00 00 7f 00 00 00 00 00 00 00 00 7f 00 7f 00 7f 7f 00 00 00 7f 00 00 00 7f 7f 00 00 00 00 7f 7f 00 7f 00 00 00 7f 00 7f 7f 00 00 7f 00 00 00 7f 00 7f 00 00 00 7f 7f 00 00 00 00 00 7f 00 00 00 00 00 00 00	acks=00000000000000000000000000000000000000000000000000000000000000000000000000000000000000000000000000000000000000000000000000000000000000
1665	828008675	828026379	stop	60 fd 40	acks=000
1666	828028945	828774834	stop	60 18 00 7f 00 00 7f 00 00 7f 00 7f 00 00 7f 00 7f 00 7f 00 7f 7f 00 00 7f 00 7f 00 00 7f 00 7f 00 00 00 7f 00 7f 7f 7f 00 00 00 7f 00 00 7f 00 7f 00 00 00 00 00 00 00 00 00 00 7f 00 7f 7f 00 00 00 00 00 00 00 00 00 00 00 00 00 00 7f 00 7f 00 7f 7f 00 00 00 7f 00 00 00 7f 7f 00 00 00 7f 7f 7f 7f 7f 00 7f 00 7f 00 7f 7f 00 00 7f 00 00 00 00 00 7f 00 00 00 7f 00 00 00 00 00 00 7f 7f 7f 00 00 7f 00 00	acks=00000000000000000000000000000000000000000000000000000000000000000000000000000000000000000000000000000000000000000000000000000000000000
1667	829787521	829805219	stop	60 fd 40	acks=000
1668	829807783	830553844	stop	60 18 00 7f 7f 7f 7f 00 7f 7f 00 7f 00 00 7f 00 7f 00 00 00 7f 7f 00 00 7f 00 7f 00 7f 7f 00 00 7f 00 00 00 00 7f 00 7f 00 00 00 7f 7f 00 00 00 7f 7f 7f 00 00 7f 00 00 00 00 00 00 00 7f 00 00 00 7f 00 00 00 7f 00 00 00 00 00 7f 00 00 00 00 00 7f 7f 00 00 00 7f 00 7f 00 7f 7f 00 00 00 7f 7f 7f 7f 7f 00 7f 00 00 00 00 00 00 00 00 00 00 00 00 00 7f 00 00 7f 00 00 00 00 00 00 00 7f 7f 7f 00 00 7f 00 00	acks=00000000000000000000000000000000000000000000000000000000000000000000000000000000000000000000000000000000000000000000000000000000000000
1669	830561053	830578751	stop	60 fd 40	acks=000
1670	830581316	831327511	stop	60 18 00 7f 7f 7f 7f 00 7f 7f 00 7f 00 00 7f 00 7f 7f 00 00 00 7f 00 00 7f 00 00 7f 7f 00 7f 00 7f 7f 00 00 7f 7f 00 00 00 00 00 00 7f 00 00 7f 00 7f 7f 00 00 7f 00 00 00 00 00 00 00 7f 00 00 7f 7f 00 00 00 7f 7f 00 00 00 00 7f 00 00 00 00 7f 00 7f 00 7f 00 7f 7f 7f 00 7f 7f 00 00 00 7f 7f 7f 7f 7f 00 7f 7f 00 00 00 00 00 00 00 00 00 00 00 00 7f 00 00 7f 00 00 00 00 00 00 00 7f 7f 7f 00 00 7f 00 00	acks=00000000000000000000000000000000000000000000000000000000000000000000000000000000000000000000000000000000000000000000000000000000000000
1671	831334556	831352253	stop	60 fd 40	acks=000
1672	831354816	832100557	stop	60 18 00 00 7f 7f 00 00 7f 7f 00 00 00 00 00 00 00 7f 00 00 00 00 00 00 00 00 00 7f 7f 00 7f 00 7f 7f 00 00 7f 7f 00 00 00 00 00 00 7f 00 00 7f 00 7f 7f 00 00 7f 00 00 00 00 00 00 00 7f 00 00 7f 7f 00 00 00 7f 7f 00 7f 00 00 7f 00 00 00 00 7f 00 7f 00 7f 00 7f 7f 7f 00 7f 7f 00 00 00 7f 7f 7f 00 00 00 00 7f 00 00 00 00 7f 00 00 00 00 7f 00 00 7f 00 7f 7f 00 7f 00 00 7f 7f 00 7f 7f 00 00 00 00 00 00	acks=00000000000000000000000000000000000000000000000000000000000000000000000000000000000000000000000000000000000000000000000000000000000000
1673	833112321	833130021	stop	60 fd 40	acks=000
1674	833132586	833878782	stop	60 18 00 00 00 00 00 00 00 7f 00 00 00 00 00 00 00 7f 7f 7f 00 00 00 00 00 00 00 7f 00 00 7f 00 00 7f 00 7f 7f 7f 00 00 7f 00 00 00 7f 00 7f 7f 00 00 7f 00 00 00 00 00 00 00 00 7f 00 00 00 00 7f 00 00 00 00 00 7f 00 7f 00 00 7f 00 00 00 7f 7f 00 7f 00 7f 00 7f 7f 00 00 7f 7f 7f 7f 7f 7f 7f 7f 00 00 00 00 7f 00 00 7f 7f 7f 00 7f 00 00 7f 00 00 7f 00 7f 00 00 7f 00 00 7f 7f 00 7f 7f 00 00 00 00 00 00	acks=00000000000000000000000000000000000000000000000000000000000000000000000000000000000000000000000000000000000000000000000000000000000000
1675	833885993	833903689	stop	60 fd 40	acks=000
1676	833906254	834652629	stop	60 18 00 00 00 00 00 00 00 7f 00 00 00 00 00 7f 00 00 7f 7f 00 00 00 00 00 00 00 00 00 00 00 00 00 00 00 7f 00 00 00 00 7f 00 7f 00 7f 00 7f 00 00 00 7f 00 7f 00 00 7f 00 00 7f 7f 00 00 00 7f 7f 00 00 00 00 00 00 00 7f 00 7f 7f 00 00 00 7f 00 00 7f 00 00 00 7f 00 00 00 7f 00 7f 7f 7f 7f 7f 7f 00 00 00 00 00 00 00 7f 7f 7f 7f 7f 7f 00 7f 00 7f 7f 00 7f 00 00 7f 00 00 7f 7f 00 7f 7f 00 7f 7f 00 00 00	acks=00000000000000000000000000000000000000000000000000000000000000000000000000000000000000000000000000000000000000000000000000000000000000
1677	834659675	834677373	stop	60 fd 40	acks=000
1678	834679938	835426125	stop	60 18 7f 00 00 00 00 00 00 00 00 00 00 7f 00 7f 00 00 7f 7f 00 00 7f 00 7f 00 00 00 00 00 00 00 00 00 00 7f 00 00 00 00 7f 00 7f 00 7f 00 7f 00 00 00 7f 7f 7f 00 00 7f 00 00 7f 7f 00 00 00 7f 7f 00 7f 00 00 00 00 00 7f 00 7f 7f 7f 00 00 7f 00 00 7f 00 00 00 7f 00 00 00 7f 00 7f 7f 7f 7f 7f 7f 00 7f 00 00 00 00 00 7f 7f 00 7f 7f 7f 00 00 00 7f 7f 00 00 00 00 7f 00 00 00 00 00 7f 7f 00 7f 7f 00 00 00	acks=00000000000000000000000000000000000000000000000000000000000000000000000000000000000000000000000000000000000000000000000000000000000000
1679	836438511	836456227	stop	60 fd 40	acks=000
1680	836458793	837205068	stop	60 18 7f 00 7f 7f 00 7f 7f 00 00 00 00 7f 00 7f 00 00 00 00 00 00 7f 00 7f 00 00 00 00 00 00 7f 00 00 00 7f 00 00 00 00 00 7f 7f 00 7f 00 00 00 00 00 00 7f 7f 00 00 7f 00 00 7f 00 00 7f 00 7f 7f 7f 7f 00 00 7f 00 00 7f 7f 7f 7f 7f 00 00 00 00 00 7f 00 00 00 7f 00 00 00 7f 00 7f 00 00 7f 00 7f 00 7f 00 00 00 00 00 00 00 00 7f 00 7f 00 00 00 7f 7f 7f 00 00 00 7f 7f 00 00 00 00 7f 7f 00 7f 7f 00 00 00	acks=00000000000000000000000000000000000000000000000000000000000000000000000000000000000000000000000000000000000000000000000000000000000000
1681	837212279	837229983	stop	60 fd 40	acks=000
1682	837232549	837966419	stop	60 18 7f 00 7f 7f 00 7f 7f 00 00 00 00 7f 00 00 00 00 00 00 7f 00 7f 00 7f 00 00 00 00 00 00 7f 00 00 00 7f 00 00 00 00 00 7f 7f 00 7f 00 00 00 00 00 00 7f 00 00 00 00 00 00 00 00 7f 7f 00 00 7f 7f 7f 00 00 7f 00 7f 7f 7f 00 7f 7f 00 00 00 00 00 7f 7f 00 7f 7f 00 00 00 7f 00 7f 00 00 7f 00 7f 00 7f 00 00 00 00 7f 00 00 00 00 00 00 00 00 00 00 7f 7f 00 00 00 7f 7f 00 00 00 7f 00 7f 00 00 00 00 00 00	acks=00000000000000000000000000000000000000000000000000000000000000000000000000000000000000000000000000000000000000000000000000000000000000
1683	837973530	837991236	stop	60 fd 40	acks=000
1684	837993802	838740199	stop	60 18 00 7f 7f 7f 00 7f 7f 7f 7f 00 00 00 00 00 00 00 00 00 7f 00 00 00 00 7f 00 00 00 00 00 7f 00 00 00 7f 00 00 00 00 00 7f 7f 00 7f 00 00 00 00 00 00 7f 00 00 7f 00 00 7f 00 00 7f 7f 00 00 7f 7f 00 00 7f 7f 00 7f 7f 7f 00 7f 00 00 00 00 00 00 7f 7f 00 7f 7f 00 00 00 00 00 7f 00 00 7f 00 7f 00 7f 00 00 00 00 7f 00 00 00 00 00 00 00 7f 7f 00 7f 7f 00 00 00 7f 7f 00 00 00 7f 00 7f 00 00 00 00 00 00	acks=00000000000000000000000000000000000000000000000000000000000000000000000000000000000000000000000000000000000000000000000000000000000000
1685	839752551	839770251	stop	60 fd 40	acks=000
1686	839772814	840518929	stop	60 18 00 7f 7f 00 00 00 00 7f 7f 00 00 00 00 00 00 00 00 7f 7f 00 00 00 00 7f 00 00 00 00 00 7f 00 00 00 7f 00 00 7f 00 7f 00 7f 00 7f 00 00 00 00 00 7f 7f 00 7f 7f 00 00 7f 00 00 7f 00 7f 00 7f 00 00 00 7f 00 00 7f 7f 00 00 00 00 7f 00 00 00 00 00 7f 00 7f 7f 00 00 00 00 00 7f 7f 00 7f 00 7f 00 7f 00 00 00 7f 7f 7f 00 00 00 7f 00 00 7f 7f 00 7f 00 00 00 7f 7f 00 00 00 00 7f 00 7f 00 00 00 00 00 00	acks=00000000000000000000000000000000000000000000000000000000000000000000000000000000000000000000000000000000000000000000000000000000000000
1687	840526141	840543842	stop	60 fd 40	acks=000
1688	840546408	841292720	stop	60 18 00 7f 7f 00 00 00 00 7f 7f 00 00 00 00 00 00 00 00 7f 7f 00 00 00 00 7f 7f 00 00 7f 00 7f 00 00 00 7f 00 00 7f 7f 7f 00 7f 7f 7f 00 00 00 7f 00 7f 7f 00 7f 7f 00 00 7f 00 00 00 00 7f 00 7f 00 00 00 7f 00 00 00 7f 00 00 00 00 7f 00 00 00 7f 00 00 00 00 00 00 00 00 00 7f 7f 7f 00 7f 00 7f 00 7f 00 00 00 7f 00 7f 00 00 00 7f 00 00 7f 7f 00 7f 00 00 00 7f 7f 00 00 00 00 00 00 7f 00 00 00 00 00 00	acks=00000000000000000000000000000000000000000000000000000000000000000000000000000000000000000000000000000000000000000000000000000000000000
1689	841299765	841317468	stop	60 fd 40	acks=000
1690	841320034	842066286	stop	60 18 00 00 7f 00 7f 00 00 7f 00 7f 00 00 7f 00 7f 00 00 7f 7f 7f 7f 00 00 00 7f 00 00 7f 00 7f 00 00 00 7f 00 00 7f 7f 7f 00 7f 7f 7f 00 00 00 7f 00 7f 7f 00 7f 7f 00 00 00 00 00 00 00 7f 00 7f 00 00 00 00 00 00 00 7f 00 00 00 00 7f 00 00 00 7f 00 00 00 00 00 00 00 00 7f 7f 7f 7f 00 00 00 7f 7f 7f 00 7f 00 7f 00 7f 00 00 00 7f 00 00 00 00 00 7f 00 00 00 7f 7f 00 00 7f 00 00 00 00 7f 00 00 7f 00 00	acks=00000000000000000000000000000000000000000000000000000000000000000000000000000000000000000000000000000000000000000000000000000000000000
1691	843078806	843096512	stop	60 fd 40	acks=000
1692	843099078	843839397	stop	60 18 00 00 7f 00 7f 00 00 7f 00 7f 00 00 7f 00 7f 00 00 00 7f 7f 7f 00 00 00 7f 00 7f 7f 00 7f 7f 00 00 7f 00 00 00 7f 00 00 7f 7f 7f 00 00 00 7f 7f 00 7f 00 7f 7f 00 00 00 00 00 00 00 00 00 7f 00 00 00 00 00 00 00 7f 00 00 00 00 00 00 00 00 7f 00 00 00 00 00 00 7f 00 7f 7f 00 7f 7f 00 7f 7f 7f 7f 00 7f 00 00 00 00 00 00 00 00 00 00 00 00 00 00 00 00 7f 00 7f 00 00 7f 00 00 00 00 7f 00 00 7f 00 00	acks=00000000000000000000000000000000000000000000000000000000000000000000000000000000000000000000000000000000000000000000000000000000000000
1693	843846664	843864362	stop	60 fd 40	acks=000
1694	843866926	844613161	stop	60 18 00 00 7f 00 7f 00 00 7f 00 7f 00 00 7f 00 7f 7f 00 00 7f 7f 7f 00 00 00 00 7f 7f 00 7f 7f 7f 7f 00 7f 7f 7f 00 00 00 00 7f 00 7f 00 00 7f 00 7f 00 7f 00 7f 7f 00 00 00 00 00 00 00 00 00 7f 00 00 00 00 00 7f 00 7f 00 00 00 00 00 00 00 7f 00 00 00 7f 00 7f 7f 7f 00 7f 7f 00 7f 7f 00 7f 00 7f 7f 00 7f 7f 00 00 00 00 00 00 00 00 00 00 00 00 00 00 00 7f 00 7f 00 00 7f 00 00 00 00 7f 00 00 7f 00 00	acks=00000000000000000000000000000000000000000000000000000000000000000000000000000000000000000000000000000000000000000000000000000000000000
1695	844620208	844637916	stop	60 fd 40	acks=000
1696	844640481	845386734	stop	60 18 00 00 7f 00 00 00 00 7f 00 00 00 7f 00 00 7f 7f 00 00 7f 00 00 00 00 00 00 7f 7f 00 7f 7f 7f 7f 00 7f 7f 7f 00 00 00 00 7f 00 7f 00 00 7f 00 7f 00 7f 00 7f 7f 00 00 00 00 00 00 00 00 00 7f 00 00 00 00 00 7f 00 00 00 00 00 00 00 00 00 7f 00 00 00 7f 00 7f 7f 7f 00 7f 7f 00 7f 7f 00 7f 00 00 7f 00 00 7f 00 00 00 00 7f 00 00 00 00 00 7f 00 00 00 7f 7f 00 00 00 00 00 7f 00 00 00 00 00 00 00 00 00	acks=00000000000000000000000000000000000000000000000000000000000000000000000000000000000000000000000000000000000000000000000000000000000000
1697	846398958	846416658	stop	60 fd 40	acks=000
1698	846419221	847165396	stop	60 18 00 00 7f 00 00 00 00 7f 00 00 00 7f 00 00 7f 7f 7f 00 7f 00 00 00 00 00 00 7f 00 00 7f 00 00 7f 00 7f 7f 7f 00 00 00 00 7f 00 00 00 7f 7f 00 00 00 7f 00 7f 7f 00 00 00 00 7f 00 00 00 00 7f 00 00 00 00 00 7f 00 00 00 00 7f 00 00 00 7f 7f 00 00 00 7f 00 7f 7f 00 00 7f 7f 00 7f 7f 00 7f 00 00 7f 00 00 7f 00 00 00 7f 7f 00 00 00 00 00 7f 00 00 00 7f 00 00 00 00 00 00 7f 00 00 00 00 00 00 00 00 00	acks=00000000000000000000000000000000000000000000000000000000000000000000000000000000000000000000000000000000000000000000000000000000000000
1699	847172609	847190316	stop	60 fd 40	acks=000
1700	847192882	847939070	stop	60 18 00 00 7f 00 00 00 00 7f 00 00 00 7f 00 7f 7f 00 7f 00 7f 00 00 00 00 00 00 00 00 00 00 00 00 00 00 7f 00 00 00 00 00 00 7f 00 00 00 7f 7f 00 00 00 7f 7f 7f 7f 7f 00 00 7f 7f 00 00 00 7f 00 00 00 00 00 00 00 00 00 00 7f 7f 00 00 00 7f 00 00 00 00 00 00 7f 00 00 00 7f 7f 00 7f 7f 00 7f 7f 00 7f 00 00 00 00 00 00 7f 7f 7f 00 7f 00 00 7f 7f 00 00 7f 00 00 00 00 00 00 7f 00 7f 00 00 7f 7f 00 00 00	acks=00000000000000000000000000000000000000000000000000000000000000000000000000000000000000000000000000000000000000000000000000000000000000
1701	847946116	847963816	stop	60 fd 40	acks=000
1702	847966381	848700175	stop	60 18 7f 00 7f 00 00 00 00 7f 00 00 00 00 00 7f 7f 00 7f 00 7f 7f 00 00 00 00 00 00 00 00 00 00 00 00 00 7f 00 00 00 00 00 00 7f 00 00 00 7f 7f 00 00 00 00 7f 7f 7f 7f 00 00 7f 7f 00 00 00 7f 00 00 7f 00 7f 00 00 00 00 00 7f 7f 7f 00 00 7f 00 00 00 00 00 00 7f 00 00 00 7f 7f 00 7f 7f 00 7f 7f 00 00 00 00 00 00 00 00 7f 00 7f 00 7f 00 00 00 7f 00 00 00 00 00 00 00 00 00 00 00 7f 00 00 7f 7f 00 00 00	acks=00000000000000000000000000000000000000000000000000000000000000000000000000000000000000000000000000000000000000000000000000000000000000
1703	849711497	849729206	stop	60 fd 40	acks=000
1704	849731771	850478134	stop	60 18 7f 00 7f 7f 00 7f 7f 7f 00 00 00 00 00 7f 7f 00 00 00 7f 7f 00 00 00 00 00 00 00 00 00 00 00 00 00 00 00 00 00 00 00 7f 7f 00 00 00 00 7f 00 00 00 00 7f 00 7f 7f 00 00 7f 00 00 7f 00 7f 00 7f 7f 00 7f 7f 00 00 00 7f 7f 7f 7f 00 00 00 00 00 7f 00 00 00 7f 00 00 00 7f 7f 7f 7f 7f 00 7f 7f 00 00 00 00 00 00 00 00 00 00 7f 00 7f 00 00 00 7f 00 7f 00 00 00 00 7f 00 00 00 00 7f 00 00 7f 7f 00 00 00	acks=00000000000000000000000000000000000000000000000000000000000000000000000000000000000000000000000000000000000000000000000000000000000000
1705	850485345	850503050	stop	60 fd 40	acks=000
1706	850505615	851251960	stop	60 18 7f 00 7f 7f 00 7f 7f 7f 00 00 00 00 00 00 7f 00 00 00 7f 7f 00 00 00 00 00 00 00 00 00 00 00 00 00 00 7f 00 00 00 00 7f 00 00 00 00 00 7f 00 00 00 00 7f 00 7f 00 00 00 00 00 7f 7f 00 00 7f 7f 7f 00 7f 7f 00 7f 00 7f 00 7f 7f 00 00 00 00 00 7f 7f 00 7f 7f 00 00 00 7f 7f 7f 7f 7f 00 7f 7f 00 00 00 00 00 00 7f 00 00 00 00 00 00 00 00 00 00 00 7f 00 00 00 00 7f 00 00 00 7f 00 00 00 00 00 00 00 00	acks=00000000000000000000000000000000000000000000000000000000000000000000000000000000000000000000000000000000000000000000000000000000000000
1707	851259004	851276710	stop	60 fd 40	acks=000
1708	851279277	852025441	stop	60 18 00 00 7f 7f 00 7f 7f 00 7f 7f 00 00 00 00 7f 00 00 00 7f 00 00 00 00 7f 00 00 00 00 00 00 00 00 00 00 7f 00 00 00 00 7f 00 00 00 00 00 7f 00 00 00 00 7f 00 00 00 00 7f 00 00 7f 7f 00 00 7f 7f 00 00 00 7f 00 7f 00 7f 00 7f 00 00 00 00 00 00 7f 7f 00 7f 7f 00 00 00 7f 7f 7f 7f 7f 00 7f 7f 00 00 00 00 00 00 7f 00 00 00 00 00 00 00 00 00 00 00 7f 00 00 00 00 7f 00 00 00 7f 00 00 7f 00 00 7f 00 00	acks=00000000000000000000000000000000000000000000000000000000000000000000000000000000000000000000000000000000000000000000000000000000000000
1709	853037736	853055444	stop	60 fd 40	acks=000
1710	853058008	853794748	stop	60 18 00 00 00 00 00 00 00 00 7f 7f 00 00 00 00 7f 00 00 7f 7f 00 00 00 00 7f 00 00 00 00 00 7f 00 00 00 00 7f 00 7f 00 7f 00 00 00 00 00 00 7f 00 00 7f 00 7f 00 00 00 00 7f 00 00 7f 00 7f 00 7f 00 00 00 00 00 00 7f 00 00 00 7f 00 7f 00 00 00 00 00 7f 00 7f 7f 00 00 00 7f 7f 7f 7f 00 00 7f 7f 00 00 00 00 00 7f 7f 7f 00 00 00 7f 00 00 00 00 00 7f 00 00 00 7f 00 00 00 00 00 7f 00 00 7f 00 00 7f 00 00	acks=00000000000000000000000000000000000000000000000000000000000000000000000000000000000000000000000000000000000000000000000000000000000000
1711	853802015	853819708	stop	60 fd 40	acks=000
1712	853822272	854568291	stop	60 18 00 00 00 00 00 00 00 00 7f 7f 00 00 00 7f 7f 00 00 7f 00 00 00 00 00 7f 7f 00 00 7f 00 7f 00 00 00 00 00 00 7f 7f 7f 00 7f 7f 00 00 00 7f 7f 00 7f 00 7f 00 00 00 00 7f 00 00 00 00 7f 00 7f 00 00 00 00 00 00 00 00 00 00 7f 00 7f 00 00 7f 7f 00 7f 00 00 7f 00 00 00 7f 7f 7f 7f 00 00 7f 7f 00 00 00 00 00 7f 00 7f 00 00 00 7f 00 00 00 00 00 7f 00 00 00 7f 00 00 00 00 00 00 00 00 7f 00 00 7f 00 00	acks=00000000000000000000000000000000000000000000000000000000000000000000000000000000000000000000000000000000000000000000000000000000000000
1713	854575339	854593045	stop	60 fd 40	acks=000
1714	854595612	855341559	stop	60 18 00 7f 00 00 7f 00 00 00 00 00 00 00 7f 7f 00 00 00 7f 00 00 00 00 7f 00 7f 00 00 7f 00 7f 00 00 00 00 00 00 7f 7f 7f 00 7f 7f 00 00 00 7f 7f 00 7f 00 7f 00 00 00 00 00 00 00 00 00 7f 00 7f 00 00 00 00 00 00 00 00 00 00 7f 00 7f 00 00 7f 7f 00 7f 00 00 7f 00 00 00 00 7f 7f 7f 00 7f 7f 7f 7f 00 00 7f 00 7f 00 7f 00 00 00 7f 00 00 00 00 00 7f 00 7f 00 7f 00 00 00 00 7f 00 00 7f 7f 00 00 7f 00 00	acks=00000000000000000000000000000000000000000000000000000000000000000000000000000000000000000000000000000000000000000000000000000000000000
1715	856353306	856371009	stop	60 fd 40	acks=000
1716	856373573	857119785	stop	60 18 00 7f 00 00 7f 00 00 00 00 00 00 00 7f 7f 00 00 00 00 00 00 00 00 7f 00 7f 00 7f 7f 00 7f 7f 00 00 00 00 00 00 7f 00 00 7f 7f 7f 00 00 7f 7f 7f 00 00 7f 7f 00 00 00 00 00 00 00 00 00 00 7f 00 00 00 00 00 00 00 00 00 00 7f 00 00 00 00 7f 7f 00 7f 00 00 7f 00 7f 00 00 7f 7f 00 00 7f 7f 7f 7f 00 00 7f 00 00 00 00 00 00 00 00 00 00 00 00 00 00 00 7f 7f 00 00 00 00 00 7f 00 00 7f 7f 00 00 7f 00 00	acks=00000000000000000000000000000000000000000000000000000000000000000000000000000000000000000000000000000000000000000000000000000000000000
1717	857126998	857144697	stop	60 fd 40	acks=000
1718	857147262	857893461	stop	60 18 00 7f 00 00 7f 00 00 00 00 00 00 00 7f 00 00 7f 00 00 7f 00 00 00 7f 00 00 7f 7f 00 7f 7f 7f 7f 00 00 00 7f 00 00 00 00 7f 00 7f 00 00 00 7f 7f 00 00 7f 7f 00 00 00 00 00 00 00 00 00 00 7f 00 00 00 00 00 7f 7f 00 00 7f 7f 00 00 00 00 00 00 00 7f 7f 00 00 7f 7f 00 00 00 7f 00 00 7f 7f 7f 7f 00 00 7f 7f 00 00 00 00 00 00 00 00 00 00 00 00 00 00 7f 7f 00 00 00 00 00 7f 00 00 7f 7f 00 00 7f 00 00	acks=00000000000000000000000000000000000000000000000000000000000000000000000000000000000000000000000000000000000000000000000000000000000000
1719	857900500	857918196	stop	60 fd 40	acks=000
1720	857920760	858666175	stop	60 18 7f 00 00 00 00 00 00 00 00 00 00 00 00 00 00 7f 00 00 7f 00 00 00 00 00 00 7f 7f 00 7f 7f 7f 7f 00 00 00 7f 00 00 00 00 7f 00 7f 00 00 00 7f 7f 00 00 7f 7f 00 00 00 00 00 00 00 00 00 00 7f 00 7f 00 00 00 7f 7f 7f 00 7f 7f 00 00 00 00 00 00 00 7f 7f 00 00 7f 7f 00 00 00 7f 00 00 00 7f 7f 00 00 00 00 7f 00 00 00 00 7f 00 00 00 00 7f 00 00 00 00 7f 7f 00 7f 00 00 7f 7f 00 00 00 00 00 00 7f 00 00	acks=00000000000000000000000000000000000000000000000000000000000000000000000000000000000000000000000000000000000000000000000000000000000000
1721	859678103	859695797	stop	60 fd 40	acks=000
1722	859698359	860444336	stop	60 18 7f 00 00 00 00 00 00 00 00 00 00 00 00 00 00 7f 7f 00 7f 00 00 00 00 00 00 7f 00 00 7f 7f 00 7f 00 7f 00 7f 00 00 00 00 7f 00 00 00 7f 00 7f 00 00 00 7f 7f 00 00 00 00 00 7f 00 00 00 00 7f 00 7f 00 00 00 7f 7f 7f 00 7f 7f 00 00 00 7f 00 00 00 7f 7f 00 00 7f 00 00 00 00 7f 00 7f 00 00 7f 00 00 00 00 7f 00 00 00 7f 7f 00 00 00 00 7f 00 00 00 00 7f 00 00 7f 00 00 7f 7f 00 00 00 00 00 00 7f 00 00	acks=00000000000000000000000000000000000000000000000000000000000000000000000000000000000000000000000000000000000000000000000000000000000000
1723	860451546	860469248	stop	60 fd 40	acks=000
1724	860471813	861217760	stop	60 18 7f 00 00 00 00 00 00 00 00 00 00 00 00 00 00 00 7f 00 7f 00 00 00 00 00 7f 7f 00 00 00 7f 00 00 00 7f 00 00 00 00 00 00 7f 00 00 00 7f 00 7f 00 00 00 00 7f 00 7f 00 00 7f 7f 00 00 00 7f 7f 00 7f 00 00 00 00 00 7f 00 00 7f 00 00 00 7f 00 00 00 7f 00 7f 00 00 00 00 00 7f 7f 00 7f 00 00 00 00 00 00 00 00 00 00 00 7f 7f 7f 00 7f 00 7f 00 7f 00 00 7f 00 00 7f 00 00 7f 7f 00 7f 00 00 7f 7f 7f 00 00	acks=00000000000000000000000000000000000000000000000000000000000000000000000000000000000000000000000000000000000000000000000000000000000000
1725	861224803	861242502	stop	60 fd 40	acks=000
1726	861245067	861991239	stop	60 18 7f 00 00 00 00 00 00 00 00 00 00 7f 00 00 00 00 7f 00 7f 00 7f 00 00 7f 7f 7f 00 00 00 7f 00 00 00 7f 00 00 00 00 00 00 7f 00 00 00 7f 00 7f 00 00 7f 00 7f 00 7f 00 7f 7f 7f 00 00 00 7f 7f 00 7f 00 00 00 00 00 00 00 00 7f 7f 00 00 7f 00 00 00 7f 00 7f 00 00 00 00 00 7f 7f 00 7f 00 00 00 00 7f 00 00 00 00 00 00 7f 00 7f 00 7f 00 00 00 7f 00 00 00 00 00 00 00 00 00 7f 00 7f 00 00 7f 7f 00 00 00	acks=00000000000000000000000000000000000000000000000000000000000000000000000000000000000000000000000000000000000000000000000000000000000000
1727	863002761	863020460	stop	60 fd 40	acks=000
1728	863023024	863768730	stop	60 18 7f 00 7f 7f 00 7f 7f 00 00 00 00 7f 00 00 00 00 00 00 7f 00 7f 00 00 7f 7f 7f 00 00 00 7f 00 00 00 00 00 00 00 00 00 7f 7f 00 00 00 00 00 7f 00 00 7f 00 7f 00 7f 00 7f 7f 00 00 7f 00 7f 7f 7f 7f 00 00 7f 00 00 00 7f 00 00 7f 00 00 00 00 00 7f 7f 00 7f 00 00 00 00 00 7f 7f 00 7f 00 7f 00 00 7f 00 00 00 00 00 00 00 00 7f 00 7f 00 00 00 7f 00 7f 00 00 00 00 7f 00 00 7f 00 7f 00 00 7f 7f 00 00 00	acks=00000000000000000000000000000000000000000000000000000000000000000000000000000000000000000000000000000000000000000000000000000000000000
1729	863775938	863793623	stop	60 fd 40	acks=000
1730	863796188	864536563	stop	60 18 7f 00 7f 7f 00 7f 7f 00 00 00 00 7f 00 00 00 00 00 00 7f 00 7f 00 00 7f 00 7f 00 00 00 7f 00 00 00 00 00 7f 00 00 00 7f 7f 00 00 00 00 00 7f 00 00 7f 00 7f 00 7f 00 7f 00 00 7f 7f 00 00 00 7f 7f 00 00 7f 00 00 00 7f 00 00 7f 00 00 00 00 7f 7f 00 00 00 00 00 00 00 00 7f 7f 00 7f 00 7f 00 00 7f 00 00 00 00 7f 00 00 00 00 00 00 00 00 00 00 00 7f 00 00 00 00 7f 00 00 7f 7f 00 00 00 00 00 00 00 00	acks=00000000000000000000000000000000000000000000000000000000000000000000000000000000000000000000000000000000000000000000000000000000000000
1731	864543665	864561358	stop	60 fd 40	acks=000
1732	864563923	865309740	stop	60 18 7f 00 7f 7f 7f 7f 7f 7f 7f 00 00 00 7f 00 00 00 00 00 7f 00 00 00 00 7f 00 7f 00 00 00 7f 00 00 00 00 00 7f 00 00 00 7f 7f 00 00 00 00 00 7f 00 00 00 00 7f 7f 7f 00 7f 00 00 7f 7f 00 00 00 7f 00 00 7f 7f 00 00 00 7f 00 00 00 00 00 00 00 7f 7f 00 00 00 00 00 00 00 00 7f 7f 00 7f 00 7f 00 00 00 00 00 00 00 7f 00 00 00 00 00 00 00 00 7f 00 00 7f 00 00 00 00 7f 00 00 00 7f 00 00 00 00 00 00 00 00	acks=00000000000000000000000000000000000000000000000000000000000000000000000000000000000000000000000000000000000000000000000000000000000000
1733	866321391	866339095	stop	60 fd 40	acks=000
1734	866341659	867087910	stop	60 18 7f 00 00 00 7f 00 00 7f 7f 00 00 00 7f 00 00 00 00 7f 7f 00 00 00 00 7f 00 7f 00 00 00 7f 00 00 00 00 00 7f 7f 00 7f 00 7f 00 00 00 00 00 7f 00 7f 00 00 7f 7f 7f 00 7f 00 00 7f 00 7f 00 00 00 00 00 7f 00 00 00 00 00 00 7f 00 7f 00 00 00 7f 00 00 00 00 00 00 00 00 00 7f 00 7f 7f 00 7f 00 00 00 00 00 00 7f 7f 7f 00 00 00 7f 00 00 00 7f 00 7f 7f 00 00 7f 00 00 00 00 00 7f 00 00 00 00 00 00 00 00	acks=00000000000000000000000000000000000000000000000000000000000000000000000000000000000000000000000000000000000000000000000000000000000000
1735	867095116	867112814	stop	60 fd 40	acks=000
1736	867115378	867861277	stop	60 18 7f 00 00 00 7f 00 00 7f 7f 00 00 00 7f 00 00 00 00 7f 7f 00 00 00 00 7f 00 7f 00 7f 7f 7f 00 7f 00 00 00 00 7f 7f 7f 00 00 7f 00 00 00 00 00 00 7f 00 00 7f 7f 7f 00 7f 00 00 00 00 7f 00 00 00 00 00 7f 00 00 00 00 00 00 7f 00 7f 00 00 00 00 00 00 7f 00 00 00 00 00 00 7f 00 7f 7f 00 7f 00 00 00 00 00 00 7f 00 7f 00 00 00 7f 00 00 00 7f 00 7f 7f 00 00 7f 00 00 00 00 00 00 7f 00 00 00 00 00 00 00	acks=00000000000000000000000000000000000000000000000000000000000000000000000000000000000000000000000000000000000000000000000000000000000000
1737	867868318	867886012	stop	60 fd 40	acks=000
1738	867888576	868634324	stop	60 18 00 7f 00 00 7f 00 00 00 00 7f 00 00 7f 00 7f 00 00 7f 7f 7f 00 00 00 7f 00 7f 00 7f 7f 7f 00 7f 00 00 00 00 7f 7f 7f 00 00 7f 00 00 00 00 00 00 7f 00 00 7f 00 7f 00 00 00 00 00 00 7f 00 00 00 00 00 00 00 00 00 00 00 00 7f 00 7f 00 00 00 00 00 00 7f 00 00 00 00 00 7f 7f 00 7f 7f 7f 7f 00 00 00 00 7f 00 7f 00 7f 00 00 00 7f 00 00 00 00 00 7f 7f 00 00 7f 00 00 00 00 00 00 7f 00 7f 00 00 7f 00 00	acks=00000000000000000000000000000000000000000000000000000000000000000000000000000000000000000000000000000000000000000000000000000000000000
1739	869646186	869663881	stop	60 fd 40	acks=000
1740	869666445	870412507	stop	60 18 00 7f 00 00 7f 00 00 00 00 7f 00 00 7f 00 7f 00 00 00 7f 7f 00 00 00 7f 00 7f 7f 7f 7f 00 7f 7f 00 00 00 00 7f 7f 00 00 00 7f 7f 00 00 00 00 7f 00 00 00 7f 00 7f 00 00 00 00 00 00 00 00 00 00 00 00 00 00 00 00 00 00 00 7f 00 00 00 00 00 00 7f 00 7f 00 00 00 7f 00 7f 7f 7f 00 7f 7f 7f 00 00 00 00 7f 00 00 00 00 00 00 00 00 00 00 00 00 00 00 7f 00 7f 00 00 00 00 00 00 00 7f 00 7f 00 00 7f 00 00	acks=00000000000000000000000000000000000000000000000000000000000000000000000000000000000000000000000000000000000000000000000000000000000000
1741	870419716	870437419	stop	60 fd 40	acks=000
1742	870439984	871186434	stop	60 18 00 7f 00 00 7f 00 00 00 00 7f 00 00 7f 00 7f 7f 00 00 00 7f 00 00 00 7f 00 00 7f 00 00 00 7f 7f 00 00 7f 00 7f 00 00 00 00 00 7f 00 00 7f 00 7f 00 00 00 7f 00 7f 00 00 00 00 00 00 00 7f 00 00 00 00 00 00 7f 00 00 00 00 7f 00 00 00 00 7f 00 7f 00 7f 00 7f 7f 7f 00 7f 7f 7f 00 7f 7f 7f 00 00 00 00 7f 7f 00 00 00 00 00 00 00 00 00 00 00 7f 00 7f 00 7f 00 00 00 00 00 00 00 00 00 7f 00 7f 7f 00 00	acks=00000000000000000000000000000000000000000000000000000000000000000000000000000000000000000000000000000000000000000000000000000000000000
1743	871193481	871211187	stop	60 fd 40	acks=000
1744	871213753	871960135	stop	60 18 00 00 00 00 00 00 00 00 00 00 00 00 7f 00 00 7f 00 00 00 00 00 00 7f 00 00 00 7f 00 00 00 7f 7f 00 00 7f 00 7f 00 00 00 00 00 7f 00 00 7f 00 7f 00 00 00 7f 00 7f 00 00 00 00 00 00 00 7f 00 00 00 00 00 00 7f 00 00 00 00 7f 00 00 00 00 7f 00 7f 00 7f 00 7f 7f 7f 00 00 7f 7f 00 7f 00 7f 00 7f 00 00 00 7f 00 00 00 00 00 00 00 00 00 00 00 7f 00 7f 7f 7f 00 7f 00 00 7f 7f 00 00 00 00 00 7f 00 00 00	acks=00000000000000000000000000000000000000000000000000000000000000000000000000000000000000000000000000000000000000000000000000000000000000
1745	872972371	872990081	stop	60 fd 40	acks=000
1746	872992645	873738793	stop	60 18 00 00 00 00 00 00 00 00 00 00 00 00 7f 00 00 7f 7f 00 00 00 00 00 7f 00 00 00 00 00 00 7f 00 7f 00 7f 7f 00 7f 00 00 7f 00 00 00 00 7f 7f 00 7f 00 00 00 00 00 7f 00 00 00 7f 00 00 00 7f 00 00 00 00 00 00 7f 00 00 00 00 7f 00 00 00 7f 7f 00 00 00 7f 00 7f 7f 00 00 00 7f 7f 00 7f 00 7f 00 7f 00 00 00 7f 00 00 00 7f 00 00 00 00 00 00 00 7f 7f 7f 7f 00 00 7f 00 00 7f 7f 00 00 00 00 00 7f 00 00 00	acks=00000000000000000000000000000000000000000000000000000000000000000000000000000000000000000000000000000000000000000000000000000000000000
1747	873746004	873763708	stop	60 fd 40	acks=000
1748	873766273	874504696	stop	60 18 00 00 00 00 00 00 00 00 00 00 00 00 7f 7f 00 00 7f 00 00 00 00 00 7f 00 00 00 00 00 00 7f 00 7f 00 7f 00 00 7f 00 00 7f 00 00 00 00 7f 00 00 7f 00 00 7f 00 00 00 00 00 7f 7f 7f 00 00 7f 00 00 00 00 00 00 00 00 00 00 7f 7f 00 00 00 7f 00 00 00 00 00 00 00 00 00 00 00 00 7f 00 7f 00 7f 7f 7f 00 00 00 00 00 00 00 7f 00 7f 00 7f 00 00 00 7f 7f 7f 7f 00 00 7f 00 00 7f 7f 7f 00 00 00 7f 00 00 00 00	acks=00000000000000000000000000000000000000000000000000000000000000000000000000000000000000000000000000000000000000000000000000000000000000
1749	874511801	874529495	stop	60 fd 40	acks=000
1750	874532059	875278033	stop	60 18 7f 00 00 00 00 00 00 00 00 00 00 7f 00 7f 00 00 7f 00 00 00 00 00 00 00 00 00 00 00 00 7f 00 7f 00 7f 00 00 7f 00 00 7f 00 00 00 00 7f 00 00 7f 00 00 7f 00 00 00 00 00 7f 7f 7f 00 00 7f 00 00 7f 00 00 00 00 00 00 00 7f 7f 00 00 00 7f 00 00 00 00 00 00 00 00 00 00 00 00 7f 00 7f 00 7f 7f 00 7f 00 00 00 00 00 00 7f 7f 7f 00 7f 00 7f 00 7f 7f 7f 00 00 00 00 00 00 00 00 7f 00 7f 00 7f 00 00 00 00	acks=00000000000000000000000000000000000000000000000000000000000000000000000000000000000000000000000000000000000000000000000000000000000000
1751	876289478	876307192	stop	60 fd 40	acks=000
1752	876309757	877056086	stop	60 18 7f 00 7f 7f 00 7f 7f 00 00 00 00 7f 00 7f 00 00 00 00 00 00 00 00 00 00 00 00 00 00 00 7f 00 7f 00 00 00 00 7f 00 00 00 00 00 7f 00 7f 00 00 7f 00 00 7f 7f 00 00 00 00 7f 00 7f 7f 00 7f 00 7f 7f 00 00 7f 00 00 00 7f 7f 7f 00 00 00 00 00 00 00 00 00 00 00 00 00 00 00 00 7f 00 00 00 00 7f 00 7f 00 00 00 00 00 00 00 7f 7f 00 7f 00 7f 00 7f 00 00 00 00 7f 00 7f 00 00 00 7f 00 7f 00 7f 00 00 00 00	acks=00000000000000000000000000000000000000000000000000000000000000000000000000000000000000000000000000000000000000000000000000000000000000
1753	877063296	877080999	stop	60 fd 40	acks=000
1754	877083563	877830041	stop	60 18 7f 00 7f 7f 00 7f 7f 00 00 00 00 7f 00 00 00 00 00 00 00 00 00 00 00 00 00 00 00 7f 00 7f 00 00 00 00 00 00 7f 7f 00 00 00 00 7f 00 7f 00 00 7f 00 00 00 7f 00 00 00 00 00 00 7f 7f 00 00 7f 7f 7f 00 00 7f 00 7f 00 7f 00 7f 00 00 00 00 00 00 00 7f 00 7f 00 00 00 00 00 00 7f 00 00 00 00 00 00 7f 00 00 00 00 7f 00 00 7f 00 00 00 00 7f 00 7f 00 00 00 00 7f 00 7f 00 00 00 7f 00 7f 00 00 00 00 00 00	acks=00000000000000000000000000000000000000000000000000000000000000000000000000000000000000000000000000000000000000000000000000000000000000
1755	877837093	877854805	stop	60 fd 40	acks=000
1756	877857372	878603912	stop	60 18 00 00 7f 7f 00 7f 7f 7f 00 00 00 00 00 00 00 00 00 00 00 00 7f 00 7f 7f 00 00 00 7f 00 7f 00 00 00 00 00 00 7f 7f 00 00 00 00 7f 00 7f 00 00 7f 00 00 00 7f 00 00 00 7f 00 00 7f 7f 00 00 7f 7f 00 00 7f 7f 00 7f 7f 7f 00 7f 7f 00 00 00 00 00 00 7f 00 7f 00 00 00 00 00 00 7f 00 00 00 00 00 7f 00 00 00 00 00 7f 00 00 00 00 00 00 00 00 00 7f 00 00 00 00 7f 00 7f 00 00 00 7f 00 00 00 00 00 00 00 00	acks=00000000000000000000000000000000000000000000000000000000000000000000000000000000000000000000000000000000000000000000000000000000000000
1757	879615794	879633489	stop	60 fd 40	acks=000
1758	879636054	880382464	stop	60 18 00 00 00 7f 00 00 00 7f 00 00 00 00 00 00 00 00 00 7f 00 00 7f 00 7f 7f 00 00 00 7f 00 7f 00 00 00 7f 00 00 00 7f 7f 00 00 00 00 00 7f 00 00 7f 7f 00 00 7f 00 00 00 7f 00 00 7f 00 7f 00 7f 00 00 00 7f 00 00 7f 7f 00 00 00 7f 7f 00 00 00 00 00 7f 00 7f 00 00 7f 00 00 00 7f 7f 7f 00 00 00 7f 00 00 00 00 7f 7f 7f 00 00 00 7f 00 00 00 00 7f 00 00 00 00 00 00 00 00 00 00 7f 00 00 00 00 00 00 00 00	acks=00000000000000000000000000000000000000000000000000000000000000000000000000000000000000000000000000000000000000000000000000000000000000
1759	880389677	880407378	stop	60 fd 40	acks=000
1760	880409943	881156316	stop	60 18 00 00 00 7f 00 00 00 7f 00 00 00 00 00 00 00 7f 00 7f 00 00 7f 00 7f 7f 7f 00 00 7f 00 7f 00 00 00 7f 00 00 00 7f 7f 00 7f 7f 00 00 7f 00 7f 7f 7f 00 00 7f 00 00 00 7f 00 00 00 00 7f 00 00 00 00 00 7f 00 7f 00 7f 00 00 00 7f 7f 00 00 00 7f 00 00 00 00 00 00 7f 00 00 00 7f 7f 7f 00 00 00 7f 00 00 00 00 7f 00 7f 00 00 00 7f 00 00 00 00 00 00 00 00 00 00 00 00 00 00 00 7f 00 00 00 00 00 00 00 00	acks=00000000000000000000000000000000000000000000000000000000000000000000000000000000000000000000000000000000000000000000000000000000000000
1761	881163364	881181072	stop	60 fd 40	acks=000
1762	881183639	881930133	stop	60 18 00 7f 00 7f 7f 00 00 00 7f 7f 00 00 7f 00 00 7f 00 7f 00 00 00 00 00 00 7f 00 00 7f 00 7f 00 00 00 7f 00 00 00 7f 7f 00 7f 7f 00 00 7f 00 7f 7f 7f 7f 00 7f 00 00 00 00 00 00 00 00 7f 00 00 00 00 00 00 00 7f 00 00 00 00 00 00 7f 00 00 00 7f 00 00 00 00 00 00 7f 00 7f 00 7f 7f 7f 7f 00 00 00 00 00 00 00 7f 00 7f 00 7f 00 7f 00 00 7f 7f 00 00 00 00 00 00 00 00 00 00 00 7f 00 00 7f 00 00 7f 00 00	acks=00000000000000000000000000000000000000000000000000000000000000000000000000000000000000000000000000000000000000000000000000000000000000
1763	882941981	882959694	stop	60 fd 40	acks=000
1764	882962259	883708537	stop	60 18 00 7f 7f 7f 7f 00 00 00 7f 7f 00 00 7f 00 00 7f 00 00 00 00 00 00 00 00 7f 00 7f 7f 00 7f 7f 00 00 00 00 00 00 7f 00 00 7f 7f 00 00 7f 00 7f 00 00 7f 00 7f 00 00 00 00 00 00 00 00 00 00 00 00 00 00 00 00 7f 00 00 00 00 00 00 00 00 7f 00 7f 00 00 00 00 00 00 00 00 7f 00 00 00 7f 7f 00 00 00 00 00 00 00 00 00 00 00 7f 00 7f 00 00 7f 7f 00 00 00 00 7f 00 00 00 00 00 00 7f 00 00 7f 00 00 7f 00 00	acks=00000000000000000000000000000000000000000000000000000000000000000000000000000000000000000000000000000000000000000000000000000000000000
1765	883715746	883733447	stop	60 fd 40	acks=000
1766	883736011	884482433	stop	60 18 00 7f 7f 7f 7f 00 00 00 7f 7f 00 00 7f 00 00 7f 00 00 7f 00 00 00 00 00 00 7f 7f 7f 7f 7f 7f 7f 00 00 00 7f 00 00 00 00 00 00 00 00 7f 00 00 00 00 7f 00 7f 00 00 00 00 7f 00 00 00 00 00 00 00 00 00 00 00 7f 00 00 00 00 00 00 00 00 7f 7f 00 00 00 7f 00 7f 00 00 00 7f 00 00 00 7f 7f 00 00 00 00 00 00 7f 00 00 00 00 7f 00 7f 00 00 7f 7f 00 00 00 00 7f 00 00 00 00 00 00 00 00 00 7f 7f 00 7f 00 00	acks=00000000000000000000000000000000000000000000000000000000000000000000000000000000000000000000000000000000000000000000000000000000000000
1767	884489482	884507191	stop	60 fd 40	acks=000
1768	884509757	885247171	stop	60 18 00 00 7f 7f 00 00 00 00 00 00 00 00 00 00 00 7f 00 00 7f 7f 7f 00 00 00 00 7f 7f 7f 7f 7f 7f 7f 00 00 00 7f 00 00 00 00 00 00 00 00 7f 00 00 00 00 00 00 7f 7f 00 00 00 7f 00 00 00 00 00 00 00 00 00 00 00 7f 00 00 00 00 00 7f 00 00 7f 7f 00 00 00 7f 00 7f 00 00 00 00 00 00 00 7f 00 00 00 00 00 00 7f 7f 00 00 00 00 00 00 7f 00 00 00 00 00 00 00 7f 7f 00 7f 00 00 7f 7f 00 00 00 00 7f 00 00 00 00	acks=00000000000000000000000000000000000000000000000000000000000000000000000000000000000000000000000000000000000000000000000000000000000000
1769	886259100	886276812	stop	60 fd 40	acks=000
1770	886279377	887025893	stop	60 18 00 00 00 7f 00 7f 7f 00 00 00 00 00 00 00 00 7f 7f 00 7f 7f 7f 00 00 00 00 7f 00 7f 7f 00 00 7f 00 00 00 7f 00 00 00 00 00 00 00 00 00 00 00 00 00 00 00 7f 7f 00 00 00 7f 7f 00 00 00 00 00 00 00 00 00 00 7f 00 00 7f 00 00 7f 00 00 00 7f 00 00 00 7f 00 7f 00 00 00 00 00 00 7f 7f 00 00 00 00 00 00 7f 7f 00 00 00 7f 00 00 7f 00 00 00 00 00 00 00 7f 00 00 7f 00 00 7f 7f 00 00 00 00 7f 00 00 00 00	acks=00000000000000000000000000000000000000000000000000000000000000000000000000000000000000000000000000000000000000000000000000000000000000
1771	887033102	887050798	stop	60 fd 40	acks=000
1772	887053365	887799622	stop	60 18 00 00 00 7f 00 7f 7f 00 00 00 00 00 00 00 00 00 7f 00 00 7f 7f 00 00 00 00 00 00 00 00 00 00 00 00 00 7f 00 00 00 00 00 00 00 00 00 00 00 00 00 00 00 00 7f 7f 7f 00 00 7f 7f 00 00 00 7f 00 00 00 00 00 00 7f 00 00 7f 7f 00 7f 00 00 00 00 00 00 00 00 00 00 7f 00 00 00 7f 00 7f 7f 00 00 7f 00 00 00 7f 00 00 00 00 7f 00 00 7f 7f 00 00 00 7f 00 00 7f 00 00 7f 00 00 7f 7f 00 7f 00 00 7f 7f 00 00 00	acks=00000000000000000000000000000000000000000000000000000000000000000000000000000000000000000000000000000000000000000000000000000000000000
1773	887806671	887824374	stop	60 fd 40	acks=000
1774	887826940	888573270	stop	60 18 7f 00 00 7f 00 7f 7f 00 7f 00 00 7f 00 00 7f 00 7f 00 00 00 00 00 00 00 00 00 00 00 00 00 00 00 00 00 7f 00 00 00 00 00 00 00 00 00 00 00 00 00 00 00 00 7f 00 7f 00 00 7f 7f 00 00 00 7f 00 00 7f 00 00 00 7f 00 00 7f 7f 00 00 00 00 00 00 00 00 00 00 00 00 7f 00 00 00 7f 00 7f 7f 00 00 7f 00 7f 00 00 00 00 00 00 7f 00 00 7f 7f 00 00 7f 7f 00 00 00 00 00 00 00 00 00 00 00 7f 00 00 7f 7f 00 00 00	acks=00000000000000000000000000000000000000000000000000000000000000000000000000000000000000000000000000000000000000000000000000000000000000
1775	889585328	889603029	stop	60 fd 40	acks=000
1776	889605593	890342008	stop	60 18 7f 00 00 00 00 7f 00 00 7f 00 00 7f 00 00 7f 00 00 7f 00 00 00 00 00 00 00 00 00 00 00 00 00 00 00 00 7f 00 00 00 00 7f 00 00 00 00 00 00 00 00 00 00 00 00 00 7f 00 00 7f 00 00 7f 7f 7f 00 7f 7f 00 00 7f 7f 00 00 7f 7f 00 00 7f 00 00 00 00 7f 00 00 00 00 7f 00 00 00 7f 00 00 7f 00 7f 7f 00 7f 00 00 00 00 00 00 00 00 00 7f 7f 00 00 7f 7f 00 7f 00 00 00 00 7f 00 00 00 00 7f 00 00 7f 7f 00 00 00	acks=00000000000000000000000000000000000000000000000000000000000000000000000000000000000000000000000000000000000000000000000000000000000000
1777	890349279	890366978	stop	60 fd 40	acks=000
1778	890369543	891115786	stop	60 18 7f 00 00 00 00 7f 00 00 7f 00 00 7f 00 7f 7f 00 00 7f 00 00 00 00 00 00 00 00 00 00 00 00 00 00 00 00 00 00 00 00 00 7f 00 00 00 00 00 7f 00 00 00 00 00 00 00 00 00 00 00 00 7f 7f 7f 00 7f 7f 7f 00 00 7f 00 00 00 7f 00 00 00 7f 00 00 00 00 7f 00 00 7f 00 00 00 00 00 00 00 00 7f 00 7f 00 00 7f 00 00 00 00 00 00 00 00 7f 7f 00 00 00 7f 00 00 7f 00 00 00 00 7f 00 00 00 7f 00 00 00 7f 00 00 00 00	acks=00000000000000000000000000000000000000000000000000000000000000000000000000000000000000000000000000000000000000000000000000000000000000
1779	891122828	891140519	stop	60 fd 40	acks=000
1780	891143084	891889401	stop	60 18 00 00 00 00 00 7f 00 7f 00 00 00 00 00 7f 00 00 00 7f 00 7f 00 00 00 7f 00 00 00 00 00 00 00 00 00 00 00 00 00 00 00 7f 00 00 00 00 00 7f 00 00 00 00 00 00 00 00 00 7f 00 00 7f 7f 7f 00 7f 7f 00 00 7f 7f 00 00 00 7f 00 00 00 7f 00 00 00 00 7f 00 00 7f 00 00 00 00 00 00 00 00 7f 7f 7f 00 00 00 00 7f 00 00 00 00 00 00 7f 7f 00 00 00 00 00 00 7f 00 00 00 00 7f 00 00 00 7f 00 00 00 7f 00 7f 00 00	acks=00000000000000000000000000000000000000000000000000000000000000000000000000000000000000000000000000000000000000000000000000000000000000
1781	892900909	892918612	stop	60 fd 40	acks=000
1782	892921177	893666977	stop	60 18 00 00 00 00 00 7f 00 7f 00 00 00 00 00 7f 00 00 00 00 00 7f 00 00 00 7f 00 00 7f 00 00 00 00 00 00 00 00 00 7f 00 7f 00 00 00 00 00 00 7f 00 00 7f 00 00 00 00 00 00 7f 00 00 7f 00 7f 00 7f 00 00 00 7f 00 00 00 00 00 00 7f 00 7f 00 00 00 00 00 00 00 7f 00 00 00 00 00 00 00 00 00 7f 00 00 00 00 00 7f 00 7f 00 7f 00 00 7f 00 00 00 00 00 00 7f 00 00 7f 7f 00 00 00 00 00 7f 00 00 00 7f 00 7f 00 00	acks=00000000000000000000000000000000000000000000000000000000000000000000000000000000000000000000000000000000000000000000000000000000000000
1783	893674184	893691879	stop	60 fd 40	acks=000
1784	893694444	894440507	stop	60 18 00 00 00 00 00 7f 00 7f 00 00 00 00 00 00 00 00 00 00 00 7f 00 00 00 7f 00 00 7f 7f 00 00 00 00 00 00 7f 00 7f 7f 7f 00 7f 00 00 00 00 00 00 00 7f 00 7f 00 00 00 00 7f 00 00 00 00 7f 00 00 00 00 00 7f 00 00 7f 00 00 00 7f 00 7f 00 00 00 7f 00 00 00 00 00 7f 00 00 00 00 00 00 00 7f 00 00 00 00 00 7f 00 7f 7f 7f 00 00 00 00 00 00 00 00 00 7f 00 00 7f 7f 00 00 00 00 00 00 00 00 00 00 00 7f 00 00	acks=00000000000000000000000000000000000000000000000000000000000000000000000000000000000000000000000000000000000000000000000000000000000000
1785	894447551	894465247	stop	60 fd 40	acks=000
1786	894467812	895214050	stop	60 18 00 7f 00 00 7f 7f 00 00 00 7f 00 00 7f 00 00 00 00 00 00 00 00 00 00 00 00 00 7f 7f 00 00 00 00 00 00 7f 00 7f 7f 7f 00 7f 00 00 00 00 00 00 00 7f 00 7f 00 00 00 00 00 00 00 00 00 7f 00 00 00 00 00 00 00 00 7f 00 00 00 7f 00 7f 00 00 00 7f 00 00 00 00 00 7f 00 00 7f 00 00 00 00 00 00 00 00 00 00 00 00 7f 7f 7f 00 00 00 00 00 00 00 00 00 7f 00 00 7f 7f 7f 00 00 00 7f 00 00 00 7f 00 00 00 00 00	acks=00000000000000000000000000000000000000000000000000000000000000000000000000000000000000000000000000000000000000000000000000000000000000
1787	896225705	896243406	stop	60 fd 40	acks=000
1788	896245972	896992031	stop	60 18 00 7f 00 00 7f 00 00 00 00 7f 00 00 7f 00 00 00 7f 00 00 00 00 00 00 00 00 00 7f 7f 00 00 7f 00 00 00 7f 00 00 7f 00 00 7f 00 7f 00 00 00 00 7f 00 00 7f 00 00 00 00 00 00 7f 00 00 00 00 00 00 00 00 00 00 00 7f 00 00 00 00 00 7f 00 00 00 7f 00 00 00 00 00 7f 7f 00 7f 00 7f 00 00 00 00 00 00 00 00 00 00 00 7f 00 00 00 00 00 00 00 00 00 00 00 00 00 7f 00 7f 00 00 00 7f 00 00 00 7f 00 00 00 00 00	acks=00000000000000000000000000000000000000000000000000000000000000000000000000000000000000000000000000000000000000000000000000000000000000
1789	896999239	897016936	stop	60 fd 40	acks=000
1790	897019501	897765663	stop	60 18 00 7f 00 00 7f 00 00 00 00 7f 00 00 7f 7f 00 7f 7f 00 7f 00 00 00 00 00 7f 00 7f 00 7f 00 7f 7f 00 00 00 00 00 00 00 00 00 7f 7f 00 00 00 00 7f 00 00 00 00 00 00 00 00 00 7f 00 00 00 00 00 00 00 00 00 00 7f 00 00 00 00 00 00 7f 00 00 7f 00 00 7f 7f 00 7f 00 7f 00 7f 00 7f 00 00 00 00 00 00 00 00 00 00 00 00 00 00 00 7f 00 00 00 00 00 00 00 00 00 7f 00 7f 00 00 00 7f 00 00 00 7f 00 00 00 00 00	acks=00000000000000000000000000000000000000000000000000000000000000000000000000000000000000000000000000000000000000000000000000000000000000
1791	897772708	897790405	stop	60 fd 40	acks=000
1792	897792970	898538976	stop	60 18 7f 00 00 00 00 00 00 00 00 00 00 00 00 7f 00 7f 7f 00 7f 00 00 00 7f 00 7f 00 7f 00 7f 00 7f 7f 00 00 00 00 00 00 00 00 00 7f 7f 00 00 00 00 7f 00 00 00 00 00 00 00 00 00 7f 00 00 00 00 00 00 00 00 00 00 7f 00 00 00 00 00 00 7f 00 00 7f 00 00 7f 7f 00 7f 00 7f 00 00 00 7f 00 00 00 00 00 7f 7f 00 00 00 00 00 00 00 00 7f 00 00 00 00 00 00 00 00 7f 7f 00 00 00 00 7f 00 00 00 7f 00 00 00 00 00 00	acks=00000000000000000000000000000000000000000000000000000000000000000000000000000000000000000000000000000000000000000000000000000000000000
1793	899551889	899569598	stop	60 fd 40	acks=000
1794	899572163	900318116	stop	60 18 7f 00 00 00 00 00 00 00 00 00 00 00 00 7f 00 7f 7f 00 7f 00 00 00 7f 00 7f 00 00 00 7f 7f 00 7f 00 7f 00 00 00 00 00 00 00 7f 00 00 7f 00 00 00 00 00 00 00 00 00 00 00 00 7f 00 7f 00 00 00 00 00 00 00 7f 7f 00 00 00 00 00 00 00 00 7f 7f 00 00 7f 7f 00 7f 00 00 00 00 00 00 00 00 00 00 00 7f 7f 00 00 00 00 00 00 7f 00 7f 00 00 00 00 00 00 00 00 7f 7f 00 00 00 00 7f 00 00 00 7f 00 00 00 00 00 00	acks=00000000000000000000000000000000000000000000000000000000000000000000000000000000000000000000000000000000000000000000000000000000000000
1795	900325324	900343012	stop	60 fd 40	acks=000
1796	900345576	901088266	stop	60 18 7f 00 00 00 00 00 00 00 00 00 00 00 00 00 00 00 7f 00 00 00 00 00 7f 00 00 00 00 00 00 7f 00 00 00 7f 00 7f 00 00 00 00 00 00 00 00 7f 00 7f 00 00 00 00 00 00 00 00 00 7f 7f 00 7f 00 7f 00 00 00 00 00 7f 00 7f 00 00 7f 00 00 00 00 7f 00 00 00 00 00 00 00 00 00 00 00 7f 00 00 00 00 00 7f 7f 7f 00 00 7f 00 7f 00 7f 00 00 00 00 00 00 00 7f 00 00 7f 7f 00 00 00 00 7f 00 00 00 7f 00 7f 7f 00 00 00	acks=00000000000000000000000000000000000000000000000000000000000000000000000000000000000000000000000000000000000000000000000000000000000000
1797	901096613	901114125	stop	60 fd 40	acks=000
1798	901116170	901861549	stop	60 18 00 00 00 00 00 00 00 7f 00 00 00 7f 00 00 00 00 7f 00 00 00 00 00 00 7f 00 00 00 00 00 7f 00 00 00 7f 00 7f 00 00 00 00 00 00 00 00 7f 00 7f 00 00 00 00 00 00 00 00 00 7f 7f 00 7f 00 7f 00 00 7f 00 00 7f 00 7f 7f 00 7f 00 00 00 00 7f 00 00 00 00 00 00 00 00 00 00 00 7f 00 00 00 00 00 7f 00 00 00 00 7f 00 7f 00 7f 7f 00 00 00 00 7f 00 7f 00 00 00 7f 00 00 00 00 00 00 00 00 00 00 7f 7f 00 00 00	acks=00000000000000000000000000000000000000000000000000000000000000000000000000000000000000000000000000000000000000000000000000000000000000
