000000   2301883680..2302237740   60 FD C0
000001   2302288940..2302643020   60 09 00
000002   2308783300..2309117340   60 FD C0
000003   2309157740..2309491940   60 06 01
000004   2309532980..2309867280   60 FD C0
000005   2309907780..2310242000   60 05 7F
000006   2310283120..2310617360   60 FD C0
000007   2310657940..2311002120   60 04 FB
000008   2311053860..2311407840   60 FD C0
000009   2311459020..2311813060   60 01 00
000010   2311864880..2312218980   60 FD C0
000011   2312270200..2312624400   60 00 40
000012   2312676220..2313030400   60 FD C0
000013   2313081740..2313337340   60 06
000014   2313337340..2313559960   61 01
000015   2313611980..2313966120   60 FD C0
000016   2314017440..2314272900   60 05
000017   2314272900..2314495440   61 7F
000018   2314547440..2314901660   60 FD C0
000019   2314952980..2315208500   60 04
000020   2315208500..2315431080   61 FB
000021   2315483160..2315837180   60 FD C0
000022   2315888460..2316143960   60 01
000023   2316143960..2316366500   61 00
000024   2316418460..2316772440   60 FD C0
000025   2316823720..2317079180   60 00
000026   2317079180..2317301820   61 40
000027   2317369320..2317723600   60 FD 01
000028   2317774840..2318128820   60 00 FF
000029   2318180760..2318534760   60 FD 01
000030   2318585920..2318939980   60 01 07
000031   2318991920..2319346020   60 FD 01
000032   2319397200..2319751360   60 02 FF
000033   2319803300..2320157320   60 FD 01
000034   2320208520..2320562680   60 03 07
000035   2320614660..2320968760   60 FD 01
000036   2321019940..2321374020   60 04 FF
000037   2321425980..2321780080   60 FD 01
000038   2321831240..2322185380   60 05 07
000039   2322237340..2322591540   60 FD 01
000040   2322642700..2322996920   60 06 FF
000041   2323048900..2323403060   60 FD 01
000042   2323454240..2323808460   60 07 07
000043   2323860420..2324214640   60 FD 01
000044   2324265840..2324620080   60 08 FF
000045   2324672060..2325026280   60 FD 01
000046   2325077480..2325431660   60 09 07
000047   2325483620..2325837860   60 FD 01
000048   2325889080..2326243320   60 0A FF
000049   2326295280..2326649460   60 FD 01
000050   2326700640..2327054940   60 0B 07
000051   2327106940..2327461180   60 FD 01
000052   2327512400..2327866640   60 0C FF
000053   2327918600..2328272820   60 FD 01
000054   2328324040..2328678480   60 0D 07
000055   2328730480..2329084880   60 FD 01
000056   2329136080..2329490480   60 0E FF
000057   2329542440..2329896700   60 FD 01
000058   2329947900..2330302140   60 0F 07
000059   2330354120..2330708340   60 FD 01
000060   2330759520..2331113700   60 10 FF
000061   2331165660..2331519800   60 FD 01
000062   2331571000..2331925120   60 11 07
000063   2331977080..2332331180   60 FD 01
000064   2332382360..2332736560   60 12 FF
000065   2332788500..2333142820   60 FD 01
000066   2333194040..2333548340   60 13 07
000067   2333600300..2333954560   60 FD 01
000068   2334005780..2334360120   60 14 FF
000069   2334412100..2334766400   60 FD 01
000070   2334817600..2335171880   60 15 07
000071   2335223840..2335577960   60 FD 01
000072   2335629140..2335983420   60 16 FF
000073   2336035400..2336389560   60 FD 01
000074   2336440760..2336794960   60 17 07
000075   2336846860..2337201040   60 FD 40
000076   2337252240..2337606520   60 00 00
000077   2337658360..2338012580   60 FD 40
000078   2338063800..2338418140   60 01 00
000079   2338469960..2338824080   60 FD 40
000080   2338875280..2339229500   60 02 00
000081   2339281340..2339635700   60 FD 40
000082   2339686940..2340041240   60 03 00
000083   2340093080..2340447180   60 FD 40
000084   2340498360..2340852500   60 04 00
000085   2340904320..2341258500   60 FD 40
000086   2341309700..2341663820   60 05 00
000087   2341715620..2342069780   60 FD 40
000088   2342120980..2342475320   60 06 00
000089   2342527140..2342881380   60 FD 40
000090   2342932580..2343286760   60 07 00
000091   2343338580..2343692800   60 FD 40
000092   2343743980..2344098060   60 08 00
000093   2344149880..2344503920   60 FD 40
000094   2344555120..2344909360   60 09 00
000095   2344961180..2345315300   60 FD 40
000096   2345366500..2345720780   60 0A 00
000097   2345772600..2346126720   60 FD 40
000098   2346177940..2346532360   60 0B 00
000099   2346584200..2346938480   60 FD 40
000100   2346989700..2347343920   60 0C 00
000101   2347395760..2347750100   60 FD 40
000102   2347801320..2348155580   60 0D 00
000103   2348207400..2348561580   60 FD 40
000104   2348612760..2348966980   60 0E 00
000105   2349018820..2349372940   60 FD 40
000106   2349424140..2349778340   60 0F 00
000107   2349830160..2350184300   60 FD 40
000108   2350235500..2350589700   60 10 00
000109   2350641520..2350995760   60 FD 40
000110   2351046980..2351401320   60 11 00
000111   2351453160..2351807460   60 FD 40
000112   2351858700..2352213020   60 12 00
000113   2352264880..2352619160   60 FD 40
000114   2352670360..2353024580   60 13 00
000115   2353076380..2353430400   60 FD 40
000116   2353481600..2353835760   60 14 00
000117   2353887620..2354241860   60 FD 40
000118   2354293040..2354646920   60 15 00
000119   2354698680..2355052580   60 FD 40
000120   2355103740..2355457820   60 16 00
000121   2355509620..2355863640   60 FD 40
000122   2355914820..2356268860   60 17 00
000123   2356320720..2356674760   60 FD 40
000124   2356725960..2357080040   60 18 00
000125   2357131920..2357485900   60 FD 40
000126   2357537080..2357891220   60 19 00
000127   2357943100..2358297100   60 FD 40
000128   2358348260..2358702260   60 1A 00
000129   2358754140..2359108200   60 FD 40
000130   2359159400..2359513600   60 1B 00
000131   2359565500..2359919660   60 FD 40
000132   2359970860..2360325140   60 1C 00
000133   2360377020..2360731100   60 FD 40
000134   2360782300..2361136360   60 1D 00
000135   2361188220..2361542340   60 FD 40
000136   2361593540..2361947600   60 1E 00
000137   2361999480..2362353520   60 FD 40
000138   2362404700..2362758720   60 1F 00
000139   2362810580..2363164600   60 FD 40
000140   2363215780..2363569880   60 20 00
000141   2363621780..2363975960   60 FD 40
000142   2364027180..2364381300   60 21 00
000143   2364433180..2364787380   60 FD 40
000144   2364838580..2365192820   60 22 00
000145   2365244720..2365598860   60 FD 40
000146   2365650060..2366004120   60 23 00
000147   2366056020..2366410120   60 FD 40
000148   2366461300..2366815540   60 24 00
000149   2366867420..2367221600   60 FD 40
000150   2367272800..2367626700   60 25 00
000151   2367678560..2368032600   60 FD 40
000152   2368083800..2368437960   60 26 00
000153   2368489860..2368843940   60 FD 40
000154   2368895140..2369249340   60 27 00
000155   2369301220..2369655380   60 FD 40
000156   2369706540..2370060780   60 28 00
000157   2370112680..2370466900   60 FD 40
000158   2370518100..2370872240   60 29 00
000159   2370924140..2371278320   60 FD 40
000160   2371329520..2371683800   60 2A 00
000161   2371735680..2372089800   60 FD 40
000162   2372141000..2372495400   60 2B 00
000163   2372547320..2372901520   60 FD 40
000164   2372952720..2373306900   60 2C 00
000165   2373358800..2373712880   60 FD 40
000166   2373764080..2374118320   60 2D 00
000167   2374170220..2374524520   60 FD 40
000168   2374575720..2374930020   60 2E 00
000169   2374981920..2375336180   60 FD 40
000170   2375387400..2375741500   60 2F 00
000171   2375793380..2376147440   60 FD 40
000172   2376198620..2376552780   60 30 00
000173   2376604680..2376958820   60 FD 40
000174   2377010020..2377364280   60 31 00
000175   2377416180..2377770300   60 FD 40
000176   2377821500..2378175740   60 32 00
000177   2378227640..2378581760   60 FD 40
000178   2378632960..2378987200   60 33 00
000179   2379039080..2379393080   60 FD 40
000180   2379444260..2379798440   60 34 00
000181   2379850340..2380204300   60 FD 40
000182   2380255480..2380609460   60 35 00
000183   2380661340..2381015420   60 FD 40
000184   2381066620..2381420720   60 36 00
000185   2381472600..2381826760   60 FD 40
000186   2381877960..2382232140   60 37 00
000187   2382284020..2382638020   60 FD 40
000188   2382689180..2383043080   60 38 00
000189   2383094920..2383448980   60 FD 40
000190   2383500180..2383854400   60 39 00
000191   2383906260..2384260160   60 FD 40
000192   2384311340..2384665400   60 3A 00
000193   2384717260..2385071240   60 FD 40
000194   2385122380..2385476500   60 3B 00
000195   2385528380..2385882440   60 FD 40
000196   2385933620..2386287860   60 3C 00
000197   2386339760..2386693920   60 FD 40
000198   2386745100..2387099260   60 3D 00
000199   2387151140..2387505200   60 FD 40
000200   2387556360..2387910340   60 3E 00
000201   2387962200..2388316200   60 FD 40
000202   2388367380..2388721540   60 3F 00
000203   2388773400..2389127480   60 FD 40
000204   2389178660..2389532820   60 40 00
000205   2389584700..2389938820   60 FD 40
000206   2389989980..2390344100   60 41 00
000207   2390396000..2390749960   60 FD 40
000208   2390801100..2391155040   60 42 00
000209   2391206920..2391560860   60 FD 40
000210   2391612000..2391965960   60 43 00
000211   2392017820..2392371740   60 FD 40
000212   2392422920..2392777020   60 44 00
000213   2392828900..2393182900   60 FD 40
000214   2393234040..2393588040   60 45 00
000215   2393639920..2393993880   60 FD 40
000216   2394045080..2394399280   60 46 00
000217   2394451160..2394805000   60 FD 40
000218   2394856160..2395210120   60 47 00
000219   2395261960..2395615760   60 FD 40
000220   2395666900..2396020860   60 48 00
000221   2396072720..2396426600   60 FD 40
000222   2396477740..2396831700   60 49 00
000223   2396883540..2397237500   60 FD 40
000224   2397288660..2397642600   60 4A 00
000225   2397694440..2398048360   60 FD 40
000226   2398099500..2398453500   60 4B 00
000227   2398505360..2398859360   60 FD 40
000228   2398910520..2399264580   60 4C 00
000229   2399316440..2399670500   60 FD 40
000230   2399721700..2400075760   60 4D 00
000231   2400127640..2400481660   60 FD 40
000232   2400532820..2400886680   60 4E 00
000233   2400938500..2401292300   60 FD 40
000234   2401343480..2401697520   60 4F 00
000235   2401749380..2402103380   60 FD 40
000236   2402154540..2402508460   60 50 00
000237   2402560320..2402914120   60 FD 40
000238   2402965300..2403319500   60 51 00
000239   2403371400..2403725440   60 FD 40
000240   2403776620..2404130640   60 52 00
000241   2404182480..2404536460   60 FD 40
000242   2404587620..2404941680   60 53 00
000243   2404993560..2405347480   60 FD 40
000244   2405398680..2405752900   60 54 00
000245   2405804960..2406155560   60 FD 40
000246   2406206140..2406556360   60 55 00
000247   2406607640..2406957880   60 FD 40
000248   2406998700..2407328960   60 56 00
000249   2407370440..2407700700   60 FD 40
000250   2407740820..2408091060   60 57 00
000251   2408132760..2408463000   60 FD 40
000252   2408503840..2408855860   60 58 00
000253   2408908680..2409262480   60 FD 40
000254   2409313660..2409667600   60 59 00
000255   2409719460..2410073480   60 FD 40
000256   2410124660..2410478820   60 5A 00
000257   2410530740..2410884840   60 FD 40
000258   2410936040..2411290280   60 5B 00
000259   2411342160..2411696200   60 FD 40
000260   2411747380..2412101420   60 5C 00
000261   2412153280..2412507200   60 FD 40
000262   2412558380..2412912420   60 5D 00
000263   2412964300..2413318220   60 FD 40
000264   2413369380..2413723300   60 5E 00
000265   2413775160..2414129100   60 FD 40
000266   2414180280..2414534280   60 5F 00
000267   2414586140..2414940120   60 FD 40
000268   2414991280..2415345300   60 60 00
000269   2415397180..2415751100   60 FD 40
000270   2415802280..2416156340   60 61 00
000271   2416208200..2416562280   60 FD 40
000272   2416613460..2416967620   60 62 00
000273   2417019500..2417373620   60 FD 40
000274   2417424800..2417778880   60 63 00
000275   2417830740..2418184780   60 FD 40
000276   2418235960..2418590120   60 64 00
000277   2418642000..2418996140   60 FD 40
000278   2419047340..2419401460   60 65 00
000279   2419453340..2419807480   60 FD 40
000280   2419858680..2420212820   60 66 00
000281   2420264680..2420618820   60 FD 40
000282   2420670020..2421024220   60 67 00
000283   2421076080..2421430120   60 FD 40
000284   2421481300..2421835320   60 68 00
000285   2421887180..2422241280   60 FD 40
000286   2422292460..2422646520   60 69 00
000287   2422698360..2423052160   60 FD 40
000288   2423103300..2423457140   60 6A 00
000289   2423509000..2423862900   60 FD 40
000290   2423914060..2424267920   60 6B 00
000291   2424319760..2424673660   60 FD 40
000292   2424724840..2425078780   60 6C 00
000293   2425130640..2425484720   60 FD 40
000294   2425535880..2425889820   60 6D 00
000295   2425941700..2426295600   60 FD 40
000296   2426346760..2426700660   60 6E 00
000297   2426752500..2427106360   60 FD 40
000298   2427157520..2427511380   60 6F 00
000299   2427563260..2427917400   60 FD 40
000300   2427968580..2428322780   60 70 00
000301   2428374660..2428728780   60 FD 40
000302   2428779960..2429133900   60 71 00
000303   2429185720..2429539440   60 FD 40
000304   2429590620..2429944600   60 72 00
000305   2429996500..2430350480   60 FD 40
000306   2430401640..2430755640   60 73 00
000307   2430807520..2431161540   60 FD 40
000308   2431212680..2431566640   60 74 00
000309   2431618500..2431972540   60 FD 40
000310   2432023720..2432377800   60 75 00
000311   2432429680..2432783720   60 FD 40
000312   2432834880..2433189000   60 76 00
000313   2433240880..2433594920   60 FD 40
000314   2433646120..2434000240   60 77 00
000315   2434052100..2434406180   60 FD 40
000316   2434457380..2434811600   60 78 00
000317   2434863480..2435217520   60 FD 40
000318   2435268700..2435622720   60 79 00
000319   2435674580..2436028360   60 FD 40
000320   2436079500..2436433420   60 7A 00
000321   2436485300..2436839200   60 FD 40
000322   2436890360..2437244220   60 7B 00
000323   2437296060..2437649840   60 FD 40
000324   2437700980..2438054920   60 7C 00
000325   2438106760..2438460560   60 FD 40
000326   2438511700..2438865560   60 7D 00
000327   2438917420..2439271360   60 FD 40
000328   2439322520..2439676500   60 7E 00
000329   2439728360..2440082240   60 FD 40
000330   2440133400..2440487360   60 7F 00
000331   2440539200..2440893020   60 FD 40
000332   2440944140..2441298060   60 80 00
000333   2441349900..2441703700   60 FD 40
000334   2441754860..2442108740   60 81 00
000335   2442160600..2442514420   60 FD 40
000336   2442565580..2442919440   60 82 00
000337   2442971320..2443325220   60 FD 40
000338   2443376380..2443730280   60 83 00
000339   2443782160..2444136020   60 FD 40
000340   2444187200..2444541140   60 84 00
000341   2444593000..2444946860   60 FD 40
000342   2444998040..2445352040   60 85 00
000343   2445403900..2445757900   60 FD 40
000344   2445809080..2446163100   60 86 00
000345   2446214940..2446568740   60 FD 40
000346   2446619880..2446973820   60 87 00
000347   2447025680..2447379600   60 FD 40
000348   2447430740..2447784540   60 88 00
000349   2447836360..2448190220   60 FD 40
000350   2448241360..2448595420   60 89 00
000351   2448647300..2449001140   60 FD 40
000352   2449052280..2449406100   60 8A 00
000353   2449457940..2449811800   60 FD 40
000354   2449862960..2450216800   60 8B 00
000355   2450268660..2450622560   60 FD 40
000356   2450673720..2451027700   60 8C 00
000357   2451079560..2451433500   60 FD 40
000358   2451484680..2451838680   60 8D 00
000359   2451890520..2452244460   60 FD 40
000360   2452295600..2452649440   60 8E 00
000361   2452701280..2453055060   60 FD 40
000362   2453106220..2453460060   60 8F 00
000363   2453511880..2453865680   60 FD 40
000364   2453916820..2454270600   60 90 00
000365   2454322420..2454676340   60 FD 40
000366   2454727500..2455081420   60 91 00
000367   2455133280..2455487080   60 FD 40
000368   2455538220..2455891920   60 92 00
000369   2455943740..2456297480   60 FD 40
000370   2456348620..2456702460   60 93 00
000371   2456754280..2457108060   60 FD 40
000372   2457159220..2457513060   60 94 00
000373   2457564900..2457918660   60 FD 40
000374   2457969800..2458323700   60 95 00
000375   2458375520..2458729140   60 FD 40
000376   2458780260..2459133960   60 96 00
000377   2459185800..2459539560   60 FD 40
000378   2459590680..2459944540   60 97 00
000379   2459996400..2460350280   60 FD 40
000380   2460401420..2460755280   60 98 00
000381   2460807100..2461160920   60 FD 40
000382   2461212080..2461565980   60 99 00
000383   2461617840..2461971660   60 FD 40
000384   2462022800..2462376700   60 9A 00
000385   2462428540..2462782440   60 FD 40
000386   2462833600..2463187500   60 9B 00
000387   2463239620..2463593400   60 FD C0
000388   2463644540..2463998400   60 09 03
000389   2464157400..2464511320   60 FD 40
000390   2464562600..2479477900   60 18 00 00 00 00 00 00 00 00 00 00 00 00 00 00 00 00 00 00 00 00 00 00 00 00 00 00 00 00 00 00 00 00 00 00 00 00 00 00 00 00 00 00 00 00 00 00 00 00 00 00 00 00 00 00 00 00 00 00 00 00 00 00 00 00 00 00 00 00 00 00 00 00 00 00 00 00 00 00 00 00 00 00 00 00 00 00 00 00 00 00 00 00 00 00 00 00 00 00 00 00 00 00 00 00 00 00 00 00 00 00 00 00 00 00 00 00 00 00 00 00 00 00 00 00 00 00 00 00 00 00 00 00
000391   2479627000..2479980700   60 FD 40
000392   2480031960..2494944760   60 18 00 00 00 00 00 00 00 00 00 00 00 00 00 00 00 00 00 00 00 00 00 00 00 00 00 00 00 00 00 00 00 00 00 00 00 00 00 00 00 00 00 00 00 00 00 00 00 00 00 00 00 00 00 00 00 00 00 00 00 00 00 00 00 00 00 00 00 00 00 00 00 00 00 00 00 00 00 00 00 00 00 00 00 00 00 00 00 00 00 00 00 00 00 00 00 00 00 00 00 00 00 00 00 00 00 00 00 00 00 00 00 00 00 00 00 00 00 00 00 00 00 00 00 00 00 00 00 00 00 00 00 00
000393   2495089480..2495443380   60 FD 40
000394   2495494680..2510243020   60 18 00 00 00 00 00 00 00 00 00 00 00 00 00 00 00 00 00 00 00 00 00 00 00 00 00 00 00 00 00 00 00 00 00 00 00 00 00 00 00 00 00 00 00 00 00 00 00 00 00 00 00 00 00 00 00 00 00 00 00 00 00 00 00 00 00 00 00 00 00 00 00 00 00 00 00 00 00 00 00 00 00 00 00 00 00 00 00 00 00 00 00 00 00 00 00 00 00 00 00 00 00 00 00 00 00 00 00 00 00 00 00 00 00 00 00 00 00 00 00 00 00 00 00 00 00 00 00 00 00 00 00 00
000395   2510417600..2510771400   60 FD 40
000396   2510822680..2525745120   60 18 00 00 00 7F 00 7F 00 00 00 00 00 00 00 00 00 00 00 00 00 00 00 00 00 00 00 00 7F 00 00 00 7F 00 00 7F 00 00 00 00 00 7F 00 00 7F 00 00 00 00 7F 00 00 00 00 00 00 00 00 00 00 00 00 00 00 00 00 00 00 00 00 00 00 00 7F 00 00 00 00 00 00 00 00 7F 00 00 00 00 00 7F 00 00 00 7F 00 00 00 7F 00 00 00 00 00 00 00 00 7F 00 00 00 00 00 00 00 00 00 00 7F 00 7F 00 00 7F 00 00 00 00 00 00 00 00 00 00 00 00
000397   2525889320..2526243300   60 FD 40
000398   2526294620..2541211400   60 18 00 00 00 7F 00 7F 00 00 00 00 00 00 00 00 00 00 00 00 00 00 00 00 00 00 7F 7F 7F 00 00 00 7F 00 00 7F 00 00 00 00 00 7F 00 00 7F 00 00 00 00 7F 00 00 00 00 00 00 00 00 00 00 7F 00 00 00 7F 00 00 00 00 00 00 7F 00 7F 00 00 00 00 00 00 7F 00 7F 7F 7F 7F 00 7F 7F 00 00 00 7F 00 00 00 7F 00 00 00 00 00 00 00 7F 7F 00 00 00 00 7F 00 00 00 00 00 7F 00 7F 00 00 7F 00 00 00 7F 00 00 00 00 00 00 00 00
000399   2541352260..2541706040   60 FD 40
000400   2541757300..2556670860   60 18 7F 00 00 7F 00 7F 00 7F 00 00 00 00 7F 00 7F 00 00 00 00 00 00 00 00 7F 7F 7F 7F 00 00 00 7F 00 00 7F 00 00 00 00 00 7F 00 00 7F 00 00 00 00 7F 00 7F 00 00 7F 00 00 00 00 00 7F 00 00 00 7F 00 00 00 00 00 00 7F 00 7F 00 00 00 00 00 00 7F 00 7F 7F 7F 7F 00 7F 7F 00 7F 00 7F 00 00 00 7F 00 00 7F 00 00 00 00 7F 7F 00 00 00 00 7F 00 7F 00 00 00 7F 7F 7F 00 00 7F 00 7F 00 7F 00 00 00 00 00 00 00 00
000401   2576899820..2577253740   60 FD 40
000402   2577305000..2592222840   60 18 7F 00 7F 00 00 00 00 7F 00 00 00 00 7F 00 7F 00 7F 00 00 00 00 00 00 7F 7F 7F 00 00 00 7F 00 00 00 7F 00 00 7F 00 00 00 00 00 00 00 7F 00 00 00 00 7F 00 00 7F 00 00 00 00 7F 7F 00 7F 00 7F 00 00 00 00 00 00 7F 00 00 00 7F 00 7F 00 7F 7F 00 00 7F 7F 7F 00 7F 00 00 7F 00 00 00 00 00 00 00 00 7F 00 00 00 7F 7F 00 7F 00 00 7F 7F 00 7F 00 00 7F 00 7F 00 7F 00 7F 00 7F 00 7F 00 00 00 00 00 00 00 00
000403   2592366940..2592720780   60 FD 40
000404   2592772060..2607694040   60 18 7F 00 7F 00 00 00 00 7F 00 00 00 00 7F 00 7F 00 7F 00 00 00 00 00 00 7F 7F 00 00 7F 00 7F 00 7F 00 7F 00 7F 7F 7F 00 00 7F 7F 00 00 7F 7F 7F 00 00 7F 00 00 7F 7F 00 00 00 7F 00 00 7F 7F 00 00 00 00 00 00 00 00 00 00 7F 7F 00 7F 00 7F 00 7F 00 00 00 00 7F 00 00 00 7F 00 00 00 00 00 00 00 00 7F 00 00 00 7F 00 00 7F 00 7F 7F 00 00 7F 00 00 7F 00 7F 00 7F 00 7F 00 7F 00 00 00 00 00 00 00 00 00 00
000405   2607834900..2608188780   60 FD 40
000406   2608240340..2622997580   60 18 00 00 7F 00 00 00 00 7F 00 00 00 7F 7F 00 7F 00 7F 00 00 00 7F 00 00 7F 7F 00 00 7F 00 7F 00 7F 00 7F 00 7F 7F 7F 00 00 7F 7F 00 00 7F 7F 7F 00 00 00 00 00 7F 7F 00 00 00 7F 00 00 7F 7F 00 00 7F 00 00 00 00 00 00 00 7F 7F 00 7F 00 7F 00 7F 00 00 00 00 7F 00 00 00 7F 00 00 00 00 00 00 00 00 00 00 00 00 7F 00 00 7F 00 7F 7F 00 00 00 00 00 7F 00 00 00 7F 00 7F 00 00 00 00 00 00 00 00 00 00 00 00
000407   2643242040..2643595780   60 FD 40
000408   2643647000..2658559680   60 18 00 00 7F 7F 00 00 7F 7F 00 00 00 7F 7F 00 7F 00 00 00 00 00 7F 00 00 7F 7F 00 7F 7F 00 00 7F 7F 00 00 00 7F 00 7F 00 00 7F 7F 7F 00 00 7F 7F 7F 00 00 00 7F 7F 7F 00 00 00 00 00 7F 00 7F 00 7F 7F 00 00 7F 00 00 00 00 7F 00 00 00 00 00 00 7F 00 00 00 00 7F 00 7F 00 7F 00 7F 7F 00 00 00 00 00 00 00 00 00 7F 00 00 00 00 7F 00 00 00 00 00 00 00 7F 00 7F 00 00 00 00 00 00 00 00 00 00 00 00 00 00 00
000409   2658703820..2659057460   60 FD 40
000410   2659108740..2674020100   60 18 00 00 7F 7F 00 00 7F 7F 00 00 00 7F 7F 00 7F 7F 00 00 7F 00 7F 00 00 7F 00 7F 7F 00 7F 00 7F 7F 00 00 00 7F 00 00 00 00 00 00 7F 00 00 7F 00 7F 00 00 7F 7F 7F 00 00 00 00 00 7F 7F 00 00 00 7F 7F 00 00 7F 7F 00 00 00 00 00 00 00 00 00 00 00 00 00 00 7F 7F 00 7F 00 7F 00 7F 7F 00 00 00 7F 00 00 00 00 7F 7F 7F 00 00 00 00 00 00 00 00 00 7F 00 7F 00 7F 00 00 00 00 00 00 00 7F 00 00 00 00 00 00 00
000411   2674160920..2674514620   60 FD 40
000412   2674565900..2689481840   60 18 00 00 7F 7F 00 00 7F 00 00 00 00 00 7F 00 7F 7F 00 00 7F 00 00 00 7F 00 00 7F 7F 00 7F 00 7F 7F 00 00 00 7F 00 00 00 00 00 00 7F 00 00 7F 00 7F 00 00 7F 7F 00 00 00 7F 00 00 7F 7F 00 00 00 7F 00 00 7F 7F 7F 00 00 00 00 00 00 00 00 00 00 00 00 00 00 7F 7F 00 7F 00 7F 00 7F 7F 00 00 00 7F 7F 00 00 00 7F 7F 7F 00 00 00 00 00 00 00 00 7F 7F 00 7F 00 7F 00 00 00 00 00 00 00 7F 7F 00 00 00 00 00 00
000413   2709736360..2710100320   60 FD 40
000414   2710151840..2724959020   60 18 00 00 00 00 00 00 00 00 00 00 00 00 7F 00 7F 7F 7F 7F 7F 00 00 00 7F 00 00 7F 00 00 7F 7F 7F 7F 00 7F 00 7F 7F 00 7F 00 00 00 00 00 7F 7F 00 00 7F 00 7F 00 00 00 00 7F 00 7F 7F 00 00 00 00 00 00 00 7F 00 7F 00 00 00 00 00 00 00 00 7F 00 00 7F 00 00 7F 7F 00 00 00 7F 00 00 7F 7F 00 00 7F 7F 00 00 00 7F 00 7F 7F 7F 00 00 7F 00 00 00 7F 7F 00 00 00 00 00 00 00 00 00 00 00 7F 7F 00 00 00 00 00 00
000415   2725104320..2725458260   60 FD 40
000416   2725509560..2740430840   60 18 00 00 00 00 00 00 00 00 00 00 00 00 7F 00 7F 00 7F 7F 00 00 00 00 7F 00 00 00 00 00 00 7F 7F 7F 00 7F 00 00 7F 7F 7F 00 00 7F 00 00 7F 7F 00 00 7F 00 7F 00 00 7F 00 7F 7F 7F 00 00 00 00 7F 00 00 00 7F 00 00 00 00 00 00 00 00 00 00 7F 00 7F 7F 7F 00 00 7F 00 00 00 7F 7F 00 7F 7F 00 00 7F 7F 00 00 00 00 00 00 7F 7F 00 00 7F 7F 00 00 7F 7F 00 00 00 00 00 00 00 00 00 00 7F 7F 7F 00 7F 7F 00 00 00
000417   2740571740..2740925680   60 FD 40
000418   2740976960..2755899760   60 18 00 7F 00 00 7F 00 00 00 00 7F 00 00 00 00 00 00 7F 7F 00 7F 00 00 00 00 00 00 00 00 00 7F 7F 7F 00 7F 00 00 7F 7F 7F 00 00 7F 00 00 7F 7F 00 00 7F 00 7F 00 00 7F 00 00 7F 7F 00 00 00 00 7F 00 00 00 00 00 00 00 7F 00 00 00 00 00 00 7F 00 7F 7F 7F 00 00 7F 00 00 00 00 7F 00 7F 7F 00 00 7F 00 00 00 00 00 00 00 7F 7F 7F 00 7F 7F 00 7F 00 7F 00 00 00 00 00 00 00 00 00 00 7F 7F 00 7F 7F 7F 00 00 00
000419   2776139480..2776493400   60 FD 40
000420   2776544680..2791456580   60 18 00 7F 7F 7F 7F 7F 7F 00 00 7F 00 00 00 00 00 00 00 00 00 7F 00 00 00 00 00 00 00 00 00 00 00 7F 00 00 00 00 00 7F 00 7F 00 7F 00 00 00 7F 00 7F 00 00 7F 7F 00 7F 00 00 7F 00 00 7F 00 00 7F 7F 00 00 00 7F 00 00 7F 7F 00 00 00 00 00 00 00 7F 7F 7F 00 00 7F 00 00 00 00 7F 00 00 00 00 7F 7F 00 00 00 00 00 00 00 00 7F 7F 00 00 7F 00 7F 00 7F 7F 7F 00 00 00 00 7F 00 00 00 7F 7F 00 7F 7F 7F 00 00 00
000421   2791600700..2791954360   60 FD 40
000422   2792005640..2806924980   60 18 00 7F 7F 7F 7F 7F 7F 00 00 7F 00 00 00 00 00 7F 00 00 00 7F 00 00 00 00 00 00 00 7F 7F 00 00 00 00 00 7F 00 00 00 00 7F 7F 00 00 00 00 00 7F 7F 00 00 7F 7F 00 00 00 00 00 00 00 7F 00 00 7F 7F 00 00 00 7F 00 00 7F 7F 00 00 00 00 00 00 7F 00 7F 7F 7F 00 00 00 00 00 00 00 00 00 00 00 7F 7F 00 00 00 00 7F 00 00 00 7F 7F 00 00 00 00 7F 00 7F 7F 7F 00 00 00 00 7F 00 00 00 7F 00 00 7F 00 00 00 00 00
000423   2807065880..2807419700   60 FD 40
000424   2807470980..2822280760   60 18 00 00 7F 7F 00 7F 7F 00 00 00 00 00 00 00 00 7F 00 00 00 00 7F 00 00 00 00 00 00 7F 7F 00 00 00 00 00 7F 00 00 00 00 7F 7F 00 00 00 00 00 7F 7F 00 7F 7F 7F 00 00 00 00 00 00 00 7F 00 00 7F 7F 00 00 00 7F 00 00 00 7F 00 00 7F 00 00 00 7F 00 7F 7F 7F 00 00 00 00 00 00 00 00 00 00 7F 7F 7F 00 00 00 00 7F 00 00 00 7F 00 00 00 00 00 00 00 7F 7F 7F 7F 00 00 00 7F 00 7F 00 7F 00 00 00 00 00 7F 00 00
000425   2842512280..2842866120   60 FD 40
000426   2842917340..2857838960   60 18 00 00 00 00 00 00 00 00 00 00 00 00 00 00 00 7F 00 7F 00 00 7F 00 00 00 00 00 00 7F 7F 00 00 00 00 00 7F 00 7F 00 7F 00 7F 00 7F 00 7F 00 7F 00 7F 7F 7F 00 00 00 00 00 00 00 00 00 7F 00 7F 7F 00 00 00 00 00 00 00 00 00 7F 7F 7F 00 00 7F 00 00 7F 7F 00 00 00 00 00 00 00 00 7F 7F 7F 00 7F 00 00 00 00 7F 7F 00 7F 00 00 00 7F 00 00 00 00 7F 7F 00 7F 00 7F 00 00 00 7F 00 7F 00 00 00 00 00 7F 00 00
000427   2857983220..2858337440   60 FD 40
000428   2858388800..2873311460   60 18 00 00 00 00 00 00 00 00 00 00 00 00 00 7F 00 00 00 7F 7F 00 7F 00 00 00 00 7F 00 7F 00 00 00 00 00 00 00 00 7F 00 7F 00 7F 00 7F 00 7F 00 7F 00 7F 7F 00 00 00 00 00 00 7F 00 00 00 7F 7F 7F 7F 00 00 00 00 7F 00 00 00 7F 7F 7F 7F 00 00 00 00 00 7F 00 00 00 00 00 00 00 00 00 7F 7F 7F 00 00 00 00 00 00 00 7F 00 7F 00 00 00 7F 7F 00 00 00 00 7F 00 7F 00 7F 00 00 00 7F 00 7F 00 00 00 00 7F 7F 00 00
000429   2873452360..2873806360   60 FD 40
000430   2873857680..2888783120   60 18 00 00 00 00 00 00 00 00 7F 00 00 7F 00 7F 00 00 00 7F 7F 00 00 00 00 00 00 7F 00 7F 00 00 00 00 00 00 00 00 7F 00 7F 00 7F 00 7F 00 7F 00 7F 00 7F 00 00 00 7F 00 00 00 7F 00 00 00 7F 7F 7F 7F 7F 00 00 00 7F 00 00 00 7F 7F 00 7F 00 00 00 00 00 7F 00 00 00 00 00 00 00 00 00 7F 7F 00 00 00 00 00 00 00 00 7F 00 7F 00 00 00 7F 7F 00 00 7F 00 7F 00 00 00 7F 7F 00 00 00 7F 7F 00 00 00 00 7F 00 00 00
000431   2909036880..2909390640   60 FD 40
000432   2909441900..2924272940   60 18 00 00 00 7F 00 00 00 00 7F 00 00 7F 00 7F 00 00 00 00 7F 00 00 00 00 00 00 7F 7F 7F 00 00 7F 00 00 7F 00 00 00 00 00 7F 7F 00 7F 00 00 00 7F 7F 00 00 00 00 7F 00 00 00 7F 00 00 00 00 7F 7F 00 7F 00 00 00 7F 00 00 7F 7F 00 00 00 00 00 00 00 00 7F 00 00 00 00 7F 00 00 00 7F 00 00 00 00 00 00 00 00 00 00 00 00 7F 00 00 00 00 7F 00 00 7F 00 00 00 00 7F 00 7F 7F 00 00 7F 7F 00 00 00 00 7F 00 00 00
000433   2924433140..2924804960   60 FD 40
000434   2924857060..2939771600   60 18 00 00 00 7F 00 00 00 00 7F 00 00 7F 00 00 00 00 00 00 7F 00 00 00 00 00 00 7F 7F 7F 00 00 7F 00 00 7F 00 00 00 00 00 7F 7F 00 7F 00 00 00 7F 7F 00 00 00 00 7F 7F 00 00 00 00 7F 00 00 00 00 00 7F 00 00 00 7F 7F 00 7F 00 00 00 00 00 00 00 00 00 00 00 7F 00 00 7F 00 00 7F 7F 00 00 00 00 00 00 00 00 00 00 00 00 7F 00 00 00 00 00 00 00 7F 00 00 00 00 7F 00 7F 7F 00 00 7F 00 00 00 00 7F 00 00 00 00
000435   2939912540..2940266460   60 FD 40
000436   2940317740..2955227680   60 18 7F 00 00 7F 00 00 00 00 00 00 00 00 00 00 7F 00 00 00 7F 7F 00 00 00 00 00 7F 7F 7F 00 00 7F 00 00 7F 00 00 00 00 00 7F 7F 00 7F 00 00 00 7F 7F 00 00 00 00 00 7F 00 7F 00 00 7F 00 00 00 00 00 00 00 7F 00 7F 7F 00 7F 00 00 00 00 00 00 00 00 00 00 00 7F 00 00 7F 00 00 7F 7F 00 00 00 00 00 00 7F 00 7F 00 00 00 7F 00 00 00 00 00 00 00 00 00 00 00 00 7F 00 00 7F 00 00 00 00 00 00 00 7F 00 00 00 00
000437   2975470680..2975824800   60 FD 40
000438   2975876080..2990795540   60 18 7F 00 7F 00 00 7F 00 00 00 00 00 00 00 00 7F 00 7F 00 7F 7F 00 00 00 00 00 7F 00 7F 00 7F 00 00 00 7F 00 00 00 00 00 00 7F 00 00 00 7F 00 7F 00 00 00 00 00 00 7F 00 7F 00 7F 7F 00 7F 00 00 00 00 00 7F 00 7F 7F 00 00 00 00 00 00 00 7F 00 00 00 00 00 7F 00 00 00 00 00 7F 00 00 00 00 7F 00 00 7F 00 7F 00 7F 00 00 7F 00 00 7F 00 00 00 00 00 00 7F 00 00 7F 00 00 00 00 00 00 00 00 00 7F 00 00 00 00
000439   2990939680..2991293500   60 FD 40
000440   2991344780..3006258300   60 18 7F 00 7F 00 00 7F 00 00 00 00 00 00 00 00 7F 00 7F 00 7F 7F 00 00 00 00 7F 7F 00 00 00 7F 00 00 00 7F 7F 00 00 7F 00 00 00 00 00 00 7F 7F 00 00 00 00 00 00 00 7F 00 7F 00 7F 00 00 7F 00 00 00 00 00 7F 00 7F 00 00 00 00 00 00 00 00 7F 00 7F 00 00 00 00 00 7F 00 00 00 7F 00 00 00 00 7F 00 00 7F 00 7F 00 7F 00 00 7F 00 00 7F 00 00 00 00 00 00 7F 00 00 7F 00 00 00 00 00 00 00 00 00 7F 00 00 00 00
000441   3006399220..3006753360   60 FD 40
000442   3006804680..3021722960   60 18 00 7F 7F 00 7F 7F 00 7F 00 7F 00 00 00 00 00 00 7F 00 7F 00 00 00 7F 7F 7F 7F 00 00 00 7F 00 00 00 7F 7F 00 00 7F 00 00 00 00 00 00 7F 7F 00 00 00 00 00 00 00 7F 00 00 00 7F 00 00 7F 00 00 00 00 00 00 00 7F 00 00 00 00 00 00 00 00 7F 00 7F 00 00 00 00 00 7F 00 00 00 7F 00 00 00 7F 7F 00 7F 00 00 00 00 7F 00 00 7F 00 00 7F 00 00 00 00 00 00 7F 00 00 7F 00 00 00 00 00 00 00 7F 7F 7F 00 7F 00 00
000443   3041966500..3042320320   60 FD 40
000444   3042371580..3057286400   60 18 00 7F 7F 7F 7F 7F 7F 7F 00 7F 00 00 00 00 00 00 00 00 7F 00 00 00 7F 7F 7F 7F 7F 00 00 00 7F 00 00 00 7F 00 7F 7F 00 00 00 00 00 00 00 7F 00 00 00 00 00 7F 00 7F 00 00 00 00 00 7F 00 00 00 7F 00 00 00 7F 7F 00 00 00 00 7F 00 7F 00 00 00 7F 00 00 00 00 00 7F 7F 00 00 7F 00 7F 00 7F 7F 00 7F 00 00 00 00 00 00 00 00 00 00 00 00 00 00 00 00 00 7F 00 00 00 00 00 00 00 00 00 00 7F 7F 7F 00 7F 00 00
000445   3057430460..3057784280   60 FD 40
000446   3057835560..3072747940   60 18 00 7F 7F 7F 7F 7F 7F 7F 00 7F 00 00 00 7F 00 7F 00 00 00 00 00 00 7F 7F 00 00 7F 00 7F 00 7F 00 00 00 00 7F 7F 00 00 00 00 00 00 00 00 00 00 00 00 00 7F 7F 00 7F 00 00 00 00 00 7F 00 00 00 7F 00 00 00 7F 00 00 00 00 00 7F 00 7F 00 00 7F 00 00 00 7F 00 00 00 7F 00 00 7F 00 7F 00 7F 7F 00 7F 00 00 00 00 00 00 00 00 00 7F 00 00 00 00 00 00 00 7F 00 00 00 00 00 00 00 00 00 00 7F 7F 7F 00 7F 00 00
000447   3072888760..3073242480   60 FD 40
000448   3073293740..3088201760   60 18 00 00 7F 7F 00 7F 7F 00 00 00 00 00 7F 7F 00 7F 00 00 00 00 00 00 00 00 00 00 7F 00 7F 00 7F 00 00 00 00 7F 7F 00 00 00 00 00 00 00 00 00 00 00 00 00 7F 7F 00 7F 00 00 00 00 00 7F 00 00 00 7F 00 00 00 7F 00 00 7F 00 00 7F 00 7F 00 00 7F 00 00 00 7F 00 00 00 7F 00 7F 7F 00 7F 00 7F 7F 00 00 00 00 00 00 00 00 00 00 7F 7F 00 00 00 7F 00 00 00 7F 7F 00 00 7F 00 00 7F 7F 00 00 7F 00 7F 00 00 00 00
000449   3108459880..3108814120   60 FD 40
000450   3108865420..3123785540   60 18 00 00 00 00 00 7F 00 00 00 00 00 00 7F 7F 00 7F 00 7F 00 00 00 00 00 00 00 00 00 00 7F 00 00 00 00 00 00 7F 7F 00 7F 00 00 00 00 00 00 00 00 7F 7F 00 7F 00 00 7F 00 00 00 7F 00 00 00 00 00 00 00 00 00 00 00 00 7F 00 00 7F 00 7F 00 7F 7F 00 00 00 7F 00 00 00 00 00 7F 7F 7F 7F 7F 7F 7F 00 00 00 00 00 00 00 00 7F 7F 7F 7F 7F 00 00 7F 00 00 00 7F 7F 7F 00 7F 00 00 7F 7F 00 00 7F 00 7F 00 00 00 00
000451   3123929720..3124283640   60 FD 40
000452   3124334940..3139208900   60 18 00 00 00 00 00 7F 00 00 00 00 00 00 7F 00 00 00 00 7F 00 00 00 00 00 00 00 00 00 00 00 00 00 7F 00 00 00 00 7F 00 7F 00 00 00 00 00 00 00 00 7F 7F 00 00 00 00 00 00 00 7F 7F 00 00 00 7F 00 00 00 00 00 00 00 7F 7F 00 7F 7F 00 7F 00 7F 00 00 00 7F 00 00 7F 00 00 00 7F 00 7F 7F 7F 7F 7F 00 00 00 00 00 00 00 7F 7F 7F 7F 00 7F 00 00 7F 00 00 00 7F 7F 7F 00 7F 00 00 7F 7F 00 7F 7F 00 00 7F 00 00 00
000453   3139338860..3139669100   60 FD 40
000454   3139709980..3154626040   60 18 7F 00 00 00 00 7F 00 00 00 00 00 7F 00 00 00 00 00 7F 00 00 7F 00 00 00 00 00 00 00 00 00 00 7F 00 00 00 00 7F 00 7F 00 00 00 00 00 00 00 00 7F 7F 7F 00 00 00 00 00 00 7F 7F 00 00 00 7F 00 00 7F 00 00 00 00 7F 7F 00 7F 7F 7F 7F 00 7F 00 00 00 7F 00 00 7F 00 00 00 00 00 7F 7F 7F 7F 7F 00 00 7F 00 00 00 00 7F 7F 7F 00 00 7F 00 00 00 00 00 00 7F 00 7F 00 7F 00 00 00 00 00 7F 7F 00 00 7F 00 00 00
000455   3174863160..3175217020   60 FD 40
000456   3175268260..3190185500   60 18 7F 00 00 00 00 00 7F 00 00 00 00 7F 00 00 00 00 7F 00 00 00 7F 00 00 00 00 00 00 00 00 7F 00 7F 00 00 00 00 7F 00 00 7F 00 00 00 00 7F 00 00 7F 00 7F 00 00 00 00 00 00 7F 00 00 7F 00 7F 00 7F 7F 00 00 00 00 7F 7F 7F 7F 7F 7F 7F 00 00 00 00 7F 7F 00 00 7F 00 00 00 00 00 7F 00 00 7F 00 00 00 7F 00 00 00 00 7F 00 00 00 00 00 00 00 00 00 00 00 00 00 7F 00 7F 00 00 00 00 00 7F 7F 00 00 7F 00 00 00
000457   3190329680..3190683500   60 FD 40
000458   3190734780..3205650740   60 18 7F 00 00 00 00 00 7F 00 00 00 00 7F 00 00 00 00 7F 00 00 00 7F 00 00 00 7F 00 00 00 00 7F 00 00 00 00 00 00 7F 00 00 7F 00 7F 00 00 7F 00 7F 7F 00 7F 00 00 00 00 00 00 00 00 7F 7F 00 00 00 7F 7F 00 00 00 00 00 7F 7F 00 7F 7F 7F 00 00 00 00 7F 00 00 7F 00 00 00 00 00 00 7F 00 00 7F 00 7F 00 7F 00 00 00 00 00 00 00 00 00 00 00 00 00 00 7F 00 00 00 7F 00 7F 00 00 00 00 00 00 7F 00 00 00 00 00 00
000459   3205791560..3206145360   60 FD 40
000460   3206196640..3221115020   60 18 00 00 00 00 00 00 7F 7F 7F 00 00 00 00 00 00 00 7F 00 00 00 00 00 00 7F 7F 00 00 00 00 7F 00 00 00 00 00 00 7F 00 00 7F 00 7F 00 00 7F 00 7F 7F 00 7F 00 00 7F 00 00 7F 00 00 7F 7F 00 00 00 7F 00 00 7F 00 00 00 7F 7F 00 7F 00 7F 00 00 00 00 7F 00 00 7F 00 00 00 00 00 00 7F 00 00 7F 00 7F 00 7F 00 00 00 00 00 00 00 00 00 00 00 00 00 7F 7F 00 00 00 7F 00 7F 00 00 00 00 00 00 7F 00 00 00 00 00 00
000461   3241354460..3241704700   60 FD 40
000462   3241755400..3256501720   60 18 00 00 00 7F 00 00 00 7F 7F 00 00 00 00 00 00 00 7F 7F 00 00 00 00 00 7F 7F 00 00 00 00 7F 00 00 00 00 00 00 00 00 00 00 00 7F 00 00 7F 00 7F 7F 7F 7F 00 7F 7F 00 00 7F 00 00 7F 00 7F 00 00 00 00 00 7F 7F 00 00 7F 00 00 00 00 00 00 00 00 00 00 00 00 7F 00 00 00 00 00 00 7F 00 00 7F 00 7F 00 7F 00 00 00 00 00 7F 00 00 00 00 00 00 00 7F 7F 7F 00 00 7F 7F 7F 00 00 00 00 00 00 7F 00 00 00 00 00 00
000463   3256647100..3257001140   60 FD 40
000464   3257052460..3271969880   60 18 00 00 00 7F 00 00 00 7F 7F 00 00 00 00 00 00 00 7F 7F 00 00 00 00 00 7F 00 7F 00 00 00 7F 00 00 00 00 00 7F 00 7F 00 00 00 00 00 00 7F 00 00 7F 7F 7F 00 7F 7F 00 00 7F 00 00 00 00 7F 00 7F 00 00 00 7F 7F 00 00 7F 00 00 00 00 00 00 00 00 7F 00 00 00 00 00 00 00 00 00 00 7F 00 00 7F 00 00 00 7F 00 00 7F 00 00 7F 00 00 00 00 00 00 00 7F 00 7F 00 00 7F 7F 7F 00 00 00 00 7F 00 7F 00 00 00 00 00 00
000465   3272110760..3272464540   60 FD 40
000466   3272515820..3287439140   60 18 00 00 00 7F 7F 00 00 7F 00 7F 00 00 7F 00 7F 00 7F 7F 00 7F 00 00 00 00 00 7F 00 00 00 7F 00 00 00 00 00 7F 00 7F 00 00 00 00 00 00 7F 00 00 7F 7F 7F 00 7F 7F 00 00 00 00 00 00 00 7F 00 7F 00 00 00 00 7F 00 00 7F 00 00 00 00 00 00 00 00 7F 00 00 00 00 00 00 00 00 7F 00 7F 00 00 7F 00 00 00 7F 00 7F 7F 00 00 7F 00 00 00 00 00 00 00 00 00 7F 00 00 7F 7F 7F 00 00 00 00 7F 00 00 00 00 00 00 00 00
000467   3307699420..3308053520   60 FD 40
000468   3308104800..3323021900   60 18 00 00 00 7F 7F 00 00 7F 00 7F 00 00 7F 00 7F 00 7F 00 00 7F 00 00 00 00 00 7F 7F 00 00 7F 00 00 00 00 00 7F 00 7F 7F 00 00 00 7F 00 7F 00 00 00 00 7F 00 7F 7F 00 00 00 00 00 00 00 00 00 7F 00 00 00 00 7F 00 00 7F 00 00 00 00 00 00 00 00 7F 00 00 00 00 00 00 7F 00 7F 00 00 00 7F 7F 00 00 00 7F 00 7F 7F 00 00 00 00 00 00 7F 00 00 00 00 00 00 00 00 00 00 7F 00 00 00 00 7F 00 00 00 00 00 00 00 00
000469   3323166120..3323520080   60 FD 40
000470   3323571360..3338490120   60 18 00 00 00 7F 7F 00 00 7F 00 7F 00 00 7F 00 7F 7F 7F 00 00 7F 00 00 00 00 00 00 7F 7F 7F 7F 00 7F 00 00 7F 00 00 00 7F 00 7F 00 7F 00 7F 7F 00 00 00 7F 00 7F 7F 7F 00 00 00 00 00 00 00 00 00 00 00 00 00 7F 00 00 7F 00 00 00 00 00 00 00 7F 00 00 00 7F 00 7F 7F 7F 00 7F 00 00 00 7F 7F 00 00 00 7F 00 7F 00 00 00 00 00 00 00 7F 7F 00 00 00 00 00 00 00 00 00 7F 00 00 00 00 00 7F 00 00 00 00 00 00 00
000471   3338631000..3338984940   60 FD 40
000472   3339036260..3353822620   60 18 00 00 00 7F 00 00 00 7F 00 00 00 00 00 00 7F 7F 7F 00 00 00 00 00 00 00 00 00 7F 7F 7F 7F 00 7F 00 00 7F 00 00 00 7F 00 7F 00 7F 00 7F 7F 00 00 00 7F 00 7F 7F 7F 00 00 00 00 00 00 00 00 00 00 00 00 00 7F 00 00 00 00 00 00 00 00 00 00 7F 00 00 00 7F 00 7F 7F 7F 00 7F 00 00 00 7F 00 00 00 00 7F 00 00 00 00 00 00 00 00 00 7F 7F 00 00 00 00 00 00 00 00 00 7F 00 00 00 00 00 7F 00 00 00 00 00 00 00
000473   3374072140..3374425840   60 FD 40
000474   3374477120..3389387900   60 18 00 00 00 7F 00 00 00 7F 00 00 00 00 00 00 7F 7F 00 00 00 00 00 00 00 00 00 00 00 7F 7F 00 00 7F 00 7F 7F 00 00 00 7F 00 7F 00 00 00 00 7F 00 00 00 7F 00 7F 7F 7F 00 00 00 7F 00 00 00 00 00 00 00 00 00 7F 00 00 00 00 00 00 00 00 00 7F 7F 00 7F 00 7F 00 7F 7F 00 00 7F 00 00 00 7F 00 00 00 00 7F 00 00 00 00 00 00 00 00 00 7F 7F 00 00 00 00 00 7F 00 00 00 7F 7F 00 00 00 00 7F 00 00 00 00 00 00 00
000475   3389532020..3389885760   60 FD 40
000476   3389937040..3404849600   60 18 00 00 00 7F 00 00 00 7F 00 00 00 00 00 7F 7F 00 00 00 7F 00 00 00 00 00 00 00 00 00 00 00 00 00 00 7F 00 00 00 00 7F 00 00 00 00 00 00 7F 00 00 00 7F 7F 7F 7F 00 00 00 7F 7F 00 00 00 7F 00 00 00 00 00 7F 7F 00 00 00 7F 00 00 00 00 7F 00 00 7F 00 00 00 7F 00 00 00 7F 00 00 00 7F 00 00 7F 00 7F 00 00 00 00 00 00 00 00 7F 7F 00 00 00 00 7F 00 7F 00 00 00 7F 7F 00 00 00 00 00 00 00 00 7F 00 00 00
000477   3404990500..3405344240   60 FD 40
000478   3405395500..3420310360   60 18 00 7F 00 7F 00 00 00 7F 00 00 00 00 00 7F 7F 00 00 00 7F 00 00 00 7F 00 00 00 00 00 00 00 00 00 00 7F 00 00 00 00 7F 00 00 00 00 00 00 7F 00 00 00 00 7F 7F 7F 00 00 00 7F 7F 00 00 00 7F 00 00 00 00 00 7F 7F 00 00 00 7F 00 00 00 00 7F 00 00 7F 00 00 00 7F 00 00 00 7F 00 00 00 7F 7F 00 7F 7F 7F 00 00 00 00 00 00 00 00 7F 7F 00 00 00 00 7F 00 7F 00 00 00 00 7F 00 00 00 00 00 7F 7F 00 7F 7F 00 00
000479   3440535920..3440889680   60 FD 40
000480   3440940920..3455711780   60 18 00 7F 7F 00 00 00 7F 7F 00 00 00 00 00 7F 7F 00 00 00 7F 00 00 00 7F 00 00 00 00 00 00 00 00 00 00 00 00 00 7F 00 7F 7F 00 00 00 00 00 7F 00 00 00 00 7F 00 7F 00 00 00 7F 00 00 7F 00 7F 00 00 00 00 00 00 7F 00 00 7F 7F 00 00 00 00 00 00 00 00 00 00 00 7F 00 00 00 7F 00 00 00 7F 7F 00 7F 7F 7F 00 00 00 7F 00 00 00 00 7F 7F 00 00 00 00 7F 7F 00 00 00 00 00 00 00 00 00 00 00 7F 7F 00 7F 7F 00 00
000481   3455857160..3456210980   60 FD 40
000482   3456262260..3471178800   60 18 00 7F 7F 00 00 00 7F 7F 00 00 00 00 00 00 7F 00 00 00 00 00 00 00 7F 00 00 00 00 00 00 00 00 00 00 00 00 00 7F 00 7F 7F 00 00 00 00 00 7F 00 00 00 00 7F 00 7F 00 00 00 00 00 7F 7F 00 00 7F 00 00 00 00 00 00 7F 00 7F 00 00 00 00 00 00 00 00 00 7F 00 7F 7F 00 00 00 7F 7F 00 00 7F 7F 00 7F 7F 7F 00 00 00 7F 7F 00 00 00 00 7F 00 00 00 00 00 7F 00 00 00 00 00 00 00 00 00 7F 00 7F 7F 7F 00 7F 00 00
000483   3471319720..3471673740   60 FD 40
000484   3471725040..3486642120   60 18 00 00 7F 00 00 00 7F 7F 00 00 00 00 00 00 7F 00 00 00 00 00 00 00 00 00 00 00 00 00 00 00 00 00 00 00 00 00 7F 00 7F 7F 00 00 00 00 00 7F 00 00 00 00 7F 00 00 00 00 00 00 00 7F 7F 00 00 7F 00 00 00 00 00 00 7F 7F 7F 00 00 00 00 00 00 00 00 00 7F 00 7F 7F 00 00 00 7F 7F 00 00 7F 00 00 7F 00 00 00 00 00 7F 7F 00 00 7F 00 7F 00 00 7F 00 00 7F 00 7F 00 00 7F 00 00 7F 7F 7F 00 00 00 7F 00 7F 00 00
000485   3506877840..3507231400   60 FD 40
000486   3507282600..3522194700   60 18 00 00 00 00 00 7F 00 7F 00 00 00 00 00 00 7F 00 00 7F 00 00 00 00 00 00 00 00 00 00 00 00 7F 00 00 00 00 00 00 00 00 00 00 00 7F 00 00 7F 00 7F 7F 00 7F 00 00 00 00 00 00 00 7F 00 7F 00 7F 00 00 00 00 00 00 7F 7F 00 00 00 00 00 00 00 00 00 00 7F 00 7F 7F 00 00 00 7F 7F 00 7F 00 00 7F 7F 00 00 00 00 00 00 7F 00 00 7F 00 00 00 00 7F 00 00 00 00 7F 00 7F 7F 00 00 7F 7F 7F 00 00 00 7F 00 7F 00 00
000487   3522338940..3522692860   60 FD 40
000488   3522744180..3537664520   60 18 00 00 00 00 00 7F 00 7F 00 00 00 00 00 00 7F 00 00 7F 00 00 00 00 00 00 7F 00 00 7F 00 00 7F 00 00 00 00 00 00 7F 00 00 7F 7F 7F 00 00 7F 7F 7F 7F 00 7F 00 00 00 00 00 00 00 00 00 7F 00 7F 00 00 00 00 00 00 00 7F 00 00 00 00 00 00 00 00 7F 00 7F 00 00 7F 00 00 00 7F 00 00 7F 00 00 7F 7F 00 00 00 00 00 00 00 00 00 7F 00 00 00 00 7F 00 00 00 00 7F 00 7F 7F 00 00 7F 7F 00 00 00 00 00 00 7F 00 00
000489   3537805320..3538159040   60 FD 40
000490   3538210320..3553129860   60 18 7F 00 00 00 00 7F 00 00 00 00 00 7F 00 00 00 00 00 7F 00 00 7F 00 00 00 7F 00 00 7F 00 00 7F 00 00 00 00 00 00 7F 00 00 7F 7F 7F 00 00 7F 7F 7F 7F 7F 7F 00 00 00 00 00 00 00 00 00 7F 00 7F 00 7F 00 00 00 00 00 00 00 00 00 7F 00 00 00 00 7F 00 7F 00 00 7F 00 00 00 7F 00 00 7F 00 00 7F 7F 00 7F 00 00 00 00 00 00 00 00 00 00 00 00 00 00 00 00 00 00 00 7F 00 00 00 00 7F 00 00 00 00 00 00 7F 00 00
000491   3573373900..3573727620   60 FD 40
000492   3573778880..3588701460   60 18 7F 00 00 00 00 00 00 00 00 00 00 7F 00 00 00 00 00 00 00 00 7F 00 00 00 7F 00 7F 7F 00 00 00 00 00 7F 00 00 00 7F 00 00 7F 7F 00 00 7F 7F 7F 00 00 7F 7F 00 00 00 00 00 00 00 00 00 00 00 7F 00 7F 00 00 00 00 00 00 00 00 7F 7F 7F 00 00 00 7F 00 7F 00 00 7F 00 7F 00 7F 00 00 00 00 00 00 7F 00 7F 00 00 00 00 00 00 7F 00 00 00 00 00 00 00 00 00 00 00 00 00 00 00 00 00 7F 00 00 00 00 00 00 7F 00 00
000493   3588845640..3589199580   60 FD 40
000494   3589250880..3604171480   60 18 7F 00 00 00 00 00 00 00 00 00 00 7F 00 00 00 7F 00 00 7F 00 7F 00 00 00 00 7F 7F 00 7F 00 00 00 00 7F 00 7F 00 00 00 00 7F 00 00 00 7F 00 7F 00 00 7F 7F 00 00 00 00 00 00 00 00 00 00 00 7F 00 7F 00 00 00 7F 00 00 00 00 7F 7F 7F 00 00 00 00 00 7F 00 00 7F 00 7F 00 7F 00 00 00 00 00 00 7F 00 7F 00 00 7F 00 00 00 7F 00 00 00 00 00 00 00 00 00 00 00 00 00 00 00 00 00 7F 00 00 00 00 00 00 7F 00 00
000495   3604312380..3604666360   60 FD 40
000496   3604717680..3619651640   60 18 7F 00 00 00 00 00 00 7F 7F 00 00 00 00 00 00 7F 00 00 7F 00 00 00 00 7F 00 7F 7F 00 7F 00 00 00 00 7F 00 7F 00 00 00 00 7F 00 00 00 7F 00 7F 00 00 00 7F 00 7F 00 00 7F 00 00 00 00 00 00 7F 00 00 00 7F 00 7F 00 00 00 00 7F 00 7F 00 00 00 00 00 7F 00 00 7F 00 7F 00 00 00 00 00 00 00 00 7F 00 00 00 00 7F 00 00 00 7F 00 00 00 00 00 00 7F 00 00 00 00 00 00 00 00 00 00 7F 00 00 00 00 00 00 7F 00 00
000497   3639897580..3640251600   60 FD 40
000498   3640302880..3655226120   60 18 7F 00 7F 7F 00 00 00 7F 7F 00 00 00 00 00 00 7F 00 00 7F 00 00 00 00 7F 00 7F 00 00 7F 00 00 00 00 00 00 7F 00 00 00 00 7F 00 00 00 00 00 7F 00 00 00 7F 00 7F 00 00 7F 00 7F 00 00 00 00 7F 7F 00 00 7F 00 7F 00 00 00 00 00 00 00 00 7F 00 00 00 7F 00 00 7F 00 00 00 00 00 7F 00 00 00 00 7F 00 00 00 00 7F 00 00 00 00 00 00 00 00 00 00 7F 00 00 00 00 7F 00 00 00 00 00 7F 00 00 00 00 00 00 7F 00 00
000499   3655370260..3655724340   60 FD 40
000500   3655775620..3670577400   60 18 7F 00 7F 7F 00 00 00 7F 7F 00 00 00 00 00 00 00 00 00 7F 00 00 00 00 7F 00 7F 00 00 00 00 00 00 00 00 00 00 00 00 00 00 7F 00 00 00 00 00 7F 00 00 00 00 00 7F 7F 00 7F 7F 7F 00 00 00 00 7F 7F 00 00 7F 00 00 00 00 00 00 00 00 00 00 7F 00 00 00 7F 00 00 00 00 00 00 00 7F 7F 00 00 00 00 7F 00 00 00 00 00 00 00 00 00 00 00 00 7F 00 00 7F 00 00 00 00 7F 00 00 00 00 00 7F 00 7F 00 00 7F 7F 7F 00 00
000501   3670719420..3671073300   60 FD 40
000502   3671124600..3686046060   60 18 7F 00 7F 7F 7F 00 00 00 00 7F 00 00 7F 00 7F 00 00 00 7F 7F 00 00 00 7F 00 7F 00 00 00 00 00 00 00 00 00 00 00 00 00 00 7F 00 00 00 00 00 7F 00 00 00 00 00 00 7F 00 00 7F 7F 00 00 00 00 7F 7F 00 00 00 00 00 00 00 00 00 00 00 00 00 7F 00 00 00 7F 00 00 00 00 00 00 7F 7F 7F 00 00 00 00 7F 00 00 00 7F 00 00 00 00 00 00 00 00 7F 00 00 00 00 00 00 00 7F 00 00 00 00 00 7F 00 7F 00 00 7F 7F 7F 00 00
000503   3706300740..3706654700   60 FD 40
000504   3706705960..3721620780   60 18 7F 00 00 00 7F 7F 7F 00 00 7F 00 00 7F 00 7F 00 7F 00 7F 7F 00 00 00 7F 00 7F 00 00 00 7F 00 00 00 00 00 00 00 00 00 7F 7F 00 00 00 00 00 7F 00 00 00 00 00 00 7F 00 00 7F 00 00 7F 00 00 7F 00 00 00 00 00 00 00 00 7F 00 00 00 00 00 00 00 00 7F 7F 00 00 00 00 00 00 7F 7F 00 7F 00 00 7F 7F 00 00 00 7F 00 00 00 7F 00 00 00 7F 7F 00 00 00 00 00 7F 00 00 00 00 7F 00 00 7F 00 7F 00 00 7F 7F 7F 00 00
000505   3721765020..3722118980   60 FD 40
000506   3722170300..3737095600   60 18 7F 00 00 00 7F 7F 7F 00 00 7F 00 00 7F 00 7F 00 7F 00 7F 7F 00 00 00 7F 00 7F 00 00 00 7F 00 7F 00 00 7F 00 00 00 00 7F 7F 00 00 00 00 7F 7F 00 00 00 00 00 00 7F 00 00 00 00 00 7F 00 00 7F 00 00 00 00 00 00 00 00 7F 00 00 00 00 00 00 7F 00 7F 00 7F 00 7F 7F 00 00 7F 7F 00 7F 00 00 7F 00 00 00 00 7F 00 00 00 7F 00 00 00 7F 00 00 00 00 00 00 7F 00 00 00 00 7F 00 00 7F 00 00 00 00 00 00 7F 00 00
000507   3737236580..3737590780   60 FD 40
000508   3737642080..3752567700   60 18 7F 00 00 00 00 7F 7F 00 00 00 00 00 7F 00 00 00 7F 00 7F 00 00 00 00 7F 00 7F 00 00 00 7F 00 7F 00 00 7F 00 00 00 00 7F 7F 00 00 00 00 7F 7F 00 00 00 00 00 00 7F 00 00 00 00 00 7F 00 00 7F 00 00 00 00 00 00 00 00 7F 00 00 00 00 00 00 7F 00 7F 00 7F 00 7F 7F 00 00 00 7F 00 7F 00 00 7F 00 00 00 00 00 00 00 00 7F 00 00 00 7F 00 00 00 00 00 00 7F 00 00 00 00 7F 00 00 7F 00 00 00 00 00 00 00 00 00
000509   3772827200..3773181240   60 FD 40
000510   3773232540..3788153120   60 18 7F 00 00 00 00 00 00 00 00 00 00 00 7F 00 00 00 00 7F 7F 00 00 00 00 7F 00 7F 00 00 00 00 00 7F 00 00 7F 00 7F 00 00 00 7F 00 00 00 00 7F 7F 00 7F 00 00 7F 00 7F 00 00 00 00 00 00 7F 00 7F 00 00 00 00 7F 00 00 00 00 00 7F 00 7F 00 00 7F 00 00 00 7F 00 7F 7F 00 00 00 7F 00 00 00 00 7F 00 00 00 00 00 00 7F 00 00 00 00 00 00 00 00 00 00 00 7F 7F 00 00 7F 00 00 00 00 7F 00 00 00 00 00 00 00 00 00
000511   3788297260..3788651040   60 FD 40
000512   3788702320..3803621620   60 18 7F 00 00 00 00 00 00 00 00 00 00 00 7F 7F 00 00 00 7F 7F 00 00 00 00 7F 00 7F 00 00 00 00 00 7F 00 00 00 00 7F 00 00 00 7F 00 00 00 00 00 00 00 7F 00 7F 7F 00 7F 00 00 00 00 00 00 7F 7F 00 00 00 00 00 7F 00 00 00 00 7F 7F 00 7F 00 00 00 00 00 00 00 00 00 00 00 00 00 7F 00 00 00 00 7F 7F 00 00 00 00 00 7F 00 00 00 00 7F 00 00 00 00 00 7F 7F 7F 00 00 7F 00 00 00 00 7F 00 00 00 00 00 00 00 00 00
000513   3803762480..3804116400   60 FD 40
000514   3804167700..3819086680   60 18 7F 00 00 00 00 00 00 00 00 00 00 00 7F 7F 00 00 00 7F 7F 00 00 00 7F 7F 00 7F 00 00 00 00 00 7F 00 00 00 00 7F 00 00 00 7F 00 00 00 00 00 00 00 7F 00 7F 7F 00 7F 00 00 00 00 00 00 7F 7F 00 00 00 00 00 7F 00 00 00 00 7F 7F 00 7F 00 00 00 00 00 00 00 00 00 00 00 00 00 7F 00 00 00 00 7F 7F 00 00 00 00 00 7F 00 00 00 00 7F 00 00 00 00 00 7F 7F 7F 00 00 7F 00 00 00 00 00 00 00 7F 00 00 00 00 00 00
000515   3839320280..3839674080   60 FD 40
000516   3839725320..3854639980   60 18 7F 00 00 00 00 00 00 00 00 00 00 00 7F 7F 00 00 00 00 7F 00 00 00 7F 7F 00 7F 7F 00 00 00 7F 7F 00 00 00 00 7F 00 7F 00 7F 00 7F 00 00 00 00 7F 00 00 7F 00 00 7F 00 00 00 00 00 00 00 7F 00 00 00 00 00 00 00 00 00 00 7F 7F 00 00 00 00 00 00 00 00 00 00 00 00 7F 00 00 7F 7F 00 7F 00 7F 7F 00 00 00 00 00 00 00 00 00 00 7F 00 00 00 00 00 7F 00 7F 00 7F 00 00 00 00 00 00 00 00 7F 00 00 00 00 00 00
000517   3854784040..3855137920   60 FD 40
000518   3855189200..3869935100   60 18 7F 00 00 00 00 00 00 00 00 00 00 00 7F 00 00 00 00 00 7F 00 00 00 7F 7F 00 00 7F 00 00 00 7F 7F 00 00 00 00 7F 00 7F 00 00 00 7F 00 00 00 00 7F 00 00 00 00 00 7F 00 00 00 00 7F 00 00 00 7F 00 00 00 00 00 00 7F 00 00 00 7F 00 00 00 00 00 00 00 7F 00 7F 00 00 7F 00 00 7F 7F 00 7F 00 7F 00 00 00 00 00 00 00 7F 00 00 00 00 00 00 00 00 00 7F 00 7F 00 7F 00 00 00 00 00 00 7F 00 7F 00 00 00 00 00 00
000519   3870077120..3870430940   60 FD 40
000520   3870482220..3885397600   60 18 00 00 00 00 00 00 00 00 00 00 00 00 7F 00 00 00 00 00 7F 00 00 00 7F 7F 00 00 7F 00 00 00 7F 7F 00 00 00 00 7F 00 7F 00 00 00 7F 00 00 00 00 7F 00 00 00 00 00 7F 00 00 00 00 7F 00 00 00 7F 00 00 00 00 00 00 7F 7F 00 00 7F 00 00 00 00 00 00 00 7F 00 7F 00 00 7F 00 00 7F 7F 00 7F 00 7F 00 7F 00 00 00 00 00 7F 00 00 00 00 00 00 00 7F 00 7F 00 7F 00 7F 00 00 00 00 00 00 7F 00 00 00 00 00 00 00 00
000521   3905631760..3905985560   60 FD 40
000522   3906036840..3920951900   60 18 00 00 00 00 00 00 00 00 00 00 00 00 7F 00 00 00 7F 00 7F 00 00 00 7F 7F 00 00 00 00 00 7F 00 7F 00 7F 00 00 7F 00 00 00 00 00 00 00 7F 00 00 7F 00 00 00 00 00 7F 00 00 00 7F 7F 00 00 00 7F 00 00 00 00 00 00 7F 7F 00 00 7F 00 00 00 7F 00 00 00 7F 00 7F 00 00 00 00 00 7F 7F 00 00 00 7F 00 7F 00 00 00 00 00 7F 00 7F 00 00 00 00 00 7F 00 7F 00 7F 00 00 00 00 00 00 00 00 7F 00 00 00 00 00 00 00 00
000523   3921096020..3921449820   60 FD 40
000524   3921501100..3936418360   60 18 00 00 00 00 00 00 00 00 00 00 00 00 7F 00 00 00 7F 00 00 00 00 00 7F 7F 7F 00 00 7F 00 7F 00 7F 00 7F 00 00 7F 7F 00 00 7F 7F 00 00 7F 00 7F 7F 00 00 00 00 00 00 00 00 00 7F 00 00 00 00 00 00 00 00 00 00 00 00 7F 00 00 7F 00 00 00 7F 00 7F 00 00 00 00 00 00 00 00 00 7F 7F 00 00 00 7F 00 7F 00 00 00 00 00 00 00 7F 00 00 00 00 00 7F 00 7F 00 7F 00 00 00 00 00 00 00 00 7F 00 00 00 00 00 00 00 00
000525   3936559240..3936913200   60 FD 40
000526   3936964480..3951883340   60 18 00 00 00 00 00 00 00 00 00 00 00 00 7F 00 00 00 7F 00 00 00 7F 00 7F 00 7F 00 00 7F 00 7F 00 7F 00 7F 00 00 7F 7F 00 00 7F 7F 00 00 7F 00 7F 7F 00 7F 00 00 00 00 00 00 00 7F 00 00 00 00 00 00 00 00 00 00 00 00 00 00 00 7F 00 00 00 7F 00 7F 00 00 00 00 00 00 00 00 00 7F 7F 00 00 00 7F 00 00 00 00 00 00 00 00 00 7F 7F 00 00 00 00 7F 00 7F 00 7F 00 00 00 00 00 00 00 00 7F 00 00 7F 00 00 00 00 00
000527   3972126440..3972480560   60 FD 40
000528   3972531880..3987339460   60 18 00 00 7F 7F 00 00 7F 00 00 00 00 00 7F 00 00 00 00 00 00 00 7F 00 7F 00 7F 00 00 7F 00 7F 00 7F 00 00 00 00 7F 7F 00 00 7F 7F 00 00 7F 00 7F 7F 00 7F 00 7F 00 00 00 00 00 00 00 7F 00 00 00 7F 00 00 00 7F 00 00 00 00 00 7F 00 00 00 00 00 7F 00 00 00 00 00 00 00 00 00 7F 7F 00 00 00 7F 00 00 00 00 00 00 00 00 00 00 7F 00 00 00 00 7F 00 7F 00 00 00 00 00 00 00 00 00 00 7F 00 00 7F 00 00 00 00 00
000529   3987484840..3987838780   60 FD 40
000530   3987890080..4002807900   60 18 00 00 7F 7F 00 00 7F 00 00 00 00 00 7F 00 00 7F 00 00 7F 00 7F 00 7F 00 00 7F 00 7F 7F 7F 00 7F 00 00 00 7F 7F 00 00 00 00 00 00 00 7F 00 00 7F 00 7F 00 7F 00 00 00 00 00 00 00 7F 00 00 00 7F 00 00 00 7F 7F 00 00 00 00 7F 00 00 00 00 00 00 00 00 00 00 00 00 00 00 00 00 7F 00 00 00 7F 00 00 00 00 00 7F 00 00 00 00 7F 00 00 00 00 7F 00 7F 00 00 00 00 00 00 00 00 00 00 7F 00 00 7F 00 00 00 00 00
000531   4002948780..4003302680   60 FD 40
000532   4003353960..4018271900   60 18 00 7F 7F 7F 00 00 7F 00 00 00 00 00 00 00 00 7F 00 00 7F 00 7F 00 7F 00 00 7F 00 7F 7F 7F 00 7F 00 00 00 7F 7F 00 00 00 00 00 00 00 7F 00 00 7F 00 00 00 7F 7F 00 00 00 00 00 00 7F 00 00 00 7F 00 00 00 7F 7F 00 00 00 00 7F 7F 00 00 00 00 00 00 00 00 00 00 00 00 00 00 00 7F 00 00 7F 7F 00 7F 00 00 00 7F 00 00 00 00 00 00 00 00 00 7F 7F 7F 00 00 7F 00 00 00 00 00 00 00 7F 00 7F 7F 00 00 7F 00 00
000533   4038529440..4038883300   60 FD 40
000534   4038934540..4053854540   60 18 00 7F 00 7F 00 00 00 00 00 00 00 00 00 00 00 7F 00 7F 7F 00 7F 00 7F 00 00 7F 00 7F 7F 7F 00 7F 00 00 00 7F 00 00 7F 00 00 00 00 00 7F 00 00 7F 7F 00 00 7F 7F 00 00 00 00 00 00 00 00 00 00 00 00 00 00 00 7F 00 00 00 00 7F 7F 00 00 00 00 00 00 00 00 00 00 00 00 00 00 00 7F 7F 7F 7F 00 00 7F 00 00 00 7F 00 00 7F 00 00 00 7F 00 00 7F 7F 7F 00 00 7F 00 00 00 00 00 00 00 7F 00 7F 7F 00 00 7F 00 00
000535   4053998720..4054352660   60 FD 40
000536   4054403920..4069322420   60 18 00 7F 00 7F 00 00 00 00 00 00 00 00 00 00 00 00 00 7F 00 00 7F 00 7F 00 00 00 00 7F 00 7F 00 00 00 00 00 00 00 00 7F 00 00 00 00 00 7F 00 00 7F 7F 00 00 7F 7F 7F 00 00 7F 00 00 00 00 00 00 00 00 00 00 00 7F 00 00 00 00 7F 7F 00 00 00 00 00 00 00 00 00 00 00 00 00 00 7F 7F 7F 7F 7F 00 00 7F 00 00 00 00 00 00 7F 00 00 00 7F 7F 00 7F 7F 7F 00 00 7F 00 00 00 00 00 00 00 7F 7F 7F 7F 7F 7F 7F 00 00
000537   4069463300..4069817260   60 FD 40
000538   4069868580..4084658840   60 18 00 00 00 7F 00 00 00 00 7F 00 00 00 00 00 7F 00 00 7F 00 7F 7F 00 7F 00 00 00 00 7F 00 7F 00 00 00 00 00 00 00 00 7F 00 00 00 00 00 7F 00 00 7F 7F 00 00 7F 00 7F 00 00 7F 00 00 00 00 00 00 00 7F 00 00 00 7F 00 7F 00 00 7F 00 00 00 00 00 00 00 00 00 00 00 00 00 00 00 7F 7F 7F 7F 00 00 00 00 00 00 00 00 00 00 7F 00 7F 00 7F 7F 00 7F 7F 7F 00 00 7F 00 00 7F 00 00 7F 7F 7F 7F 00 00 7F 7F 00 00 00
000539   4104902280..4105256300   60 FD 40
000540   4105307580..4120233440   60 18 00 00 00 7F 00 7F 00 00 7F 00 00 00 00 00 7F 00 00 00 00 7F 7F 00 7F 00 00 00 00 7F 00 7F 00 00 00 00 00 00 00 00 00 7F 00 00 00 00 7F 00 00 00 00 00 00 7F 00 7F 00 00 7F 00 00 00 00 00 00 00 7F 00 00 00 7F 00 7F 7F 00 00 00 00 00 00 00 00 7F 00 00 00 00 00 00 00 00 7F 7F 00 7F 00 7F 00 00 00 00 00 00 00 00 00 00 7F 00 7F 7F 00 7F 7F 7F 00 7F 7F 00 00 7F 7F 00 7F 7F 7F 7F 00 00 7F 7F 00 00 00
000541   4120377680..4120731600   60 FD 40
000542   4120782880..4135702560   60 18 00 00 00 7F 00 7F 00 00 7F 00 00 00 00 00 7F 00 00 00 00 7F 7F 00 7F 00 00 00 00 7F 00 7F 00 00 00 00 7F 00 00 00 00 7F 00 00 00 00 7F 7F 00 00 00 00 00 7F 00 00 00 00 00 00 00 00 00 00 00 00 7F 00 00 00 7F 00 7F 7F 00 00 00 00 00 00 00 00 7F 00 00 00 00 00 00 00 00 00 7F 00 7F 00 7F 00 00 00 00 00 00 00 00 00 00 7F 00 7F 00 00 7F 7F 00 00 7F 7F 00 00 7F 7F 00 7F 7F 7F 00 00 00 7F 00 00 00 00
000543   4135843460..4136197400   60 FD 40
000544   4136248680..4151167180   60 18 7F 00 00 7F 00 7F 00 00 00 00 00 7F 00 00 00 00 00 00 00 7F 7F 00 00 00 00 00 00 7F 00 7F 00 00 00 00 7F 00 00 00 00 7F 00 00 00 00 7F 7F 00 00 00 7F 00 7F 00 00 00 7F 00 00 00 00 00 00 00 00 7F 00 00 00 7F 00 00 7F 00 00 7F 00 00 00 00 00 7F 00 00 00 00 00 00 00 00 00 7F 00 7F 00 7F 00 00 7F 00 7F 00 00 00 00 00 00 00 7F 00 00 7F 7F 00 00 7F 00 00 00 00 7F 00 00 00 7F 00 00 00 7F 00 00 00 00
000545   4171396480..4171750480   60 FD 40
000546   4171801760..4186569980   60 18 7F 00 00 7F 00 7F 00 00 00 00 00 7F 00 00 00 00 00 00 00 7F 7F 00 00 00 00 00 00 7F 00 7F 00 00 00 00 7F 00 7F 00 00 00 00 00 00 00 00 7F 00 00 00 7F 00 7F 00 00 00 7F 00 00 00 00 7F 00 00 00 7F 00 00 00 7F 00 00 00 00 7F 7F 7F 00 00 00 00 00 00 00 00 00 00 00 00 00 00 00 00 7F 00 00 00 00 7F 00 7F 00 7F 00 00 00 00 00 7F 00 00 7F 7F 00 7F 00 00 00 7F 00 00 00 00 00 7F 00 00 00 7F 00 00 00 00
000547   4186715360..4187069400   60 FD 40
000548   4187120700..4202037640   60 18 7F 00 00 7F 00 7F 00 00 00 00 00 7F 00 7F 00 00 00 00 00 7F 7F 00 00 00 00 00 00 7F 00 7F 00 00 00 00 7F 00 7F 00 00 00 00 00 00 00 00 00 00 00 00 7F 7F 7F 00 00 00 7F 00 00 00 00 7F 00 00 00 7F 00 00 00 7F 00 00 00 00 7F 7F 7F 00 00 00 00 00 00 00 00 00 7F 00 00 00 00 00 00 7F 00 00 00 00 7F 00 7F 00 7F 00 00 00 00 00 7F 00 00 7F 7F 00 7F 00 00 00 7F 00 00 00 00 00 00 00 00 00 7F 00 00 00 00
000549   4202178440..4202532260   60 FD 40
000550   4202583520..4217503020   60 18 00 7F 00 7F 7F 7F 00 7F 7F 00 00 00 00 7F 00 00 00 00 00 7F 7F 00 7F 7F 00 00 00 7F 00 7F 00 00 00 00 7F 00 7F 00 00 00 00 00 00 00 00 00 00 00 00 00 7F 7F 7F 00 00 7F 00 00 00 00 7F 00 00 00 00 00 7F 00 7F 00 00 00 00 7F 00 7F 00 00 00 00 00 00 00 00 00 7F 00 00 00 00 00 00 7F 00 00 00 7F 00 00 00 00 7F 00 00 00 00 00 7F 00 00 00 7F 00 7F 00 00 00 7F 00 00 00 00 00 00 00 7F 7F 7F 00 00 00 00
000551   4237738440..4238092180   60 FD 40
000552   4238143440..4253056180   60 18 00 7F 00 00 7F 7F 00 7F 7F 00 00 00 00 7F 00 00 00 00 00 7F 7F 00 7F 7F 00 00 7F 7F 00 00 7F 00 00 00 7F 00 00 00 00 00 00 00 7F 00 00 00 00 7F 00 00 7F 7F 7F 00 00 7F 00 00 00 00 00 00 00 00 00 00 7F 00 7F 00 00 00 00 00 00 7F 00 00 00 00 00 00 00 00 00 7F 7F 00 00 00 7F 00 7F 00 00 00 7F 00 00 00 00 00 00 00 00 00 00 7F 00 00 00 7F 00 00 00 00 7F 00 00 00 00 00 00 00 00 7F 7F 7F 00 00 00 00
000553   4253200240..4253553920   60 FD 40
000554   4253605180..4268519060   60 18 00 7F 00 00 7F 7F 00 7F 7F 00 00 00 00 7F 00 00 00 00 00 7F 7F 00 7F 7F 00 00 7F 00 00 00 7F 00 00 00 7F 00 00 00 00 00 00 00 7F 00 00 00 00 7F 00 00 00 7F 7F 00 00 7F 00 00 00 00 00 00 00 00 00 00 7F 00 7F 7F 00 00 00 00 00 7F 00 00 00 00 00 7F 7F 00 00 00 7F 00 00 00 7F 00 7F 00 00 00 7F 00 00 00 00 00 00 00 00 00 7F 7F 00 00 00 7F 00 00 00 00 7F 00 00 00 00 00 00 00 00 7F 7F 7F 00 00 00 00
000555   4268659900..4269013820   60 FD 40
000556   4269065120..4283986520   60 18 00 00 00 00 7F 7F 00 00 00 7F 00 00 7F 7F 7F 00 00 00 00 7F 00 00 00 00 00 00 7F 00 00 00 7F 00 00 00 7F 00 00 00 00 00 00 00 7F 00 00 00 00 7F 00 00 00 7F 00 00 00 00 00 00 00 00 00 00 00 00 00 00 00 00 7F 7F 7F 00 00 00 00 7F 00 00 00 00 00 7F 7F 00 00 00 7F 00 7F 00 7F 00 7F 7F 00 00 00 00 00 7F 00 00 00 00 00 7F 7F 7F 00 00 7F 7F 00 00 00 7F 7F 00 00 00 00 7F 00 00 00 00 00 7F 00 7F 00 00
000557   4304234460..4304588360   60 FD 40
000558   4304639660..4319556860   60 18 00 00 00 00 7F 7F 00 00 00 7F 00 00 7F 7F 7F 00 7F 00 00 7F 00 00 00 00 00 00 00 00 00 7F 00 00 00 7F 7F 00 00 00 00 00 00 00 00 00 7F 00 00 00 00 00 00 00 00 00 00 00 00 7F 00 00 00 00 00 00 00 00 00 00 7F 7F 7F 00 00 00 00 7F 00 7F 00 00 00 7F 7F 00 00 00 00 00 7F 00 00 00 7F 7F 00 00 00 00 00 7F 00 00 00 00 7F 7F 7F 00 00 00 7F 7F 00 00 00 7F 7F 00 00 00 00 7F 00 00 00 00 00 7F 00 7F 00 00
000559   4319701000..4320054980   60 FD 40
000560   4320106260..4335022200   60 18 00 00 00 00 7F 7F 00 00 00 7F 00 00 7F 7F 7F 00 7F 00 00 7F 00 00 00 00 7F 00 00 00 00 7F 00 7F 00 7F 7F 00 00 00 00 00 00 00 00 00 7F 7F 7F 00 00 00 00 00 00 00 00 00 00 7F 00 00 00 7F 00 00 00 00 00 00 00 7F 7F 00 00 00 00 7F 00 7F 7F 00 00 00 7F 00 7F 7F 00 00 7F 00 00 00 7F 7F 00 00 00 00 00 7F 00 00 7F 00 7F 7F 00 00 00 00 7F 7F 00 00 00 7F 7F 00 00 00 00 7F 00 00 00 00 00 7F 00 7F 00 00
000561   4335163060..4335516740   60 FD 40
000562   4335568000..4350488720   60 18 00 00 00 00 00 7F 00 00 00 00 00 7F 00 7F 00 00 7F 00 00 7F 7F 00 00 00 7F 00 00 00 00 7F 00 7F 00 7F 7F 00 00 00 00 00 00 00 00 00 7F 7F 7F 00 00 7F 00 00 00 00 00 00 00 7F 00 00 00 7F 00 00 7F 00 00 00 00 7F 00 00 00 00 7F 7F 00 7F 7F 00 00 00 7F 00 7F 7F 00 00 00 00 00 00 7F 7F 00 00 00 00 00 00 00 00 7F 00 7F 00 00 00 00 00 00 00 00 00 00 00 7F 00 7F 00 00 00 7F 00 00 7F 00 7F 00 7F 00 00
000563   4370727480..4371081320   60 FD 40
000564   4371132580..4386051400   60 18 00 00 7F 7F 00 7F 7F 00 00 00 00 7F 00 7F 00 00 7F 00 00 7F 7F 00 00 00 7F 00 00 00 00 00 00 7F 00 00 7F 00 00 00 00 00 00 00 00 00 00 7F 7F 00 00 7F 00 7F 00 00 00 00 00 00 00 7F 00 7F 00 7F 7F 00 00 7F 00 7F 00 00 00 00 7F 7F 00 00 7F 00 00 00 7F 00 7F 7F 00 00 00 00 00 00 00 7F 00 00 00 00 00 00 00 00 7F 00 00 00 00 00 00 00 00 00 00 00 00 00 7F 00 7F 00 00 00 7F 00 00 7F 00 7F 00 7F 00 00
000565   4386195520..4386549320   60 FD 40
000566   4386600600..4401244140   60 18 00 00 7F 7F 00 7F 7F 00 00 00 00 7F 00 7F 00 00 7F 00 00 7F 7F 00 00 00 7F 7F 00 00 00 00 00 00 00 00 7F 7F 00 00 00 00 00 7F 00 00 00 00 00 00 00 7F 7F 7F 00 00 00 00 00 00 7F 7F 00 7F 00 7F 7F 00 00 7F 00 7F 00 00 7F 00 7F 7F 00 00 00 00 00 00 00 00 00 00 00 00 00 00 00 00 00 7F 00 7F 00 00 00 00 00 00 00 00 00 00 7F 00 00 00 00 00 7F 00 00 00 7F 00 7F 00 00 00 7F 00 00 7F 00 00 00 7F 00 00
000567   4401386300..4401740300   60 FD 40
000568   4401791600..4416718800   60 18 7F 00 7F 7F 00 7F 7F 00 7F 00 00 00 00 7F 00 00 7F 00 00 00 00 00 00 00 7F 7F 00 00 00 00 00 00 00 00 7F 7F 00 00 00 00 00 7F 00 00 00 00 00 00 00 00 7F 7F 7F 00 00 7F 00 00 7F 7F 00 7F 00 7F 00 00 7F 7F 00 7F 7F 00 7F 00 00 7F 00 00 00 00 00 00 00 00 00 00 00 00 00 00 00 00 00 7F 00 7F 00 7F 00 00 00 00 00 00 00 00 7F 00 00 00 00 7F 7F 00 00 00 7F 00 7F 00 00 00 7F 00 00 7F 00 00 00 7F 00 00
000569   4436947680..4437301520   60 FD 40
000570   4437352760..4452275280   60 18 7F 00 00 00 00 00 00 00 7F 00 00 00 00 7F 00 00 7F 7F 00 00 00 00 00 00 7F 7F 00 00 00 00 00 00 00 00 7F 7F 00 00 7F 00 00 7F 00 00 00 00 00 00 7F 00 7F 00 7F 00 00 7F 00 00 7F 00 00 7F 00 00 00 00 7F 7F 00 7F 7F 00 7F 00 00 7F 00 00 00 00 00 00 00 00 00 00 00 00 00 00 00 7F 7F 7F 00 7F 00 7F 00 00 00 00 00 7F 00 00 7F 7F 00 00 00 7F 7F 00 00 00 7F 00 7F 00 00 00 7F 00 00 7F 00 00 00 7F 00 00
000571   4452419480..4452773440   60 FD 40
000572   4452824740..4467741440   60 18 7F 00 00 00 00 00 00 00 7F 00 00 00 00 7F 00 00 7F 7F 00 00 00 00 00 00 7F 00 00 00 00 00 00 00 00 00 00 7F 00 7F 7F 00 00 00 00 00 00 00 00 00 7F 00 00 00 7F 7F 00 7F 00 00 7F 00 00 00 7F 00 00 00 7F 7F 00 7F 7F 00 00 00 00 7F 00 00 00 00 00 7F 00 7F 00 00 00 00 00 00 00 7F 7F 7F 00 00 00 7F 00 00 7F 00 7F 7F 00 00 00 7F 00 00 00 7F 00 00 00 00 7F 00 7F 00 00 00 7F 7F 7F 7F 00 00 00 7F 00 00
000573   4467882280..4468236100   60 FD 40
000574   4468287380..4483208280   60 18 7F 7F 00 00 7F 00 00 7F 00 7F 00 00 00 7F 7F 00 7F 7F 00 7F 00 00 7F 7F 7F 00 00 00 00 00 00 00 00 00 00 7F 00 7F 7F 00 00 00 00 00 00 00 00 00 7F 7F 00 00 00 7F 00 00 00 00 7F 00 00 00 7F 00 00 00 00 7F 00 7F 7F 00 00 00 00 7F 00 00 00 00 00 7F 00 7F 00 00 00 00 00 00 00 7F 7F 00 00 00 00 7F 00 7F 7F 00 7F 7F 00 00 00 7F 00 00 00 00 00 00 00 00 7F 00 7F 00 00 00 7F 7F 7F 7F 7F 00 00 7F 00 00
000575   4503463980..4503804220   60 FD 40
000576   4503844360..4518759380   60 18 7F 7F 00 00 7F 00 00 7F 00 7F 00 00 00 7F 7F 00 7F 00 00 7F 00 00 7F 7F 7F 00 00 00 00 00 00 00 00 00 00 7F 00 7F 7F 00 00 00 00 00 00 00 00 00 00 7F 00 00 00 7F 00 00 00 00 7F 00 00 00 7F 00 00 00 00 7F 00 7F 7F 00 00 00 00 00 00 00 00 00 7F 7F 00 7F 00 00 00 00 00 00 00 00 00 00 00 00 00 7F 00 7F 7F 00 7F 00 00 00 00 00 00 00 00 00 00 00 7F 00 7F 00 7F 00 00 00 7F 7F 7F 7F 7F 00 00 7F 00 00
000577   4518904680..4519258340   60 FD 40
000578   4519309620..4534226920   60 18 7F 7F 00 00 7F 00 00 7F 00 7F 00 00 00 00 7F 7F 7F 00 00 7F 00 00 7F 7F 7F 00 00 7F 00 00 00 00 00 00 7F 7F 00 7F 7F 00 7F 7F 00 00 00 7F 7F 00 00 7F 00 00 00 00 00 00 00 00 00 00 00 00 00 00 00 00 00 7F 00 7F 7F 00 00 00 00 00 00 00 7F 7F 7F 00 7F 00 00 7F 00 00 00 00 00 00 00 00 00 00 00 7F 00 7F 00 00 00 00 00 00 00 00 7F 00 00 00 00 00 7F 00 7F 00 7F 00 00 00 7F 00 7F 7F 7F 00 00 7F 00 00
000579   4534367800..4534721680   60 FD 40
000580   4534772980..4549694580   60 18 7F 00 00 00 00 00 00 7F 00 00 00 00 7F 00 00 7F 7F 00 00 00 00 00 00 7F 7F 00 00 7F 00 00 00 00 00 00 7F 7F 00 7F 7F 00 7F 7F 00 00 00 7F 7F 00 00 7F 00 00 7F 00 00 00 00 00 00 00 00 00 00 00 00 00 00 7F 00 7F 7F 00 00 00 00 00 00 00 7F 7F 7F 00 7F 00 00 7F 00 00 7F 00 00 00 00 00 00 00 00 7F 00 00 00 00 00 00 00 00 00 00 7F 00 7F 00 00 00 7F 7F 7F 00 00 00 00 7F 7F 00 7F 00 00 00 00 00 00 00
000581   4569936800..4570290880   60 FD 40
000582   4570342160..4585264560   60 18 7F 00 00 00 00 00 00 7F 00 00 00 00 7F 00 00 7F 7F 00 00 00 00 00 00 7F 7F 00 00 7F 00 00 00 00 00 00 7F 7F 7F 7F 7F 00 7F 7F 00 00 00 7F 7F 00 00 7F 00 00 7F 00 00 00 00 00 00 00 00 00 00 00 00 00 00 7F 00 7F 7F 00 00 00 00 00 00 00 7F 7F 7F 00 7F 00 00 7F 00 00 7F 00 00 00 00 00 00 00 00 7F 00 00 00 00 00 00 00 00 00 00 7F 00 7F 00 00 7F 00 7F 00 00 00 7F 00 7F 7F 00 7F 00 00 00 00 00 00 00
000583   4585408800..4585762780   60 FD 40
000584   4585814080..4600740160   60 18 7F 00 00 00 00 00 00 7F 00 00 00 00 7F 7F 00 7F 7F 00 7F 00 00 00 00 7F 7F 7F 00 00 7F 00 00 7F 00 00 00 7F 7F 00 7F 00 00 00 00 00 00 00 00 00 00 7F 7F 00 7F 00 00 00 7F 00 00 00 00 7F 00 00 00 00 00 7F 7F 00 7F 00 7F 00 00 00 00 00 00 00 7F 00 00 00 7F 00 00 00 7F 00 00 00 00 00 00 00 00 7F 00 00 7F 00 00 00 00 00 7F 00 00 00 7F 00 00 7F 00 7F 00 00 00 7F 00 7F 7F 00 7F 00 00 00 00 00 00 00
000585   4600881140..4601235220   60 FD 40
000586   4601286560..4616070220   60 18 7F 00 00 00 00 00 00 7F 00 00 00 7F 7F 7F 7F 7F 7F 00 7F 00 7F 00 00 7F 7F 7F 00 00 7F 00 00 7F 00 00 00 7F 7F 00 7F 00 00 00 00 00 00 00 00 00 00 7F 7F 00 7F 00 00 00 7F 00 00 00 00 7F 00 00 7F 00 00 7F 7F 00 00 00 7F 00 00 00 00 00 00 00 7F 00 00 00 7F 00 00 00 7F 00 00 00 00 00 00 00 00 00 00 00 7F 00 00 00 00 00 7F 00 00 00 00 00 00 7F 00 00 00 00 00 7F 00 00 00 00 7F 7F 00 00 00 00 00 00
000587   4636309740..4636664060   60 FD 40
000588   4636715380..4651646100   60 18 7F 00 00 00 00 00 00 7F 00 00 00 7F 7F 7F 7F 7F 00 00 7F 00 7F 00 00 7F 7F 7F 00 00 7F 00 00 7F 00 00 00 7F 00 00 7F 00 00 00 7F 00 00 00 00 7F 00 7F 7F 00 7F 00 00 00 7F 00 00 00 00 7F 00 00 7F 00 00 7F 7F 00 00 7F 7F 00 00 00 00 00 00 00 7F 00 00 00 7F 00 00 00 7F 00 00 00 00 00 00 00 00 00 00 00 7F 7F 00 00 00 00 7F 00 00 00 00 00 00 7F 00 00 00 00 00 00 00 00 00 00 7F 7F 00 00 00 00 00 00
000589   4651790420..4652144560   60 FD 40
000590   4652195860..4667119240   60 18 7F 00 00 00 00 00 00 7F 00 00 00 7F 7F 00 7F 00 00 00 00 00 7F 00 00 7F 00 00 00 00 00 00 00 7F 00 00 00 7F 00 00 7F 00 00 00 7F 00 00 7F 00 7F 00 7F 00 00 7F 7F 00 00 7F 00 7F 00 00 00 00 00 7F 00 00 7F 00 7F 00 7F 00 00 00 00 00 00 00 00 7F 7F 00 7F 7F 00 00 00 7F 7F 00 00 00 00 00 7F 00 00 00 00 00 7F 7F 00 00 00 00 00 7F 00 00 00 7F 7F 00 00 00 00 00 00 00 00 00 00 7F 7F 00 7F 7F 00 00 00
000591   4667260140..4667613900   60 FD 40
000592   4667665180..4682584580   60 18 00 00 00 00 00 00 00 00 00 00 00 00 7F 00 7F 00 00 00 00 00 00 00 00 7F 00 00 00 00 00 00 00 7F 00 00 00 7F 00 00 7F 00 00 00 7F 00 00 7F 00 7F 00 00 00 00 7F 7F 00 7F 7F 00 7F 00 00 00 00 00 00 00 7F 7F 00 7F 7F 7F 00 00 00 00 00 00 00 00 7F 7F 00 7F 7F 00 00 00 7F 7F 00 00 00 00 00 7F 00 00 00 00 00 7F 7F 00 00 00 00 00 7F 00 00 7F 7F 7F 00 00 00 00 00 00 00 00 00 00 7F 7F 00 7F 7F 00 00 00
000593   4702834400..4703188560   60 FD 40
000594   4703239880..4718002020   60 18 00 00 00 00 00 7F 00 00 00 00 00 00 7F 00 7F 00 00 00 00 00 00 00 00 7F 00 00 00 00 00 00 7F 7F 00 7F 00 7F 00 00 7F 7F 00 00 7F 00 7F 7F 00 00 00 00 00 00 7F 7F 00 7F 7F 00 7F 00 7F 00 00 00 00 00 7F 00 00 7F 7F 7F 00 00 00 00 00 00 00 00 7F 7F 00 7F 7F 00 00 00 7F 7F 00 00 00 00 7F 7F 00 00 00 00 00 00 7F 00 00 00 00 00 7F 00 00 7F 7F 7F 7F 00 00 00 00 7F 00 00 00 00 7F 7F 00 7F 7F 00 00 00
000595   4718147380..4718501360   60 FD 40
000596   4718552640..4733475340   60 18 00 00 00 00 00 7F 00 00 00 00 00 00 7F 00 7F 00 00 00 00 00 00 00 00 7F 7F 00 00 00 00 00 7F 7F 00 7F 00 00 00 7F 7F 7F 00 7F 7F 00 7F 7F 7F 00 00 00 7F 00 7F 00 00 7F 00 00 00 00 7F 00 7F 00 00 00 7F 00 00 00 7F 7F 00 00 00 00 00 00 00 7F 7F 00 00 00 7F 00 00 00 7F 00 00 00 00 00 7F 7F 00 00 00 00 00 00 00 00 00 00 00 00 00 00 00 7F 7F 7F 7F 00 00 00 00 7F 00 00 00 7F 7F 7F 00 00 00 00 00 00
000597   4733616160..4733969960   60 FD 40
000598   4734021220..4748939000   60 18 00 00 00 00 7F 7F 00 00 00 7F 00 00 7F 00 7F 00 00 00 00 7F 00 00 00 00 7F 00 00 00 00 00 7F 7F 00 7F 00 00 00 7F 7F 7F 00 7F 7F 00 7F 7F 7F 00 00 7F 7F 00 00 00 00 00 00 00 00 00 7F 00 7F 00 00 00 00 00 00 00 7F 7F 00 00 00 00 00 00 00 7F 7F 00 00 00 7F 00 00 00 00 00 00 00 00 00 7F 7F 00 00 00 00 00 00 00 00 00 00 00 00 00 00 00 00 7F 7F 7F 00 00 00 00 7F 00 00 00 7F 7F 7F 00 00 00 00 00 00
000599   4769176420..4769530540   60 FD 40
000600   4769581840..4784501740   60 18 00 00 7F 7F 7F 00 00 00 00 7F 00 00 7F 00 7F 00 00 00 00 7F 00 00 00 00 7F 00 7F 00 00 00 00 7F 00 7F 00 00 7F 7F 00 00 00 7F 7F 00 00 7F 7F 00 00 7F 7F 00 00 00 00 00 00 00 00 00 7F 00 7F 00 00 00 00 00 00 00 7F 00 00 7F 00 7F 00 00 00 7F 7F 00 00 00 7F 00 00 00 00 00 00 00 00 00 00 7F 00 00 00 00 00 7F 00 00 7F 00 00 00 00 00 00 00 7F 7F 00 00 00 7F 00 00 00 00 00 7F 7F 7F 00 00 00 00 00 00
000601   4784646000..4785000140   60 FD 40
000602   4785051440..4799977580   60 18 00 00 7F 7F 7F 00 00 00 00 7F 00 00 7F 00 7F 7F 00 00 00 7F 00 00 00 00 00 7F 7F 7F 7F 00 00 7F 00 7F 7F 7F 7F 00 00 00 7F 00 7F 00 00 7F 00 00 00 7F 7F 00 00 00 00 00 00 00 00 00 7F 00 7F 00 00 00 00 00 00 00 7F 00 00 7F 00 7F 00 00 7F 00 7F 7F 7F 00 00 00 00 00 00 00 00 00 00 00 00 7F 00 00 00 00 7F 7F 00 00 7F 00 00 00 00 00 00 00 7F 7F 00 00 00 7F 00 00 00 00 00 7F 00 7F 00 00 00 00 00 00
000603   4800118460..4800472520   60 FD 40
000604   4800523800..4815334040   60 18 00 00 7F 7F 00 00 00 00 00 00 00 00 00 00 00 7F 00 00 00 00 00 00 00 00 00 7F 7F 7F 7F 00 00 7F 00 7F 7F 7F 7F 00 00 00 7F 00 7F 00 00 7F 00 00 00 7F 7F 00 7F 00 00 00 00 00 00 00 7F 00 7F 00 00 00 00 00 00 00 7F 00 00 7F 00 7F 00 00 7F 00 7F 7F 7F 00 00 00 00 00 00 00 00 00 00 00 00 7F 00 00 00 00 7F 7F 00 00 7F 00 00 00 00 00 00 00 7F 7F 00 00 00 7F 00 00 00 00 00 7F 00 7F 00 00 00 00 00 00
000605   4835579660..4835933700   60 FD 40
000606   4835985000..4850911280   60 18 00 00 7F 00 00 00 00 00 00 00 00 00 00 00 00 7F 00 00 00 00 00 00 00 00 00 7F 7F 7F 7F 00 7F 7F 00 7F 7F 7F 00 00 00 00 7F 00 7F 00 00 7F 00 7F 00 7F 7F 00 7F 00 00 00 00 7F 00 00 00 00 7F 7F 00 00 00 00 00 00 7F 00 00 00 00 00 00 00 7F 00 00 7F 7F 00 00 00 7F 00 00 00 7F 7F 00 00 00 7F 00 00 00 00 7F 00 00 00 00 00 00 7F 00 00 00 00 7F 7F 00 00 7F 00 00 00 00 00 00 7F 00 7F 00 00 00 00 00 00
000607   4851055500..4851409480   60 FD 40
000608   4851460800..4866384000   60 18 00 00 7F 00 00 00 00 00 00 00 00 00 00 7F 00 00 00 00 7F 00 00 00 00 00 00 00 7F 7F 00 00 7F 00 00 7F 00 00 00 00 00 00 7F 00 7F 00 00 00 7F 7F 00 7F 7F 00 7F 7F 00 00 7F 7F 00 00 00 7F 7F 7F 00 00 00 00 7F 00 7F 00 7F 00 00 00 00 00 00 00 00 7F 00 00 00 00 7F 00 00 00 7F 7F 00 00 00 00 00 00 00 00 00 00 00 00 00 00 00 7F 7F 00 00 00 7F 7F 00 00 7F 00 00 00 00 00 00 7F 7F 7F 00 00 7F 00 00 00
000609   4866524960..4866879160   60 FD 40
000610   4866930460..4881857380   60 18 00 00 7F 00 00 00 00 00 00 00 00 00 00 7F 7F 00 00 00 7F 00 00 00 00 00 00 00 7F 7F 00 00 7F 00 00 7F 00 00 00 00 00 00 7F 00 7F 00 00 00 7F 7F 00 7F 7F 00 7F 7F 00 00 7F 7F 00 00 00 7F 7F 7F 00 00 00 00 7F 00 7F 00 7F 00 00 00 00 00 00 00 00 7F 00 00 00 00 7F 00 00 00 7F 7F 00 00 00 00 00 00 00 00 00 00 00 00 00 00 00 7F 7F 00 00 00 7F 7F 00 00 7F 00 00 00 00 00 00 7F 7F 00 00 00 7F 00 00 00
000611   4902104480..4902458360   60 FD 40
000612   4902509600..4917308980   60 18 00 00 7F 00 00 00 00 00 00 00 00 00 00 7F 7F 00 7F 00 7F 00 00 00 00 00 00 00 00 7F 00 7F 00 00 00 7F 00 00 00 00 00 7F 7F 00 7F 00 7F 00 7F 00 00 7F 7F 00 7F 7F 00 00 7F 7F 00 7F 00 7F 7F 00 00 00 00 00 7F 00 7F 7F 7F 00 00 00 00 7F 00 00 7F 7F 00 00 00 00 00 00 00 00 00 7F 00 00 00 00 00 00 00 00 00 00 00 7F 7F 00 00 00 7F 00 00 00 7F 00 7F 00 00 00 00 7F 00 00 00 7F 7F 00 00 00 7F 00 00 00
000613   4917454360..4917808180   60 FD 40
000614   4917859460..4932782260   60 18 00 00 7F 00 00 00 00 00 00 00 00 00 00 00 7F 00 7F 00 7F 00 00 00 00 00 00 7F 00 7F 00 7F 00 00 00 7F 00 00 00 00 00 7F 7F 00 7F 00 7F 7F 7F 00 00 7F 00 00 7F 00 00 00 00 7F 7F 7F 00 00 00 00 00 00 00 00 7F 7F 7F 7F 00 00 00 00 00 7F 00 00 7F 7F 00 7F 00 00 00 00 00 7F 00 7F 00 00 00 00 00 00 00 00 00 00 00 7F 7F 00 00 00 00 00 00 00 00 00 7F 00 00 00 00 7F 00 00 00 7F 00 00 00 7F 00 00 00 00
000615   4932923260..4933277480   60 FD 40
000616   4933328800..4948254440   60 18 00 00 7F 00 00 00 00 00 00 00 00 00 00 00 7F 00 7F 00 7F 00 00 00 00 00 00 7F 00 7F 00 7F 00 00 00 7F 00 00 00 00 00 7F 7F 00 7F 00 7F 7F 7F 00 00 7F 00 00 7F 00 00 00 00 7F 7F 7F 00 00 00 00 00 00 00 00 7F 7F 00 7F 00 00 00 00 00 7F 00 00 7F 7F 00 7F 00 00 00 00 00 7F 00 7F 00 00 00 00 00 00 00 00 00 00 00 7F 7F 00 00 00 00 00 00 00 00 00 7F 00 00 00 00 7F 00 00 00 7F 00 00 00 7F 00 00 00 00
000617   4968507580..4968861720   60 FD 40
000618   4968913020..4983837300   60 18 00 00 7F 7F 00 7F 7F 00 00 00 00 00 00 00 7F 00 00 00 7F 00 00 00 00 00 00 7F 00 7F 00 00 00 00 00 7F 00 00 7F 00 00 00 7F 00 00 00 00 7F 7F 00 7F 7F 00 7F 7F 00 00 00 00 00 7F 7F 7F 00 00 7F 00 00 00 7F 7F 7F 00 00 00 00 00 00 00 00 00 00 00 7F 00 7F 00 00 00 00 00 7F 00 7F 00 00 7F 00 00 00 00 00 00 7F 00 00 00 00 00 00 00 00 00 00 00 7F 00 00 00 7F 00 00 00 00 00 7F 00 00 00 7F 00 00 00 00
000619   4983981520..4984335500   60 FD 40
000620   4984386800..4999312740   60 18 00 00 7F 7F 00 7F 7F 00 00 00 00 00 00 00 7F 00 00 00 7F 00 00 00 00 00 7F 7F 00 7F 00 00 00 00 00 7F 00 00 7F 7F 00 00 00 00 00 00 00 7F 7F 00 7F 7F 7F 7F 7F 7F 00 00 00 00 00 7F 7F 00 00 7F 00 00 00 7F 7F 00 00 00 00 00 00 00 00 00 00 7F 00 00 00 00 00 00 00 00 00 7F 00 7F 00 00 7F 00 00 00 00 00 00 7F 00 00 00 00 00 00 00 00 00 00 00 7F 00 00 00 7F 00 00 00 00 00 00 00 00 00 7F 00 00 00 00
000621   4999453740..4999807960   60 FD 40
000622   4999859300..5014787640   60 18 00 7F 7F 7F 00 7F 7F 00 00 00 00 00 00 00 7F 00 00 00 7F 00 00 00 00 00 7F 7F 00 7F 00 00 00 00 00 7F 00 00 7F 7F 00 00 00 00 00 00 00 7F 7F 00 7F 00 7F 7F 7F 7F 00 00 00 00 00 7F 7F 00 00 7F 00 00 00 7F 7F 00 00 00 00 00 00 00 00 00 00 7F 00 00 00 00 00 00 00 00 00 7F 00 7F 00 00 7F 00 7F 00 00 00 00 7F 00 00 00 00 00 00 00 00 00 00 00 7F 00 00 00 7F 00 00 00 00 00 00 00 00 7F 7F 00 00 00 00
000623   5035034000..5035388180   60 FD 40
000624   5035439520..5050367780   60 18 00 7F 7F 00 00 7F 00 00 00 00 00 00 00 00 7F 00 00 7F 7F 00 00 00 00 00 7F 7F 7F 7F 00 00 7F 00 00 00 00 00 00 7F 7F 00 00 00 7F 00 00 7F 7F 7F 7F 00 7F 00 7F 7F 00 00 00 00 00 00 00 00 00 00 00 00 00 00 7F 00 00 00 00 7F 00 7F 00 00 00 7F 00 00 00 00 00 00 7F 00 00 7F 00 7F 7F 00 7F 00 7F 00 00 00 00 00 00 7F 00 00 00 7F 00 00 00 00 00 00 7F 00 00 00 00 00 00 00 00 00 00 00 7F 7F 00 00 00 00
000625   5050511980..5050866040   60 FD 40
000626   5050917360..5065842200   60 18 00 7F 7F 00 00 7F 00 00 00 00 00 00 00 00 7F 7F 00 7F 00 00 00 00 00 00 00 7F 7F 00 7F 00 7F 00 00 00 00 7F 00 00 7F 00 00 00 7F 00 00 7F 00 7F 7F 00 7F 00 7F 7F 00 00 00 00 00 00 00 00 00 00 00 00 00 00 7F 00 00 00 00 7F 00 7F 00 00 00 00 00 7F 00 00 00 00 7F 00 00 7F 00 7F 7F 00 7F 00 7F 00 00 00 00 00 00 7F 00 00 00 7F 00 00 00 00 00 00 7F 00 00 00 00 00 00 00 00 00 00 00 7F 7F 00 00 00 00
000627   5065983120..5066337160   60 FD 40
000628   5066388440..5081304500   60 18 00 00 7F 00 00 7F 00 00 00 00 00 00 00 00 7F 7F 00 7F 00 00 00 00 00 00 00 7F 7F 00 7F 00 7F 00 00 00 00 7F 00 00 7F 00 00 00 7F 00 00 7F 00 7F 7F 00 7F 00 00 7F 00 00 00 00 00 00 00 00 00 00 00 00 00 00 7F 00 00 00 00 7F 00 7F 00 00 00 00 00 7F 00 00 00 00 7F 00 00 7F 00 7F 7F 7F 7F 00 00 00 00 00 00 00 00 7F 00 7F 00 7F 00 00 00 00 00 00 7F 7F 00 00 00 00 00 7F 00 00 00 7F 00 7F 00 7F 00 00
000629   5101557660..5101911700   60 FD 40
000630   5101962980..5116884180   60 18 00 00 00 00 00 7F 00 00 00 00 00 00 00 00 7F 7F 00 00 00 00 00 00 00 00 00 7F 00 00 7F 00 00 00 00 7F 00 7F 7F 00 00 00 00 00 00 00 7F 7F 00 00 00 00 7F 00 00 7F 00 00 00 7F 00 00 00 00 00 00 00 00 00 00 7F 00 00 00 00 7F 00 7F 00 7F 00 00 00 7F 00 00 00 00 00 00 00 7F 7F 7F 00 7F 7F 00 00 00 00 00 00 00 00 00 7F 7F 00 00 00 00 00 00 00 00 7F 7F 7F 00 00 00 00 7F 00 00 00 7F 00 7F 00 7F 00 00
000631   5117028400..5117382540   60 FD 40
000632   5117433880..5132212340   60 18 00 00 00 00 00 7F 00 00 00 00 00 00 00 00 7F 00 00 00 00 00 00 00 00 00 00 00 00 00 00 00 00 00 00 7F 00 00 7F 00 00 00 00 00 00 00 7F 7F 7F 00 00 00 7F 00 00 7F 00 00 7F 7F 00 00 00 00 00 00 00 00 00 00 00 00 00 00 00 7F 00 7F 00 7F 00 00 00 7F 00 00 00 00 00 00 00 00 7F 7F 00 7F 7F 00 00 00 00 00 00 00 00 00 7F 7F 00 00 00 00 00 00 00 00 7F 7F 7F 00 00 00 00 7F 00 00 7F 7F 00 7F 7F 7F 00 00
000633   5132354560..5132708720   60 FD 40
000634   5132760040..5147690380   60 18 00 00 00 00 00 7F 00 00 00 00 00 7F 00 00 00 00 00 00 00 00 00 00 00 00 00 00 00 00 00 00 00 00 00 7F 00 00 7F 00 00 00 00 00 00 00 7F 7F 7F 00 00 00 7F 00 00 7F 00 00 7F 7F 00 00 00 00 00 00 7F 00 00 00 00 00 7F 00 00 7F 7F 7F 00 7F 00 00 00 7F 00 00 00 00 00 00 00 00 7F 7F 00 7F 7F 00 00 00 00 00 00 00 00 00 7F 00 00 00 00 00 00 00 00 00 7F 00 7F 00 7F 00 00 00 7F 00 7F 7F 00 7F 7F 7F 00 00
000635   5167930360..5168284640   60 FD 40
000636   5168335940..5183257420   60 18 00 00 7F 7F 00 7F 7F 00 00 00 00 7F 00 00 00 00 7F 00 00 00 00 00 00 00 00 00 00 00 00 7F 00 00 00 00 00 00 7F 00 00 7F 00 00 00 00 00 7F 7F 7F 00 00 7F 00 00 7F 00 00 7F 00 00 7F 00 00 00 7F 7F 00 00 00 00 00 7F 7F 00 7F 7F 7F 00 00 00 00 7F 7F 00 00 00 00 00 00 00 00 7F 00 00 7F 00 00 00 00 00 00 00 00 00 00 00 00 00 00 00 00 00 00 00 00 7F 00 7F 00 7F 00 00 00 7F 00 7F 7F 00 7F 7F 7F 00 00
000637   5183401460..5183755060   60 FD 40
000638   5183806320..5198729820   60 18 00 00 7F 7F 00 7F 7F 00 00 00 00 7F 00 00 00 00 7F 00 00 00 00 00 00 00 00 7F 00 00 00 7F 00 00 00 00 00 00 7F 00 00 7F 00 00 00 00 00 00 7F 7F 00 00 7F 00 00 00 00 00 00 00 00 7F 00 00 00 7F 7F 00 00 00 00 00 7F 7F 00 7F 7F 7F 00 00 00 00 7F 7F 00 00 00 00 00 00 00 00 7F 00 00 7F 00 00 00 00 00 00 00 00 00 00 00 00 00 00 00 00 00 00 00 00 7F 00 7F 00 7F 00 00 00 7F 00 00 7F 00 00 00 7F 00 00
000639   5198870800..5199224920   60 FD 40
000640   5199276240..5214205960   60 18 7F 00 7F 7F 00 7F 7F 00 7F 00 00 00 00 00 00 00 7F 00 00 00 00 00 00 00 00 7F 00 00 00 7F 00 00 00 00 00 00 7F 00 00 7F 00 00 00 00 00 00 7F 7F 00 7F 7F 00 00 00 00 7F 00 00 00 7F 00 00 00 7F 00 00 7F 00 00 00 7F 7F 00 7F 00 7F 00 00 00 00 7F 7F 00 00 00 00 00 00 00 00 7F 00 00 7F 00 00 00 7F 00 00 00 00 00 00 00 00 00 00 00 00 00 00 00 00 7F 00 7F 00 7F 00 00 00 7F 00 00 7F 00 00 00 7F 00 00
000641   5234456720..5234810900   60 FD 40
000642   5234862220..5249789060   60 18 7F 00 00 00 00 00 00 00 7F 00 00 00 00 00 00 00 7F 7F 00 00 00 00 00 00 00 7F 00 00 00 7F 00 00 00 00 00 00 7F 00 00 00 00 00 00 00 7F 00 7F 7F 7F 7F 7F 7F 00 00 00 7F 00 00 00 00 7F 00 00 00 00 00 7F 7F 00 00 7F 00 00 00 00 7F 00 00 00 00 00 7F 00 00 00 00 00 00 00 00 7F 7F 00 7F 00 00 00 7F 00 00 00 00 00 7F 00 00 00 7F 00 00 00 00 00 7F 00 00 7F 7F 7F 00 00 00 7F 00 00 7F 00 00 00 7F 00 00
000643   5249933400..5250287620   60 FD 40
000644   5250338980..5265269740   60 18 7F 00 00 00 00 00 00 00 7F 00 00 00 00 00 00 00 7F 7F 00 00 00 00 00 00 00 7F 00 00 00 7F 00 00 00 00 00 00 7F 00 00 00 00 00 00 00 7F 00 7F 7F 7F 7F 00 7F 00 7F 00 7F 00 00 00 00 7F 00 00 00 00 00 7F 7F 00 00 7F 00 00 00 00 7F 00 00 00 00 00 7F 00 00 00 00 00 00 00 00 7F 7F 00 7F 00 00 00 7F 00 00 00 00 00 7F 00 00 00 7F 00 00 00 00 00 7F 00 00 7F 7F 7F 00 00 00 7F 00 00 7F 00 00 00 7F 00 00
000645   5265410700..5265764860   60 FD 40
000646   5265816200..5280741640   60 18 7F 7F 00 00 7F 00 00 7F 00 7F 00 00 00 00 00 00 7F 7F 00 00 00 00 7F 7F 00 7F 00 00 00 7F 00 00 00 00 00 00 7F 00 00 00 00 00 00 00 7F 00 7F 7F 7F 7F 00 7F 7F 7F 00 00 00 00 00 00 7F 00 00 00 00 00 00 7F 00 00 7F 00 00 00 00 7F 00 00 00 00 00 7F 00 00 00 00 00 00 00 00 7F 7F 00 00 00 00 00 7F 00 7F 00 00 00 7F 00 00 00 7F 00 00 00 00 00 7F 00 00 7F 7F 7F 00 00 00 7F 00 00 00 7F 00 00 00 00 00
000647   5300980280..5301334260   60 FD 40
000648   5301385540..5316308100   60 18 7F 7F 00 7F 7F 00 00 7F 00 7F 00 00 00 00 00 00 7F 00 00 00 00 00 7F 7F 00 7F 7F 00 00 7F 00 00 00 00 00 00 00 00 7F 00 00 00 7F 00 7F 00 7F 7F 00 7F 00 7F 7F 7F 00 00 00 00 00 00 00 00 00 00 00 00 00 7F 00 00 7F 00 00 00 00 00 00 00 00 00 00 7F 00 00 00 00 7F 00 00 00 00 00 7F 00 00 00 00 7F 00 7F 00 00 00 00 00 00 00 00 00 00 00 00 00 00 7F 00 7F 00 7F 00 00 00 7F 00 00 00 7F 00 00 00 00 00
000649   5316452320..5316806320   60 FD 40
000650   5316857640..5331596340   60 18 7F 7F 00 7F 7F 00 00 7F 00 7F 00 00 00 00 00 00 7F 00 00 00 00 00 7F 7F 00 7F 7F 00 00 7F 00 00 00 00 00 00 00 00 7F 00 00 00 7F 00 7F 00 7F 7F 00 7F 00 7F 7F 7F 00 00 00 00 00 00 00 00 00 00 00 00 00 7F 00 00 7F 00 00 00 00 00 00 00 7F 00 00 00 7F 00 00 7F 7F 00 00 00 00 00 7F 00 00 00 00 7F 00 7F 00 00 00 00 00 00 00 00 00 00 00 00 00 00 7F 00 7F 00 7F 00 00 00 7F 00 00 00 7F 00 00 00 00 00
000651   5331738460..5332092420   60 FD 40
000652   5332143740..5347075640   60 18 7F 00 00 7F 00 00 00 7F 00 00 00 00 7F 00 7F 00 7F 00 00 00 00 00 00 7F 00 7F 7F 00 00 7F 00 00 00 00 00 00 00 00 7F 00 00 00 7F 00 7F 00 7F 7F 00 7F 00 7F 7F 7F 00 00 00 00 00 00 00 00 00 00 00 00 00 7F 00 00 00 00 00 00 00 00 00 00 7F 00 00 00 7F 00 00 7F 7F 00 7F 00 00 00 7F 00 00 00 00 7F 00 00 00 00 00 00 00 00 00 00 00 00 7F 00 00 00 7F 7F 7F 00 00 00 00 7F 00 00 00 00 00 00 00 00 00 00
000653   5367322480..5367676760   60 FD 40
000654   5367728060..5382660760   60 18 7F 00 00 7F 00 00 00 7F 00 00 00 00 7F 00 7F 00 7F 00 00 00 00 00 00 7F 00 7F 00 00 00 00 00 00 00 7F 00 00 7F 00 7F 00 00 00 00 00 7F 00 7F 00 00 7F 00 7F 7F 7F 00 00 00 7F 00 00 00 00 00 00 00 00 00 7F 00 00 00 00 00 00 00 00 00 7F 7F 00 00 00 7F 00 00 7F 00 00 7F 00 00 00 7F 00 00 00 00 7F 00 00 00 00 00 00 00 00 00 7F 00 00 7F 00 00 00 7F 7F 00 00 00 00 00 7F 00 00 00 00 00 00 00 00 00 00
000655   5382804980..5383159320   60 FD 40
000656   5383210640..5398140880   60 18 7F 00 00 7F 00 00 00 7F 00 00 00 00 7F 00 7F 00 7F 00 00 00 00 00 00 7F 00 7F 00 00 00 00 00 7F 00 7F 00 00 7F 00 7F 00 00 00 00 00 7F 7F 00 00 00 7F 00 7F 7F 7F 00 00 00 7F 00 00 00 7F 00 00 00 00 00 7F 00 00 00 00 7F 00 00 00 00 7F 00 00 00 00 00 00 7F 00 00 00 7F 00 00 00 7F 00 00 00 00 7F 00 00 00 00 00 00 00 00 7F 7F 00 00 7F 00 00 00 7F 7F 00 00 00 00 00 7F 00 00 00 00 00 00 00 00 00 00
000657   5398281840..5398636260   60 FD 40
000658   5398687600..5413621200   60 18 00 7F 00 7F 00 00 00 7F 00 00 00 7F 7F 00 7F 00 7F 00 00 00 7F 00 7F 7F 00 7F 00 00 00 00 00 7F 00 7F 00 00 7F 00 7F 00 00 00 00 00 7F 7F 00 00 00 00 00 7F 7F 7F 00 00 00 7F 00 00 00 7F 00 00 7F 00 00 7F 00 00 00 00 7F 00 00 00 00 7F 00 00 00 00 00 00 7F 00 00 00 7F 00 00 00 7F 00 00 00 7F 00 00 00 00 00 00 00 00 00 7F 7F 00 00 00 00 00 00 7F 00 00 00 00 00 00 00 00 00 00 7F 7F 00 00 00 00 00
000659   5433848920..5434202960   60 FD 40
000660   5434254280..5449177460   60 18 00 7F 7F 7F 00 00 7F 7F 00 00 00 7F 7F 00 7F 00 00 00 00 00 7F 00 7F 7F 00 7F 00 00 00 00 00 7F 00 00 00 00 7F 00 7F 00 00 00 00 00 00 7F 00 7F 00 00 00 00 7F 7F 00 00 00 00 00 7F 00 7F 00 00 7F 00 00 7F 00 00 00 00 7F 00 00 00 00 00 00 00 00 00 00 00 7F 00 00 00 7F 00 00 00 7F 00 00 00 7F 00 00 00 00 00 00 00 00 00 7F 7F 00 00 00 00 00 00 7F 00 00 00 00 00 00 00 00 00 00 7F 7F 00 00 00 00 00
000661   5449321660..5449675680   60 FD 40
000662   5449727020..5464648360   60 18 00 7F 7F 7F 00 00 7F 7F 00 00 00 7F 7F 00 7F 00 00 00 00 00 7F 00 7F 7F 00 00 00 00 00 00 00 7F 00 00 00 00 7F 00 7F 00 00 00 00 00 00 7F 00 7F 00 00 7F 00 7F 7F 00 00 00 00 7F 7F 00 00 00 00 7F 00 00 7F 00 00 00 00 00 00 00 00 00 00 00 00 00 00 00 7F 7F 00 00 00 7F 00 00 00 7F 00 00 7F 7F 00 00 00 00 00 7F 00 00 00 00 7F 00 00 00 00 7F 00 7F 00 00 00 00 00 00 00 00 00 00 7F 7F 00 00 00 00 00
000663   5464789280..5465143340   60 FD 40
000664   5465194640..5480121420   60 18 00 00 7F 7F 00 00 7F 00 00 00 00 00 7F 00 7F 00 00 00 00 00 00 00 00 00 00 00 00 00 00 00 00 7F 00 00 00 00 7F 00 7F 00 00 00 00 00 00 7F 00 7F 00 00 7F 00 00 7F 00 7F 00 00 7F 7F 00 00 00 00 00 00 7F 7F 00 00 7F 00 00 00 00 00 00 00 00 00 00 00 00 7F 7F 00 00 00 7F 00 00 00 7F 7F 00 7F 00 00 00 00 00 00 7F 00 00 7F 00 7F 00 00 7F 7F 7F 00 7F 7F 00 00 00 00 00 7F 00 00 00 00 00 00 00 7F 00 00
000665   5500372580..5500726540   60 FD 40
000666   5500777820..5515706880   60 18 00 00 00 00 00 00 00 00 00 00 00 00 7F 00 7F 00 00 7F 00 00 00 00 00 00 00 00 00 00 00 00 00 7F 00 00 00 00 7F 00 7F 00 00 00 00 00 7F 7F 00 7F 7F 00 7F 00 00 7F 00 7F 00 00 7F 00 00 00 00 00 00 00 7F 00 00 00 7F 00 00 00 00 00 00 00 00 00 00 00 00 7F 7F 00 00 00 7F 00 00 7F 00 7F 00 7F 00 00 00 00 00 00 7F 00 00 7F 00 7F 00 00 7F 7F 7F 00 7F 7F 00 00 00 00 00 7F 00 00 00 00 00 00 00 7F 00 00
000667   5515851160..5516205200   60 FD 40
000668   5516256520..5531183860   60 18 00 00 00 00 00 00 00 00 00 00 00 00 7F 00 7F 00 00 7F 00 00 00 00 00 00 00 00 00 00 00 00 00 7F 00 00 00 00 7F 7F 7F 00 00 7F 00 00 7F 7F 00 7F 7F 00 7F 00 00 00 00 7F 00 00 00 00 00 00 7F 00 00 00 7F 00 00 00 7F 00 00 00 00 00 00 00 00 7F 00 7F 00 00 7F 00 00 00 7F 00 00 7F 00 7F 00 7F 00 00 00 00 00 00 00 00 00 7F 00 7F 00 00 7F 7F 7F 00 7F 7F 00 00 00 00 00 7F 00 7F 00 00 00 00 00 7F 00 00
000669   5531324760..5531678840   60 FD 40
000670   5531730140..5546524040   60 18 00 00 00 00 7F 00 00 00 00 7F 00 7F 00 00 00 00 00 7F 00 7F 7F 00 00 00 00 00 00 00 00 00 00 7F 00 00 00 00 7F 7F 7F 00 00 7F 00 00 7F 7F 00 7F 7F 7F 7F 00 00 00 00 00 00 00 00 00 00 00 7F 00 7F 00 00 00 00 00 00 00 00 00 7F 00 00 00 00 7F 00 7F 00 00 7F 00 00 00 00 00 00 7F 00 7F 00 7F 00 00 00 00 00 00 00 00 00 00 00 7F 00 00 00 00 7F 00 7F 00 00 00 7F 00 00 00 7F 7F 00 00 00 00 00 7F 00 00
000671   5566776000..5567130240   60 FD 40
000672   5567181560..5582114800   60 18 00 00 00 7F 7F 00 00 00 00 7F 00 7F 00 00 00 00 00 00 00 7F 7F 00 00 00 00 00 00 00 00 00 00 7F 00 00 00 00 7F 7F 00 00 00 7F 00 00 7F 7F 00 7F 00 7F 7F 00 00 00 00 00 00 00 00 00 00 00 7F 00 7F 00 00 00 00 00 00 00 00 00 7F 00 00 00 00 7F 00 7F 00 00 7F 00 00 00 00 00 00 00 00 7F 00 7F 00 00 00 00 00 00 00 00 00 00 00 00 00 00 00 00 7F 00 00 00 00 00 7F 00 00 00 7F 7F 00 00 00 00 00 7F 00 00
000673   5582259080..5582613180   60 FD 40
000674   5582664480..5597598820   60 18 00 00 00 7F 7F 00 00 00 00 7F 00 7F 00 00 00 7F 00 00 00 7F 7F 00 00 00 00 00 00 7F 7F 00 00 00 00 00 7F 00 7F 00 00 00 7F 00 00 00 7F 00 7F 7F 00 7F 7F 00 00 00 00 00 00 00 00 00 00 00 7F 00 7F 00 00 00 00 00 00 00 00 00 7F 00 00 00 7F 00 00 7F 7F 00 00 00 00 00 00 00 00 00 00 7F 00 7F 00 00 00 00 7F 00 00 00 00 00 00 00 00 00 00 00 7F 00 00 00 00 00 7F 00 00 00 7F 7F 00 00 00 00 00 7F 00 00
000675   5597739860..5598094120   60 FD 40
000676   5598145440..5613070020   60 18 7F 00 00 7F 00 00 00 00 7F 00 00 00 00 00 00 7F 00 00 00 00 00 00 00 00 00 00 00 7F 7F 00 00 00 00 00 7F 00 7F 00 00 00 7F 00 00 00 7F 00 7F 7F 00 00 7F 00 7F 00 00 7F 00 00 00 00 00 00 7F 00 00 00 7F 00 00 00 00 00 00 00 00 00 00 00 7F 00 00 7F 7F 00 00 00 00 00 00 00 00 00 00 7F 00 7F 00 7F 00 00 7F 00 00 00 00 00 00 00 00 00 00 7F 7F 00 00 00 00 00 7F 00 00 00 7F 7F 00 00 00 00 00 7F 00 00
000677   5633300700..5633654960   60 FD 40
000678   5633706240..5648464480   60 18 7F 00 00 7F 00 00 00 00 7F 00 00 00 00 00 00 7F 00 00 00 00 00 00 00 00 00 00 00 7F 7F 00 00 00 00 00 7F 00 00 00 00 00 7F 00 00 00 7F 00 7F 7F 00 00 7F 00 7F 00 00 7F 00 00 00 00 00 00 7F 00 00 00 7F 00 00 00 00 00 00 00 00 00 00 00 7F 00 00 7F 7F 00 00 00 00 00 00 00 00 00 00 7F 00 7F 00 7F 00 00 7F 00 00 00 00 00 00 7F 00 00 00 7F 7F 00 00 00 00 00 7F 00 00 00 7F 7F 00 00 00 00 00 7F 00 00
000679   5648609940..5648964040   60 FD 40
000680   5649015360..5663934620   60 18 7F 00 00 7F 00 00 00 00 7F 00 00 00 00 7F 00 00 00 00 7F 00 00 00 00 00 00 7F 00 7F 00 00 00 00 00 00 00 00 00 00 00 00 7F 00 00 00 7F 00 7F 7F 00 00 00 00 7F 00 00 7F 7F 00 00 00 00 7F 7F 00 00 00 7F 00 7F 00 00 00 7F 00 00 00 00 00 00 00 00 7F 00 00 00 00 00 00 00 00 00 00 00 7F 00 00 00 7F 00 00 00 00 00 00 00 00 00 7F 7F 00 00 7F 00 00 00 00 00 00 7F 00 00 00 7F 7F 00 00 00 00 7F 7F 00 00
000681   5664075460..5664429340   60 FD 40
000682   5664480660..5679408960   60 18 7F 7F 00 7F 7F 00 00 7F 00 7F 00 00 00 7F 7F 00 00 00 7F 7F 00 00 00 7F 00 7F 00 7F 00 00 00 00 00 00 00 00 00 00 00 00 7F 00 00 00 7F 00 7F 7F 00 00 00 00 00 00 00 00 7F 00 00 00 00 7F 7F 00 00 00 00 00 7F 00 00 00 7F 00 00 00 00 00 00 00 00 7F 00 00 00 00 00 00 00 00 00 00 00 00 00 00 00 7F 00 7F 00 00 00 00 00 00 00 7F 7F 00 00 00 00 00 00 00 00 00 7F 00 00 00 7F 7F 00 00 7F 00 7F 00 00 00
000683   5699642840..5699997280   60 FD 40
000684   5700048580..5714984800   60 18 7F 7F 00 7F 7F 00 00 7F 00 7F 00 00 00 7F 7F 00 00 00 7F 7F 00 00 00 7F 00 7F 00 7F 00 00 00 00 00 00 00 00 00 00 00 7F 7F 00 00 00 7F 00 7F 00 00 00 00 00 00 00 00 00 7F 00 00 00 00 7F 7F 00 00 00 00 00 7F 00 00 7F 7F 00 00 00 00 00 00 00 00 7F 00 00 00 00 00 00 00 00 00 00 00 00 00 00 00 7F 00 7F 00 00 00 00 00 00 00 7F 7F 00 00 00 00 00 00 00 00 00 7F 7F 00 00 7F 7F 00 00 7F 00 7F 00 00 00
000685   5715129140..5715483620   60 FD 40
000686   5715534960..5730470760   60 18 7F 7F 00 7F 7F 00 00 7F 00 7F 00 00 00 00 7F 00 00 00 7F 7F 00 00 00 7F 00 7F 00 7F 00 00 00 00 00 00 7F 00 00 00 00 7F 7F 00 00 00 7F 7F 7F 00 00 00 00 00 00 7F 00 00 00 00 7F 00 00 00 00 00 00 00 00 00 7F 7F 00 7F 00 00 00 00 00 00 7F 00 00 00 7F 7F 00 7F 00 00 00 7F 00 00 00 00 00 00 00 7F 00 7F 00 00 00 00 00 00 00 7F 00 00 00 00 00 00 00 00 00 00 7F 7F 00 00 7F 00 00 00 7F 7F 00 00 00 00
000687   5730611720..5730965900   60 FD 40
000688   5731017240..5745952520   60 18 7F 00 00 7F 00 00 00 7F 00 00 00 00 7F 00 00 00 00 00 7F 00 00 00 00 7F 00 7F 00 7F 00 00 00 00 00 00 7F 00 00 00 00 7F 7F 00 00 00 7F 7F 7F 00 00 00 00 00 00 7F 00 00 00 00 7F 00 00 00 00 00 00 00 00 00 7F 7F 00 7F 00 00 00 00 00 00 7F 00 00 00 7F 7F 00 7F 00 00 7F 7F 00 00 00 00 00 00 00 7F 00 00 00 00 00 00 00 00 00 7F 00 00 00 00 00 00 00 7F 00 00 00 7F 00 7F 00 00 00 00 00 7F 00 00 00 00
000689   5766199640..5766553640   60 FD 40
000690   5766604920..5781530900   60 18 7F 00 00 7F 00 7F 00 7F 00 00 00 00 7F 00 00 00 00 00 7F 00 00 00 00 7F 00 7F 00 7F 00 00 00 00 00 00 7F 00 00 00 00 00 7F 00 00 00 00 7F 7F 00 00 00 00 00 00 7F 00 00 00 00 7F 00 7F 00 00 00 00 00 00 00 7F 7F 00 00 00 00 00 00 00 00 7F 00 00 00 7F 7F 00 7F 00 00 7F 7F 00 00 00 00 7F 00 00 7F 00 00 00 7F 00 00 00 00 00 7F 00 00 00 00 00 00 7F 7F 00 7F 00 00 00 7F 00 00 00 00 00 7F 00 00 00 00
000691   5781675160..5782029160   60 FD 40
000692   5782080440..5797003340   60 18 7F 00 00 7F 00 7F 00 7F 00 00 00 00 7F 7F 00 00 00 00 7F 00 00 00 00 7F 7F 7F 00 00 00 00 00 7F 00 00 00 00 00 7F 00 00 00 00 00 00 00 00 00 00 00 00 7F 00 00 7F 00 00 00 00 00 00 7F 7F 00 00 00 00 00 00 7F 00 00 00 7F 00 00 00 00 00 00 7F 00 00 00 00 7F 00 00 00 7F 7F 00 00 00 00 7F 00 00 7F 00 00 00 7F 00 00 00 00 7F 7F 00 00 00 00 00 00 7F 7F 00 7F 00 00 00 7F 00 00 00 00 00 7F 00 00 00 00
000693   5797144260..5797498300   60 FD 40
000694   5797549600..5812476320   60 18 00 7F 00 7F 00 7F 00 7F 00 00 00 7F 7F 7F 00 00 00 00 7F 00 00 00 7F 7F 7F 7F 00 00 00 00 00 7F 00 00 00 00 00 7F 00 00 00 00 00 00 00 00 00 00 00 00 7F 00 00 7F 00 00 00 00 00 00 7F 7F 00 00 7F 00 00 00 7F 00 00 00 7F 00 00 00 00 00 00 7F 00 00 00 00 7F 00 00 00 7F 7F 00 00 00 7F 7F 00 7F 00 00 00 00 7F 00 00 00 00 7F 7F 00 00 00 00 00 00 7F 00 00 7F 00 00 00 00 00 00 00 7F 7F 7F 00 7F 00 00
000695   5832723500..5833077840   60 FD 40
000696   5833129160..5848060160   60 18 00 7F 00 00 00 7F 00 7F 00 00 00 7F 7F 7F 00 00 00 00 7F 00 00 00 7F 7F 7F 7F 7F 00 00 00 7F 7F 00 00 00 00 7F 7F 00 00 00 00 00 00 00 00 00 00 00 00 7F 00 00 7F 00 00 00 00 00 00 00 7F 00 00 7F 00 00 00 7F 00 00 00 7F 7F 00 7F 00 00 00 7F 00 00 00 00 7F 00 7F 00 7F 7F 00 00 00 7F 7F 00 7F 00 00 00 00 00 00 00 00 00 7F 7F 00 00 00 00 00 00 7F 00 00 00 00 00 00 00 00 00 00 7F 7F 7F 00 7F 00 00
000697   5848204420..5848558560   60 FD 40
000698   5848609880..5863335280   60 18 00 7F 00 00 00 7F 00 7F 00 00 00 7F 7F 00 00 7F 00 00 00 00 00 00 7F 7F 00 00 7F 00 7F 00 7F 7F 00 00 00 7F 7F 00 00 00 00 00 00 00 00 00 00 00 00 00 00 00 00 7F 00 00 00 00 7F 00 00 00 00 00 7F 00 00 00 00 7F 00 00 00 7F 00 7F 00 00 00 00 00 7F 00 7F 7F 00 7F 00 7F 7F 00 00 00 7F 7F 7F 7F 00 00 00 00 00 7F 00 00 00 00 7F 00 00 00 00 7F 00 7F 00 00 00 00 00 00 00 00 00 00 7F 7F 7F 00 7F 00 00
000699   5863477400..5863831600   60 FD 40
000700   5863882940..5878812160   60 18 00 00 00 00 00 7F 00 00 00 00 00 00 7F 00 00 7F 00 00 00 00 00 00 00 00 00 00 7F 00 7F 00 7F 7F 00 00 00 7F 7F 00 00 00 00 00 00 00 00 00 00 00 00 00 00 00 00 7F 00 7F 00 00 7F 00 00 00 00 00 00 00 7F 00 00 7F 7F 00 00 7F 00 7F 00 00 00 00 00 7F 00 7F 7F 00 7F 00 7F 7F 00 00 00 7F 7F 7F 00 00 00 00 00 00 7F 00 00 7F 00 7F 00 00 7F 00 7F 00 7F 7F 00 00 7F 00 00 7F 7F 00 00 7F 00 7F 00 00 00 00
000701   5899065480..5899419740   60 FD 40
000702   5899471040..5914400500   60 18 00 00 00 00 00 7F 00 00 00 00 00 00 7F 00 00 7F 00 00 00 00 00 00 00 00 00 00 00 00 7F 00 00 7F 00 00 00 7F 7F 00 00 00 00 00 00 00 00 00 00 7F 00 00 00 00 00 7F 00 7F 00 7F 7F 00 00 00 00 00 00 00 7F 00 00 7F 7F 00 00 7F 00 7F 00 7F 00 00 00 7F 00 7F 7F 00 00 00 7F 7F 7F 00 00 7F 7F 7F 00 00 00 00 00 00 7F 00 7F 7F 00 00 00 00 7F 00 7F 00 7F 7F 7F 00 7F 00 00 7F 7F 00 00 7F 00 7F 00 00 00 00
000703   5914544760..5914898940   60 FD 40
000704   5914950280..5929878900   60 18 00 00 00 00 00 7F 00 00 00 00 00 00 7F 00 00 00 00 00 00 00 00 00 00 00 7F 00 00 00 00 00 00 7F 00 00 00 00 7F 7F 00 00 00 7F 00 00 00 00 7F 7F 00 00 00 00 00 00 00 7F 7F 7F 00 00 00 00 7F 00 00 00 7F 00 00 00 7F 00 00 7F 00 7F 00 7F 00 7F 00 00 00 00 7F 00 00 00 7F 00 7F 00 00 7F 7F 7F 00 00 00 00 00 00 00 00 7F 7F 00 00 00 00 7F 00 7F 00 7F 7F 7F 00 7F 00 00 7F 7F 7F 7F 7F 00 00 7F 00 00 00
000705   5930020000..5930374360   60 FD 40
000706   5930425700..5945361420   60 18 7F 00 00 00 7F 7F 00 00 00 7F 00 7F 00 00 00 00 00 00 00 00 7F 00 7F 00 7F 00 00 00 00 00 00 7F 00 00 00 00 7F 7F 00 00 00 7F 00 00 00 00 7F 7F 00 7F 00 00 00 00 00 00 7F 7F 00 00 00 00 7F 00 7F 00 00 00 00 00 7F 00 00 7F 7F 7F 00 7F 00 7F 00 00 00 00 7F 00 00 00 00 00 7F 00 00 7F 7F 7F 00 7F 00 00 00 00 00 00 7F 00 00 00 00 00 00 00 7F 00 7F 00 7F 00 7F 00 00 00 00 7F 7F 7F 00 00 7F 00 00 00
000707   5965591740..5965945900   60 FD 40
000708   5965997240..5980926640   60 18 7F 00 00 00 7F 00 7F 00 00 7F 00 7F 00 00 00 00 7F 00 00 00 7F 00 7F 00 7F 00 00 00 00 7F 00 7F 00 00 00 00 7F 7F 00 7F 00 7F 00 00 7F 00 7F 7F 00 7F 00 00 00 00 00 00 7F 00 00 7F 00 00 7F 7F 7F 00 00 00 00 00 7F 7F 00 7F 7F 7F 00 00 00 7F 7F 00 00 00 7F 00 00 00 00 00 7F 00 00 7F 00 7F 00 7F 00 00 00 00 00 00 00 00 00 00 00 00 00 00 7F 00 00 00 7F 00 7F 00 00 00 00 7F 7F 7F 00 00 7F 00 00 00
000709   5981071060..5981425500   60 FD 40
000710   5981476840..5996411920   60 18 7F 00 00 00 7F 00 7F 00 00 7F 00 7F 00 00 00 7F 7F 00 00 00 7F 00 7F 00 00 7F 00 7F 7F 7F 00 00 00 00 00 7F 7F 00 00 7F 7F 00 00 00 7F 00 00 7F 00 7F 00 00 00 00 00 00 00 00 00 7F 00 00 7F 7F 7F 00 00 00 00 00 7F 7F 00 7F 7F 7F 00 00 7F 00 7F 00 7F 00 00 00 00 00 00 00 7F 00 00 7F 00 7F 00 7F 00 00 7F 00 00 00 00 00 00 00 00 00 00 00 7F 00 00 00 7F 00 7F 00 00 00 00 7F 00 7F 00 00 00 00 00 00
000711   5996553020..5996907400   60 FD 40
000712   5996958760..6011892280   60 18 00 7F 00 00 00 00 7F 7F 7F 00 00 00 00 00 00 7F 7F 00 00 00 00 00 00 7F 00 7F 00 7F 7F 7F 00 00 00 00 00 7F 7F 00 00 7F 7F 00 00 00 7F 00 00 7F 00 7F 00 00 7F 00 00 7F 00 00 00 7F 00 00 7F 7F 00 00 7F 00 00 00 7F 7F 00 7F 00 7F 00 00 7F 00 7F 00 7F 00 00 00 00 00 00 00 7F 00 00 7F 00 7F 00 7F 00 00 7F 00 00 00 00 00 00 00 00 00 7F 7F 7F 00 00 00 7F 00 7F 00 00 00 00 7F 00 7F 00 00 00 00 00 00
000713   6032146180..6032500600   60 FD 40
000714   6032551920..6047488160   60 18 00 7F 00 7F 00 00 00 7F 7F 00 00 00 00 00 00 7F 7F 7F 00 00 00 00 00 7F 00 7F 00 7F 7F 7F 00 00 00 00 00 7F 00 00 00 00 7F 00 00 00 7F 00 00 7F 7F 7F 00 7F 7F 00 00 7F 00 00 00 00 7F 00 7F 00 00 00 7F 7F 00 00 7F 00 00 00 00 00 00 00 7F 00 00 00 7F 00 00 00 00 00 00 00 7F 00 00 7F 00 7F 00 7F 00 00 7F 00 00 7F 00 00 00 00 00 00 7F 7F 7F 7F 00 00 7F 7F 7F 00 00 00 00 7F 00 7F 00 00 00 00 00 00
000715   6047632540..6047986900   60 FD 40
000716   6048038240..6062807040   60 18 00 7F 00 7F 00 00 00 7F 7F 00 00 00 00 00 00 00 7F 7F 7F 00 00 00 00 7F 00 00 00 7F 00 7F 00 00 00 00 00 00 00 00 00 00 7F 00 00 00 7F 00 00 7F 7F 7F 00 7F 7F 7F 00 7F 7F 00 00 00 7F 7F 7F 00 00 00 7F 7F 7F 00 7F 00 7F 00 00 00 00 00 00 00 00 00 00 00 00 00 00 00 00 00 7F 00 00 7F 00 00 00 7F 00 00 00 00 00 7F 00 00 00 00 7F 00 7F 7F 00 7F 00 00 7F 7F 7F 00 00 00 00 7F 7F 7F 00 00 7F 00 00 00
000717   6062949280..6063303600   60 FD 40
000718   6063354960..6078280140   60 18 00 00 00 7F 7F 00 00 7F 00 7F 00 00 7F 00 7F 00 7F 7F 7F 7F 7F 00 00 00 00 00 00 7F 00 7F 00 00 00 00 00 00 00 00 00 00 7F 00 00 00 7F 00 00 7F 7F 7F 00 7F 7F 7F 00 00 7F 00 00 00 7F 7F 7F 00 00 00 00 7F 7F 00 7F 00 7F 00 00 00 00 00 00 00 00 00 00 00 00 00 00 00 7F 00 7F 00 00 00 00 00 7F 7F 00 7F 00 00 00 7F 00 00 00 00 7F 00 00 00 00 7F 00 00 7F 7F 7F 00 00 7F 00 7F 7F 00 7F 00 7F 7F 00 00
000719   6098518660..6098872840   60 FD 40
000720   6098924140..6113845920   60 18 00 00 00 7F 7F 00 00 7F 00 7F 00 00 7F 00 7F 00 7F 00 7F 7F 7F 00 00 00 00 00 7F 7F 00 7F 00 00 00 00 00 00 00 00 7F 7F 7F 00 7F 00 7F 00 00 00 00 7F 00 7F 7F 7F 00 00 7F 00 00 00 00 7F 7F 00 00 00 00 7F 7F 00 7F 7F 7F 00 00 00 00 00 00 00 7F 00 00 00 00 00 7F 00 7F 00 00 00 7F 00 00 00 7F 7F 00 7F 00 00 00 00 00 00 00 7F 7F 00 00 00 00 00 7F 00 00 00 7F 7F 00 7F 00 7F 7F 00 7F 00 7F 7F 00 00
000721   6113990120..6114344220   60 FD 40
000722   6114395540..6129319720   60 18 00 00 00 7F 7F 00 00 7F 00 7F 00 00 7F 00 7F 00 7F 00 7F 7F 7F 00 00 00 00 00 7F 7F 00 7F 00 7F 00 00 7F 00 00 00 7F 7F 7F 00 7F 00 7F 7F 00 00 00 7F 00 7F 7F 00 00 00 00 00 7F 00 00 00 00 00 00 00 00 7F 7F 00 7F 7F 00 00 00 00 00 00 7F 00 7F 00 7F 7F 7F 7F 7F 00 7F 7F 00 00 7F 00 00 00 7F 7F 00 7F 00 00 00 00 00 00 00 7F 00 00 00 00 00 00 7F 00 00 00 7F 7F 00 7F 00 00 00 00 7F 7F 00 7F 00 00
000723   6129460600..6129814540   60 FD 40
000724   6129865840..6144790960   60 18 00 00 00 7F 00 00 00 7F 00 00 00 7F 00 00 7F 00 7F 00 7F 00 00 00 00 00 00 00 7F 7F 00 7F 00 7F 00 00 7F 00 00 00 7F 7F 7F 00 7F 00 7F 7F 00 00 00 7F 00 7F 7F 00 00 00 00 00 7F 00 00 00 00 00 00 00 00 7F 7F 00 00 7F 00 00 00 00 00 00 7F 00 7F 00 7F 7F 7F 7F 7F 00 7F 7F 00 00 7F 00 00 00 00 7F 00 00 00 00 00 00 00 7F 00 7F 00 00 00 7F 00 00 7F 7F 00 00 00 7F 00 00 7F 00 00 00 00 7F 00 00 00 00
000725   6165040620..6165380880   60 FD 40
000726   6165484240..6180335320   60 18 00 00 00 7F 00 7F 00 7F 00 00 00 7F 00 00 7F 00 00 00 7F 00 00 00 00 00 00 00 00 7F 00 00 00 7F 00 7F 7F 00 7F 00 7F 00 7F 00 00 00 00 7F 00 00 00 7F 00 7F 7F 00 00 00 00 7F 7F 00 7F 00 00 00 00 00 00 7F 7F 00 00 00 00 00 00 00 00 7F 7F 00 00 00 7F 7F 7F 7F 00 00 7F 7F 00 00 7F 00 7F 00 00 7F 00 00 00 7F 00 00 00 7F 00 7F 00 00 00 7F 00 7F 00 7F 00 7F 00 00 00 00 7F 00 00 00 00 7F 00 00 00 00
000727   6180480880..6180835220   60 FD 40
000728   6180886560..6195821060   60 18 00 00 00 7F 00 7F 00 7F 00 00 00 7F 00 7F 7F 00 00 00 7F 00 00 00 00 00 00 00 00 00 00 00 00 00 00 7F 00 00 7F 7F 7F 00 00 00 00 00 00 7F 00 00 00 7F 7F 7F 7F 00 00 00 00 7F 00 00 7F 7F 00 00 00 00 00 7F 7F 00 00 00 7F 00 00 00 00 7F 00 7F 00 00 00 00 7F 00 00 00 7F 7F 00 00 7F 00 7F 7F 00 7F 00 00 00 7F 00 00 00 7F 7F 7F 00 00 00 7F 7F 7F 00 7F 00 7F 00 00 00 00 7F 00 00 00 00 7F 00 00 00 00
000729   6195962040..6196316320   60 FD 40
000730   6196367660..6211301220   60 18 7F 7F 00 7F 00 7F 00 7F 00 00 00 00 00 7F 7F 00 00 00 7F 7F 00 00 7F 00 00 00 00 00 00 00 00 00 00 7F 00 00 7F 7F 7F 00 00 00 00 00 00 7F 00 00 00 00 7F 7F 7F 00 00 00 00 7F 00 00 7F 7F 00 00 7F 00 7F 7F 7F 00 00 00 7F 00 7F 00 00 7F 00 7F 00 00 00 00 7F 00 00 00 7F 7F 00 00 7F 00 7F 7F 7F 00 00 00 00 7F 00 00 00 00 7F 7F 00 00 00 00 7F 7F 00 00 00 7F 00 00 00 00 00 00 00 7F 7F 7F 00 00 00 00
000731   6231538360..6231892640   60 FD 40
000732   6231943940..6246873360   60 18 7F 7F 7F 00 00 7F 7F 7F 00 00 00 00 00 7F 7F 00 00 00 7F 7F 00 00 7F 00 00 00 7F 00 00 00 7F 00 00 00 00 00 00 7F 7F 00 00 00 7F 00 00 7F 00 7F 00 00 7F 00 7F 00 00 00 00 00 00 7F 00 7F 00 00 7F 00 7F 00 7F 00 00 00 7F 7F 7F 7F 00 00 00 7F 00 00 00 00 7F 00 7F 00 7F 7F 00 00 7F 00 7F 7F 7F 00 00 00 00 00 00 00 00 00 7F 7F 00 00 00 00 7F 00 00 00 00 00 00 00 00 00 00 00 00 7F 7F 7F 00 00 00 00
000733   6247017700..6247372080   60 FD 40
000734   6247423420..6262355940   60 18 7F 7F 7F 00 00 7F 7F 7F 00 00 00 00 00 00 7F 7F 00 00 00 7F 00 00 7F 00 00 00 7F 00 7F 00 7F 00 00 00 7F 00 00 00 7F 00 00 00 7F 00 00 7F 00 7F 00 00 7F 00 7F 00 00 00 00 00 7F 7F 00 00 7F 00 7F 00 7F 00 00 7F 00 00 00 7F 7F 7F 00 00 00 00 00 7F 00 7F 7F 00 7F 00 7F 7F 00 00 7F 00 7F 7F 7F 00 00 00 00 00 7F 00 00 00 00 7F 00 00 00 00 00 00 00 00 00 00 00 00 00 00 00 7F 00 7F 7F 7F 00 00 00 00
000735   6262496940..6262851200   60 FD 40
000736   6262902560..6277733940   60 18 00 00 7F 00 00 7F 7F 00 7F 7F 00 00 00 00 7F 7F 00 00 00 00 00 00 7F 7F 00 00 7F 00 7F 00 7F 00 00 00 7F 00 00 00 7F 00 00 00 7F 00 00 7F 00 7F 00 00 7F 00 00 00 00 7F 00 00 7F 7F 00 00 7F 00 00 00 00 00 00 7F 7F 00 00 7F 00 7F 00 00 00 00 00 7F 00 7F 7F 00 7F 00 7F 7F 00 00 7F 7F 7F 7F 00 00 00 00 00 00 7F 00 00 7F 00 7F 00 00 7F 00 00 00 00 7F 00 00 00 00 00 7F 00 7F 00 00 00 7F 00 7F 00 00
000737   6297972040..6298326260   60 FD 40
000738   6298377540..6313300520   60 18 00 00 00 00 00 7F 00 00 7F 7F 00 00 00 00 7F 7F 00 7F 00 00 00 00 7F 7F 00 00 00 00 7F 00 00 00 00 7F 7F 00 00 00 00 00 00 00 00 00 7F 7F 00 00 7F 00 7F 00 00 00 00 7F 00 7F 7F 00 00 00 7F 00 00 00 00 00 00 7F 7F 00 00 7F 00 7F 00 7F 00 00 00 7F 00 7F 7F 00 00 00 7F 7F 7F 7F 00 7F 7F 7F 00 00 00 00 00 00 7F 00 7F 7F 00 00 00 00 7F 00 00 00 00 7F 7F 00 00 00 00 7F 00 7F 00 00 00 7F 00 7F 00 00
000739   6313444640..6313798480   60 FD 40
000740   6313849760..6328774400   60 18 00 00 00 00 00 7F 00 00 7F 7F 00 00 00 7F 7F 00 00 7F 00 00 00 00 7F 7F 7F 00 00 7F 00 00 00 00 00 7F 00 00 00 7F 00 00 7F 7F 00 00 7F 7F 7F 00 7F 00 7F 00 00 00 00 7F 7F 7F 00 00 00 00 7F 00 00 00 00 00 00 00 7F 00 00 7F 00 7F 00 7F 7F 7F 00 7F 00 00 7F 00 00 00 7F 00 7F 7F 00 7F 7F 7F 00 00 00 00 00 00 00 00 7F 7F 00 00 00 00 7F 00 00 00 00 7F 7F 00 00 00 00 7F 00 00 00 00 00 00 7F 7F 00 00
000741   6328915340..6329269500   60 FD 40
000742   6329320800..6344245740   60 18 00 00 00 00 7F 7F 00 00 00 00 00 7F 7F 7F 00 00 00 7F 00 00 7F 00 00 00 7F 00 00 7F 00 00 00 00 00 7F 00 00 00 7F 00 00 7F 7F 00 00 7F 7F 7F 00 7F 7F 7F 00 00 00 00 00 7F 7F 00 00 00 00 7F 00 7F 00 00 00 00 00 00 00 00 7F 7F 7F 00 7F 7F 7F 00 7F 00 00 7F 00 00 00 00 00 7F 7F 00 7F 7F 7F 00 00 00 7F 00 00 00 00 7F 00 00 00 00 00 7F 00 00 00 00 00 7F 00 7F 00 00 00 7F 00 00 7F 00 00 7F 7F 00 00
000743   6364496820..6364850760   60 FD 40
000744   6364902020..6379821180   60 18 00 00 7F 7F 7F 00 7F 00 00 00 00 7F 7F 7F 00 00 7F 00 00 00 7F 00 00 00 7F 00 00 7F 00 7F 00 00 00 00 00 00 00 7F 00 7F 7F 7F 00 00 00 7F 7F 00 00 7F 7F 00 00 00 00 00 7F 00 00 7F 00 00 7F 7F 7F 00 00 00 00 00 00 7F 00 7F 7F 7F 00 00 7F 7F 00 7F 00 00 7F 00 00 00 00 00 7F 00 00 7F 00 7F 00 00 00 7F 00 00 00 00 00 00 00 00 00 00 7F 00 00 00 00 00 7F 00 7F 00 00 00 7F 00 00 7F 00 00 7F 7F 00 00
000745   6379965340..6380319320   60 FD 40
000746   6380370640..6395149120   60 18 00 00 7F 7F 7F 00 7F 00 00 00 00 7F 7F 00 00 7F 7F 00 7F 00 7F 00 00 00 00 7F 00 00 7F 7F 00 7F 00 00 00 7F 00 00 00 7F 7F 00 00 00 00 00 7F 00 00 7F 7F 00 00 00 00 00 00 00 00 7F 00 00 7F 7F 7F 00 00 00 7F 7F 00 7F 7F 7F 7F 7F 00 00 00 00 00 7F 7F 00 00 7F 00 00 00 00 7F 00 00 7F 00 7F 00 00 00 7F 7F 00 00 00 00 00 00 00 00 00 7F 00 00 00 00 00 7F 00 7F 00 00 00 7F 00 00 7F 00 00 00 7F 00 00
000747   6395291240..6395645200   60 FD 40
000748   6395696540..6410623240   60 18 7F 00 7F 7F 00 00 7F 00 7F 00 00 00 00 00 00 7F 7F 00 7F 00 7F 00 00 00 00 7F 00 00 7F 7F 00 7F 00 00 00 7F 00 00 00 7F 7F 00 00 00 00 00 7F 00 00 00 7F 00 7F 00 00 7F 00 00 00 7F 00 00 7F 7F 00 00 7F 00 7F 7F 7F 7F 7F 7F 00 7F 00 00 00 00 00 7F 7F 00 00 7F 00 00 00 00 7F 00 00 7F 00 7F 7F 7F 00 00 7F 00 00 00 00 00 00 00 00 00 00 7F 00 00 00 00 7F 00 7F 00 00 00 7F 00 00 00 00 00 00 7F 00 00
000749   6430869480..6431223500   60 FD 40
000750   6431274800..6446202700   60 18 7F 00 00 00 00 00 00 00 7F 00 00 00 00 00 00 7F 7F 7F 7F 00 7F 00 00 00 00 7F 00 00 7F 7F 00 7F 00 00 00 7F 00 00 00 00 7F 00 00 00 00 00 7F 00 7F 00 7F 7F 7F 00 00 7F 00 00 00 00 7F 00 7F 00 00 00 7F 7F 7F 7F 7F 00 7F 00 00 00 00 00 00 00 00 7F 7F 00 00 7F 00 00 00 00 7F 7F 00 7F 00 7F 7F 7F 00 00 7F 00 00 7F 00 00 00 7F 00 00 00 7F 00 00 00 00 7F 7F 7F 00 00 00 7F 00 00 00 00 00 00 7F 00 00
000751   6446347000..6446701160   60 FD 40
000752   6446752500..6461680120   60 18 7F 00 00 00 00 00 00 00 7F 00 00 00 00 00 00 00 7F 7F 7F 00 7F 00 00 00 7F 7F 00 00 00 7F 00 00 00 00 00 00 00 00 00 00 7F 00 00 00 00 00 7F 00 7F 00 00 7F 7F 7F 00 7F 7F 00 00 00 7F 7F 7F 00 00 00 7F 7F 00 00 7F 00 00 00 00 00 00 00 00 00 00 7F 00 7F 00 00 00 00 00 7F 7F 7F 00 7F 00 00 7F 7F 00 00 00 00 00 7F 00 00 7F 7F 7F 00 00 7F 7F 00 00 00 7F 7F 7F 00 00 00 7F 00 7F 00 00 7F 7F 7F 00 00
000753   6461821040..6462175160   60 FD 40
000754   6462226480..6477155300   60 18 7F 7F 00 00 7F 00 00 7F 00 7F 00 00 00 00 7F 00 7F 7F 7F 7F 00 00 7F 7F 7F 7F 00 00 00 7F 00 00 00 00 00 00 00 00 00 00 7F 00 00 00 00 00 7F 00 7F 7F 00 7F 00 7F 00 00 7F 00 00 00 7F 7F 7F 00 00 00 00 7F 00 00 00 00 00 00 00 00 00 00 00 00 00 7F 00 7F 00 00 00 00 00 7F 7F 7F 00 00 00 00 7F 7F 00 7F 00 00 00 7F 00 7F 7F 7F 7F 00 00 7F 7F 00 00 00 7F 7F 7F 00 00 00 7F 00 7F 7F 7F 7F 7F 00 00 00
000755   6497395960..6497750320   60 FD 40
000756   6497801660..6512737720   60 18 7F 7F 00 00 7F 7F 00 7F 00 7F 00 00 00 00 7F 00 7F 00 7F 7F 00 00 7F 7F 7F 7F 7F 00 00 7F 00 00 00 00 00 00 00 00 7F 7F 7F 00 00 00 00 00 7F 00 00 7F 00 7F 00 7F 00 00 7F 00 00 00 00 7F 7F 00 00 00 00 7F 00 00 00 7F 00 00 00 00 00 00 00 00 7F 7F 00 7F 00 00 7F 00 00 7F 00 00 7F 00 7F 00 7F 7F 00 7F 00 00 00 00 00 7F 7F 00 7F 00 00 7F 7F 00 7F 00 00 00 7F 7F 00 00 7F 00 7F 7F 7F 7F 7F 00 00 00
000757   6512882000..6513236260   60 FD 40
000758   6513287600..6528221460   60 18 7F 7F 00 00 7F 7F 00 7F 00 7F 00 00 00 00 7F 00 7F 00 7F 7F 00 00 7F 7F 00 7F 7F 00 00 7F 00 00 00 00 7F 7F 00 00 7F 7F 7F 00 00 00 00 7F 7F 00 00 7F 00 7F 00 7F 00 00 00 00 7F 00 00 00 00 00 00 00 00 7F 00 00 00 7F 00 00 00 00 00 00 7F 7F 7F 00 7F 00 00 7F 7F 00 00 7F 00 00 7F 00 7F 00 7F 7F 00 7F 00 00 7F 00 00 7F 00 00 00 00 00 7F 00 00 7F 00 00 00 7F 7F 00 00 7F 7F 00 7F 7F 00 00 00 00 00
000759   6528362440..6528716800   60 FD 40
000760   6528768140..6543700300   60 18 7F 00 00 00 00 7F 00 7F 00 00 00 00 7F 00 00 00 7F 00 7F 7F 00 00 00 7F 00 7F 7F 00 00 7F 00 00 00 00 7F 7F 00 00 7F 7F 7F 00 00 00 00 7F 7F 00 00 00 00 7F 7F 7F 00 00 00 00 7F 00 00 00 00 00 00 00 00 7F 00 00 7F 7F 00 00 7F 00 00 00 7F 7F 7F 00 7F 00 00 7F 7F 00 7F 7F 00 00 7F 00 7F 00 00 7F 00 00 00 00 7F 00 00 7F 00 00 00 00 7F 00 00 00 7F 7F 00 00 00 7F 00 7F 00 7F 00 00 00 00 00 00 00 00
000761   6563950080..6564304080   60 FD 40
000762   6564355380..6579279640   60 18 7F 00 00 00 00 00 00 7F 00 00 00 00 7F 00 00 00 00 00 7F 7F 00 00 00 7F 00 7F 00 00 00 00 00 00 00 00 7F 7F 7F 00 7F 00 7F 00 00 00 00 7F 7F 00 00 00 00 7F 7F 7F 00 00 00 7F 7F 00 7F 00 00 00 00 00 00 7F 00 00 7F 00 00 7F 7F 7F 00 7F 7F 7F 00 00 7F 00 00 7F 00 00 7F 7F 00 00 7F 00 7F 00 00 7F 00 00 00 7F 7F 00 00 7F 00 00 00 00 7F 00 00 7F 7F 7F 00 7F 00 00 00 7F 00 7F 00 00 00 00 00 00 00 00
000763   6579423780..6579777720   60 FD 40
000764   6579829020..6594758340   60 18 7F 00 00 00 00 00 00 7F 00 00 00 00 7F 7F 00 00 00 00 7F 7F 00 00 00 7F 00 7F 00 7F 7F 00 00 7F 00 00 7F 00 7F 7F 7F 00 00 7F 00 00 00 00 00 00 00 00 7F 7F 7F 7F 00 00 00 7F 00 00 7F 7F 00 00 00 00 00 7F 00 00 7F 00 7F 7F 7F 7F 00 7F 00 00 00 00 00 00 7F 00 00 00 7F 7F 00 00 7F 00 7F 00 00 7F 00 00 00 7F 00 00 00 7F 7F 00 00 00 7F 00 00 7F 7F 7F 00 7F 00 00 00 7F 00 00 7F 00 00 00 00 00 00 00
000765   6594899780..6595250980   60 FD 40
000766   6595301680..6610078800   60 18 00 7F 00 00 00 00 00 7F 7F 00 00 7F 7F 7F 7F 00 00 00 7F 00 7F 00 7F 7F 00 7F 00 7F 7F 00 00 7F 00 00 7F 00 7F 7F 7F 00 00 7F 00 00 00 00 00 00 00 7F 7F 7F 00 7F 00 00 00 7F 00 00 7F 7F 00 00 7F 00 00 7F 00 00 00 00 7F 7F 7F 7F 00 7F 00 00 00 00 00 00 7F 00 00 00 7F 7F 00 00 7F 7F 7F 00 7F 00 00 00 00 7F 00 00 00 00 7F 00 00 00 00 00 00 7F 7F 00 00 7F 00 00 00 00 00 00 7F 7F 7F 00 00 7F 00 00
000767   6630322960..6630677300   60 FD 40
000768   6630728620..6645662540   60 18 00 7F 00 00 00 00 7F 7F 7F 00 00 7F 7F 7F 7F 00 00 00 7F 00 7F 00 7F 7F 00 7F 7F 7F 7F 00 7F 7F 00 00 7F 00 7F 7F 7F 00 00 7F 7F 00 00 00 00 7F 00 7F 7F 00 00 7F 00 00 00 00 00 7F 00 7F 00 00 7F 00 00 00 00 00 00 00 7F 7F 7F 00 00 00 00 00 7F 00 00 00 7F 00 7F 00 7F 7F 7F 00 7F 7F 7F 00 7F 00 00 00 00 00 00 00 00 00 7F 00 00 00 00 00 00 00 7F 00 7F 00 00 00 00 00 00 00 7F 7F 7F 00 00 7F 00 00
000769   6645806820..6646161040   60 FD 40
000770   6646212380..6661136140   60 18 00 7F 00 00 00 00 7F 7F 7F 00 00 7F 7F 7F 7F 7F 00 00 00 00 7F 00 7F 7F 00 00 7F 00 00 00 7F 7F 00 00 00 00 7F 00 7F 00 00 00 7F 00 00 7F 00 7F 00 7F 00 00 00 7F 00 00 00 00 7F 7F 00 00 00 00 7F 00 00 00 7F 7F 00 00 00 7F 7F 00 00 00 00 00 7F 7F 00 7F 7F 00 7F 00 7F 7F 7F 00 7F 7F 7F 7F 7F 00 00 00 7F 00 7F 00 00 00 00 00 00 00 00 00 7F 00 7F 00 7F 00 00 00 00 00 00 00 00 7F 7F 00 7F 7F 00 00
000771   6661277000..6661630880   60 FD 40
000772   6661682160..6676610360   60 18 00 00 00 00 00 00 7F 00 7F 00 00 00 7F 7F 00 7F 00 00 00 00 00 00 00 00 00 00 7F 00 00 00 7F 7F 00 00 00 00 7F 00 7F 00 00 00 7F 00 00 7F 00 7F 00 00 00 00 7F 7F 00 7F 00 00 7F 7F 00 00 00 00 00 00 7F 00 7F 7F 7F 00 00 7F 00 00 00 00 00 00 7F 7F 00 7F 7F 00 7F 00 7F 7F 7F 00 7F 00 7F 7F 00 00 00 7F 7F 00 7F 00 00 7F 00 00 00 00 7F 7F 7F 00 7F 7F 7F 00 7F 00 00 7F 7F 00 00 00 00 00 7F 7F 00 00
000773   6696847760..6697201960   60 FD 40
000774   6697253300..6712083540   60 18 00 00 00 00 00 00 00 00 7F 00 00 00 7F 7F 00 7F 7F 7F 00 00 00 00 00 00 00 00 00 00 00 7F 00 7F 00 7F 00 00 7F 00 00 7F 00 00 00 00 7F 7F 00 7F 7F 00 00 00 7F 7F 00 7F 00 7F 7F 00 00 00 00 00 00 00 7F 00 7F 7F 7F 00 00 7F 00 00 00 7F 00 00 00 7F 00 7F 7F 00 00 00 7F 7F 7F 00 00 00 7F 7F 00 00 00 7F 7F 00 7F 00 7F 7F 00 00 00 00 7F 7F 7F 7F 7F 7F 00 00 7F 00 00 7F 7F 00 00 00 00 00 7F 7F 00 00
000775   6712229000..6712583000   60 FD 40
000776   6712634320..6727560940   60 18 00 00 00 00 00 00 00 00 7F 00 00 00 7F 00 00 00 7F 7F 00 00 00 00 00 00 7F 00 00 00 00 7F 00 7F 00 7F 00 00 7F 7F 00 7F 00 7F 00 00 7F 00 7F 7F 7F 00 7F 00 7F 00 00 7F 7F 7F 00 00 00 00 7F 00 00 00 7F 00 00 7F 7F 00 00 7F 00 00 00 7F 00 7F 00 00 00 00 7F 7F 00 00 7F 00 7F 00 00 00 7F 7F 00 00 00 7F 00 00 00 00 7F 7F 00 00 7F 00 7F 7F 7F 7F 7F 7F 00 00 7F 00 00 7F 7F 7F 00 00 00 7F 00 7F 00 00
000777   6727701860..6728055860   60 FD 40
000778   6728107160..6743031720   60 18 7F 00 00 00 7F 00 00 00 00 7F 00 7F 00 00 7F 00 7F 7F 00 7F 7F 00 00 00 7F 00 00 00 00 7F 00 7F 00 7F 00 00 7F 7F 00 7F 00 7F 00 00 7F 00 7F 7F 7F 7F 7F 00 00 00 00 00 7F 7F 00 00 00 00 7F 00 7F 00 00 00 00 7F 00 00 00 7F 7F 00 00 7F 00 7F 00 00 00 00 7F 7F 00 00 00 00 7F 00 00 00 7F 7F 00 7F 00 7F 00 00 00 00 7F 00 00 00 7F 00 00 00 7F 7F 7F 00 00 00 00 00 00 00 7F 7F 00 00 00 7F 00 7F 00 00
000779   6763281220..6763635340   60 FD 40
000780   6763686620..6778609120   60 18 7F 00 7F 7F 7F 7F 7F 00 00 7F 00 7F 00 00 7F 00 00 00 00 7F 7F 00 00 00 7F 00 00 00 00 7F 00 7F 00 00 00 00 7F 7F 00 00 00 7F 7F 00 7F 00 7F 7F 00 7F 7F 7F 00 00 00 00 7F 00 00 7F 00 00 7F 7F 7F 00 00 7F 00 7F 00 7F 00 7F 7F 00 00 00 00 7F 00 00 00 00 7F 7F 00 00 00 00 7F 00 00 00 00 7F 00 7F 00 7F 00 00 00 00 00 00 00 00 7F 00 00 00 7F 00 00 00 00 7F 00 7F 00 00 7F 7F 00 00 00 7F 00 7F 00 00
000781   6778753260..6779106980   60 FD 40
000782   6779158240..6794076140   60 18 7F 00 7F 7F 7F 7F 7F 00 00 7F 00 7F 00 00 7F 7F 00 00 00 7F 7F 00 00 00 7F 7F 00 7F 7F 7F 00 00 00 00 7F 7F 7F 00 00 00 7F 00 7F 00 7F 7F 00 7F 00 7F 00 7F 00 00 00 00 00 00 00 7F 00 00 7F 7F 7F 00 00 7F 00 00 00 7F 00 7F 7F 00 00 00 7F 00 00 7F 7F 00 00 7F 00 00 00 00 7F 00 00 00 00 7F 00 7F 00 7F 7F 00 00 00 00 00 7F 00 00 00 00 00 7F 00 00 00 00 7F 00 7F 00 00 7F 7F 00 00 00 00 00 7F 00 00
000783   6794217060..6794571080   60 FD 40
000784   6794622380..6809364220   60 18 7F 00 7F 7F 00 7F 7F 7F 7F 00 00 00 00 00 00 7F 00 00 00 00 00 00 00 7F 7F 7F 00 7F 7F 7F 00 00 00 00 7F 7F 7F 00 00 00 7F 00 7F 00 7F 7F 00 7F 00 00 00 7F 7F 00 00 7F 00 00 00 7F 00 00 7F 7F 00 00 7F 7F 00 00 00 7F 00 7F 00 00 00 00 7F 00 00 7F 7F 00 00 7F 00 00 00 00 7F 00 00 00 00 7F 00 00 00 00 7F 00 00 00 00 00 7F 00 00 00 00 7F 7F 00 00 00 00 7F 00 7F 00 00 7F 7F 00 00 00 00 00 7F 00 00
000785   6829623460..6829977300   60 FD 40
000786   6830028540..6844942300   60 18 7F 00 00 7F 00 00 00 7F 7F 00 00 00 00 00 00 7F 00 7F 00 00 00 00 00 7F 7F 7F 00 7F 7F 7F 00 00 00 7F 7F 7F 00 00 7F 00 7F 00 00 00 7F 7F 00 7F 7F 00 00 7F 7F 00 00 7F 00 00 00 00 7F 00 7F 00 00 00 7F 00 00 00 00 00 00 00 00 7F 00 00 7F 00 00 7F 7F 00 00 7F 7F 00 00 00 7F 7F 7F 00 00 7F 00 00 00 00 7F 7F 00 7F 00 00 7F 7F 00 00 00 7F 7F 00 00 00 00 00 00 00 00 00 7F 7F 00 00 00 00 00 7F 00 00
000787   6845086480..6845440300   60 FD 40
000788   6845491580..6860404160   60 18 7F 00 00 7F 00 00 00 7F 7F 00 00 00 00 7F 00 00 00 7F 7F 00 00 00 00 7F 00 00 00 7F 00 7F 00 00 00 7F 00 7F 00 00 7F 00 7F 00 00 00 7F 00 7F 7F 7F 00 7F 7F 7F 7F 00 7F 7F 00 00 00 7F 7F 7F 00 00 00 7F 00 7F 00 00 00 7F 00 00 7F 00 00 00 00 00 00 00 00 00 00 7F 00 00 00 7F 7F 7F 00 00 00 00 00 00 00 00 7F 7F 7F 00 00 7F 7F 7F 00 00 7F 00 00 00 00 00 00 00 00 00 00 7F 7F 7F 00 00 00 7F 7F 00 00
000789   6860544960..6860898720   60 FD 40
000790   6860950000..6875868300   60 18 7F 00 00 7F 7F 00 00 00 00 7F 00 00 7F 7F 7F 00 00 7F 7F 7F 00 00 00 7F 00 00 00 7F 00 7F 00 00 00 7F 00 7F 00 00 7F 00 7F 00 00 00 7F 00 7F 7F 7F 00 7F 7F 00 7F 00 00 7F 00 00 00 7F 7F 7F 00 00 00 00 00 7F 00 00 00 7F 00 00 7F 00 00 00 00 00 00 00 00 00 00 7F 00 7F 00 7F 7F 7F 00 00 00 00 00 00 7F 00 7F 7F 7F 00 00 7F 7F 7F 00 00 00 00 00 00 00 00 00 00 00 00 00 7F 7F 7F 00 00 00 7F 7F 00 00
000791   6896117660..6896471480   60 FD 40
000792   6896522720..6911276440   60 18 7F 00 7F 7F 7F 00 00 00 00 7F 00 00 7F 7F 7F 00 00 00 7F 7F 00 00 00 7F 00 00 7F 7F 00 7F 7F 00 00 00 00 7F 00 00 00 7F 7F 00 00 00 7F 00 7F 00 00 00 7F 7F 00 7F 00 00 7F 00 00 00 00 7F 7F 00 00 00 00 00 7F 00 00 7F 7F 00 00 00 00 7F 00 00 7F 00 00 00 00 00 00 00 7F 00 00 00 7F 00 00 00 00 00 00 7F 00 00 7F 00 00 00 7F 7F 7F 00 00 00 00 00 7F 00 7F 00 00 7F 00 00 7F 7F 7F 00 00 00 7F 7F 00 00
000793   6911421780..6911775520   60 FD 40
000794   6911826800..6926745560   60 18 7F 00 7F 7F 7F 00 00 00 00 7F 00 00 7F 00 7F 00 00 00 7F 7F 00 00 00 7F 00 7F 7F 7F 00 7F 7F 7F 00 00 7F 00 00 00 00 7F 7F 7F 00 00 7F 7F 00 00 00 00 00 7F 00 00 00 00 00 00 7F 00 00 00 00 00 00 00 00 00 7F 7F 00 7F 00 00 00 00 00 7F 7F 00 7F 7F 7F 7F 7F 7F 00 00 7F 7F 00 00 7F 00 00 00 00 00 00 7F 00 00 7F 00 00 00 00 7F 00 00 00 00 00 00 7F 00 7F 00 00 7F 00 00 7F 00 7F 00 00 7F 00 7F 00 00
000795   6926886460..6927240500   60 FD 40
000796   6927291800..6942216080   60 18 7F 00 7F 7F 00 00 00 00 00 00 00 00 7F 00 00 00 00 00 7F 00 00 00 00 7F 00 7F 7F 7F 00 7F 7F 7F 00 00 7F 00 00 00 00 7F 7F 7F 00 00 7F 7F 00 00 00 00 00 7F 00 00 00 00 00 00 7F 00 00 00 00 00 00 00 00 00 7F 7F 00 7F 00 00 00 00 00 7F 7F 00 7F 7F 7F 7F 7F 7F 00 00 00 7F 00 00 7F 00 00 00 00 00 00 00 00 00 7F 00 00 00 00 7F 00 00 00 00 00 00 7F 00 7F 00 00 7F 00 00 7F 00 7F 00 00 7F 00 00 00 00
000797   6962459900..6962814140   60 FD 40
000798   6962865440..6977793540   60 18 7F 00 00 7F 00 7F 7F 00 00 00 00 00 7F 00 00 00 7F 00 7F 00 00 00 00 7F 00 7F 00 7F 00 00 00 7F 00 00 7F 00 7F 00 00 00 7F 7F 00 00 00 7F 00 00 00 00 00 7F 00 00 00 00 00 7F 7F 00 7F 00 00 00 00 00 00 00 7F 7F 00 00 00 00 00 00 00 00 7F 00 7F 7F 7F 7F 7F 7F 00 00 00 7F 00 7F 7F 00 7F 00 00 00 00 00 00 7F 7F 00 7F 00 00 7F 00 00 00 00 00 7F 00 00 00 7F 00 00 00 00 7F 00 7F 00 00 7F 00 00 00 00
000799   6977937760..6978291820   60 FD 40
000800   6978343140..6993269620   60 18 7F 00 00 7F 00 7F 7F 00 00 00 00 00 7F 7F 00 00 7F 00 7F 00 00 00 00 7F 7F 00 00 00 00 00 00 7F 00 00 00 00 7F 7F 00 00 00 7F 00 00 00 00 7F 00 00 00 7F 7F 00 7F 00 00 00 7F 00 00 7F 7F 00 00 00 00 00 00 7F 00 00 00 7F 00 00 00 00 00 00 7F 7F 00 00 00 00 00 00 00 00 7F 00 7F 7F 00 7F 7F 00 00 00 00 7F 7F 00 00 7F 00 7F 7F 00 00 00 00 7F 7F 00 00 00 7F 00 00 00 00 7F 00 00 00 00 7F 00 00 00 00
000801   6993410540..6993764440   60 FD 40
000802   6993815740..7008744900   60 18 7F 7F 00 7F 00 7F 7F 00 00 00 00 00 7F 7F 00 00 7F 00 7F 00 00 00 7F 7F 7F 00 00 00 00 00 00 7F 00 00 00 00 7F 7F 00 00 00 7F 00 00 00 00 7F 00 00 00 7F 7F 00 7F 00 00 00 7F 00 00 7F 7F 00 00 00 00 00 00 7F 00 00 00 7F 00 00 00 00 00 00 7F 7F 00 00 00 00 00 00 00 00 7F 00 7F 7F 7F 7F 7F 7F 00 00 00 7F 7F 00 00 7F 00 7F 7F 00 00 00 00 7F 7F 00 00 00 7F 00 00 00 00 00 00 00 7F 7F 7F 00 7F 00 00
000803   7028986260..7029340340   60 FD 40
000804   7029391660..7044312640   60 18 7F 7F 00 00 00 7F 00 00 00 00 00 00 7F 7F 00 00 00 7F 7F 00 00 00 7F 7F 7F 00 7F 00 00 00 7F 7F 00 00 00 00 00 7F 00 00 00 7F 7F 00 00 00 7F 7F 00 00 7F 00 00 7F 00 00 00 00 00 7F 00 7F 00 7F 00 00 00 7F 7F 00 00 00 7F 7F 00 7F 00 00 00 7F 00 00 00 00 00 00 7F 00 00 7F 00 00 7F 7F 7F 7F 7F 00 00 00 7F 00 00 00 00 00 7F 7F 00 00 00 00 7F 7F 7F 00 00 00 00 00 00 00 00 00 00 7F 7F 7F 00 7F 00 00
000805   7044456840..7044810780   60 FD 40
000806   7044862100..7059785260   60 18 7F 7F 00 00 00 7F 00 00 00 00 00 00 7F 00 00 7F 00 7F 00 00 00 00 7F 7F 00 7F 7F 00 7F 00 7F 7F 00 00 00 7F 00 00 00 00 00 00 7F 00 00 00 00 7F 00 00 00 00 00 00 00 00 00 00 7F 7F 00 00 7F 7F 00 00 00 7F 00 7F 00 00 00 7F 00 7F 00 00 00 00 00 7F 00 7F 00 00 7F 00 00 7F 00 00 7F 7F 7F 00 7F 00 00 00 7F 00 7F 00 00 00 00 7F 7F 00 00 00 7F 7F 7F 00 00 00 00 00 00 00 00 7F 00 7F 7F 7F 00 7F 00 00
000807   7059926240..7060280400   60 FD 40
000808   7060331740..7075261280   60 18 00 00 00 00 00 7F 00 00 00 00 00 00 7F 00 00 7F 00 7F 00 00 00 00 00 7F 00 7F 7F 00 7F 00 7F 7F 00 00 00 7F 00 00 00 00 00 00 7F 00 00 00 00 7F 00 00 00 00 00 00 00 00 00 00 7F 7F 00 00 7F 7F 00 00 00 7F 00 7F 7F 00 00 7F 00 7F 00 00 00 00 00 7F 00 7F 00 00 7F 00 00 7F 00 00 7F 00 7F 00 00 00 00 00 7F 00 7F 00 00 7F 00 7F 7F 00 7F 00 7F 7F 7F 7F 00 00 7F 00 00 7F 7F 7F 00 00 00 7F 00 7F 00 00
000809   7095509940..7095863900   60 FD 40
000810   7095915180..7110841160   60 18 00 00 00 00 00 7F 00 00 00 00 00 00 7F 00 00 7F 00 00 00 00 00 00 00 7F 00 7F 00 00 7F 00 00 7F 00 7F 00 7F 7F 00 7F 00 00 00 7F 00 7F 00 00 00 7F 00 00 00 00 00 00 00 00 7F 7F 00 00 00 7F 00 00 00 00 00 00 7F 7F 00 00 7F 00 7F 00 7F 00 00 00 7F 00 7F 00 00 00 00 00 7F 7F 00 00 00 7F 00 00 00 00 00 7F 00 7F 7F 7F 7F 00 00 7F 00 7F 00 7F 00 00 7F 7F 00 7F 7F 00 7F 7F 7F 00 00 00 7F 00 7F 00 00
000811   7110985340..7111339460   60 FD 40
000812   7111390780..7126135140   60 18 00 00 00 00 00 7F 00 00 00 00 00 00 7F 00 00 00 00 00 00 00 00 00 00 7F 7F 00 00 7F 00 00 00 7F 00 7F 00 00 7F 7F 7F 00 7F 7F 7F 00 7F 00 7F 00 7F 00 00 00 00 7F 00 00 7F 7F 00 00 00 00 00 00 00 00 00 00 00 00 7F 00 00 7F 00 7F 00 7F 00 7F 00 00 00 00 00 00 00 00 00 00 7F 00 00 00 7F 00 00 00 00 00 00 00 00 7F 7F 7F 00 00 7F 00 7F 00 7F 00 00 7F 7F 00 7F 7F 00 7F 7F 7F 7F 00 00 00 7F 7F 00 00
000813   7126277260..7126631260   60 FD 40
000814   7126682560..7141605980   60 18 7F 00 00 00 00 7F 00 00 00 00 00 7F 7F 00 00 00 00 00 00 00 7F 00 00 00 7F 00 00 7F 00 00 00 7F 00 7F 00 00 7F 7F 7F 00 7F 7F 7F 00 7F 00 7F 00 7F 7F 00 00 00 7F 00 00 7F 7F 00 00 00 00 00 00 7F 00 00 00 00 00 00 00 00 7F 7F 7F 00 7F 00 7F 00 00 00 00 00 00 00 00 00 00 7F 00 00 00 7F 00 00 7F 00 00 00 00 00 7F 7F 00 00 00 7F 00 00 00 7F 00 00 00 7F 00 00 7F 00 00 7F 7F 7F 00 00 00 7F 7F 00 00
000815   7161852000..7162206040   60 FD 40
000816   7162257320..7177175760   60 18 7F 00 7F 7F 00 00 7F 00 00 00 00 7F 7F 00 00 00 7F 00 00 00 7F 00 00 00 7F 00 00 7F 00 7F 00 7F 00 7F 00 00 00 7F 00 7F 7F 7F 00 00 00 00 7F 7F 00 7F 00 00 00 7F 00 00 7F 00 00 7F 00 00 00 7F 7F 00 00 00 00 00 00 7F 00 7F 7F 7F 00 00 00 7F 7F 00 00 00 00 00 00 00 00 00 7F 00 00 00 00 00 00 7F 00 00 00 7F 00 00 00 00 00 00 7F 00 00 00 7F 00 7F 00 7F 00 00 7F 00 00 7F 7F 7F 00 00 00 7F 7F 00 00
000817   7177319880..7177673680   60 FD 40
000818   7177724920..7192642880   60 18 7F 00 7F 7F 00 00 7F 00 00 00 00 7F 7F 00 00 7F 7F 00 7F 00 7F 00 00 00 00 7F 00 7F 7F 7F 00 7F 00 7F 00 7F 00 00 00 7F 00 00 00 00 00 00 00 7F 00 7F 00 00 00 00 00 00 00 00 00 7F 00 00 00 7F 7F 00 00 00 7F 00 00 7F 00 7F 7F 7F 00 00 00 00 7F 00 00 00 00 00 00 00 00 00 7F 00 00 00 00 00 00 7F 00 00 7F 7F 00 00 00 00 00 00 00 00 00 00 7F 00 7F 00 7F 00 00 7F 00 00 7F 7F 00 00 00 00 00 7F 00 00
000819   7192783700..7193137680   60 FD 40
000820   7193188980..7208108640   60 18 7F 00 7F 7F 00 00 7F 7F 7F 00 00 00 00 00 00 7F 7F 00 7F 00 00 00 00 7F 00 7F 00 7F 7F 7F 00 7F 00 7F 00 7F 00 00 00 7F 00 00 00 00 00 00 00 7F 00 00 00 00 7F 00 00 7F 00 00 00 7F 00 00 00 7F 00 00 7F 00 7F 00 00 7F 00 7F 00 7F 00 00 00 00 7F 00 00 00 00 00 00 00 00 00 7F 00 00 00 00 00 00 00 00 00 7F 7F 00 00 00 00 00 00 00 00 00 7F 7F 00 7F 00 7F 00 00 7F 00 00 7F 7F 00 00 00 00 00 7F 00 00
000821   7228347860..7228701820   60 FD 40
000822   7228753120..7243671460   60 18 7F 00 7F 00 00 00 00 7F 7F 00 00 00 00 00 00 7F 7F 7F 7F 00 00 00 00 7F 00 7F 00 7F 7F 7F 7F 7F 00 00 00 7F 7F 00 00 00 00 00 00 00 7F 00 00 00 7F 00 00 7F 7F 00 00 7F 00 00 00 00 7F 00 00 00 00 00 7F 7F 7F 00 00 00 00 00 00 00 00 00 00 00 00 00 00 00 00 00 00 00 00 00 7F 7F 00 00 00 00 00 00 00 00 7F 7F 00 7F 00 00 00 7F 00 00 00 7F 7F 7F 00 00 7F 7F 00 00 00 00 7F 7F 00 00 00 00 00 7F 00 00
000823   7243815680..7244169580   60 FD 40
000824   7244220880..7259132380   60 18 7F 00 7F 00 00 00 00 7F 7F 00 00 00 00 00 00 00 7F 7F 00 00 00 00 00 7F 00 00 00 7F 00 7F 7F 00 00 00 00 00 7F 00 00 00 00 00 00 00 7F 00 00 00 7F 00 00 7F 7F 7F 00 7F 7F 00 00 00 7F 00 00 00 00 00 7F 7F 7F 00 00 00 00 00 00 00 00 00 00 00 00 00 00 00 00 00 00 00 00 7F 7F 7F 00 00 00 00 00 00 00 00 00 7F 00 7F 00 00 00 7F 7F 00 00 7F 7F 7F 00 00 7F 7F 00 00 00 00 7F 7F 7F 00 00 7F 7F 7F 00 00
000825   7259273080..7259626540   60 FD 40
000826   7259677800..7274593280   60 18 7F 00 7F 00 7F 00 00 00 00 7F 00 00 7F 00 7F 00 7F 7F 00 7F 00 00 00 7F 00 00 00 7F 00 7F 7F 00 00 00 00 00 7F 00 00 00 00 00 00 00 7F 00 00 00 7F 00 00 7F 00 7F 00 00 7F 00 00 00 7F 00 00 00 00 00 00 7F 7F 00 00 00 00 00 00 00 00 00 00 00 00 00 00 00 00 00 00 00 7F 7F 7F 7F 00 00 00 00 00 00 00 7F 00 7F 00 7F 00 00 00 7F 7F 00 00 00 7F 7F 00 00 7F 7F 00 00 00 00 7F 7F 7F 00 00 7F 7F 7F 00 00
000827   7294841120..7295195220   60 FD 40
000828   7295246520..7310171380   60 18 7F 00 00 7F 7F 7F 00 00 00 7F 00 00 7F 00 7F 00 7F 00 00 7F 00 00 00 7F 00 00 7F 7F 00 7F 7F 00 00 00 00 00 00 00 7F 7F 00 00 7F 00 00 00 00 7F 00 00 00 7F 00 7F 00 00 7F 00 00 00 00 00 00 00 00 00 00 7F 7F 00 00 7F 00 00 00 00 00 00 00 00 7F 00 00 00 00 00 7F 00 7F 7F 00 7F 7F 00 7F 00 00 00 00 7F 00 00 00 00 7F 00 00 00 7F 00 00 00 7F 00 7F 00 00 00 00 7F 00 00 7F 7F 7F 00 00 7F 7F 7F 00 00
000829   7310315660..7310669840   60 FD 40
000830   7310721160..7325460260   60 18 7F 00 00 7F 7F 7F 00 00 00 7F 00 00 7F 00 7F 00 7F 00 00 7F 00 00 00 7F 00 00 7F 7F 00 7F 7F 7F 00 00 7F 00 00 00 7F 7F 00 00 7F 00 00 7F 00 7F 00 00 00 7F 00 00 00 00 00 00 00 00 00 00 00 00 00 00 00 7F 7F 00 00 7F 00 00 00 00 00 00 7F 00 7F 00 7F 00 7F 7F 7F 00 7F 00 00 7F 7F 00 7F 00 00 00 00 7F 00 00 00 00 7F 00 00 00 00 00 00 00 00 00 7F 00 00 00 00 7F 00 00 7F 7F 00 00 00 7F 00 7F 00 00
000831   7325602340..7325956460   60 FD 40
000832   7326007780..7340935820   60 18 7F 00 00 7F 00 7F 00 00 00 00 00 00 7F 00 00 00 7F 00 00 00 00 00 00 7F 00 00 7F 7F 00 7F 7F 7F 00 00 7F 00 00 00 7F 7F 00 00 7F 00 00 7F 00 7F 00 00 00 7F 00 00 00 00 00 00 00 00 00 00 00 00 00 00 00 7F 7F 00 00 7F 00 00 00 00 00 00 7F 00 7F 00 7F 00 7F 7F 7F 00 00 00 00 7F 7F 00 7F 00 00 00 00 00 00 00 00 00 7F 00 00 00 00 00 00 00 00 00 7F 00 00 00 00 7F 00 00 7F 7F 00 00 00 7F 00 00 00 00
000833   7361183180..7361537340   60 FD 40
000834   7361588620..7376514140   60 18 7F 00 00 00 00 7F 00 00 00 00 00 00 7F 00 00 00 00 00 00 00 00 00 00 7F 00 00 00 7F 00 00 00 7F 00 7F 7F 00 7F 00 7F 00 00 00 00 00 7F 7F 00 00 00 00 00 7F 00 00 00 00 00 7F 00 00 7F 00 00 7F 00 00 00 7F 7F 00 00 00 00 7F 00 7F 00 7F 7F 00 00 00 7F 00 7F 7F 00 00 00 00 00 00 7F 00 00 00 00 00 00 00 00 7F 00 00 7F 00 00 7F 00 00 00 00 00 7F 00 00 00 7F 00 00 00 00 7F 7F 00 00 00 7F 00 00 00 00
000835   7376658280..7377012160   60 FD 40
000836   7377063460..7391989340   60 18 7F 00 00 00 00 7F 00 00 00 00 00 00 7F 7F 00 00 00 00 00 00 00 00 00 7F 00 00 00 7F 00 00 00 7F 00 7F 00 00 7F 00 7F 00 00 00 00 00 7F 00 00 00 00 00 7F 7F 00 00 00 00 00 7F 00 00 7F 7F 00 7F 00 00 00 7F 7F 00 00 00 7F 7F 00 7F 00 7F 00 00 00 00 00 00 00 00 00 00 00 00 00 00 7F 00 00 7F 00 00 00 00 00 7F 00 00 7F 00 7F 7F 00 00 00 00 7F 7F 00 00 00 7F 00 00 00 00 7F 00 00 00 00 7F 00 00 00 00
000837   7392130200..7392484060   60 FD 40
000838   7392535360..7407461660   60 18 7F 00 00 00 00 7F 00 00 00 00 00 00 7F 7F 00 00 00 00 00 00 00 00 00 7F 00 00 00 7F 00 00 00 7F 00 7F 00 00 7F 00 7F 00 00 00 00 00 7F 00 00 00 00 00 7F 7F 00 00 00 00 00 7F 00 00 7F 7F 00 7F 00 00 00 7F 7F 00 00 00 7F 7F 00 7F 00 7F 00 00 00 00 00 00 00 00 00 00 00 00 00 00 7F 00 00 7F 00 00 00 00 00 7F 00 00 7F 00 7F 7F 00 00 00 00 7F 7F 00 00 00 7F 00 00 00 00 00 00 00 00 00 7F 00 00 00 00
000839   7427708280..7428062520   60 FD 40
000840   7428113840..7442934020   60 18 7F 00 7F 7F 00 7F 7F 00 00 00 00 00 7F 7F 00 00 00 00 00 00 00 00 00 7F 00 00 7F 7F 00 00 7F 7F 00 00 00 00 00 00 7F 00 00 00 7F 00 00 00 00 7F 00 00 7F 00 00 00 00 00 00 00 00 7F 00 7F 00 7F 00 00 00 00 7F 00 00 00 7F 00 00 7F 00 00 00 00 00 00 00 00 00 00 7F 00 00 00 7F 00 7F 00 00 7F 00 00 00 00 00 00 00 7F 00 00 7F 00 00 00 00 00 7F 00 00 00 7F 00 00 00 00 00 00 00 00 00 00 7F 00 00 00 00
000841   7443079420..7443433440   60 FD 40
000842   7443484760..7458410200   60 18 7F 00 7F 7F 00 7F 7F 00 00 00 00 00 7F 00 00 00 00 00 00 00 00 00 00 7F 00 00 7F 00 00 00 7F 7F 00 00 00 00 00 00 7F 00 00 00 7F 00 00 00 00 7F 00 00 00 00 00 00 00 00 00 00 7F 7F 00 00 7F 7F 00 00 00 00 7F 7F 00 00 00 00 00 7F 00 00 00 00 00 7F 00 7F 00 00 7F 00 00 00 7F 00 7F 00 00 00 00 00 00 00 00 00 7F 7F 00 00 00 00 00 00 00 00 7F 00 00 00 7F 00 00 00 00 00 00 7F 00 00 00 7F 00 00 00 00
000843   7458551080..7458905000   60 FD 40
000844   7458956280..7473880200   60 18 00 00 7F 7F 00 7F 7F 00 00 00 00 00 7F 00 00 00 00 00 00 00 00 00 00 7F 00 00 7F 00 00 00 7F 7F 00 00 00 00 00 00 7F 00 00 00 7F 00 00 00 00 7F 00 00 00 00 00 00 00 00 00 00 7F 7F 00 00 7F 7F 00 00 00 00 7F 7F 00 00 00 00 00 7F 00 00 00 00 00 7F 00 7F 00 00 7F 00 00 00 7F 00 7F 00 00 00 00 00 00 00 00 00 7F 7F 00 00 00 00 00 00 00 00 7F 00 00 00 7F 00 00 00 00 00 00 7F 00 00 7F 7F 00 7F 00 00
000845   7494111080..7494464780   60 FD 40
000846   7494516040..7509435720   60 18 00 00 00 00 00 7F 00 00 00 00 00 00 7F 00 00 00 7F 7F 00 00 00 00 00 7F 00 00 00 00 00 7F 00 7F 00 7F 00 00 00 00 00 00 00 00 00 00 7F 00 00 00 7F 00 00 00 00 00 00 00 00 7F 7F 00 00 00 7F 00 00 00 00 00 7F 7F 00 00 00 00 00 7F 00 7F 00 00 00 7F 00 7F 00 00 00 00 00 00 00 7F 00 00 00 00 00 00 00 00 00 00 7F 7F 7F 00 00 7F 00 00 00 00 7F 00 00 00 7F 00 00 00 00 00 00 7F 00 00 7F 7F 00 7F 00 00
000847   7509579840..7509933700   60 FD 40
000848   7509985000..7524910460   60 18 00 00 00 00 00 7F 00 00 00 00 00 00 7F 00 00 00 7F 7F 00 00 00 00 00 7F 7F 00 00 7F 00 7F 00 7F 00 7F 00 00 00 7F 00 00 7F 7F 00 00 7F 00 7F 00 7F 00 00 00 00 00 00 00 00 7F 00 00 00 00 00 00 00 00 00 00 00 00 00 00 00 00 00 7F 00 7F 00 7F 00 00 00 00 00 00 00 00 00 00 00 7F 00 00 00 00 00 00 00 00 00 00 00 7F 7F 00 00 7F 00 00 00 00 7F 00 00 00 7F 00 00 00 00 00 00 7F 00 00 7F 7F 00 7F 00 00
000849   7525051320..7525405160   60 FD 40
000850   7525456440..7540195340   60 18 00 7F 00 00 00 7F 00 00 00 00 00 00 7F 00 00 00 7F 7F 00 00 00 00 7F 00 7F 00 00 7F 00 7F 00 7F 00 7F 00 00 00 7F 00 00 7F 7F 00 00 7F 00 7F 00 7F 00 00 00 00 00 00 00 00 7F 00 00 00 00 00 00 00 00 00 00 00 00 00 00 00 00 00 7F 00 7F 00 7F 00 00 00 00 00 00 00 00 00 00 00 7F 00 7F 00 00 7F 00 00 00 00 00 00 7F 7F 00 00 7F 00 00 00 00 7F 00 00 7F 7F 00 00 00 00 00 7F 7F 00 7F 7F 7F 00 7F 00 00
000851   7560422920..7560776940   60 FD 40
000852   7560828220..7575746400   60 18 00 7F 7F 7F 00 7F 7F 00 00 00 00 00 7F 00 00 00 7F 00 00 00 00 00 7F 00 7F 00 00 7F 00 00 00 7F 00 00 00 00 00 7F 00 00 7F 7F 00 00 00 00 7F 00 00 00 00 7F 00 00 00 00 00 00 00 7F 00 00 00 7F 00 00 00 7F 00 00 00 00 00 00 00 7F 00 00 00 7F 00 00 00 00 00 00 00 00 00 00 00 00 00 7F 00 00 7F 00 00 00 00 00 00 00 00 00 00 00 00 00 00 00 7F 00 00 7F 7F 00 00 00 00 00 7F 7F 00 7F 7F 7F 00 7F 00 00
000853   7575890540..7576244560   60 FD 40
000854   7576295860..7591216380   60 18 00 7F 7F 7F 00 7F 7F 00 00 00 00 00 7F 00 00 7F 7F 00 7F 00 00 00 7F 00 00 7F 00 7F 7F 00 00 7F 00 00 00 7F 00 00 00 00 00 00 00 00 00 00 00 00 00 00 00 7F 00 00 00 00 00 00 00 7F 00 00 00 7F 00 00 00 7F 7F 00 00 00 00 00 00 7F 00 00 00 00 00 00 00 00 00 00 00 00 00 00 00 00 00 7F 00 00 7F 00 00 00 7F 00 00 00 00 00 00 00 00 00 00 00 7F 00 00 7F 7F 00 00 00 00 00 7F 7F 00 7F 7F 00 00 7F 00 00
000855   7591357260..7591711180   60 FD 40
000856   7591762480..7606685480   60 18 7F 00 7F 7F 00 7F 7F 00 00 00 00 00 00 00 00 7F 7F 00 7F 00 00 00 00 00 00 7F 00 7F 7F 00 00 7F 00 00 00 7F 00 00 00 00 00 00 00 00 00 00 00 00 00 00 00 7F 00 00 00 00 00 00 00 7F 00 00 00 7F 7F 00 00 7F 7F 00 7F 00 00 00 00 7F 00 00 00 00 00 00 00 00 00 00 00 00 00 00 00 00 00 00 00 00 00 00 00 00 7F 00 00 00 00 7F 00 00 00 00 7F 00 7F 00 00 7F 7F 00 7F 00 00 7F 7F 7F 00 00 00 00 00 7F 00 00
000857   7626917140..7627271200   60 FD 40
000858   7627322480..7642049500   60 18 7F 00 00 00 00 00 00 00 00 00 00 00 00 00 00 7F 7F 7F 7F 00 00 00 00 00 00 7F 00 7F 7F 00 00 7F 00 00 00 7F 00 00 7F 00 00 00 00 00 00 00 00 00 7F 00 00 00 00 00 00 00 00 00 00 00 00 00 00 00 7F 00 00 7F 7F 00 7F 00 00 00 00 7F 00 00 00 00 00 00 00 00 00 00 00 00 00 00 00 7F 7F 00 00 00 00 00 00 00 7F 00 00 7F 00 7F 00 7F 00 00 7F 00 7F 00 00 7F 7F 00 7F 00 00 7F 7F 7F 00 00 00 00 00 7F 00 00
000859   7642194960..7642549060   60 FD 40
000860   7642600360..7657520740   60 18 7F 00 00 00 00 00 00 00 00 00 00 00 00 00 00 00 7F 7F 00 00 00 00 00 00 00 00 00 7F 00 00 00 00 00 00 00 00 00 00 7F 00 00 00 00 00 00 00 00 00 7F 00 00 00 00 7F 00 00 7F 00 00 00 00 00 00 00 7F 00 00 7F 7F 00 7F 00 00 00 00 7F 00 00 00 00 00 00 00 00 00 00 00 00 00 7F 00 7F 7F 00 00 00 00 00 00 00 00 00 00 7F 00 7F 00 7F 7F 00 7F 00 7F 00 00 7F 7F 00 7F 00 00 7F 7F 7F 7F 00 00 7F 7F 7F 00 00
000861   7657661560..7658015340   60 FD 40
000862   7658066640..7672986920   60 18 7F 00 00 00 00 00 00 00 00 00 00 7F 00 00 00 00 7F 7F 00 00 7F 00 00 7F 00 00 00 7F 00 00 00 00 00 00 00 00 00 00 7F 00 00 00 00 00 00 00 00 00 7F 7F 00 00 00 7F 00 7F 7F 00 00 00 00 00 00 00 7F 00 00 7F 7F 00 00 00 00 00 7F 7F 00 00 00 00 00 00 00 00 00 00 00 00 00 7F 00 7F 7F 00 00 00 00 7F 00 00 00 00 00 7F 00 00 00 7F 7F 00 00 00 7F 00 00 00 7F 00 00 00 00 00 7F 7F 7F 00 00 7F 7F 00 00 00
000863   7693228680..7693582660   60 FD 40
000864   7693633940..7708556420   60 18 7F 00 00 00 00 7F 00 00 00 00 00 7F 00 00 00 00 7F 00 00 00 7F 00 00 7F 00 00 00 7F 00 00 00 00 00 00 00 00 00 00 7F 7F 00 00 00 00 00 00 00 00 00 7F 00 00 00 7F 00 7F 7F 00 00 00 00 00 00 00 7F 00 00 7F 7F 00 00 7F 00 00 7F 00 00 00 00 00 7F 00 00 00 00 00 00 00 00 7F 00 00 00 00 7F 00 00 7F 00 00 00 00 00 00 00 00 00 00 7F 00 00 00 7F 00 7F 00 7F 00 00 7F 00 00 7F 7F 7F 00 00 7F 7F 00 00 00
000865   7708700600..7709054680   60 FD 40
000866   7709105960..7724024180   60 18 7F 00 00 00 00 7F 00 00 00 00 00 7F 00 00 00 00 7F 00 00 00 7F 00 00 7F 00 00 00 7F 00 00 00 00 00 00 00 00 00 00 7F 7F 00 00 00 00 00 00 00 00 00 7F 00 00 00 00 00 7F 00 00 00 00 00 00 00 00 7F 00 00 7F 7F 00 00 7F 00 00 7F 00 00 00 00 00 7F 00 00 00 00 00 00 00 00 00 00 00 00 00 7F 00 00 7F 00 00 00 00 00 00 00 00 00 00 00 00 00 00 00 00 7F 00 7F 00 00 7F 00 00 7F 7F 00 00 00 7F 00 00 00 00
000867   7724164960..7724518760   60 FD 40
000868   7724570020..7739490000   60 18 7F 00 00 00 7F 7F 00 7F 7F 00 00 00 7F 00 00 00 7F 00 00 00 00 00 00 7F 00 00 00 7F 00 00 00 00 00 00 00 00 00 00 7F 7F 00 00 00 00 00 00 00 00 00 00 00 00 7F 00 00 7F 00 00 00 00 00 00 00 00 00 00 7F 7F 7F 00 00 7F 00 00 00 00 00 00 00 00 7F 00 00 00 00 00 00 00 00 00 00 00 00 00 7F 00 00 00 00 00 00 00 00 00 00 00 00 00 00 00 00 7F 00 00 7F 00 7F 00 00 7F 00 00 00 7F 00 00 00 7F 00 00 00 00
000869   7759755080..7760109020   60 FD 40
000870   7760160300..7775080660   60 18 7F 00 00 00 7F 7F 00 7F 7F 00 00 00 7F 00 00 00 7F 00 00 00 00 00 00 7F 00 00 00 7F 00 00 00 00 00 00 00 00 7F 00 7F 00 00 00 00 00 00 00 00 00 00 00 00 00 7F 00 00 7F 00 00 00 00 7F 00 00 00 00 00 7F 7F 7F 00 00 00 00 7F 00 7F 00 00 00 00 00 00 00 00 00 00 00 00 00 00 00 00 00 00 00 00 00 00 00 00 00 7F 00 00 00 00 00 00 00 00 00 7F 00 7F 00 00 00 7F 00 00 00 00 00 7F 00 00 00 7F 00 00 00 00
000871   7775224800..7775578680   60 FD 40
000872   7775629960..7790549920   60 18 7F 00 00 00 7F 7F 00 7F 7F 00 00 00 7F 00 00 00 7F 00 00 00 00 00 00 7F 00 00 00 7F 00 00 00 7F 00 00 00 00 7F 00 7F 00 00 00 00 00 00 00 00 00 00 00 00 00 7F 00 00 7F 00 00 00 00 7F 00 00 00 00 00 7F 7F 7F 00 00 00 00 7F 00 7F 00 00 00 00 00 00 7F 00 00 00 00 00 00 00 00 00 00 00 00 00 00 00 00 00 00 7F 00 00 00 00 00 00 00 00 00 7F 00 7F 00 00 00 7F 00 00 00 00 00 00 00 00 00 7F 00 00 00 00
000873   7790690920..7791045040   60 FD 40
000874   7791096360..7806016040   60 18 00 7F 00 00 7F 7F 00 00 00 7F 00 00 7F 00 7F 00 7F 00 00 7F 00 00 7F 7F 00 00 00 7F 00 00 00 7F 00 00 00 00 7F 00 7F 00 00 00 00 00 00 00 00 00 00 00 00 00 00 00 00 00 00 00 00 00 7F 00 00 00 00 00 00 7F 7F 00 00 00 00 7F 00 7F 00 00 00 00 00 00 7F 00 00 00 00 00 7F 00 00 00 00 7F 00 00 7F 00 00 7F 00 7F 00 00 00 00 00 00 00 00 00 00 00 7F 00 00 00 7F 00 00 00 00 00 00 00 7F 7F 7F 00 7F 00 00
000875   7826248240..7826602020   60 FD 40
000876   7826653260..7841571320   60 18 00 7F 00 00 7F 7F 00 00 00 7F 00 00 7F 00 7F 00 00 00 00 7F 00 00 7F 7F 00 00 7F 7F 00 00 7F 7F 00 00 00 00 00 00 7F 00 00 00 7F 00 00 00 00 7F 00 00 00 00 00 00 00 00 00 00 00 00 00 00 00 00 00 00 00 7F 7F 00 00 00 00 00 00 7F 00 00 00 00 00 00 7F 00 00 00 7F 00 7F 00 7F 00 00 7F 00 00 7F 00 00 7F 00 00 00 00 00 00 00 00 00 00 00 00 00 00 00 00 7F 00 00 00 00 00 00 00 00 7F 7F 7F 00 7F 00 00
000877   7841715440..7842069220   60 FD 40
000878   7842120520..7856853240   60 18 00 7F 00 00 7F 7F 00 00 00 7F 00 00 7F 00 7F 00 00 00 00 7F 00 00 7F 7F 00 00 7F 00 00 00 7F 7F 00 00 7F 00 00 00 7F 00 00 00 7F 00 00 7F 00 7F 00 00 00 00 00 00 00 00 00 00 00 00 00 7F 00 00 00 00 00 7F 7F 00 00 00 00 00 00 7F 00 00 7F 00 00 00 7F 00 7F 7F 7F 00 7F 00 7F 00 00 7F 00 00 7F 00 00 7F 00 00 00 00 00 00 00 00 00 00 00 00 7F 00 00 00 7F 00 00 00 00 00 00 00 00 7F 7F 7F 00 7F 00 00
000879   7856995300..7857349160   60 FD 40
000880   7857400460..7872317360   60 18 00 00 00 00 00 7F 00 00 00 00 00 00 7F 00 00 00 00 00 00 00 00 00 00 00 00 00 7F 00 00 00 7F 7F 00 00 7F 00 00 00 7F 00 00 00 7F 00 00 7F 00 7F 00 00 00 00 00 00 00 00 00 00 00 00 00 7F 00 00 00 00 00 7F 7F 00 7F 00 00 00 00 7F 00 00 7F 00 00 00 7F 00 7F 7F 7F 00 00 00 7F 00 00 00 00 00 7F 00 00 00 00 00 00 00 00 7F 00 00 00 00 7F 00 7F 00 00 7F 7F 00 7F 00 00 7F 7F 00 00 00 00 7F 00 00 00 00
000881   7892559900..7892913980   60 FD 40
000882   7892965260..7907885180   60 18 00 00 00 00 00 7F 00 00 00 00 00 00 7F 00 00 00 7F 00 00 00 00 00 00 00 00 00 00 00 00 7F 00 7F 00 7F 7F 00 00 00 7F 00 00 00 00 00 7F 7F 00 00 00 00 00 00 00 00 00 00 00 7F 00 00 00 7F 00 00 00 00 00 00 7F 00 7F 00 00 00 00 7F 00 7F 7F 00 00 00 7F 00 7F 7F 00 00 00 00 00 00 00 00 00 00 7F 00 00 00 00 00 00 00 7F 7F 00 00 00 00 7F 00 7F 00 00 7F 7F 00 7F 00 00 7F 7F 00 00 00 00 7F 00 00 00 00
000883   7908029300..7908383140   60 FD 40
000884   7908434420..7923351140   60 18 00 00 00 00 00 7F 00 00 00 00 00 00 7F 7F 00 00 7F 00 00 00 00 00 00 00 00 00 00 00 00 7F 00 7F 00 7F 00 00 00 00 7F 00 00 00 00 00 7F 00 00 00 00 00 7F 00 00 00 00 00 00 7F 7F 00 00 7F 00 00 00 00 00 00 00 00 7F 00 7F 00 00 7F 00 7F 00 00 00 00 00 00 00 00 00 00 00 00 00 00 00 00 00 7F 7F 00 00 00 00 00 00 00 7F 7F 7F 00 00 00 7F 00 7F 00 00 7F 7F 00 7F 00 00 7F 7F 7F 00 00 00 7F 00 00 00 00
000885   7923491960..7923845760   60 FD 40
000886   7923897040..7938816820   60 18 7F 00 00 00 00 7F 00 00 00 00 00 7F 00 7F 00 00 7F 00 00 00 7F 00 00 00 00 00 00 00 00 7F 00 7F 00 7F 00 00 00 00 7F 00 00 00 00 00 7F 00 00 00 00 7F 7F 00 00 00 00 00 00 7F 7F 00 00 7F 00 00 7F 00 00 00 00 00 00 00 7F 00 7F 7F 00 7F 00 00 00 00 00 00 00 00 00 00 00 00 00 00 00 00 00 7F 00 7F 00 00 00 00 00 00 7F 7F 7F 00 00 00 00 00 7F 00 00 00 7F 00 00 00 00 00 00 7F 00 7F 00 7F 00 00 00 00
000887   7959055700..7959409720   60 FD 40
000888   7959461000..7974379500   60 18 7F 00 7F 7F 00 7F 7F 00 00 00 00 7F 00 7F 00 00 7F 00 00 00 7F 00 00 00 00 00 00 00 00 00 00 7F 00 00 00 00 00 00 00 00 00 00 00 00 00 00 00 00 00 7F 7F 7F 00 00 00 00 00 00 7F 7F 00 7F 00 7F 7F 00 00 7F 00 00 00 00 7F 00 7F 7F 00 00 00 00 00 00 00 00 00 00 00 00 00 00 00 00 00 00 00 7F 00 7F 00 00 00 00 00 00 00 7F 7F 00 00 00 00 00 7F 00 00 00 7F 00 00 00 00 00 00 7F 00 7F 00 7F 00 00 00 00
000889   7974523640..7974877700   60 FD 40
000890   7974929020..7989844500   60 18 7F 00 7F 7F 00 7F 7F 00 00 00 00 7F 00 00 00 00 7F 00 00 00 7F 00 00 00 00 00 00 7F 00 00 00 00 00 00 00 00 00 7F 00 00 00 00 00 00 00 00 00 00 00 7F 00 7F 00 00 00 00 00 00 7F 7F 00 00 7F 7F 7F 00 00 7F 00 7F 00 00 00 00 7F 7F 00 00 00 00 00 7F 00 7F 00 00 00 00 00 00 00 00 00 00 00 00 00 7F 00 00 00 00 7F 00 00 7F 00 00 00 00 00 00 7F 00 00 00 7F 00 00 00 00 00 00 7F 00 7F 00 00 00 00 00 00
000891   7989985340..7990339200   60 FD 40
000892   7990390460..8005304820   60 18 00 00 7F 7F 00 7F 7F 7F 7F 00 00 00 00 00 00 00 7F 00 00 00 00 00 7F 7F 00 00 00 7F 00 00 00 00 00 00 00 00 00 7F 00 00 00 00 00 00 00 00 00 00 00 00 00 7F 7F 00 00 7F 00 00 7F 7F 00 00 7F 7F 00 00 7F 7F 00 7F 7F 00 00 00 7F 7F 00 00 00 00 00 7F 00 7F 00 00 00 00 00 00 00 00 00 00 00 00 00 00 00 00 00 00 7F 00 00 00 00 00 00 00 00 7F 7F 00 00 00 7F 00 00 00 00 00 00 7F 00 00 00 00 00 00 00 00
000893   8025548840..8025902660   60 FD 40
000894   8025953900..8040872780   60 18 00 00 00 00 00 00 00 7F 7F 00 00 00 00 00 00 00 7F 7F 00 00 00 00 7F 7F 00 00 00 7F 00 00 00 00 00 00 00 00 00 7F 7F 00 00 00 00 00 00 00 00 00 7F 00 00 00 7F 00 00 7F 00 00 7F 00 00 00 7F 00 00 00 7F 7F 00 7F 7F 00 00 00 7F 7F 00 00 00 00 00 7F 00 7F 00 00 00 00 00 00 00 7F 7F 00 00 00 00 00 00 00 00 00 7F 7F 00 00 00 7F 00 00 00 7F 7F 00 00 00 7F 00 00 00 00 00 00 7F 00 00 00 00 00 00 00 00
000895   8041017000..8041371080   60 FD 40
000896   8041422380..8056215720   60 18 00 00 00 00 00 00 00 7F 7F 00 00 00 00 00 00 7F 7F 7F 00 00 00 00 7F 7F 7F 00 00 7F 00 00 00 00 00 00 00 00 00 7F 7F 00 7F 7F 00 00 00 00 7F 00 7F 00 00 00 7F 00 00 7F 00 00 00 00 00 00 00 00 00 00 7F 7F 7F 00 7F 00 00 00 7F 7F 00 00 00 7F 00 00 00 00 00 00 00 00 00 00 00 7F 7F 00 00 00 00 00 00 00 00 00 00 7F 00 00 00 7F 00 00 00 7F 00 00 00 00 7F 00 00 00 00 00 00 7F 00 00 00 00 00 00 00 00
000897   8056357820..8056711780   60 FD 40
000898   8056763100..8071692480   60 18 00 7F 00 00 7F 00 00 00 7F 7F 00 00 7F 00 7F 7F 7F 7F 00 7F 00 00 7F 00 7F 00 00 7F 00 00 00 00 00 00 00 00 00 7F 7F 00 7F 7F 00 00 00 00 7F 00 7F 7F 00 00 00 00 00 00 00 00 00 00 00 00 00 00 00 00 00 7F 7F 00 00 00 00 00 00 7F 00 00 00 7F 00 00 00 00 00 00 00 00 7F 00 00 7F 7F 7F 00 00 7F 00 00 7F 00 00 00 7F 00 00 00 7F 00 00 7F 00 00 00 00 00 7F 00 00 00 00 00 00 7F 00 7F 7F 00 00 7F 00 00
000899   8091952060..8092306140   60 FD 40
000900   8092357420..8107288660   60 18 00 7F 00 00 7F 00 00 00 7F 7F 00 00 7F 00 7F 7F 7F 00 00 7F 00 00 7F 00 7F 00 00 7F 00 00 00 00 00 00 00 00 00 7F 7F 00 7F 7F 00 00 00 00 7F 00 00 7F 00 00 00 00 00 00 00 00 00 00 00 00 00 00 00 00 00 7F 7F 00 00 00 00 00 00 00 00 00 00 7F 00 00 00 00 00 00 00 00 7F 00 00 00 00 7F 00 00 7F 00 00 7F 00 00 00 00 00 00 00 00 00 00 7F 00 00 00 00 00 7F 00 00 00 00 00 00 7F 00 7F 7F 00 00 7F 00 00
000901   8107432920..8107787040   60 FD 40
000902   8107838360..8122764340   60 18 00 7F 00 00 7F 00 00 00 7F 7F 00 00 7F 00 7F 7F 7F 00 7F 7F 00 00 7F 00 00 7F 00 7F 7F 00 00 7F 00 00 7F 7F 00 00 7F 00 00 00 00 00 00 7F 00 00 00 7F 00 00 00 00 00 00 7F 00 00 00 00 00 00 00 00 00 00 7F 7F 00 00 00 00 00 00 00 00 00 7F 00 00 00 7F 00 7F 7F 00 00 7F 00 00 00 00 7F 00 00 7F 00 00 7F 7F 00 00 00 00 00 00 00 00 00 7F 00 00 00 00 00 7F 00 00 00 00 00 00 00 00 7F 7F 7F 00 7F 00 00
000903   8122905300..8123259400   60 FD 40
000904   8123310720..8138239800   60 18 00 00 00 00 00 00 00 00 00 00 00 00 00 00 00 7F 7F 00 7F 00 7F 00 00 00 00 7F 00 7F 7F 00 00 7F 00 00 7F 7F 00 00 7F 00 00 00 00 00 00 7F 00 00 00 00 00 00 7F 00 00 00 7F 00 00 00 00 00 00 00 00 00 00 7F 7F 00 7F 00 00 00 00 00 00 00 7F 00 00 00 7F 00 7F 7F 00 00 00 00 00 00 00 00 00 00 00 00 00 7F 7F 00 00 00 00 7F 00 00 00 00 7F 00 00 00 00 7F 7F 00 7F 00 00 7F 7F 00 00 00 00 7F 00 00 00 00
000905   8158478360..8158832260   60 FD 40
000906   8158883520..8173809560   60 18 00 00 00 00 00 7F 00 00 00 00 00 00 00 00 00 7F 7F 00 7F 00 7F 00 00 00 00 7F 00 7F 7F 00 00 7F 00 00 7F 7F 00 00 7F 00 00 00 00 00 00 7F 00 00 00 00 00 00 7F 00 00 00 7F 00 00 00 00 00 00 00 00 00 00 7F 7F 00 7F 7F 00 00 00 00 00 00 7F 00 00 00 7F 00 7F 7F 00 00 00 00 00 00 00 00 00 00 00 00 00 7F 7F 00 00 00 00 7F 00 00 00 00 7F 00 00 00 00 7F 00 00 7F 00 00 7F 7F 00 00 00 00 7F 00 00 00 00
000907   8173953740..8174307680   60 FD 40
000908   8174358980..8189280720   60 18 00 00 00 00 00 7F 00 00 00 00 00 00 00 7F 00 00 7F 00 00 00 7F 00 00 00 00 00 00 00 00 00 00 00 00 00 00 00 00 00 7F 00 00 00 00 00 00 00 00 00 00 00 7F 00 7F 7F 00 00 7F 00 00 00 00 7F 00 00 00 00 00 7F 7F 00 7F 7F 7F 00 00 00 00 00 00 00 00 00 00 00 00 7F 00 00 00 7F 00 00 00 00 00 7F 00 00 00 7F 00 00 00 00 00 7F 7F 00 7F 00 7F 00 7F 00 00 7F 00 00 7F 00 00 7F 7F 00 7F 00 00 7F 7F 00 00 00
000909   8189421680..8189775660   60 FD 40
000910   8189826940..8204747840   60 18 7F 7F 00 00 00 7F 00 00 00 00 00 7F 00 7F 7F 00 7F 00 00 00 7F 00 7F 00 00 00 00 00 00 00 00 00 00 00 00 00 00 00 7F 00 00 00 00 00 00 00 00 00 00 7F 7F 00 00 7F 00 00 7F 00 00 00 00 7F 00 00 7F 00 00 7F 7F 00 00 7F 7F 00 7F 00 00 00 00 00 00 00 00 00 00 7F 00 00 00 7F 00 00 00 00 00 7F 7F 7F 00 00 00 00 00 00 00 00 7F 00 7F 00 00 7F 7F 00 00 00 00 00 00 00 00 00 00 00 7F 7F 7F 7F 7F 00 00 00
000911   8225002160..8225356200   60 FD 40
000912   8225407480..8240336940   60 18 7F 7F 00 00 00 7F 00 00 00 00 00 7F 00 7F 7F 00 00 00 00 00 7F 00 7F 00 00 00 00 00 00 00 00 00 00 00 00 00 00 00 7F 7F 00 00 00 00 00 00 00 00 00 7F 7F 00 00 7F 00 00 7F 00 00 00 7F 7F 00 00 7F 00 00 7F 7F 00 00 7F 7F 00 7F 7F 00 00 00 00 7F 00 00 00 00 7F 00 00 00 7F 00 00 00 00 7F 7F 7F 7F 00 00 00 00 00 00 00 00 7F 00 7F 00 00 7F 7F 00 7F 00 00 00 00 7F 00 00 00 00 7F 7F 7F 7F 7F 00 00 00
000913   8240481260..8240835420   60 FD 40
000914   8240886760..8255707200   60 18 7F 7F 00 00 00 7F 00 00 00 00 00 7F 00 00 7F 00 00 00 00 00 7F 00 7F 00 00 00 00 00 00 00 00 00 00 00 00 00 00 00 7F 7F 00 00 00 00 00 7F 00 00 00 7F 00 00 00 00 00 00 00 00 7F 00 7F 00 7F 00 7F 00 00 7F 00 7F 00 7F 00 00 7F 7F 00 00 00 00 7F 7F 00 7F 00 00 00 00 00 00 00 00 00 00 7F 00 7F 7F 00 00 00 00 7F 00 00 00 7F 00 00 00 00 7F 00 00 7F 00 00 00 00 7F 00 00 00 7F 00 7F 7F 7F 00 00 00 00
000915   8255849380..8256203420   60 FD 40
000916   8256254740..8271183500   60 18 00 00 00 00 00 7F 00 7F 7F 00 00 00 00 00 00 00 00 00 00 7F 00 00 00 7F 00 00 00 00 00 00 00 00 00 00 00 00 00 00 7F 7F 00 00 00 00 00 7F 00 00 00 00 00 00 7F 00 00 7F 00 00 7F 00 7F 00 7F 00 00 00 7F 7F 00 7F 7F 7F 00 00 00 7F 00 00 00 00 7F 7F 00 7F 00 00 00 00 00 00 00 00 00 7F 7F 00 00 00 00 00 00 00 7F 00 00 7F 7F 00 00 00 7F 7F 00 00 7F 7F 00 00 00 7F 00 7F 00 7F 00 00 00 7F 00 7F 00 00
000917   8291435860..8291790060   60 FD 40
000918   8291841340..8306765240   60 18 00 00 00 00 00 7F 00 7F 7F 00 00 00 00 00 00 00 00 00 00 7F 00 00 00 7F 00 00 7F 00 00 00 00 00 00 00 00 00 7F 00 7F 00 00 00 00 00 00 7F 00 00 00 00 00 00 7F 00 00 7F 00 00 7F 00 7F 00 7F 00 00 00 7F 00 00 7F 7F 00 00 7F 00 7F 00 00 00 00 00 7F 00 7F 00 00 00 00 00 00 00 00 00 7F 00 00 00 00 00 00 00 7F 7F 00 00 7F 7F 00 00 00 7F 7F 00 7F 00 7F 7F 7F 00 00 00 7F 00 7F 00 00 00 7F 00 7F 00 00
000919   8306909400..8307263300   60 FD 40
000920   8307314580..8322235940   60 18 00 00 00 00 00 7F 00 7F 7F 00 00 00 00 00 00 00 00 00 00 7F 00 00 00 7F 7F 00 7F 7F 00 00 00 00 00 00 7F 00 7F 7F 7F 00 7F 7F 00 00 00 00 7F 00 00 00 7F 00 7F 00 00 7F 00 00 00 00 7F 00 00 00 00 00 7F 00 00 00 7F 00 00 7F 00 7F 00 00 00 7F 00 00 00 00 00 00 00 00 00 00 00 00 00 7F 00 00 00 00 00 00 00 7F 7F 00 00 7F 00 00 00 00 7F 7F 00 7F 00 7F 7F 7F 00 00 00 7F 00 00 00 00 00 00 00 7F 00 00
000921   8322376900..8322730980   60 FD 40
000922   8322782280..8337707840   60 18 00 00 00 00 7F 7F 00 00 00 7F 00 7F 7F 00 7F 00 00 00 00 7F 7F 00 00 00 7F 00 7F 7F 00 00 00 00 00 00 7F 00 7F 7F 7F 00 7F 7F 00 00 00 00 7F 00 00 7F 7F 00 00 00 00 00 00 00 00 00 7F 00 00 00 7F 00 00 00 00 00 00 00 00 7F 7F 7F 00 00 00 7F 00 00 00 00 00 00 00 00 7F 00 00 00 00 7F 00 00 00 00 00 7F 00 7F 7F 00 00 00 00 00 00 00 00 00 00 7F 00 00 7F 7F 7F 00 00 00 7F 00 00 7F 00 00 00 7F 00 00
000923   8357960760..8358314800   60 FD 40
000924   8358366080..8373015160   60 18 00 00 00 00 7F 00 00 00 00 7F 00 7F 7F 00 7F 00 7F 00 00 7F 7F 00 00 00 7F 00 7F 7F 00 00 7F 00 00 00 7F 00 00 7F 00 00 7F 7F 7F 00 00 00 7F 7F 00 7F 7F 00 00 00 00 00 00 7F 00 00 00 00 00 00 7F 00 00 00 00 00 00 00 00 00 7F 7F 00 00 00 7F 00 00 00 00 00 00 7F 00 7F 00 7F 00 00 7F 00 00 00 00 00 7F 00 00 7F 00 00 00 00 00 00 00 00 00 00 00 00 00 7F 00 7F 00 00 00 7F 00 00 7F 00 00 00 7F 00 00
000925   8373160540..8373514540   60 FD 40
000926   8373565860..8388490660   60 18 00 00 00 00 7F 00 00 00 00 7F 00 7F 7F 7F 7F 7F 7F 00 7F 7F 7F 00 00 00 00 7F 7F 00 7F 00 7F 7F 00 00 7F 7F 00 00 00 00 00 7F 7F 00 00 7F 00 7F 00 7F 00 00 00 00 00 00 00 7F 00 00 00 00 00 00 7F 00 00 00 7F 00 00 00 00 00 7F 7F 00 00 7F 00 00 7F 7F 00 7F 7F 7F 00 7F 00 7F 00 00 7F 00 00 00 00 00 7F 7F 00 00 00 00 00 00 00 00 00 00 00 00 00 00 00 7F 00 7F 00 00 00 7F 00 00 7F 00 00 00 7F 00 00
000927   8388631480..8388985400   60 FD 40
000928   8389036720..8403959340   60 18 7F 00 00 00 00 00 00 00 7F 00 00 00 00 7F 00 7F 7F 00 7F 00 00 00 00 00 00 7F 7F 00 7F 00 7F 7F 00 00 7F 7F 00 00 00 00 00 7F 7F 00 00 7F 00 7F 00 00 00 00 7F 00 00 7F 00 7F 00 00 00 00 00 00 00 00 7F 00 7F 00 7F 00 00 00 00 7F 00 00 7F 00 00 7F 7F 00 7F 7F 7F 00 00 00 7F 00 00 7F 00 00 00 7F 00 00 7F 00 00 00 00 00 00 00 00 00 00 7F 00 00 00 00 7F 00 7F 00 00 00 7F 00 00 7F 00 00 00 7F 00 00
000929   8424211400..8424565620   60 FD 40
000930   8424616940..8439549620   60 18 7F 00 00 00 00 00 00 00 7F 00 00 00 00 7F 00 7F 7F 00 7F 00 00 00 00 00 00 7F 00 00 7F 7F 00 7F 00 7F 7F 7F 00 00 00 00 00 7F 00 00 7F 7F 00 00 00 00 00 00 7F 00 00 7F 00 7F 00 7F 00 00 00 00 00 00 7F 7F 7F 00 7F 00 00 00 00 00 00 7F 7F 00 00 7F 7F 00 7F 7F 00 00 00 00 00 00 00 7F 00 00 00 7F 00 00 7F 00 00 00 7F 00 00 00 00 00 00 7F 00 00 00 00 7F 00 7F 00 00 00 7F 00 00 7F 00 00 00 7F 00 00
000931   8439693940..8440048160   60 FD 40
000932   8440099500..8455030200   60 18 7F 00 00 00 00 00 00 00 7F 00 00 00 00 7F 00 00 7F 00 00 00 00 00 00 00 00 00 00 00 00 7F 00 00 00 7F 00 00 00 00 00 00 00 00 00 00 7F 00 7F 00 00 00 7F 00 7F 7F 00 7F 7F 7F 00 7F 00 7F 00 00 00 00 7F 7F 00 7F 7F 00 7F 00 00 00 00 7F 00 00 00 00 00 00 00 00 00 00 00 7F 00 00 00 7F 00 7F 00 7F 00 00 7F 00 00 00 7F 00 7F 00 7F 00 00 7F 7F 00 00 00 7F 00 7F 00 00 00 7F 00 7F 7F 00 7F 7F 7F 00 00
000933   8455171160..8455525200   60 FD 40
000934   8455576500..8470293780   60 18 7F 7F 00 00 7F 00 00 7F 00 7F 00 00 00 7F 7F 00 7F 00 00 7F 00 00 7F 7F 00 00 00 00 00 7F 00 00 00 7F 00 00 00 00 00 00 00 00 00 00 7F 00 7F 00 00 7F 7F 00 00 7F 00 00 7F 7F 00 7F 00 7F 00 00 00 00 00 7F 00 7F 7F 00 7F 00 00 00 00 7F 00 00 00 00 00 00 00 00 00 00 00 7F 00 00 00 00 00 7F 00 7F 00 7F 7F 00 00 00 7F 00 7F 00 7F 00 00 00 7F 00 00 00 7F 00 7F 00 00 00 7F 00 7F 7F 7F 7F 7F 7F 00 00
000935   8490523040..8490877120   60 FD 40
000936   8490928400..8505848320   60 18 7F 7F 7F 7F 7F 7F 7F 7F 00 7F 00 00 00 7F 7F 00 7F 00 00 7F 00 00 7F 7F 00 00 00 00 00 00 00 00 00 00 00 00 00 00 7F 7F 00 00 00 00 00 00 7F 00 7F 7F 7F 7F 00 7F 00 00 7F 00 00 7F 00 7F 00 7F 00 00 00 7F 00 7F 7F 7F 7F 00 00 00 00 00 00 00 7F 00 00 00 00 00 00 00 00 7F 00 00 00 00 7F 7F 00 7F 00 7F 7F 00 00 00 00 00 7F 00 7F 00 00 00 7F 00 7F 00 00 00 7F 7F 00 00 7F 00 7F 7F 7F 7F 7F 7F 00 00
000937   8505992600..8506346680   60 FD 40
000938   8506397960..8521327420   60 18 7F 7F 7F 7F 7F 7F 7F 7F 00 7F 00 00 00 00 7F 00 7F 00 00 7F 00 00 7F 7F 7F 7F 00 00 00 00 00 00 00 00 7F 00 00 00 7F 7F 00 00 00 00 00 7F 00 00 7F 7F 00 7F 00 00 00 00 00 00 7F 7F 00 00 7F 7F 00 00 00 7F 00 7F 7F 7F 00 00 00 00 00 00 7F 00 7F 7F 7F 7F 00 7F 00 00 00 00 00 00 00 00 7F 00 00 7F 00 7F 00 00 7F 00 00 00 00 00 7F 00 00 00 00 00 7F 00 00 00 7F 7F 00 00 7F 7F 00 7F 7F 00 00 7F 00 00
000939   8521468440..8521822460   60 FD 40
000940   8521873780..8536803880   60 18 7F 00 7F 7F 00 7F 7F 7F 00 00 00 00 7F 00 00 00 7F 00 00 00 00 00 00 7F 7F 7F 00 00 00 00 00 00 00 00 7F 00 00 00 7F 7F 00 00 00 00 00 7F 00 00 7F 7F 00 7F 7F 00 00 00 00 00 7F 7F 00 00 7F 7F 00 00 00 7F 00 7F 7F 7F 00 00 00 00 00 00 7F 00 7F 7F 7F 7F 00 7F 00 00 7F 00 00 00 00 00 7F 00 00 7F 00 00 00 00 7F 00 00 00 00 00 7F 00 7F 00 00 00 7F 7F 00 00 00 7F 00 7F 7F 7F 00 00 00 00 00 00 00 00
000941   8557047760..8557401980   60 FD 40
000942   8557453320..8572246700   60 18 7F 00 00 00 00 00 00 7F 00 00 00 00 7F 00 00 00 00 7F 00 00 00 00 00 7F 7F 7F 00 00 00 00 00 00 00 00 7F 00 7F 00 7F 00 00 00 00 00 00 7F 00 00 7F 7F 00 00 7F 00 00 00 00 00 7F 00 7F 00 7F 00 00 00 00 7F 00 7F 7F 00 00 7F 00 7F 00 00 7F 00 00 7F 7F 7F 00 7F 00 00 7F 00 00 7F 7F 00 00 00 00 7F 00 00 00 7F 7F 7F 00 00 00 7F 7F 00 7F 00 00 7F 00 7F 00 7F 00 7F 00 7F 7F 7F 00 00 00 00 00 00 00 00
000943   8572392100..8572746200   60 FD 40
000944   8572797500..8587718640   60 18 7F 00 00 00 00 00 00 7F 00 00 00 00 7F 7F 00 00 00 7F 00 00 00 00 00 7F 7F 00 00 7F 00 00 00 7F 00 00 00 7F 7F 7F 7F 00 7F 7F 00 00 00 00 7F 00 7F 7F 7F 00 7F 7F 00 00 00 00 00 00 7F 7F 00 00 00 00 00 7F 00 00 7F 00 7F 7F 00 7F 00 00 00 7F 00 00 00 00 7F 00 00 00 7F 00 00 7F 7F 00 00 00 00 7F 00 00 00 7F 00 7F 00 00 7F 7F 00 00 7F 00 00 7F 00 7F 00 7F 00 7F 00 7F 7F 00 00 00 00 00 00 00 00 00
000945   8587859500..8588213340   60 FD 40
000946   8588264620..8603181700   60 18 7F 00 00 00 00 00 00 7F 00 00 00 7F 7F 7F 7F 00 00 7F 00 00 7F 00 00 7F 7F 00 00 7F 00 00 00 7F 00 00 00 7F 7F 7F 7F 00 7F 7F 00 00 00 00 7F 00 7F 7F 7F 00 7F 7F 00 00 00 00 00 00 7F 7F 00 00 7F 00 00 7F 00 00 00 00 7F 7F 00 7F 00 00 00 7F 00 00 00 00 7F 00 00 00 7F 00 00 7F 7F 00 00 00 00 00 00 00 00 7F 00 7F 00 00 7F 7F 00 00 00 00 00 7F 00 00 00 7F 00 7F 00 00 00 00 00 7F 00 00 00 00 00 00
000947   8623420340..8623774420   60 FD 40
000948   8623825720..8638753400   60 18 7F 00 00 00 00 00 00 7F 00 00 00 7F 7F 7F 7F 00 00 00 00 00 7F 00 00 7F 7F 00 7F 7F 00 00 7F 7F 00 00 00 7F 00 7F 7F 00 7F 7F 7F 00 00 00 7F 7F 00 7F 7F 00 7F 7F 00 00 00 00 00 00 00 7F 00 00 7F 00 00 00 00 00 00 00 7F 00 00 00 00 00 00 7F 00 00 00 00 7F 00 7F 00 7F 00 7F 00 00 00 00 00 00 00 00 00 00 7F 00 00 00 00 7F 00 00 00 00 00 00 00 7F 00 7F 00 00 00 00 00 00 00 00 7F 00 00 00 00 00 00
000949   8638897720..8639251900   60 FD 40
000950   8639303240..8654231060   60 18 7F 00 00 00 00 00 00 7F 00 00 00 7F 7F 00 7F 7F 00 00 7F 00 7F 00 00 7F 00 7F 7F 00 7F 00 7F 7F 00 00 00 7F 00 00 7F 00 00 00 7F 00 00 7F 00 7F 00 7F 00 00 7F 00 00 00 00 00 7F 00 00 00 00 00 7F 00 00 00 7F 7F 00 00 00 00 00 00 00 00 00 00 00 7F 00 7F 7F 00 7F 00 7F 00 7F 00 00 00 00 7F 00 00 00 00 7F 7F 7F 00 00 00 00 00 00 00 00 00 7F 00 7F 00 7F 00 00 00 00 00 00 00 7F 7F 00 00 00 00 00 00
000951   8654371920..8654726020   60 FD 40
000952   8654777320..8669701760   60 18 00 00 00 00 00 00 00 00 00 00 00 00 7F 00 7F 7F 00 00 7F 00 00 00 00 7F 00 7F 7F 00 7F 00 7F 7F 00 00 00 7F 00 00 7F 00 00 00 7F 00 00 7F 00 7F 00 00 00 00 7F 00 00 7F 00 00 7F 00 00 00 00 00 00 00 7F 00 7F 7F 7F 00 00 00 00 00 00 00 00 00 00 7F 00 7F 7F 00 7F 00 7F 00 7F 00 00 00 00 7F 00 00 00 00 7F 7F 7F 00 00 00 00 00 00 00 00 7F 7F 00 7F 00 7F 00 00 00 00 00 00 00 7F 7F 00 00 00 00 00 00
000953   8689946760..8690300720   60 FD 40
000954   8690351980..8705278080   60 18 00 00 00 00 00 00 00 00 00 00 00 00 7F 00 7F 7F 7F 00 7F 00 00 00 00 7F 00 7F 00 00 7F 7F 7F 7F 00 7F 00 7F 7F 00 00 00 00 00 00 00 7F 7F 00 00 00 00 00 00 7F 00 00 7F 00 7F 7F 00 00 00 00 00 00 00 7F 00 7F 7F 7F 00 00 00 00 00 00 7F 00 00 7F 7F 00 7F 7F 00 00 00 7F 00 00 00 00 00 00 7F 00 00 00 00 7F 00 7F 00 7F 00 00 00 00 00 00 7F 7F 00 00 00 00 00 00 00 00 00 00 00 7F 7F 00 00 00 00 00 00
000955   8705422400..8705776720   60 FD 40
000956   8705828060..8720757700   60 18 00 00 00 00 00 00 00 00 00 00 00 00 7F 00 7F 00 7F 00 00 00 00 00 00 7F 7F 00 00 00 00 7F 7F 7F 00 7F 00 00 7F 7F 00 00 00 7F 00 00 7F 7F 7F 00 00 00 7F 00 7F 7F 00 7F 7F 7F 00 00 00 00 7F 00 00 00 7F 00 00 00 7F 00 00 00 00 00 00 7F 00 7F 7F 00 00 00 7F 00 00 00 7F 7F 00 00 00 00 00 7F 00 00 00 00 00 00 00 00 7F 00 00 00 7F 00 00 7F 7F 00 00 00 00 00 00 00 00 00 00 7F 7F 7F 00 7F 7F 00 00 00
000957   8720898640..8721252620   60 FD 40
000958   8721303900..8736226180   60 18 00 00 00 00 7F 00 00 00 00 7F 00 00 7F 00 7F 00 7F 00 00 7F 00 00 00 00 7F 00 00 00 00 7F 7F 7F 00 7F 00 00 7F 7F 00 00 00 7F 00 00 7F 7F 7F 00 00 7F 7F 00 00 7F 00 00 7F 7F 00 00 00 00 7F 00 00 00 00 00 00 00 7F 00 00 00 00 00 00 7F 00 7F 7F 00 00 00 7F 00 00 00 00 7F 00 00 00 00 00 7F 00 00 00 00 00 00 00 00 7F 00 00 00 7F 00 00 00 7F 00 00 00 00 00 00 00 00 00 00 7F 7F 7F 00 7F 7F 00 00 00
000959   8756470520..8756824680   60 FD 40
000960   8756875980..8771802000   60 18 00 00 7F 7F 7F 7F 7F 00 00 7F 00 00 7F 00 7F 00 00 00 00 7F 00 00 00 00 7F 00 00 00 00 00 00 7F 00 00 00 00 00 7F 00 7F 00 7F 00 00 00 7F 7F 7F 00 7F 7F 7F 00 7F 00 00 7F 00 00 7F 00 00 7F 7F 00 00 00 7F 00 00 7F 7F 00 00 00 00 00 00 00 7F 7F 00 00 00 7F 00 00 00 00 7F 00 00 00 00 7F 7F 00 00 00 00 00 00 00 00 7F 00 00 00 7F 00 00 00 7F 7F 7F 00 00 00 00 7F 00 00 00 7F 7F 7F 00 7F 7F 00 00 00
000961   8771946200..8772300180   60 FD 40
000962   8772351480..8787166640   60 18 00 00 7F 7F 7F 7F 7F 00 00 7F 00 00 7F 00 7F 7F 00 00 00 7F 00 00 00 00 00 7F 00 7F 7F 00 00 7F 00 00 7F 7F 00 00 00 7F 7F 00 00 00 00 7F 00 7F 00 7F 7F 7F 00 00 00 00 00 00 00 7F 00 00 7F 7F 00 00 00 7F 00 00 7F 7F 00 00 00 00 00 00 7F 00 7F 7F 7F 00 00 00 00 00 00 00 00 00 00 00 7F 7F 00 00 00 00 7F 00 00 00 7F 00 00 00 00 00 00 00 7F 7F 7F 00 00 00 00 7F 00 00 00 7F 00 7F 00 00 00 00 00 00
000963   8787308820..8787663000   60 FD 40
000964   8787714340..8802651140   60 18 00 00 7F 7F 00 7F 7F 00 00 00 00 00 00 00 00 7F 00 00 00 00 00 00 00 00 00 7F 00 7F 7F 00 00 7F 00 00 7F 7F 00 00 00 7F 7F 00 00 00 00 7F 00 7F 00 7F 7F 7F 7F 00 00 00 00 00 00 7F 00 00 7F 7F 00 00 00 7F 00 00 7F 7F 00 00 00 00 00 00 7F 00 7F 7F 7F 00 00 00 00 00 00 00 00 00 00 00 7F 7F 00 00 00 00 7F 00 00 00 7F 00 00 00 00 00 00 00 7F 7F 7F 00 00 00 00 7F 00 00 00 7F 00 7F 00 00 00 00 00 00
000965   8822904060..8823258100   60 FD 40
000966   8823309400..8838236320   60 18 00 00 00 00 00 00 00 00 00 00 00 00 00 00 00 7F 00 7F 00 00 00 00 00 00 00 7F 00 7F 7F 00 00 7F 00 00 7F 7F 7F 00 7F 00 7F 00 7F 00 7F 7F 00 00 7F 7F 7F 00 7F 00 00 00 00 00 00 00 7F 00 7F 7F 00 00 00 00 00 00 7F 00 00 7F 00 7F 00 00 7F 00 00 7F 7F 00 00 00 00 00 00 00 00 7F 7F 00 00 7F 00 00 00 00 7F 7F 00 7F 00 00 00 7F 00 00 00 00 7F 7F 00 00 00 7F 00 00 00 00 00 7F 00 7F 00 00 00 00 00 00
000967   8838380560..8838734680   60 FD 40
000968   8838786000..8853718600   60 18 00 00 00 00 00 00 00 00 00 00 00 00 00 7F 00 00 00 7F 7F 00 00 00 00 00 00 00 00 7F 00 00 00 00 00 00 00 00 7F 00 7F 00 7F 00 7F 00 7F 00 7F 00 7F 7F 7F 00 7F 7F 00 00 7F 00 00 00 7F 7F 7F 7F 00 00 00 00 7F 00 7F 00 7F 7F 00 7F 00 00 00 00 00 7F 00 00 00 00 00 00 00 00 00 7F 7F 00 00 00 00 00 00 00 00 7F 00 7F 00 00 00 7F 7F 00 00 00 7F 7F 00 00 00 7F 00 00 00 00 00 7F 7F 7F 00 00 7F 00 00 00
000969   8853859600..8854213880   60 FD 40
000970   8854265240..8869201060   60 18 00 00 00 00 00 00 00 00 00 00 00 00 00 7F 7F 00 00 7F 7F 00 00 00 00 00 00 00 00 7F 00 00 00 00 00 00 00 00 7F 00 7F 00 7F 00 7F 00 7F 00 7F 00 7F 7F 7F 00 7F 7F 00 00 7F 00 00 00 7F 7F 7F 7F 00 00 00 00 7F 00 7F 00 7F 7F 00 7F 00 00 00 00 00 7F 00 00 00 00 00 00 00 00 00 7F 7F 00 00 00 00 00 00 00 00 7F 00 7F 00 00 00 7F 7F 00 00 00 7F 7F 00 00 00 7F 00 00 00 00 00 7F 7F 00 00 00 7F 00 00 00
000971   8889461000..8889815200   60 FD 40
000972   8889866540..8904794500   60 18 00 00 00 7F 00 00 00 00 00 00 00 00 00 7F 7F 00 00 00 7F 00 00 00 00 00 00 00 7F 7F 00 00 7F 00 00 7F 00 00 00 00 00 7F 7F 00 7F 00 00 00 7F 7F 00 7F 7F 00 7F 7F 00 00 7F 00 00 00 00 7F 7F 00 00 00 00 00 7F 00 7F 7F 7F 00 00 00 00 00 00 00 7F 7F 00 00 00 00 7F 00 00 00 7F 00 00 00 00 00 00 00 00 00 00 00 00 7F 00 00 00 00 7F 00 00 00 7F 00 7F 00 7F 00 00 7F 00 00 00 7F 7F 00 00 00 7F 00 00 00
000973   8904938720..8905292740   60 FD 40
000974   8905344060..8920269760   60 18 00 00 00 7F 00 00 00 00 00 00 00 00 00 00 7F 00 00 00 7F 00 00 00 00 00 00 7F 7F 7F 00 00 7F 00 00 7F 00 00 00 00 00 7F 7F 00 7F 00 00 7F 7F 7F 00 7F 00 00 7F 00 00 00 00 00 7F 00 00 00 00 00 00 00 00 00 7F 7F 7F 7F 00 00 00 00 00 00 00 00 7F 7F 00 7F 00 00 7F 00 00 7F 7F 00 00 00 00 00 00 00 00 00 00 00 00 7F 00 00 00 00 00 00 00 00 00 00 7F 00 7F 00 00 7F 00 00 00 7F 00 00 00 7F 00 00 00 00
000975   8920410720..8920764900   60 FD 40
000976   8920816240..8935740500   60 18 00 00 00 7F 00 00 00 00 00 00 00 00 00 00 7F 00 00 00 7F 00 00 00 00 00 00 7F 7F 7F 00 00 7F 00 00 7F 00 00 00 00 00 7F 7F 00 7F 00 00 7F 7F 7F 00 7F 00 00 7F 00 00 00 00 00 7F 00 00 00 00 00 00 00 00 00 7F 7F 00 7F 00 00 00 00 00 00 00 00 7F 7F 00 7F 00 00 7F 00 00 7F 7F 00 00 00 00 00 00 00 00 00 00 00 00 7F 00 00 00 00 00 00 00 00 00 00 7F 00 7F 00 00 7F 00 00 00 7F 00 00 00 7F 00 00 00 00
000977   8955984660..8956338680   60 FD 40
000978   8956389960..8971307800   60 18 00 00 7F 00 00 7F 00 00 00 00 00 00 00 00 7F 00 7F 00 7F 00 00 00 00 00 00 7F 00 7F 00 7F 00 00 00 7F 00 00 7F 00 00 00 7F 00 00 00 7F 7F 7F 00 00 7F 00 00 7F 00 00 00 00 7F 7F 00 7F 00 00 00 00 00 00 00 7F 7F 00 00 00 00 00 00 00 7F 00 00 00 7F 00 7F 00 00 00 00 00 7F 00 00 00 00 7F 00 00 00 00 00 00 7F 00 00 7F 00 00 7F 00 00 00 00 00 7F 00 00 00 7F 00 00 00 00 00 7F 00 00 00 7F 00 00 00 00
000979   8971452020..8971805960   60 FD 40
000980   8971857240..8986778880   60 18 00 00 7F 00 00 7F 00 00 00 00 00 00 00 00 7F 00 7F 00 7F 00 00 00 00 00 7F 7F 00 7F 00 7F 00 00 00 7F 00 00 7F 7F 00 00 00 00 00 00 7F 7F 7F 00 00 7F 7F 00 7F 7F 00 00 00 7F 00 00 7F 00 00 00 00 00 00 00 7F 00 00 00 00 00 00 00 00 7F 00 7F 00 00 00 00 00 00 00 00 00 7F 00 00 00 00 7F 00 00 00 00 00 00 7F 00 00 7F 00 00 7F 00 00 00 00 00 7F 00 00 00 7F 00 00 00 00 00 00 00 00 00 7F 00 00 00 00
000981   8986920320..8987272220   60 FD 40
000982   8987322920..9002151680   60 18 00 7F 7F 00 00 7F 00 00 00 00 00 00 00 00 7F 00 7F 00 7F 00 00 00 7F 00 7F 7F 00 7F 00 7F 00 00 00 7F 00 00 7F 7F 00 00 00 00 00 00 7F 7F 7F 00 00 00 7F 00 7F 7F 00 00 00 7F 00 00 7F 00 00 00 00 00 00 00 7F 00 00 00 00 00 00 00 00 7F 00 7F 00 00 00 00 00 00 00 00 00 7F 00 00 00 7F 7F 00 7F 00 00 00 00 7F 00 00 7F 00 00 7F 00 00 00 00 00 7F 00 00 00 7F 00 00 00 00 00 00 00 7F 7F 7F 00 7F 00 00
000983   9022388080..9022742020   60 FD 40
000984   9022793300..9037713740   60 18 00 7F 7F 7F 00 7F 7F 00 00 00 00 00 00 00 7F 00 00 00 7F 00 00 00 7F 00 7F 7F 7F 7F 00 00 7F 00 00 00 00 00 00 7F 00 00 00 00 7F 00 00 7F 7F 7F 00 00 7F 7F 7F 7F 00 00 00 00 00 7F 00 00 00 7F 00 00 00 7F 7F 00 00 00 00 7F 00 7F 00 00 00 7F 00 00 00 00 00 00 7F 00 00 7F 00 7F 00 7F 7F 00 7F 00 00 00 00 00 00 00 00 00 00 00 00 00 00 00 00 00 7F 00 00 00 00 00 00 00 00 00 00 7F 7F 7F 00 7F 00 00
000985   9037857900..9038211800   60 FD 40
000986   9038263100..9053188400   60 18 00 7F 7F 7F 00 7F 7F 00 00 00 00 00 00 00 7F 7F 00 00 00 00 00 00 7F 00 00 7F 7F 00 7F 00 7F 00 00 00 00 7F 00 00 00 00 00 00 7F 00 00 7F 00 7F 00 00 7F 7F 7F 7F 00 00 00 00 00 7F 00 00 00 7F 00 00 00 7F 7F 00 00 00 00 7F 00 7F 00 00 00 00 00 7F 00 00 00 00 7F 00 00 7F 00 7F 00 7F 7F 00 7F 00 00 00 00 00 00 00 00 00 00 00 00 00 00 00 00 00 7F 00 00 00 00 00 00 00 00 00 00 7F 7F 7F 00 7F 00 00
000987   9053329280..9053683260   60 FD 40
000988   9053734560..9068663820   60 18 00 00 7F 7F 00 7F 7F 00 00 00 00 00 00 00 7F 7F 00 00 00 00 00 00 00 00 00 7F 7F 00 7F 00 7F 00 00 00 00 7F 00 00 00 00 00 00 7F 00 00 7F 00 7F 00 00 7F 7F 00 7F 00 00 00 00 00 7F 00 00 00 7F 00 00 00 7F 7F 00 7F 00 00 7F 00 7F 00 00 00 00 00 7F 00 00 00 00 7F 00 00 7F 00 7F 00 7F 7F 00 00 00 00 00 00 00 00 00 00 7F 00 00 00 00 7F 00 00 00 7F 7F 00 00 7F 00 00 7F 7F 00 00 7F 00 7F 00 00 00 00
000989   9088912800..9089266800   60 FD 40
000990   9089318340..9104019380   60 18 00 00 00 00 00 7F 00 00 00 00 00 00 00 00 7F 7F 00 7F 00 00 00 00 00 00 00 7F 00 00 7F 00 00 00 00 7F 00 7F 7F 00 7F 00 00 00 00 00 7F 7F 00 00 7F 00 7F 00 00 7F 00 00 00 7F 00 00 00 00 00 00 00 00 00 00 7F 00 7F 00 00 7F 00 7F 00 7F 00 00 00 7F 00 00 00 00 00 00 00 7F 7F 7F 7F 7F 7F 00 00 00 00 00 00 00 00 7F 7F 7F 00 7F 00 00 7F 00 00 00 7F 7F 7F 00 7F 00 00 7F 7F 00 00 7F 00 7F 00 00 00 00
000991   9104164780..9104518600   60 FD 40
000992   9104569880..9119490660   60 18 00 00 00 00 00 7F 00 00 00 00 00 00 00 00 7F 00 00 7F 00 00 00 00 00 00 00 00 00 00 00 00 00 00 00 7F 00 00 7F 00 7F 00 00 00 00 00 7F 7F 7F 00 7F 00 7F 00 00 7F 00 00 7F 7F 00 00 00 00 00 00 00 00 00 00 00 00 7F 00 00 7F 00 7F 00 7F 00 00 00 7F 00 00 00 00 00 00 00 00 7F 7F 7F 7F 7F 00 00 00 00 00 00 00 00 7F 7F 7F 00 7F 00 00 7F 00 00 00 7F 7F 7F 00 7F 00 00 7F 7F 00 7F 7F 00 7F 7F 00 00 00
000993   9119631520..9119985400   60 FD 40
000994   9120036680..9134953920   60 18 7F 00 00 00 00 7F 00 00 00 00 00 7F 00 00 00 00 00 7F 00 00 7F 00 00 00 00 00 00 00 00 00 00 00 00 7F 00 00 7F 00 7F 00 00 00 00 00 7F 7F 7F 00 7F 7F 7F 00 00 7F 00 00 7F 7F 00 00 00 00 00 00 7F 00 00 00 00 00 7F 00 00 7F 7F 7F 00 7F 00 00 00 7F 00 00 00 00 00 00 00 00 7F 7F 7F 7F 7F 00 00 7F 00 00 00 00 00 7F 7F 00 00 7F 00 00 00 00 00 00 7F 00 7F 00 7F 00 00 00 00 00 7F 7F 00 7F 7F 00 00 00
000995   9155193820..9155547820   60 FD 40
000996   9155599080..9170523880   60 18 7F 00 7F 7F 00 7F 7F 00 00 00 00 7F 00 00 00 00 7F 00 00 00 7F 00 00 00 00 00 00 00 00 7F 00 00 00 00 00 00 7F 00 00 7F 00 00 00 00 00 7F 7F 7F 00 7F 7F 00 00 7F 00 00 7F 00 00 7F 00 00 00 7F 7F 00 00 00 00 00 7F 7F 00 7F 7F 7F 00 00 00 00 7F 7F 00 00 00 00 00 00 00 00 7F 00 00 7F 00 00 00 7F 00 00 00 00 00 00 00 00 00 00 00 00 00 00 00 00 7F 00 7F 00 7F 00 00 00 00 00 7F 7F 00 7F 7F 00 00 00
000997   9170668120..9171022160   60 FD 40
000998   9171073460..9186001640   60 18 7F 00 7F 7F 00 7F 7F 00 00 00 00 7F 00 00 00 00 7F 00 00 00 7F 00 00 00 00 7F 00 00 00 7F 00 00 00 00 00 00 7F 00 00 7F 00 00 00 00 00 00 7F 7F 00 7F 7F 00 00 00 00 00 00 00 00 7F 00 00 00 7F 7F 00 00 00 00 00 7F 7F 00 7F 7F 7F 00 00 00 00 7F 7F 00 00 00 00 00 00 00 00 7F 00 00 7F 00 00 00 7F 00 00 00 00 00 00 00 00 00 00 00 00 00 00 00 00 7F 00 7F 00 7F 00 00 00 00 00 00 7F 00 00 00 00 00 00
000999   9186142560..9186496600   60 FD 40
001000   9186547900..9201273660   60 18 00 00 7F 7F 00 7F 7F 7F 7F 00 00 00 00 00 00 00 7F 00 00 00 00 00 00 7F 00 7F 00 00 00 7F 00 00 00 00 00 00 7F 00 00 7F 00 00 00 00 00 00 7F 7F 00 7F 7F 00 7F 00 00 7F 00 00 00 7F 00 00 00 7F 00 00 7F 00 00 00 7F 7F 00 7F 00 7F 00 00 00 00 7F 7F 00 00 00 00 00 00 00 00 7F 00 00 7F 00 00 00 7F 00 00 00 00 00 00 00 00 00 00 00 00 00 7F 00 00 7F 00 7F 00 7F 00 00 00 00 00 00 7F 00 00 00 00 00 00
001001   9221505600..9221859640   60 FD 40
001002   9221910920..9236835860   60 18 00 00 00 00 00 00 00 7F 7F 00 00 00 00 00 00 00 7F 7F 00 00 00 00 00 7F 00 7F 00 00 00 7F 00 00 00 00 00 00 7F 00 00 00 00 00 00 00 7F 00 7F 7F 7F 7F 7F 7F 7F 00 00 7F 00 00 00 00 7F 00 00 00 00 00 7F 7F 00 00 7F 00 00 00 00 7F 00 00 00 00 00 7F 00 00 00 00 00 00 00 00 7F 7F 00 7F 00 00 00 7F 00 00 00 00 00 7F 00 00 00 7F 00 00 00 7F 00 7F 00 00 7F 7F 7F 00 00 00 00 00 00 7F 00 00 00 00 00 00
001003   9236980080..9237334200   60 FD 40
001004   9237385520..9252310120   60 18 00 00 00 00 00 00 00 7F 7F 00 00 00 00 00 00 00 7F 7F 00 00 00 00 00 7F 00 7F 00 00 00 7F 00 00 00 00 00 00 7F 00 00 00 00 00 00 00 7F 00 7F 7F 7F 7F 00 7F 7F 7F 00 7F 00 00 00 00 7F 00 00 00 00 00 7F 7F 00 00 7F 00 00 00 00 7F 00 00 00 00 00 7F 00 00 00 00 00 00 00 00 7F 7F 00 7F 00 00 00 7F 00 00 00 00 00 7F 00 00 00 7F 00 00 00 7F 00 7F 00 00 7F 7F 7F 00 00 00 00 00 00 7F 00 00 00 00 00 00
001005   9252451020..9252805060   60 FD 40
001006   9252856360..9267782720   60 18 00 00 00 00 7F 00 00 7F 00 7F 00 00 7F 00 7F 00 7F 7F 00 7F 00 00 00 00 00 7F 00 00 00 7F 00 00 00 00 00 00 7F 00 00 00 00 00 00 00 7F 00 7F 7F 7F 7F 00 7F 7F 7F 00 00 00 00 00 00 7F 00 00 00 00 00 00 7F 00 00 7F 00 00 00 00 7F 00 00 00 00 00 7F 00 00 00 00 00 00 7F 00 7F 7F 00 00 00 00 7F 7F 00 7F 00 00 00 7F 00 00 00 7F 00 00 00 00 00 7F 00 00 7F 7F 7F 00 00 00 00 00 00 00 7F 00 00 00 00 00
001007   9288030560..9288385040   60 FD 40
001008   9288436380..9303225260   60 18 00 00 00 7F 7F 00 00 7F 00 7F 00 00 7F 00 7F 00 7F 00 00 7F 00 00 00 00 00 7F 7F 00 00 7F 00 00 00 00 00 00 00 00 7F 00 00 00 7F 00 7F 00 7F 7F 00 7F 00 7F 7F 7F 00 00 00 00 00 00 00 00 00 00 00 00 00 7F 00 00 7F 00 00 00 00 00 00 00 00 00 00 7F 00 00 00 00 7F 00 7F 00 00 00 7F 00 00 00 7F 7F 00 7F 00 00 00 00 00 00 00 00 00 00 00 00 00 00 7F 00 7F 00 7F 00 00 00 00 00 00 00 7F 00 00 00 00 00
001009   9303370760..9303724840   60 FD 40
001010   9303776160..9318703700   60 18 00 00 00 7F 7F 00 00 7F 00 7F 00 00 7F 00 7F 00 7F 00 00 7F 00 00 00 00 00 7F 7F 00 00 7F 00 7F 00 00 7F 00 00 00 7F 00 00 00 7F 00 7F 7F 7F 7F 00 7F 00 7F 7F 7F 00 00 00 00 00 00 00 00 00 00 00 00 00 7F 00 00 7F 00 00 00 00 00 00 00 7F 00 00 00 7F 00 7F 7F 7F 00 7F 00 00 00 7F 00 00 00 7F 7F 00 7F 00 00 00 00 00 00 00 00 00 00 00 00 00 00 7F 00 7F 00 7F 00 00 00 00 00 00 00 7F 00 00 00 00 00
001011   9318844720..9319198800   60 FD 40
001012   9319250100..9334181500   60 18 00 00 00 7F 00 00 00 7F 00 00 00 00 00 00 7F 00 7F 00 00 00 00 00 00 00 00 7F 7F 00 00 7F 00 7F 00 00 7F 00 00 00 7F 00 00 00 7F 00 7F 7F 7F 7F 00 7F 00 7F 7F 7F 00 00 00 00 00 00 00 00 00 00 00 00 00 7F 00 00 00 00 00 00 00 00 00 00 7F 00 00 00 7F 00 7F 7F 7F 00 7F 00 00 00 7F 00 00 00 00 7F 00 00 00 00 00 00 00 7F 00 00 00 00 00 00 00 00 7F 7F 7F 00 00 00 00 00 00 00 00 00 00 00 00 00 00 00
001013   9354433440..9354787560   60 FD 40
001014   9354838860..9369760220   60 18 00 00 00 7F 00 00 00 7F 00 00 00 00 00 00 7F 00 7F 00 00 00 00 00 00 00 00 7F 00 00 00 00 00 7F 00 7F 7F 00 7F 00 7F 00 00 00 00 00 7F 7F 7F 00 00 7F 00 7F 7F 7F 00 00 00 7F 00 00 00 00 00 00 00 00 00 7F 00 00 00 00 00 00 00 00 00 7F 7F 00 00 00 7F 00 7F 7F 00 00 7F 00 00 00 7F 00 00 00 00 7F 00 00 00 00 00 00 00 7F 00 7F 00 00 00 00 00 00 7F 7F 00 00 00 00 00 00 00 00 00 00 00 00 00 00 00 00
001015   9369904320..9370258060   60 FD 40
001016   9370309320..9385228200   60 18 00 00 00 7F 00 00 00 7F 00 00 00 00 00 7F 7F 00 7F 00 00 00 00 00 00 00 00 7F 00 00 00 00 00 00 00 7F 00 00 7F 00 7F 00 00 00 00 00 7F 7F 00 00 00 7F 7F 7F 7F 7F 00 00 00 7F 00 00 00 7F 00 00 00 00 00 7F 00 00 00 00 7F 00 00 00 00 7F 00 00 00 00 00 00 7F 00 00 00 7F 00 00 00 7F 00 00 7F 00 7F 00 00 00 00 00 00 00 7F 7F 7F 00 00 00 00 7F 00 7F 7F 00 00 00 00 00 00 00 00 00 00 00 00 00 00 00 00
001017   9385369040..9385722960   60 FD 40
001018   9385774240..9400511760   60 18 00 7F 00 7F 00 00 00 7F 00 00 00 00 00 7F 7F 00 7F 00 00 00 00 00 7F 00 00 7F 00 00 00 00 00 00 00 7F 00 00 7F 00 7F 00 00 00 00 00 7F 7F 00 00 00 00 7F 7F 7F 7F 00 00 00 7F 00 00 00 7F 00 00 7F 00 00 7F 00 00 00 00 7F 00 7F 00 00 7F 00 00 00 00 00 00 7F 00 00 00 7F 00 00 00 7F 00 00 7F 7F 00 00 00 00 00 00 00 00 00 7F 7F 00 00 00 00 7F 00 7F 00 00 00 00 00 00 00 00 00 00 7F 7F 00 00 7F 00 00
001019   9420745280..9421099480   60 FD 40
001020   9421150800..9436076740   60 18 00 7F 7F 7F 00 00 7F 7F 00 00 00 00 00 7F 7F 00 00 00 00 00 00 00 7F 00 00 7F 00 00 00 00 00 00 00 00 00 00 7F 00 7F 00 00 00 00 00 00 7F 00 7F 00 00 7F 00 7F 7F 00 00 00 00 00 7F 00 7F 00 00 7F 00 00 7F 00 00 00 00 7F 00 7F 00 00 00 00 00 00 00 00 00 7F 00 00 00 7F 00 00 00 7F 00 00 7F 7F 00 00 00 00 00 00 00 00 00 7F 7F 00 00 00 00 7F 00 7F 00 00 00 00 00 00 00 00 00 00 7F 7F 00 00 7F 00 00
001021   9436221000..9436575220   60 FD 40
001022   9436626540..9451553380   60 18 00 7F 7F 7F 00 00 7F 7F 00 00 00 00 00 00 7F 00 00 00 00 00 00 00 7F 00 00 00 00 00 00 00 00 00 00 00 00 00 7F 00 7F 00 00 00 00 00 00 7F 00 7F 00 00 7F 00 7F 7F 00 00 00 00 7F 7F 00 00 7F 00 7F 00 00 7F 00 7F 00 00 00 00 7F 00 00 00 00 00 00 7F 00 7F 7F 00 00 00 7F 00 00 00 7F 00 00 7F 7F 00 00 00 00 00 7F 00 00 00 00 7F 00 00 00 00 00 00 7F 00 00 00 00 00 00 00 00 7F 00 7F 7F 00 00 7F 00 00
001023   9451694280..9452048380   60 FD 40
001024   9452099700..9467025300   60 18 00 00 7F 7F 00 00 7F 00 7F 00 00 00 00 00 7F 00 00 00 00 00 00 00 7F 00 00 00 00 00 00 00 00 00 00 00 00 00 7F 00 7F 00 00 00 00 00 00 7F 00 7F 00 00 7F 00 00 7F 00 7F 00 00 7F 7F 00 00 7F 00 00 00 00 7F 00 7F 7F 00 00 00 00 00 00 00 00 00 00 7F 00 7F 7F 00 00 00 7F 00 00 00 7F 7F 00 7F 00 00 00 00 00 00 7F 00 00 7F 00 7F 00 00 7F 00 00 00 7F 7F 00 00 00 00 00 7F 7F 7F 00 00 00 00 00 00 00 00
001025   9487269960..9487624080   60 FD 40
001026   9487675340..9502385140   60 18 00 00 00 00 00 00 00 00 7F 00 00 00 00 00 7F 00 00 7F 00 00 00 00 7F 00 00 00 00 00 00 00 00 00 00 00 00 00 7F 00 7F 00 00 00 00 00 7F 7F 00 7F 7F 00 7F 00 00 7F 00 7F 00 00 7F 00 00 00 7F 00 00 00 00 00 00 7F 7F 00 00 00 00 00 00 00 00 00 00 7F 00 7F 7F 00 00 00 7F 00 00 7F 00 7F 00 7F 00 00 00 00 00 00 7F 00 00 7F 00 7F 00 00 7F 00 00 00 7F 7F 00 00 00 00 00 7F 7F 7F 00 00 00 00 00 00 00 00
001027   9502518360..9502871420   60 FD 40
001028   9502922960..9517842080   60 18 00 00 00 00 00 00 00 00 7F 00 00 00 00 00 7F 00 00 7F 00 00 00 00 7F 00 7F 00 00 7F 00 00 00 00 00 00 00 00 7F 7F 7F 00 7F 7F 00 00 7F 7F 7F 7F 7F 00 7F 00 00 00 00 7F 00 00 00 00 00 00 7F 00 00 00 00 00 00 00 7F 00 00 00 00 00 00 00 00 7F 00 7F 00 00 7F 00 00 00 7F 00 00 7F 00 7F 00 7F 00 00 00 00 00 00 00 00 00 7F 00 7F 00 00 7F 00 00 00 7F 7F 00 00 00 00 00 7F 7F 00 00 00 00 00 00 00 00 00
001029   9517982980..9518336840   60 FD 40
001030   9518388100..9533306960   60 18 7F 00 00 00 7F 00 00 00 00 00 00 7F 00 00 00 00 00 7F 00 00 7F 00 7F 00 7F 00 00 7F 00 00 00 00 00 00 00 00 7F 7F 7F 00 7F 7F 00 00 7F 7F 7F 7F 7F 7F 7F 00 00 00 00 00 00 00 00 00 00 00 7F 00 7F 00 00 00 00 00 00 00 00 00 7F 00 00 00 00 7F 00 7F 00 00 7F 00 00 00 00 00 00 7F 00 7F 00 7F 00 00 00 7F 00 00 00 00 00 00 00 7F 00 00 7F 00 00 00 7F 00 00 00 7F 00 00 00 00 00 00 00 00 00 00 00 00 00
001031   9553550900..9553904840   60 FD 40
001032   9553956120..9568869600   60 18 7F 00 00 7F 7F 00 00 00 00 00 00 7F 00 00 00 00 00 00 00 00 7F 00 7F 00 7F 00 00 7F 00 00 00 00 00 00 00 00 7F 7F 00 00 7F 7F 00 00 7F 7F 7F 7F 00 7F 7F 00 00 00 00 00 00 00 00 00 00 00 7F 00 7F 00 00 00 00 00 00 00 00 00 7F 00 00 00 00 7F 00 7F 00 00 7F 00 00 00 00 00 00 00 00 7F 00 7F 00 00 00 7F 00 00 00 00 00 00 00 00 00 00 7F 00 00 00 00 00 00 00 7F 00 00 00 00 00 00 00 00 00 00 00 00 00
001033   9569013820..9569367840   60 FD 40
001034   9569419160..9584341220   60 18 7F 00 00 7F 7F 00 00 00 00 00 00 7F 00 00 00 7F 00 00 7F 00 7F 00 7F 00 00 7F 00 00 7F 00 00 00 00 00 00 7F 7F 00 00 00 7F 00 00 00 7F 00 7F 7F 00 7F 7F 00 00 00 00 00 00 00 00 00 00 00 7F 00 7F 00 00 00 7F 00 00 00 00 00 7F 00 00 00 00 00 00 7F 7F 00 00 7F 00 00 00 00 00 00 00 7F 00 7F 00 00 00 7F 7F 00 00 00 00 00 00 00 00 00 7F 00 00 00 00 00 00 00 7F 00 00 00 00 00 00 00 00 00 00 00 00 00
001035   9584482000..9584835780   60 FD 40
001036   9584887060..9599814180   60 18 00 00 00 7F 00 00 00 00 7F 00 00 00 00 00 00 7F 00 00 7F 00 7F 00 7F 7F 00 7F 00 00 7F 00 00 00 00 00 00 7F 7F 00 00 00 7F 00 00 00 7F 00 7F 7F 00 00 7F 00 7F 00 00 7F 00 00 00 00 00 00 7F 00 00 00 7F 00 7F 00 00 00 00 00 00 00 00 00 00 00 00 7F 7F 00 00 7F 00 00 00 00 00 00 00 7F 00 7F 00 7F 00 00 7F 00 00 00 00 00 00 00 00 00 7F 7F 00 00 00 00 00 00 7F 00 00 00 00 00 00 00 00 00 00 00 00 00
001037   9620046880..9620400880   60 FD 40
001038   9620452160..9635371420   60 18 00 00 00 7F 00 00 00 00 7F 00 00 00 00 00 00 7F 00 00 7F 00 7F 00 7F 7F 00 7F 00 00 7F 00 00 00 00 00 00 7F 00 00 00 00 7F 00 00 00 7F 00 7F 7F 00 00 7F 00 7F 00 00 7F 00 00 00 00 00 00 7F 00 00 00 7F 00 7F 00 00 00 00 00 00 00 00 00 00 00 00 7F 7F 00 00 7F 00 00 00 00 00 00 00 7F 00 7F 00 7F 00 00 7F 00 00 00 00 00 00 7F 00 00 7F 7F 00 00 00 00 00 00 7F 00 00 00 00 00 00 00 00 00 00 00 00 00
001039   9635515560..9635869360   60 FD 40
001040   9635920640..9650843780   60 18 00 00 00 7F 00 00 00 00 7F 00 00 00 00 00 00 00 00 00 7F 00 7F 00 7F 7F 00 7F 00 00 00 00 00 00 00 00 00 00 00 00 00 00 7F 00 00 00 7F 00 7F 7F 00 00 00 00 7F 7F 00 7F 7F 00 00 00 00 7F 7F 00 00 00 7F 00 00 00 00 00 00 00 00 00 00 00 00 00 00 7F 00 00 00 00 00 00 00 7F 00 00 00 7F 00 00 00 7F 00 00 00 00 00 00 00 00 7F 7F 7F 00 7F 7F 00 00 00 00 00 00 7F 00 00 00 00 00 7F 00 00 7F 7F 00 00 00
001041   9650984720..9651338760   60 FD 40
001042   9651390060..9666311420   60 18 00 7F 00 7F 7F 00 00 7F 00 7F 00 00 7F 00 7F 00 00 00 7F 7F 7F 00 7F 00 00 7F 00 00 00 00 00 00 00 00 00 00 00 00 00 00 7F 00 00 00 7F 00 7F 7F 00 00 00 00 00 7F 00 00 7F 00 00 00 00 7F 7F 00 00 00 00 00 00 00 00 00 00 00 00 00 00 00 00 00 00 7F 00 00 00 00 00 00 00 7F 00 00 00 00 00 00 7F 7F 00 7F 00 00 00 00 00 00 7F 7F 7F 00 7F 7F 00 00 00 00 00 00 7F 00 00 00 00 00 7F 7F 7F 7F 7F 7F 00 00
001043   9686570520..9686924420   60 FD 40
001044   9686975700..9701890020   60 18 00 7F 00 7F 7F 7F 00 7F 00 7F 00 00 7F 00 7F 00 00 00 7F 7F 7F 00 7F 00 00 7F 00 00 00 00 00 00 00 00 00 00 00 00 00 7F 7F 00 00 00 7F 00 7F 00 00 00 00 00 00 7F 00 00 7F 00 00 00 00 7F 7F 00 00 00 00 00 00 00 00 7F 00 00 00 00 00 00 00 00 7F 7F 00 00 00 00 00 00 00 7F 00 00 00 00 7F 00 7F 7F 00 7F 00 00 00 00 00 00 7F 7F 7F 00 7F 7F 00 00 7F 00 00 00 7F 7F 00 00 00 00 7F 7F 7F 7F 7F 7F 00 00
001045   9702034100..9702387880   60 FD 40
001046   9702439140..9717180560   60 18 00 7F 00 7F 7F 7F 00 7F 00 7F 00 00 7F 00 7F 00 00 00 7F 7F 7F 00 7F 00 00 7F 00 00 00 00 00 7F 00 00 7F 00 00 00 00 7F 7F 00 00 00 7F 7F 7F 00 00 00 00 00 00 7F 00 00 00 00 7F 00 00 00 00 00 00 00 00 00 00 00 00 7F 00 00 00 00 00 00 7F 00 7F 00 7F 00 00 7F 00 00 00 7F 00 00 00 00 7F 00 7F 7F 00 7F 00 00 7F 00 00 00 00 7F 00 00 7F 7F 00 00 7F 00 00 00 7F 7F 00 00 00 00 00 7F 7F 00 00 7F 00 00
001047   9717322560..9717676360   60 FD 40
001048   9717727620..9732639460   60 18 00 00 00 7F 00 7F 00 7F 00 00 00 00 00 00 00 00 00 00 7F 7F 7F 00 00 00 00 7F 00 00 00 00 00 7F 00 00 7F 00 00 00 00 7F 7F 00 00 00 7F 7F 7F 00 00 00 00 00 00 7F 00 00 00 00 7F 00 00 00 00 00 00 00 00 00 00 00 7F 7F 00 00 00 00 00 00 7F 00 7F 00 7F 00 00 7F 00 00 7F 7F 00 00 00 00 7F 00 00 7F 00 00 00 00 7F 00 00 7F 00 7F 00 00 7F 7F 00 00 7F 7F 00 00 00 7F 00 7F 7F 00 00 00 00 00 00 00 00 00
001049   9752882020..9753235720   60 FD 40
001050   9753286980..9768206200   60 18 00 00 00 7F 00 00 00 7F 00 00 00 00 00 00 00 00 00 00 7F 7F 7F 00 00 00 00 7F 00 00 00 00 00 7F 00 00 7F 00 7F 00 00 00 7F 00 00 00 00 7F 7F 00 00 00 00 00 00 7F 00 00 00 00 7F 00 7F 00 00 00 00 00 00 00 00 00 7F 00 00 7F 00 7F 00 00 7F 00 00 00 7F 00 00 7F 00 00 7F 7F 00 00 00 00 7F 00 00 7F 00 00 00 7F 7F 00 00 7F 00 7F 00 00 7F 7F 00 7F 7F 7F 00 7F 00 00 00 7F 7F 00 00 00 00 00 00 00 00 00
001051   9768350460..9768704480   60 FD 40
001052   9768755780..9783678060   60 18 00 00 00 7F 00 00 00 7F 00 00 00 00 00 7F 00 00 00 00 7F 7F 7F 00 00 00 00 7F 00 00 00 00 00 00 00 00 7F 00 7F 7F 00 00 00 7F 00 00 00 00 00 00 00 00 7F 00 00 7F 00 00 00 00 00 00 7F 7F 00 00 00 00 00 00 00 00 7F 00 7F 7F 00 7F 00 00 00 00 00 00 00 00 7F 00 00 00 7F 7F 00 00 00 00 7F 00 00 7F 00 00 00 7F 00 00 00 7F 7F 7F 00 00 7F 7F 7F 7F 7F 7F 00 7F 00 00 00 7F 7F 00 00 00 00 00 00 00 00 00
001053   9783818920..9784172860   60 FD 40
001054   9784224160..9799146680   60 18 7F 7F 00 7F 00 00 00 7F 00 00 00 7F 00 7F 00 00 00 00 7F 7F 7F 00 00 00 00 7F 00 00 00 00 00 00 00 00 7F 00 7F 7F 00 00 00 7F 00 00 00 00 00 00 00 7F 7F 00 00 7F 00 00 00 00 00 00 7F 7F 00 00 7F 00 00 00 00 00 00 00 7F 7F 7F 7F 00 00 00 00 00 00 00 00 7F 00 00 00 7F 7F 00 00 00 7F 7F 00 7F 00 00 00 00 7F 00 00 00 00 7F 7F 00 00 00 7F 7F 7F 7F 00 00 7F 00 00 00 00 00 00 00 00 7F 00 00 00 00 00
001055   9819378080..9819732080   60 FD 40
001056   9819783440..9834703860   60 18 7F 7F 00 00 00 00 00 7F 00 00 00 7F 00 7F 00 00 00 00 7F 7F 7F 00 00 00 00 7F 7F 00 00 00 7F 00 00 00 7F 00 7F 7F 00 00 00 7F 7F 00 00 00 00 7F 00 7F 7F 00 00 7F 00 00 00 00 00 00 00 7F 00 00 7F 00 00 00 00 00 00 00 7F 7F 7F 00 00 00 00 00 00 00 00 00 7F 00 7F 00 7F 7F 7F 00 00 7F 7F 00 7F 00 00 00 00 00 00 00 00 00 7F 7F 00 00 00 7F 7F 00 7F 00 7F 00 00 00 00 00 00 00 00 00 7F 00 00 00 00 00
001057   9834847940..9835201540   60 FD 40
001058   9835252800..9850165560   60 18 7F 7F 00 00 00 00 00 7F 00 00 00 7F 00 7F 00 7F 00 00 00 7F 7F 00 00 00 00 00 7F 00 00 00 7F 00 00 00 7F 00 7F 00 00 00 00 00 7F 00 00 00 00 7F 00 7F 00 00 00 7F 00 00 00 00 7F 00 00 00 00 00 7F 00 00 00 00 7F 00 00 00 7F 7F 00 00 00 00 00 00 7F 00 7F 7F 00 7F 00 7F 7F 7F 00 00 7F 7F 7F 7F 00 00 00 7F 00 7F 00 00 00 00 7F 00 00 00 7F 00 00 7F 00 7F 00 00 00 00 00 00 7F 00 00 7F 00 00 00 00 00
001059   9850306360..9850660160   60 FD 40
001060   9850711440..9865624620   60 18 00 00 00 00 00 00 00 00 7F 00 00 00 00 7F 00 7F 00 00 00 7F 00 00 00 7F 00 00 7F 00 00 00 7F 00 00 00 7F 00 7F 00 00 00 00 00 7F 00 00 00 00 7F 00 00 00 00 7F 7F 00 7F 00 00 7F 00 00 00 00 00 00 00 7F 00 00 7F 00 00 00 7F 00 00 00 00 00 00 00 7F 00 7F 7F 00 7F 00 7F 7F 7F 00 00 7F 7F 7F 7F 00 00 00 7F 00 7F 00 00 7F 00 7F 00 00 00 7F 00 00 7F 7F 7F 00 7F 00 00 7F 00 7F 00 00 00 00 00 7F 00 00
001061   9885871180..9886225240   60 FD 40
001062   9886276520..9901195780   60 18 00 00 00 00 00 00 00 00 7F 00 00 00 00 7F 00 7F 7F 00 00 7F 00 00 00 7F 00 00 00 00 00 7F 00 00 00 7F 7F 00 7F 00 00 00 00 00 00 00 7F 00 00 7F 00 00 00 00 7F 7F 00 7F 00 7F 7F 00 00 00 00 00 00 00 7F 00 00 7F 00 00 00 7F 00 00 00 7F 00 00 00 7F 00 7F 7F 00 00 00 7F 7F 7F 00 00 7F 7F 7F 7F 00 00 00 7F 00 7F 00 7F 7F 00 00 00 00 00 7F 00 00 7F 7F 00 00 7F 00 00 7F 00 7F 00 00 00 00 00 7F 00 00
001063   9901339940..9901693720   60 FD 40
001064   9901745000..9916662200   60 18 00 00 00 00 00 00 00 00 7F 00 00 00 00 7F 00 00 7F 00 00 7F 00 00 00 7F 7F 00 00 7F 00 7F 00 00 00 7F 7F 00 7F 7F 00 00 00 7F 00 00 7F 00 7F 7F 00 00 00 00 7F 00 00 7F 7F 7F 00 00 00 00 7F 00 00 00 7F 00 00 7F 00 00 00 7F 00 00 00 7F 00 7F 00 00 00 00 7F 00 00 00 7F 00 7F 00 00 7F 7F 7F 7F 00 00 00 00 00 00 00 7F 7F 00 00 7F 00 00 7F 00 00 7F 7F 00 00 7F 00 00 7F 00 00 00 00 00 00 00 7F 00 00
001065   9916803040..9917156980   60 FD 40
001066   9917208300..9931958900   60 18 00 00 00 00 7F 00 00 00 00 7F 00 7F 7F 7F 7F 00 7F 00 00 7F 00 00 00 00 7F 00 00 7F 00 7F 00 00 00 7F 7F 00 7F 7F 00 00 00 7F 00 00 7F 00 7F 7F 00 00 00 00 00 00 00 00 7F 7F 00 00 00 00 7F 00 7F 00 00 00 00 7F 00 00 00 7F 7F 00 00 7F 00 7F 00 00 00 00 7F 00 00 00 00 00 7F 00 00 7F 7F 7F 7F 7F 00 7F 00 00 00 00 7F 7F 00 00 7F 00 00 00 00 00 7F 00 00 00 7F 00 00 00 7F 00 00 00 00 00 00 7F 00 00
001067   9952213440..9952567200   60 FD 40
001068   9952618420..9967538620   60 18 00 00 7F 7F 7F 00 7F 00 00 7F 00 7F 7F 7F 7F 00 00 00 00 7F 00 00 00 00 7F 00 00 7F 00 7F 00 00 00 00 7F 00 7F 7F 00 00 00 7F 00 00 7F 00 7F 7F 00 00 00 7F 00 00 00 00 7F 00 00 7F 00 00 7F 7F 7F 00 00 7F 00 7F 00 7F 00 7F 7F 00 00 00 00 7F 00 00 00 00 7F 00 00 00 00 00 7F 00 00 7F 00 7F 7F 7F 00 7F 00 00 00 00 00 7F 00 00 7F 00 00 00 00 00 00 00 00 00 7F 7F 00 00 7F 00 00 00 00 00 00 7F 00 00
001069   9967682860..9968036840   60 FD 40
001070   9968088140..9983007240   60 18 00 00 7F 7F 7F 00 7F 00 00 7F 00 7F 7F 7F 7F 7F 00 00 00 7F 00 00 00 00 7F 7F 00 00 7F 7F 00 7F 00 00 7F 7F 7F 00 00 00 7F 00 00 00 7F 7F 00 7F 00 00 00 7F 00 00 00 00 00 00 00 7F 00 00 7F 7F 7F 00 00 7F 7F 7F 00 7F 00 7F 7F 00 00 00 7F 00 00 00 7F 00 00 7F 00 00 00 00 7F 00 00 7F 00 7F 7F 7F 00 7F 7F 00 00 00 00 7F 00 00 00 00 00 00 00 00 00 00 00 00 7F 7F 00 00 7F 00 00 00 00 00 00 7F 00 00
001071   9983148180..9983502140   60 FD 40
001072   9983553460..9998473400   60 18 7F 00 7F 7F 00 00 7F 7F 7F 00 00 00 00 7F 00 7F 00 00 00 00 00 00 00 00 7F 7F 00 00 7F 7F 00 7F 00 00 7F 7F 7F 00 00 00 7F 00 00 00 7F 7F 00 7F 00 00 00 7F 00 00 00 7F 00 00 00 7F 00 00 7F 7F 00 00 7F 7F 7F 7F 00 7F 00 7F 7F 00 00 00 7F 00 00 00 7F 00 00 7F 00 00 00 00 7F 00 00 7F 00 7F 7F 7F 00 00 7F 00 00 00 00 7F 00 00 00 00 00 00 00 00 00 00 00 00 7F 7F 00 00 7F 00 00 00 00 00 00 7F 00 00
001073  10018707820..10019061800  60 FD 40
001074  10019113100..10033923500  60 18 7F 00 00 7F 00 00 00 7F 7F 00 00 00 00 7F 00 7F 00 7F 00 00 00 00 00 00 7F 7F 00 00 7F 7F 00 7F 00 00 7F 7F 00 00 7F 00 7F 00 00 00 7F 7F 00 7F 7F 00 00 7F 00 00 00 7F 00 00 00 00 7F 00 7F 00 00 00 7F 00 7F 7F 00 00 00 00 7F 00 00 00 7F 00 00 00 7F 00 00 7F 00 00 00 00 7F 7F 7F 7F 00 7F 7F 7F 00 00 7F 7F 00 7F 00 7F 00 7F 00 00 00 00 00 00 00 00 00 00 7F 00 00 00 7F 00 00 00 00 00 00 7F 00 00
001075  10034068880..10034422920  60 FD 40
001076  10034474220..10049397640  60 18 7F 00 00 7F 00 00 00 7F 7F 00 00 00 00 7F 00 00 00 7F 7F 00 00 00 00 00 7F 00 00 00 00 7F 00 00 00 00 00 7F 00 00 7F 00 7F 00 00 00 7F 00 00 7F 7F 00 7F 7F 00 7F 00 7F 7F 00 00 00 7F 7F 7F 00 00 00 7F 00 00 7F 00 00 7F 00 7F 00 00 00 00 00 00 00 00 00 00 00 00 00 00 00 7F 7F 7F 7F 00 00 7F 7F 00 00 00 7F 00 7F 00 7F 7F 7F 7F 00 00 00 7F 00 00 00 00 00 7F 00 00 00 7F 00 7F 00 00 7F 7F 7F 00 00
001077  10049538560..10049892660  60 FD 40
001078  10049943960..10064864380  60 18 7F 7F 00 7F 7F 00 00 7F 7F 7F 00 00 00 7F 00 00 00 7F 7F 00 00 00 7F 7F 7F 00 00 00 00 7F 00 00 00 00 00 7F 00 00 7F 00 7F 00 00 00 7F 00 00 7F 7F 00 7F 7F 00 7F 00 00 7F 00 00 00 7F 7F 7F 00 00 00 00 00 00 7F 00 00 7F 00 7F 00 00 00 00 00 00 00 00 00 00 00 00 00 7F 00 7F 7F 7F 7F 00 00 00 7F 00 7F 00 7F 00 7F 00 7F 7F 7F 7F 00 00 00 7F 00 00 00 00 00 7F 00 00 00 7F 00 7F 7F 00 7F 7F 00 00 00
001079  10085110800..10085464740  60 FD 40
001080  10085516000..10100437920  60 18 7F 7F 00 7F 7F 7F 00 7F 7F 7F 00 00 00 7F 00 00 00 00 7F 00 00 00 7F 7F 7F 00 7F 00 00 7F 7F 00 00 00 00 7F 00 00 00 7F 7F 00 00 00 7F 00 00 00 00 00 7F 7F 00 7F 00 00 7F 00 00 00 00 7F 7F 00 00 00 00 00 00 7F 00 7F 7F 00 7F 00 00 00 00 00 7F 00 00 00 00 00 00 00 7F 00 00 00 7F 7F 00 00 00 7F 00 7F 00 00 00 00 00 7F 7F 7F 7F 00 00 00 7F 00 7F 00 00 00 7F 7F 00 00 7F 00 7F 7F 00 7F 7F 00 00 00
001081  10100582100..10100936020  60 FD 40
001082  10100987360..10115906900  60 18 7F 7F 00 7F 7F 7F 00 7F 7F 7F 00 00 00 00 00 00 00 00 7F 00 00 00 7F 7F 7F 00 7F 00 00 7F 7F 00 00 00 00 7F 00 00 00 7F 7F 00 00 00 7F 00 00 00 00 00 00 7F 00 00 00 00 00 00 7F 00 00 00 00 00 00 00 00 00 00 7F 00 7F 00 00 7F 00 00 00 7F 00 7F 7F 7F 7F 7F 7F 00 00 7F 7F 00 00 7F 7F 00 00 00 7F 00 7F 00 00 7F 00 00 7F 00 7F 00 00 00 00 00 00 7F 00 00 00 7F 7F 00 00 7F 7F 7F 7F 00 00 00 00 00 00
001083  10116047680..10116401540  60 FD 40
001084  10116452820..10131264640  60 18 7F 00 00 7F 00 7F 00 7F 7F 00 00 00 7F 00 00 00 00 00 7F 00 00 00 00 7F 7F 00 7F 00 00 7F 7F 00 00 00 00 7F 00 00 00 7F 7F 00 00 00 7F 00 00 00 00 00 00 7F 00 00 00 00 00 00 7F 00 00 00 00 00 00 00 00 00 00 7F 7F 7F 00 00 7F 00 00 00 7F 00 7F 7F 7F 7F 7F 7F 00 00 7F 7F 00 00 7F 00 00 00 00 7F 00 7F 00 00 7F 00 00 00 00 7F 00 00 7F 00 00 00 7F 00 00 00 7F 7F 00 7F 00 7F 7F 00 00 00 00 00 00 00
001085  10151484520..10151838320  60 FD 40
001086  10151889580..10166810840  60 18 7F 00 00 7F 00 00 00 7F 7F 00 00 00 7F 00 00 00 00 00 7F 00 00 00 00 7F 7F 00 00 00 00 00 00 00 00 00 00 7F 7F 00 00 00 7F 00 00 00 00 00 00 00 00 00 00 7F 00 00 00 00 00 7F 7F 00 7F 00 00 00 00 00 00 00 00 7F 7F 00 00 00 7F 7F 00 00 7F 00 7F 7F 7F 7F 7F 7F 00 00 7F 7F 00 00 7F 00 7F 00 00 7F 00 7F 00 7F 7F 00 7F 00 00 7F 00 00 7F 00 00 7F 00 00 00 7F 7F 00 00 7F 00 7F 7F 00 00 00 00 00 00 00
001087  10166955140..10167309240  60 FD 40
001088  10167360580..10182285580  60 18 7F 00 00 7F 00 00 00 7F 7F 00 00 00 7F 00 00 00 00 00 7F 00 00 00 00 7F 7F 00 00 7F 00 00 00 7F 00 00 00 7F 7F 7F 00 00 00 7F 00 00 00 00 7F 00 00 00 00 7F 00 00 00 00 00 7F 00 00 7F 7F 00 00 00 00 00 00 00 00 7F 00 7F 00 7F 7F 00 00 00 7F 7F 00 00 00 7F 7F 00 00 7F 7F 00 00 7F 00 7F 7F 00 7F 00 7F 00 7F 00 00 7F 00 7F 7F 00 00 7F 00 00 7F 00 00 00 7F 7F 00 00 7F 00 00 7F 00 00 00 00 00 00 00
001089  10182426520..10182780600  60 FD 40
001090  10182831900..10197755720  60 18 00 00 00 7F 00 00 00 7F 7F 00 00 7F 7F 00 00 00 00 00 7F 00 7F 00 00 7F 7F 00 00 7F 00 00 00 7F 00 00 00 7F 7F 7F 00 00 00 7F 00 00 00 00 7F 00 00 7F 00 7F 00 00 00 00 00 7F 00 00 7F 7F 00 00 00 00 00 00 00 00 00 00 7F 00 00 7F 00 00 00 7F 7F 00 00 00 7F 7F 00 00 7F 7F 00 00 7F 7F 7F 7F 00 7F 00 7F 00 7F 00 00 7F 00 7F 7F 00 00 00 00 00 7F 00 00 00 7F 00 00 00 00 00 00 7F 00 00 00 00 00 00 00
001091  10218008400..10218362480  60 FD 40
001092  10218413760..10233238280  60 18 00 00 00 00 00 00 00 7F 7F 00 00 7F 7F 00 00 00 00 00 7F 00 7F 00 00 7F 7F 00 7F 7F 00 00 7F 7F 00 00 00 7F 00 7F 00 00 00 7F 7F 00 00 00 7F 7F 00 7F 00 00 00 00 00 00 00 00 00 7F 00 7F 00 7F 00 00 00 00 00 00 00 00 7F 7F 00 00 00 00 00 7F 7F 00 00 00 7F 7F 7F 00 7F 7F 00 00 7F 7F 7F 7F 00 7F 00 7F 00 00 00 00 00 00 7F 7F 00 00 00 00 00 7F 00 00 7F 00 00 00 00 00 00 00 7F 00 00 00 00 00 00 00
001093  10233370720..10233700960  60 FD 40
001094  10233741220..10248625080  60 18 00 00 00 00 00 00 00 7F 7F 00 00 7F 7F 00 00 7F 00 00 00 00 7F 00 00 7F 00 7F 7F 00 7F 00 7F 7F 00 00 00 7F 00 00 00 00 00 00 7F 00 00 00 00 7F 00 7F 00 00 00 00 00 00 00 00 7F 7F 00 00 7F 7F 00 00 00 00 7F 00 00 00 00 7F 00 00 00 00 00 00 7F 00 00 7F 7F 7F 7F 00 7F 7F 00 00 7F 7F 7F 7F 00 7F 00 7F 7F 00 7F 00 00 00 7F 7F 00 00 00 00 7F 7F 00 00 7F 00 00 00 00 00 00 00 7F 00 00 00 00 00 00 00
001095  10248767100..10249121040  60 FD 40
001096  10249172340..10264084820  60 18 00 00 00 00 00 00 00 7F 00 00 00 00 7F 00 00 7F 00 00 00 00 00 00 00 00 00 7F 7F 00 7F 00 7F 7F 00 00 00 7F 00 00 00 00 00 00 7F 00 00 00 00 7F 00 00 00 00 7F 00 00 00 00 00 7F 7F 00 00 7F 7F 00 00 7F 00 7F 00 00 00 00 7F 00 00 00 00 00 00 7F 00 00 7F 7F 7F 7F 00 7F 7F 00 00 7F 7F 7F 7F 00 00 00 7F 7F 00 7F 00 00 00 7F 7F 00 00 00 7F 7F 7F 00 00 7F 00 7F 00 00 00 00 00 7F 00 00 00 00 00 00 00
001097  10284319880..10284673800  60 FD 40
001098  10284725060..10299642960  60 18 00 00 00 00 00 00 00 7F 00 00 00 00 7F 00 00 7F 7F 00 00 00 00 00 00 00 00 7F 00 00 7F 00 00 7F 00 7F 00 7F 00 00 00 00 00 00 7F 00 7F 00 00 00 7F 00 00 00 7F 00 00 00 00 7F 7F 00 00 00 7F 00 00 00 7F 00 7F 00 00 00 00 7F 00 00 00 7F 00 00 7F 00 00 7F 7F 7F 00 00 7F 7F 7F 00 00 7F 7F 7F 00 00 00 7F 7F 00 7F 7F 7F 00 7F 00 00 00 00 7F 7F 7F 00 00 00 00 7F 00 00 00 00 00 7F 00 00 00 00 00 00 00
001099  10299787180..10300141240  60 FD 40
001100  10300192500..10315107780  60 18 00 00 00 00 00 00 00 7F 00 00 00 00 7F 00 00 00 7F 00 00 00 00 00 00 00 00 00 00 00 00 00 00 7F 00 7F 00 00 00 7F 00 00 7F 7F 7F 00 7F 00 00 00 7F 00 00 00 7F 7F 00 00 7F 7F 00 00 00 00 7F 00 00 00 7F 00 00 00 00 00 00 7F 00 00 00 7F 00 7F 7F 00 00 00 7F 7F 00 00 7F 00 7F 00 00 7F 7F 7F 00 00 00 7F 00 00 7F 7F 7F 00 7F 00 7F 00 00 7F 7F 7F 00 00 00 00 7F 00 00 00 00 7F 7F 00 00 7F 7F 00 00 00
001101  10315248660..10315602600  60 FD 40
001102  10315653920..10330575100  60 18 00 7F 00 00 00 00 00 00 00 7F 00 00 00 00 7F 00 7F 00 00 7F 00 00 7F 00 00 00 00 00 00 00 00 7F 00 7F 00 00 00 7F 00 00 7F 7F 7F 00 7F 00 00 00 7F 00 00 00 00 7F 00 00 7F 7F 00 00 00 00 7F 00 00 00 00 00 00 00 00 00 00 7F 00 00 00 7F 00 7F 7F 00 00 00 7F 7F 00 00 7F 00 7F 00 00 7F 7F 7F 7F 7F 00 00 00 00 7F 7F 7F 00 7F 00 7F 00 00 00 7F 7F 00 00 00 00 7F 00 00 00 00 7F 7F 7F 7F 7F 7F 7F 00 00
001103  10350815760..10351169720  60 FD 40
001104  10351221000..10366138040  60 18 00 7F 7F 7F 00 7F 7F 00 00 7F 00 00 00 00 7F 00 00 00 00 7F 00 00 7F 00 00 00 00 00 00 7F 00 7F 00 7F 00 00 00 7F 00 7F 7F 7F 7F 00 00 00 00 00 00 00 00 00 00 7F 00 00 7F 00 00 7F 00 00 7F 7F 00 00 00 7F 00 00 00 7F 00 7F 00 00 00 00 00 7F 7F 00 00 00 7F 7F 00 00 7F 00 7F 00 00 7F 00 7F 7F 7F 00 00 00 00 7F 00 00 00 7F 00 7F 00 00 00 7F 7F 7F 00 00 00 7F 7F 00 00 00 7F 7F 7F 7F 7F 7F 7F 00 00
001105  10366282240..10366636220  60 FD 40
001106  10366687520..10381602500  60 18 00 7F 7F 7F 00 7F 7F 00 00 7F 00 00 00 00 7F 7F 00 00 7F 7F 00 00 7F 00 00 00 00 7F 7F 7F 00 00 00 7F 7F 00 00 00 00 7F 7F 7F 7F 00 00 7F 00 00 00 00 00 00 00 00 00 00 00 00 00 7F 00 00 7F 7F 00 00 00 7F 00 00 00 7F 00 7F 00 00 00 00 7F 00 7F 00 00 00 7F 00 00 00 7F 00 7F 00 00 7F 00 7F 7F 7F 00 00 7F 00 7F 00 00 00 7F 00 00 00 00 00 7F 7F 7F 00 00 00 7F 7F 00 00 00 7F 00 7F 7F 00 00 7F 00 00
001107  10381743300..10382097100  60 FD 40
001108  10382148380..10397065440  60 18 00 00 7F 7F 00 7F 7F 7F 00 00 00 00 00 00 00 7F 00 00 7F 00 00 00 00 00 00 00 00 7F 7F 7F 00 00 00 7F 7F 00 00 00 00 7F 7F 7F 7F 00 00 7F 00 00 00 00 00 00 00 00 00 00 00 00 00 7F 00 00 7F 7F 00 00 00 7F 00 00 7F 7F 00 7F 00 00 00 00 7F 00 7F 00 00 00 7F 00 00 00 00 00 7F 00 00 7F 00 7F 00 7F 00 00 7F 00 7F 00 00 7F 7F 00 00 00 7F 00 7F 7F 7F 7F 00 00 7F 7F 00 7F 7F 7F 00 00 00 00 00 00 00 00
001109  10417308980..10417663120  60 FD 40
001110  10417714420..10432632500  60 18 00 00 7F 00 00 00 00 7F 00 00 00 00 00 00 00 7F 00 7F 7F 00 00 00 00 00 00 00 00 7F 7F 7F 00 00 00 7F 7F 00 7F 00 7F 00 7F 7F 7F 00 00 7F 00 00 7F 00 00 7F 00 00 00 00 00 00 00 00 7F 00 7F 00 00 00 00 00 00 00 7F 00 00 00 00 7F 00 00 7F 00 00 00 00 00 7F 00 00 00 00 00 7F 7F 00 7F 00 7F 00 7F 00 00 7F 7F 7F 7F 00 7F 7F 7F 00 00 7F 00 7F 7F 00 7F 00 7F 7F 00 00 7F 7F 7F 00 00 00 00 00 00 00 00
001111  10432776760..10433130840  60 FD 40
001112  10433182140..10447944060  60 18 00 00 7F 00 00 00 00 7F 00 00 00 00 00 7F 00 00 00 7F 7F 00 00 00 00 00 00 00 00 7F 00 7F 00 00 00 7F 00 00 7F 00 7F 00 7F 7F 7F 00 00 00 00 00 7F 00 7F 7F 00 00 00 00 7F 00 00 00 7F 00 7F 00 00 00 00 00 7F 00 7F 00 7F 00 00 7F 00 00 00 00 00 00 00 00 00 00 00 00 00 7F 7F 7F 00 7F 00 7F 00 7F 00 00 7F 7F 7F 7F 00 7F 00 7F 7F 00 7F 00 00 7F 00 7F 00 7F 7F 00 00 7F 7F 7F 00 00 00 00 7F 00 00 00
001113  10448086160..10448440080  60 FD 40
001114  10448491400..10463416500  60 18 7F 00 7F 00 00 00 00 7F 00 00 00 7F 00 7F 00 00 00 7F 7F 00 7F 00 00 00 00 00 00 7F 00 7F 00 00 00 7F 00 00 7F 00 7F 00 7F 7F 7F 00 00 00 00 00 7F 7F 7F 7F 00 00 00 00 7F 00 00 00 7F 00 7F 00 7F 00 00 00 7F 00 00 00 7F 00 7F 7F 00 00 00 00 00 00 00 00 00 00 00 00 7F 7F 7F 7F 00 7F 00 7F 00 7F 00 00 7F 7F 7F 7F 00 00 00 7F 7F 00 00 00 00 7F 00 00 00 7F 7F 00 00 00 00 7F 00 00 00 00 7F 00 00 00
001115  10483651020..10484005040  60 FD 40
001116  10484056320..10498976640  60 18 7F 00 7F 00 00 00 00 7F 00 00 00 7F 00 7F 00 00 00 00 7F 00 7F 00 00 00 00 00 7F 7F 00 7F 7F 00 00 7F 00 00 00 00 00 7F 7F 7F 7F 00 00 00 00 7F 00 7F 7F 7F 00 00 00 00 7F 00 00 00 00 00 7F 00 7F 00 00 00 7F 00 00 7F 7F 00 7F 00 00 00 00 00 00 00 00 00 00 00 7F 00 7F 7F 00 7F 7F 7F 7F 7F 00 7F 00 00 7F 00 7F 00 00 00 00 00 7F 00 00 00 00 00 00 00 7F 00 7F 7F 00 00 00 7F 00 00 00 00 7F 00 00 00
001117  10499120840..10499474880  60 FD 40
001118  10499526200..10514448660  60 18 7F 00 7F 00 00 00 00 7F 00 00 00 7F 00 00 00 00 00 00 7F 00 7F 00 00 00 00 00 7F 7F 00 7F 7F 00 00 7F 00 00 00 00 00 7F 7F 7F 7F 00 00 00 00 7F 00 7F 00 7F 00 00 00 00 00 00 00 00 00 00 7F 00 7F 00 00 00 7F 7F 00 7F 00 00 7F 00 00 00 00 00 00 7F 00 7F 7F 00 7F 00 7F 7F 00 7F 7F 7F 7F 00 00 7F 00 00 7F 00 00 00 00 00 00 00 7F 00 00 00 00 00 00 00 7F 00 7F 7F 00 00 00 00 00 00 00 7F 00 00 00 00
001119  10514589540..10514943460  60 FD 40
001120  10514994780..10529920900  60 18 00 00 7F 00 00 00 00 7F 7F 00 00 00 00 00 00 00 00 00 7F 00 00 00 00 7F 00 00 7F 7F 00 7F 7F 00 00 7F 00 00 00 00 00 7F 7F 7F 7F 00 00 00 00 7F 00 00 00 7F 7F 00 00 7F 00 00 00 00 00 00 7F 00 00 00 7F 00 7F 7F 00 7F 00 00 00 00 00 00 00 00 00 7F 00 7F 7F 00 7F 00 7F 7F 00 7F 7F 00 7F 00 00 7F 00 00 7F 00 00 00 00 00 00 00 7F 00 00 7F 00 00 00 00 7F 00 7F 7F 00 00 00 00 00 00 00 7F 00 00 00 00
001121  10550145620..10550499720  60 FD 40
001122  10550550960..10565310700  60 18 00 00 7F 00 00 7F 00 7F 7F 00 00 00 00 00 00 00 7F 00 7F 00 00 00 00 7F 00 00 00 7F 00 00 00 00 00 7F 00 00 00 00 00 00 7F 7F 00 00 7F 00 00 00 00 00 00 7F 7F 00 00 7F 00 7F 00 00 7F 00 7F 00 00 00 7F 00 7F 7F 00 00 00 7F 00 00 00 7F 00 00 00 7F 00 7F 7F 00 00 00 7F 7F 00 7F 7F 00 7F 00 00 7F 00 00 7F 7F 00 00 7F 00 00 00 7F 00 00 7F 00 00 00 00 00 7F 7F 7F 00 00 00 00 00 00 00 7F 00 00 00 00
001123  10565455980..10565809760  60 FD 40
001124  10565861040..10580779160  60 18 00 00 7F 00 00 7F 00 7F 7F 00 00 00 00 00 00 00 7F 00 7F 00 00 00 00 7F 7F 00 00 00 00 00 00 00 00 7F 00 00 00 00 00 00 7F 00 00 00 7F 00 7F 00 00 00 00 7F 7F 00 00 7F 00 7F 00 00 7F 00 00 00 00 00 7F 00 7F 00 00 00 00 7F 00 00 00 7F 00 7F 00 00 00 00 7F 00 00 00 7F 7F 00 7F 7F 00 7F 7F 00 7F 00 00 7F 7F 00 00 7F 00 00 00 7F 00 00 7F 00 00 00 00 00 7F 7F 7F 00 00 00 00 00 00 00 7F 00 00 00 00
001125  10580920020..10581273780  60 FD 40
001126  10581325040..10596242580  60 18 00 00 7F 00 7F 7F 00 7F 00 7F 00 00 7F 00 7F 00 7F 00 7F 7F 00 00 00 00 7F 00 00 00 00 00 00 00 00 7F 00 00 00 00 00 00 7F 00 00 00 7F 00 7F 00 00 00 00 7F 00 00 00 00 00 7F 00 00 7F 00 00 00 00 00 00 00 7F 00 00 00 00 7F 00 00 00 7F 00 7F 00 00 00 00 7F 00 00 00 7F 7F 00 7F 7F 00 7F 7F 00 7F 00 7F 7F 7F 00 00 7F 00 00 00 7F 00 00 00 00 00 00 00 00 7F 00 7F 00 00 00 00 00 7F 00 7F 00 00 00 00
001127  10616487600..10616841560  60 FD 40
001128  10616892820..10631811900  60 18 00 00 7F 7F 7F 7F 7F 7F 00 7F 00 00 7F 00 7F 00 00 00 7F 7F 00 00 00 00 7F 00 7F 00 00 00 7F 00 00 00 00 00 00 00 00 00 7F 00 00 00 00 00 7F 00 00 00 00 00 00 00 00 00 00 00 00 7F 00 00 00 7F 00 00 00 7F 7F 00 00 00 00 7F 00 7F 00 00 00 7F 00 00 00 00 7F 00 7F 00 7F 7F 7F 7F 7F 00 7F 7F 00 7F 00 7F 7F 7F 00 00 00 00 00 00 7F 00 00 00 00 00 00 00 00 00 00 7F 00 00 00 00 00 7F 00 7F 00 00 00 00
001129  10631956040..10632309900  60 FD 40
001130  10632361160..10647270440  60 18 00 00 7F 7F 7F 7F 7F 7F 00 7F 00 00 7F 00 7F 00 00 00 7F 7F 00 00 00 00 00 7F 7F 00 7F 00 7F 7F 00 00 7F 7F 00 00 00 00 00 00 00 00 00 7F 00 00 00 00 00 00 00 00 00 00 00 00 00 7F 00 00 7F 7F 00 00 00 7F 00 00 00 00 00 7F 00 7F 00 00 7F 00 00 00 7F 00 7F 7F 7F 00 7F 7F 7F 7F 7F 00 7F 7F 00 7F 00 7F 00 7F 00 00 00 00 00 00 7F 00 00 00 00 00 00 00 00 00 00 7F 00 00 00 00 00 7F 00 7F 00 00 00 00
001131  10647411220..10647764800  60 FD 40
001132  10647816060..10662559620  60 18 00 00 7F 7F 00 7F 7F 7F 00 00 00 00 00 00 00 00 00 00 7F 00 00 00 00 00 00 7F 7F 00 7F 00 7F 7F 00 00 7F 7F 00 00 00 00 00 00 00 00 00 7F 00 00 00 00 00 00 00 00 00 00 00 00 00 7F 00 00 7F 7F 00 00 00 7F 00 00 7F 00 00 7F 00 7F 00 00 7F 00 00 00 7F 00 7F 7F 7F 00 7F 7F 7F 7F 7F 00 7F 7F 00 00 00 00 00 7F 00 00 00 00 00 00 7F 00 00 00 00 00 00 00 00 00 00 7F 00 00 00 00 00 7F 00 7F 00 00 00 00
001133  10682799180..10683152860  60 FD 40
001134  10683204100..10698114500  60 18 00 00 00 00 00 7F 00 7F 00 00 00 00 00 00 00 00 00 7F 7F 00 00 00 00 00 00 7F 00 00 7F 7F 7F 7F 00 00 7F 7F 00 00 7F 00 00 00 00 00 00 7F 00 00 7F 00 00 00 00 00 00 00 00 7F 00 00 00 00 7F 00 00 00 00 00 00 00 7F 00 00 7F 00 7F 00 7F 7F 00 00 00 7F 00 7F 7F 00 00 7F 7F 7F 7F 00 00 7F 7F 00 00 00 00 00 7F 00 7F 7F 00 00 7F 7F 00 00 00 00 00 00 00 7F 00 00 7F 00 00 00 00 00 7F 00 7F 00 00 00 00
001135  10698258560..10698612260  60 FD 40
001136  10698663540..10713577060  60 18 00 00 00 00 00 7F 00 7F 00 00 00 00 00 7F 00 00 00 7F 00 00 00 00 00 00 00 00 00 00 00 7F 7F 00 00 00 00 00 00 00 7F 00 7F 00 00 00 00 00 00 00 7F 00 7F 00 00 7F 00 00 00 7F 00 00 00 7F 7F 00 00 00 00 00 00 00 7F 00 7F 7F 00 7F 00 7F 00 00 00 00 00 00 7F 00 00 00 7F 7F 7F 7F 00 00 7F 7F 00 00 00 00 00 7F 00 7F 7F 00 7F 7F 00 00 00 00 7F 00 00 00 7F 00 00 7F 00 00 00 00 7F 7F 00 00 7F 00 00 00
001137  10713717880..10714071520  60 FD 40
001138  10714122760..10729037380  60 18 00 00 00 00 00 7F 00 00 00 00 00 00 00 7F 00 00 00 7F 00 00 00 00 00 00 00 00 00 00 00 7F 7F 00 00 00 00 00 00 00 7F 00 7F 00 00 00 00 00 00 00 7F 7F 7F 00 00 7F 00 00 00 7F 00 00 00 7F 7F 00 00 00 00 00 00 00 7F 00 7F 7F 00 7F 00 7F 00 00 00 00 00 00 7F 00 00 00 7F 7F 7F 7F 00 00 7F 7F 00 00 00 00 00 7F 00 7F 7F 00 7F 7F 00 00 00 00 7F 00 00 00 7F 00 00 7F 00 00 00 00 7F 7F 00 00 7F 00 00 00
001139  10749263060..10749617100  60 FD 40
001140  10749668420..10764566420  60 18 00 00 00 00 00 00 7F 00 00 00 00 00 00 7F 00 00 7F 00 00 00 00 00 00 00 00 00 00 00 00 7F 7F 00 00 00 00 00 00 00 00 7F 7F 00 00 00 00 00 00 00 00 7F 7F 7F 00 7F 00 00 00 00 00 7F 00 7F 7F 7F 00 00 00 00 00 00 7F 00 7F 7F 00 7F 00 00 00 00 7F 00 00 00 7F 00 00 00 7F 7F 7F 00 00 00 7F 7F 00 00 00 00 00 7F 00 00 7F 00 7F 00 00 00 00 00 7F 00 7F 00 7F 00 00 00 00 00 00 00 7F 7F 00 00 7F 00 00 00
001141  10764776680..10765106940  60 FD 40
001142  10765147800..10780001900  60 18 00 00 00 00 00 00 7F 00 00 00 00 00 00 00 00 00 7F 00 7F 00 00 00 00 00 00 00 00 00 00 7F 7F 00 00 00 00 00 00 00 00 7F 7F 00 00 00 00 00 00 00 00 7F 00 7F 00 00 00 00 00 00 7F 7F 00 00 7F 7F 00 00 00 00 00 7F 7F 00 00 7F 00 7F 00 00 00 00 7F 7F 00 7F 7F 00 00 00 7F 00 7F 00 00 00 7F 7F 00 00 00 00 00 7F 7F 00 7F 00 00 00 00 00 00 00 00 00 7F 00 7F 00 00 00 00 00 00 7F 00 7F 00 00 00 00 00 00
001143  10780143860..10780497480  60 FD 40
001144  10780548720..10795458360  60 18 00 00 00 00 00 00 7F 00 00 00 00 00 00 00 00 00 7F 00 7F 00 00 00 00 00 00 00 00 00 00 7F 7F 00 00 00 00 00 00 00 00 7F 7F 00 00 00 00 00 00 00 00 7F 00 7F 7F 00 00 00 00 00 7F 7F 00 00 7F 7F 00 00 00 00 00 7F 7F 00 00 7F 00 7F 00 00 00 00 7F 7F 00 7F 7F 00 00 00 00 00 7F 00 00 00 7F 7F 00 00 00 00 00 7F 7F 00 7F 00 00 00 00 00 00 00 00 00 7F 00 7F 00 00 00 00 00 00 7F 00 7F 00 00 00 00 00 00
001145  10815696700..10816050700  60 FD 40
001146  10816102000..10831018880  60 18 00 00 00 00 00 00 00 00 00 00 00 00 00 00 00 00 7F 7F 7F 00 00 00 00 00 00 00 00 00 00 7F 7F 00 00 00 00 00 7F 00 00 00 7F 00 00 00 00 00 00 00 7F 7F 00 7F 7F 00 00 00 00 00 7F 00 00 00 7F 7F 00 00 00 7F 00 7F 7F 00 00 7F 00 00 00 00 00 00 00 7F 00 7F 7F 00 00 00 00 00 7F 00 7F 00 00 7F 00 00 00 00 00 00 7F 7F 7F 00 00 00 00 00 00 00 00 7F 00 00 7F 7F 00 00 00 00 00 7F 00 7F 00 00 00 00 00 00
001147  10831163040..10831517080  60 FD 40
001148  10831568380..10846489520  60 18 00 00 00 00 00 00 00 00 00 00 00 00 00 00 00 00 7F 7F 7F 00 00 00 00 00 7F 00 00 7F 00 7F 7F 00 00 00 00 00 7F 7F 00 00 7F 7F 00 00 00 00 7F 00 7F 7F 00 7F 7F 00 00 00 00 00 00 00 00 00 7F 7F 00 00 00 7F 00 00 7F 00 00 7F 00 00 00 00 00 7F 00 00 00 00 00 00 00 00 00 7F 7F 00 7F 00 00 7F 00 00 00 00 00 00 00 7F 7F 00 00 00 00 00 00 00 00 7F 00 00 7F 7F 00 00 00 00 00 00 00 7F 00 00 00 00 00 00
001149  10846630300..10846984200  60 FD 40
001150  10847035500..10861955220  60 18 00 00 00 00 00 00 00 00 00 00 00 00 00 00 7F 00 7F 7F 7F 00 00 00 00 00 7F 00 00 7F 00 7F 7F 00 00 00 00 00 7F 7F 00 00 7F 7F 00 00 00 00 7F 00 7F 7F 00 7F 7F 00 00 00 00 00 00 00 00 00 7F 7F 00 00 00 7F 00 00 7F 00 00 7F 00 00 00 00 00 7F 00 00 00 00 00 00 00 00 00 7F 7F 00 7F 00 00 7F 00 00 00 00 00 00 00 7F 7F 00 00 00 00 00 00 00 00 7F 00 00 7F 7F 00 00 00 00 00 00 00 00 00 00 00 00 00 00
001151  10882192440..10882546200  60 FD 40
001152  10882597440..10897511080  60 18 00 00 00 00 00 00 00 00 00 00 00 00 00 00 7F 00 7F 00 7F 00 00 00 00 00 7F 00 00 7F 00 7F 00 00 00 00 00 00 00 7F 7F 00 7F 7F 7F 00 00 00 7F 7F 00 7F 00 7F 7F 00 00 00 00 00 00 00 00 00 7F 7F 00 00 00 7F 00 00 7F 00 00 00 00 00 00 00 00 7F 00 00 00 00 00 00 7F 00 00 7F 7F 00 7F 00 7F 7F 00 00 00 00 00 00 00 7F 7F 00 00 00 00 00 00 00 00 00 00 00 00 00 00 00 00 00 00 00 00 00 00 00 00 00 00 00
001153  10897655140..10898008780  60 FD 40
001154  10898060020..10912976160  60 18 00 00 00 00 00 00 00 00 00 00 00 00 00 00 7F 7F 7F 00 7F 00 00 00 00 00 00 7F 00 00 7F 7F 00 00 00 00 00 7F 00 00 7F 00 7F 00 7F 00 00 7F 00 7F 00 7F 00 7F 7F 00 00 00 00 00 00 00 00 00 7F 7F 00 00 00 7F 7F 00 7F 00 00 00 00 00 00 00 00 00 00 00 00 00 00 00 7F 00 00 7F 7F 00 7F 00 7F 00 00 00 00 00 7F 00 00 7F 7F 00 00 00 00 00 00 00 00 00 00 00 00 00 00 00 00 00 00 00 00 00 00 00 00 00 00 00
001155  10913116960..10913470700  60 FD 40
001156  10913521960..10928436120  60 18 00 00 00 00 00 00 00 00 00 00 00 00 00 00 7F 7F 7F 00 7F 00 00 00 00 00 00 7F 00 00 7F 7F 00 00 00 00 00 7F 00 00 7F 00 7F 00 7F 00 00 7F 00 7F 00 7F 00 7F 7F 00 00 00 00 00 00 00 00 00 7F 7F 00 00 00 7F 7F 00 00 00 00 00 00 00 00 00 00 00 00 00 00 00 00 00 7F 00 00 7F 7F 00 7F 00 7F 00 00 00 00 00 7F 00 00 7F 7F 00 00 00 00 00 00 00 00 00 00 00 00 00 00 00 00 00 00 00 00 00 00 00 00 00 00 00
001157  10948685780..10949039620  60 FD 40
001158  10949090920..10964006180  60 18 00 00 00 00 00 00 00 00 00 00 00 00 00 00 7F 7F 00 00 7F 00 00 00 00 00 00 7F 00 00 7F 7F 00 00 00 7F 00 7F 00 00 7F 00 7F 00 00 00 7F 7F 00 00 00 7F 00 7F 7F 00 00 00 00 00 00 00 00 00 7F 7F 00 00 00 7F 7F 00 00 00 00 7F 00 00 00 7F 00 00 00 00 00 00 00 00 00 00 00 7F 00 00 7F 00 7F 00 00 00 00 00 7F 00 00 7F 00 00 00 00 00 00 00 00 00 00 00 00 00 00 00 00 00 00 00 00 00 00 00 00 00 00 00 00
001159  10964150260..10964503980  60 FD 40
001160  10964555240..10979349860  60 18 00 00 00 00 00 00 00 00 00 00 00 00 00 00 7F 00 00 00 7F 00 00 00 00 00 00 00 00 00 00 7F 00 00 00 7F 00 00 00 00 7F 00 7F 00 00 00 7F 7F 00 00 00 7F 7F 7F 7F 7F 00 00 7F 00 00 00 00 00 00 7F 00 00 00 7F 00 00 00 00 00 7F 00 00 00 7F 00 00 00 00 00 00 00 00 00 00 00 7F 00 00 7F 00 7F 00 00 00 00 00 00 00 00 7F 00 00 00 00 7F 00 00 00 00 00 00 00 00 00 00 00 00 00 00 00 7F 00 00 7F 7F 00 00 00
001161  10979491860..10979845520  60 FD 40
001162  10979896800..10994805440  60 18 00 7F 00 00 00 00 00 00 00 00 00 00 00 00 7F 00 00 00 7F 00 00 00 7F 00 00 00 00 00 00 7F 00 00 00 7F 00 00 00 00 7F 00 7F 00 00 00 7F 7F 00 00 00 00 7F 7F 7F 7F 00 00 7F 00 00 00 00 00 00 7F 00 00 00 7F 00 00 00 00 00 7F 00 00 00 7F 00 00 00 00 00 00 00 00 00 00 00 7F 00 00 7F 00 7F 00 7F 00 00 00 00 00 00 7F 00 00 00 00 7F 00 00 00 00 00 00 00 00 00 00 00 00 00 00 00 7F 7F 7F 7F 7F 00 00 00
001163  11015058160..11015411760  60 FD 40
001164  11015462980..11030369320  60 18 00 7F 7F 7F 00 7F 7F 00 00 00 00 00 00 00 7F 00 00 00 7F 00 00 00 7F 00 00 00 00 00 00 00 00 00 00 00 00 00 00 00 7F 7F 7F 00 00 00 00 7F 00 00 00 00 7F 7F 7F 7F 00 00 7F 00 00 00 00 00 00 00 00 00 00 00 00 00 00 7F 00 7F 00 00 00 00 00 00 7F 00 00 00 00 00 00 00 00 7F 7F 00 7F 00 7F 00 7F 00 00 00 00 00 00 7F 00 00 00 00 7F 00 00 00 00 00 7F 00 00 00 00 7F 00 00 00 00 7F 7F 7F 7F 7F 00 00 00
001165  11030513420..11030867300  60 FD 40
001166  11030918560..11045832580  60 18 00 7F 7F 7F 00 7F 7F 00 00 00 00 00 00 00 7F 00 00 00 7F 00 00 00 7F 00 00 00 00 00 00 00 00 00 00 00 00 00 00 00 7F 7F 00 00 00 00 00 7F 00 00 00 00 7F 7F 7F 00 00 00 00 00 00 00 00 00 00 00 00 00 00 00 00 00 00 7F 00 7F 00 00 00 00 00 00 7F 7F 00 00 00 00 00 00 00 7F 7F 00 7F 00 7F 00 7F 00 00 00 00 00 00 7F 00 00 00 00 00 00 00 00 00 00 7F 00 00 00 00 7F 00 00 00 00 00 7F 7F 00 00 00 00 00
001167  11045973500..11046327400  60 FD 40
001168  11046378660..11061298620  60 18 00 00 7F 7F 00 7F 7F 00 00 00 00 00 00 00 7F 00 00 00 7F 00 00 00 7F 00 00 00 00 00 00 00 00 00 00 00 00 00 00 00 7F 7F 00 00 00 00 00 7F 00 00 00 00 7F 7F 00 00 00 00 00 00 00 00 00 00 00 00 00 00 00 00 00 00 7F 7F 00 7F 00 00 00 00 00 00 7F 7F 00 00 00 00 00 00 00 7F 7F 00 7F 7F 7F 00 00 00 00 00 00 00 00 7F 00 7F 00 00 00 00 7F 00 00 00 7F 7F 00 00 00 7F 00 7F 00 00 00 00 00 00 00 7F 00 00
001169  11081554300..11081908300  60 FD 40
001170  11081959580..11096883200  60 18 00 00 00 00 00 00 00 00 00 00 00 00 00 00 7F 00 00 7F 7F 00 00 00 7F 00 00 00 00 00 00 7F 00 00 00 00 00 00 7F 00 00 00 00 00 00 00 00 7F 00 00 00 00 7F 00 00 00 00 00 00 00 00 00 7F 00 00 00 00 00 00 00 00 00 7F 00 00 7F 00 7F 00 00 00 00 00 7F 00 00 00 00 00 00 00 7F 7F 7F 7F 7F 7F 00 00 00 00 00 00 7F 00 00 00 7F 00 7F 00 00 7F 00 00 7F 00 7F 00 7F 00 00 00 7F 00 00 00 00 00 00 00 7F 00 00
001171  11097027400..11097381440  60 FD 40
001172  11097432760..11112356780  60 18 00 00 00 00 00 00 00 00 00 00 00 00 00 00 7F 00 00 7F 00 00 00 00 7F 00 00 00 00 00 00 7F 00 00 00 00 00 00 7F 00 00 00 00 00 00 00 00 7F 7F 00 00 00 7F 00 00 00 00 00 00 00 00 00 7F 00 00 00 00 00 00 00 00 00 7F 00 00 7F 00 7F 00 00 00 00 00 7F 00 00 00 00 00 00 00 7F 7F 7F 7F 7F 7F 00 00 00 00 00 00 7F 00 00 00 7F 00 7F 00 00 7F 00 00 7F 00 7F 00 7F 00 00 00 7F 00 00 00 00 00 00 00 7F 00 00
001173  11112497700..11112851740  60 FD 40
001174  11112903040..11127820320  60 18 00 00 00 00 00 00 00 00 00 00 00 7F 00 00 00 00 00 7F 00 00 7F 00 00 00 00 00 00 00 00 7F 00 00 00 00 00 00 7F 00 00 00 00 00 00 00 00 7F 7F 00 00 7F 7F 00 00 00 00 00 00 00 00 00 7F 00 00 00 7F 00 00 00 00 00 00 00 00 7F 7F 7F 00 00 00 00 00 7F 00 00 00 00 00 00 00 7F 7F 7F 7F 7F 7F 00 00 00 00 00 00 7F 00 00 00 00 00 7F 00 00 7F 00 00 7F 00 00 00 7F 7F 00 00 00 7F 00 00 7F 00 00 00 7F 00 00
001175  11148077940..11148431940  60 FD 40
001176  11148483240..11163404100  60 18 00 00 00 00 00 00 00 00 00 00 00 7F 00 00 00 00 00 00 00 00 7F 00 00 00 00 00 7F 00 00 7F 7F 00 00 00 00 00 00 00 00 00 00 00 7F 00 00 7F 7F 7F 00 7F 7F 7F 00 00 00 00 00 00 00 00 00 00 00 00 7F 00 00 00 00 00 00 00 00 7F 7F 00 00 00 00 00 00 7F 00 00 00 00 7F 00 00 7F 7F 00 00 7F 7F 00 00 00 00 00 00 00 00 00 00 00 00 00 00 00 7F 00 00 00 00 00 7F 00 7F 00 00 00 7F 00 00 7F 00 00 00 7F 00 00
001177  11163548240..11163902060  60 FD 40
001178  11163953320..11178874900  60 18 00 00 00 00 00 00 00 00 00 00 00 7F 00 00 00 00 00 00 00 00 7F 00 00 00 00 7F 7F 00 00 7F 7F 00 00 00 00 00 00 00 00 00 00 00 7F 00 00 00 7F 7F 00 7F 7F 7F 00 00 00 00 00 00 00 00 00 00 00 00 7F 00 00 00 00 00 00 00 00 7F 7F 00 00 00 00 00 00 7F 00 00 00 00 7F 00 00 00 7F 00 00 7F 7F 00 00 00 00 00 00 00 00 00 00 00 00 00 00 00 7F 00 00 00 00 00 7F 00 7F 00 00 00 7F 00 00 7F 00 00 00 7F 00 00
001179  11179015800..11179369640  60 FD 40
001180  11179420920..11194231960  60 18 7F 00 00 00 00 00 00 00 7F 00 00 00 00 00 00 00 00 00 00 00 7F 00 00 00 00 7F 7F 00 00 7F 7F 00 00 00 00 00 00 00 00 00 00 00 7F 00 00 00 7F 7F 00 00 7F 7F 7F 00 00 7F 00 00 00 00 00 00 00 00 00 00 7F 00 00 00 7F 00 00 7F 00 00 00 00 00 00 00 7F 00 00 00 00 7F 00 00 00 7F 00 00 7F 7F 00 7F 7F 00 00 00 00 00 00 00 00 00 00 00 00 00 7F 00 00 00 00 7F 00 7F 00 00 00 7F 00 00 00 00 00 00 7F 00 00
001181  11214481160..11214834860  60 FD 40
001182  11214886080..11229800760  60 18 7F 00 00 00 00 00 00 00 7F 00 00 00 00 00 00 00 7F 00 00 00 7F 00 00 00 00 7F 00 00 00 7F 00 00 00 7F 00 00 00 00 00 00 00 00 00 00 7F 00 7F 00 00 00 7F 7F 7F 00 00 7F 00 7F 00 00 00 00 00 00 00 00 7F 00 00 00 7F 00 00 7F 00 00 00 7F 00 00 00 7F 00 00 00 00 00 00 00 00 7F 00 7F 7F 00 00 7F 7F 00 00 00 00 00 00 7F 00 00 00 00 00 00 7F 00 00 00 00 00 00 7F 00 00 00 7F 00 00 00 00 00 00 7F 00 00
001183  11229944880..11230298800  60 FD 40
001184  11230350100..11245272480  60 18 7F 00 00 00 00 00 00 00 7F 00 00 00 00 00 00 00 7F 00 00 00 7F 00 00 00 00 7F 00 00 00 7F 00 00 00 7F 00 00 00 00 00 00 00 00 00 00 7F 00 7F 00 00 00 00 7F 7F 7F 00 7F 00 7F 00 00 00 00 00 00 00 00 7F 00 00 00 7F 00 00 7F 00 00 00 7F 00 00 00 7F 00 00 00 00 00 00 00 00 7F 00 7F 7F 00 00 7F 7F 00 00 00 00 00 00 7F 00 00 00 00 00 00 7F 00 00 00 00 00 00 7F 00 00 00 7F 00 00 00 00 00 00 7F 00 00
001185  11245413360..11245767300  60 FD 40
001186  11245818580..11260735720  60 18 7F 7F 00 00 7F 00 00 7F 00 7F 00 00 00 00 7F 00 7F 00 00 7F 00 00 7F 7F 00 7F 00 00 00 7F 00 00 00 7F 00 00 00 00 00 00 00 00 00 00 7F 00 7F 00 00 7F 00 7F 00 7F 00 00 00 7F 00 00 00 00 00 00 00 00 00 00 00 00 00 00 00 7F 00 00 00 7F 00 00 00 7F 00 00 00 00 00 00 00 00 7F 00 7F 00 00 00 7F 7F 00 7F 00 00 00 00 7F 7F 00 00 00 00 00 7F 00 00 00 00 00 00 7F 00 00 00 7F 00 00 7F 7F 00 00 00 00 00
001187  11280975480..11281329380  60 FD 40
001188  11281380640..11296188900  60 18 7F 7F 7F 7F 7F 00 7F 7F 00 7F 00 00 00 00 7F 00 00 00 00 7F 00 00 7F 7F 00 7F 00 00 00 7F 00 00 00 00 00 00 00 00 00 00 00 00 00 00 00 00 7F 00 00 7F 00 7F 00 7F 00 00 00 00 00 7F 00 00 00 7F 00 00 00 7F 00 00 00 00 00 00 00 00 00 00 00 00 00 7F 00 00 00 00 00 00 00 00 7F 00 7F 00 00 00 7F 7F 00 7F 00 00 00 00 00 7F 00 00 00 00 00 7F 00 00 7F 00 00 00 7F 00 00 00 7F 00 00 7F 7F 00 00 00 00 00
001189  11296334200..11296687880  60 FD 40
001190  11296739160..11311652980  60 18 7F 7F 7F 7F 7F 00 7F 7F 00 7F 00 00 00 00 7F 00 00 00 00 7F 00 00 7F 7F 00 7F 00 00 00 7F 00 00 00 00 7F 00 00 00 00 00 00 00 00 00 00 7F 7F 00 00 7F 00 7F 00 7F 00 00 00 00 00 7F 00 00 00 7F 00 00 00 7F 00 00 00 00 00 00 00 00 00 00 7F 00 00 00 7F 00 00 7F 00 00 00 00 7F 00 7F 00 00 00 7F 7F 00 7F 00 00 00 00 00 7F 00 00 00 00 00 7F 00 00 7F 00 00 00 7F 00 00 00 7F 00 00 7F 7F 00 00 00 00 00
001191  11311793760..11312147400  60 FD 40
001192  11312198660..11327118260  60 18 7F 00 7F 7F 00 00 7F 7F 00 00 00 00 7F 00 00 00 00 00 00 7F 00 00 00 7F 00 7F 00 00 00 7F 00 00 00 00 7F 00 00 00 00 00 00 00 00 00 00 7F 7F 00 00 00 00 7F 7F 7F 00 00 00 00 00 7F 00 00 00 7F 00 00 00 7F 00 00 7F 00 00 00 7F 00 00 00 7F 00 00 00 7F 00 00 7F 00 00 7F 00 7F 00 7F 00 00 00 00 7F 00 00 00 00 00 00 00 7F 00 00 00 00 7F 00 00 00 7F 7F 00 00 00 00 00 7F 00 00 00 00 00 00 00 00 00 00
001193  11347348100..11347702040  60 FD 40
001194  11347753280..11362669980  60 18 7F 00 00 00 00 00 00 7F 00 00 00 00 7F 00 00 00 00 7F 00 7F 00 00 00 7F 00 7F 00 00 00 7F 00 00 00 00 7F 00 7F 00 7F 00 00 00 00 00 00 7F 7F 00 7F 00 00 7F 7F 7F 00 00 00 00 00 00 00 00 00 00 00 00 00 00 00 00 7F 00 00 00 7F 00 00 00 7F 00 00 00 7F 00 00 7F 00 00 7F 00 00 7F 7F 00 00 00 00 7F 00 00 00 00 00 7F 00 7F 00 7F 00 00 7F 00 00 00 7F 7F 00 00 00 00 00 7F 00 00 00 00 00 00 00 00 00 00
001195  11362814080..11363167840  60 FD 40
001196  11363219100..11378134140  60 18 7F 00 00 00 00 00 00 7F 00 00 00 00 7F 7F 00 00 00 7F 00 7F 00 00 00 7F 00 7F 00 00 00 7F 00 7F 00 00 7F 00 7F 00 7F 00 00 00 00 00 00 00 00 00 7F 00 7F 7F 7F 7F 00 00 00 00 00 00 00 7F 00 00 00 00 00 00 00 00 7F 00 7F 00 7F 00 00 00 00 00 00 00 00 00 7F 00 00 00 7F 00 00 7F 7F 00 00 00 00 7F 00 00 00 00 00 7F 00 7F 7F 7F 00 00 7F 00 00 00 7F 7F 00 00 00 00 00 7F 00 00 00 00 00 00 00 00 00 00
001197  11378274900..11378628540  60 FD 40
001198  11378679780..11393480720  60 18 00 7F 00 00 00 00 00 7F 7F 00 00 7F 7F 7F 7F 00 00 7F 00 00 7F 00 7F 7F 00 7F 00 00 00 7F 00 7F 00 00 7F 00 7F 00 7F 00 00 00 00 00 00 00 00 00 7F 7F 7F 7F 00 7F 00 00 00 00 00 00 00 7F 00 00 7F 00 00 00 00 00 00 00 7F 00 7F 00 00 00 00 00 00 00 00 00 7F 00 00 00 7F 00 00 7F 7F 7F 00 00 7F 00 00 00 00 00 00 7F 00 00 7F 7F 00 00 00 00 00 00 7F 00 00 00 00 00 00 00 00 00 00 7F 7F 00 00 7F 00 00
001199  11413752300..11414106160  60 FD 40
001200  11414157420..11429070700  60 18 00 7F 00 00 00 00 00 7F 7F 00 00 7F 7F 7F 7F 00 00 00 00 00 7F 00 7F 7F 00 7F 00 00 00 00 00 7F 00 00 7F 00 7F 00 00 00 00 00 00 00 00 00 00 7F 00 7F 7F 7F 00 7F 00 00 00 00 00 00 00 7F 00 00 7F 00 00 00 00 00 00 00 7F 00 7F 00 00 00 00 00 00 00 00 00 7F 00 00 00 7F 00 00 00 7F 7F 00 00 7F 00 00 00 00 00 00 00 00 00 7F 00 00 00 00 00 00 00 7F 00 00 00 00 00 00 00 00 00 00 7F 7F 00 00 7F 00 00
001201  11429214780..11429568440  60 FD 40
001202  11429619700..11444541220  60 18 00 7F 00 00 00 00 00 7F 7F 00 00 7F 7F 7F 7F 00 00 00 00 00 7F 00 7F 7F 00 00 00 00 00 00 00 7F 00 00 00 00 7F 00 00 00 00 00 00 00 00 7F 00 7F 00 7F 00 7F 00 7F 00 00 00 00 7F 00 00 00 00 00 7F 00 00 00 00 7F 00 00 00 00 7F 00 00 00 00 00 00 7F 00 7F 7F 00 00 00 7F 00 00 00 7F 7F 00 7F 7F 00 00 00 00 00 7F 00 00 00 00 00 00 00 00 00 7F 00 7F 00 00 00 00 00 00 00 00 00 00 7F 7F 00 00 7F 00 00
001203  11444682160..11445036340  60 FD 40
001204  11445087680..11460008580  60 18 00 00 00 00 00 00 00 00 7F 00 00 00 7F 7F 00 00 00 00 00 00 00 00 00 00 00 00 00 00 00 00 00 7F 00 00 00 00 7F 00 00 00 00 00 00 00 00 7F 00 7F 00 00 00 7F 7F 7F 00 7F 00 00 7F 00 00 00 00 00 00 00 7F 00 00 7F 7F 00 00 00 00 00 00 00 00 00 00 7F 00 7F 7F 00 00 00 7F 00 00 00 7F 00 00 7F 7F 00 00 7F 00 00 7F 00 00 7F 00 00 00 00 7F 7F 7F 00 7F 7F 00 00 7F 00 00 7F 7F 00 00 00 00 00 00 00 00 00
001205  11480245580..11480599420  60 FD 40
001206  11480650660..11495566140  60 18 00 00 00 00 00 00 00 00 7F 00 00 00 7F 7F 00 00 00 00 00 00 00 00 00 00 00 00 00 00 00 00 00 7F 00 00 00 00 7F 00 00 00 00 00 00 00 7F 7F 00 7F 00 00 00 00 7F 7F 00 7F 00 00 7F 00 00 00 00 00 00 00 7F 00 00 7F 7F 00 00 00 00 00 00 00 00 00 00 7F 00 7F 7F 00 00 00 7F 00 00 00 7F 00 00 7F 7F 00 00 7F 00 00 7F 00 00 7F 00 00 00 00 7F 7F 7F 00 7F 7F 00 00 7F 00 00 7F 7F 00 00 00 00 00 00 00 00 00
001207  11495710320..11496064380  60 FD 40
001208  11496115640..11510918980  60 18 00 00 00 00 00 00 00 00 7F 00 00 00 7F 00 00 00 00 00 00 00 00 00 00 00 7F 00 00 00 00 00 00 7F 00 00 00 00 7F 7F 00 00 00 7F 00 00 7F 00 7F 7F 00 00 7F 00 7F 00 00 7F 00 00 00 00 00 00 7F 00 00 00 7F 00 00 7F 7F 00 00 00 00 00 00 00 00 7F 00 00 00 00 7F 7F 00 00 7F 00 00 00 7F 00 00 7F 7F 00 00 7F 00 00 00 00 00 7F 00 00 00 00 7F 7F 7F 00 7F 7F 00 00 7F 00 00 7F 7F 7F 00 00 00 00 00 00 00 00
001209  11511061160..11511415280  60 FD 40
001210  11511466600..11526392860  60 18 7F 00 00 00 7F 00 00 00 00 7F 00 7F 00 00 7F 00 00 00 00 7F 7F 00 00 00 7F 00 00 00 00 00 00 7F 00 00 00 00 7F 7F 00 00 00 7F 00 00 7F 00 7F 7F 00 7F 7F 00 00 00 00 00 00 00 00 00 00 00 7F 00 7F 00 00 00 00 7F 00 00 00 00 7F 00 00 00 00 7F 00 00 00 00 7F 7F 00 00 00 00 00 00 7F 00 00 7F 00 7F 00 7F 00 00 00 00 00 7F 00 00 00 00 00 00 7F 00 7F 00 00 00 00 00 00 00 00 7F 00 7F 00 00 00 00 00 00
001211  11546618220..11546972220  60 FD 40
001212  11547023520..11561944880  60 18 7F 00 00 7F 7F 00 00 00 00 7F 00 7F 00 00 7F 00 00 00 00 7F 7F 00 00 00 7F 00 00 00 00 00 00 7F 00 00 00 00 7F 7F 00 00 00 7F 00 00 7F 00 7F 7F 00 7F 7F 00 00 00 00 00 00 00 00 00 00 00 7F 00 7F 00 00 00 00 7F 00 00 00 00 7F 00 00 00 00 7F 00 00 00 00 7F 7F 00 00 00 00 00 00 00 00 00 7F 00 7F 00 7F 00 00 00 00 00 7F 00 00 00 00 00 00 7F 00 00 00 00 00 00 00 00 00 00 7F 00 7F 00 00 00 00 00 00
001213  11562089020..11562442900  60 FD 40
001214  11562494220..11577412180  60 18 7F 00 00 7F 7F 00 00 00 00 7F 00 7F 00 00 7F 7F 00 00 00 7F 7F 00 00 00 7F 7F 00 7F 7F 00 00 00 00 00 7F 7F 7F 00 00 00 7F 00 00 00 7F 7F 00 7F 00 7F 00 00 00 00 00 00 00 00 00 00 00 00 7F 00 7F 00 00 00 00 00 00 00 00 00 7F 00 00 00 7F 00 00 7F 7F 00 00 7F 00 00 00 00 00 00 00 00 00 7F 00 7F 00 7F 7F 00 00 00 00 7F 7F 00 00 00 00 00 7F 00 00 00 00 00 00 00 00 00 00 7F 00 7F 00 00 00 00 00 00
001215  11577553000..11577906860  60 FD 40
001216  11577958140..11592879020  60 18 00 00 00 7F 00 00 00 7F 7F 00 00 00 00 00 00 7F 00 00 00 00 00 00 7F 7F 7F 7F 00 7F 7F 00 00 00 00 00 7F 7F 7F 00 00 00 7F 00 00 00 7F 7F 00 7F 00 00 00 00 7F 00 00 7F 00 00 00 00 00 00 7F 00 00 00 7F 00 00 00 7F 00 00 00 7F 00 00 00 7F 00 00 7F 7F 00 00 7F 00 00 00 00 00 00 00 00 00 7F 00 00 00 00 7F 00 00 00 00 00 7F 00 00 00 00 7F 7F 00 00 00 00 00 00 00 00 00 00 7F 00 00 00 00 00 00 00 00
001217  11613114080..11613468240  60 FD 40
001218  11613519540..11628444100  60 18 00 00 00 7F 00 00 00 7F 7F 00 00 00 00 00 00 7F 00 00 00 00 00 00 7F 7F 7F 7F 00 7F 7F 00 00 00 00 00 7F 7F 00 00 00 00 7F 00 00 00 7F 7F 00 7F 00 00 00 00 7F 00 00 7F 00 00 00 00 00 00 7F 00 00 00 7F 00 00 00 7F 00 00 00 7F 00 00 00 7F 00 00 7F 7F 00 00 7F 00 00 00 00 00 00 00 00 00 7F 00 00 00 00 7F 00 00 00 00 00 7F 7F 00 00 00 7F 7F 00 00 00 00 00 00 00 00 00 00 7F 00 00 00 00 00 00 00 00
001219  11628588260..11628942160  60 FD 40
001220  11628993440..11643913640  60 18 00 00 00 7F 00 00 00 7F 7F 00 00 00 00 7F 00 00 00 00 7F 00 00 00 7F 7F 00 00 00 7F 00 00 00 00 00 00 00 7F 00 00 00 00 7F 00 00 00 7F 00 7F 7F 00 00 7F 00 7F 7F 00 7F 7F 00 00 00 00 7F 7F 00 00 00 7F 00 7F 00 7F 00 7F 00 7F 00 00 00 00 00 00 00 00 00 00 00 00 00 00 00 00 00 00 00 00 00 00 00 00 00 00 00 7F 00 00 00 7F 7F 7F 00 00 7F 00 00 00 00 00 00 00 00 00 00 00 7F 7F 00 00 00 7F 00 00 00
001221  11644054540..11644408560  60 FD 40
001222  11644459860..11659386980  60 18 00 7F 00 7F 7F 00 00 00 7F 7F 00 00 7F 7F 7F 00 00 00 7F 7F 00 00 7F 00 00 00 00 7F 00 00 00 00 00 00 00 7F 00 00 00 00 7F 00 00 00 7F 00 7F 7F 00 7F 7F 00 00 7F 00 00 7F 00 00 00 00 7F 7F 00 00 00 00 00 7F 00 00 00 7F 00 00 00 00 00 00 00 00 00 00 00 00 00 00 00 7F 00 00 00 00 7F 00 00 7F 00 00 7F 00 00 7F 00 00 00 7F 7F 7F 00 7F 00 00 00 00 00 00 00 00 00 00 00 00 7F 7F 7F 7F 00 7F 7F 00 00
001223  11679638000..11679992280  60 FD 40
001224  11680043600..11694977140  60 18 00 7F 00 7F 7F 00 00 00 7F 7F 00 00 7F 7F 7F 00 00 00 7F 7F 00 00 7F 00 00 00 00 7F 00 00 00 00 00 00 00 7F 00 00 00 7F 7F 00 00 00 7F 00 7F 00 00 7F 7F 00 00 7F 00 00 7F 00 00 00 00 7F 7F 00 00 00 00 00 7F 00 00 7F 7F 00 00 00 00 00 00 00 7F 00 00 00 00 00 00 00 7F 00 00 00 00 7F 00 00 7F 00 00 7F 00 00 7F 00 00 00 7F 7F 7F 00 7F 00 00 00 7F 00 00 00 00 7F 00 00 00 7F 7F 7F 7F 00 7F 7F 00 00
001225  11695121380..11695475600  60 FD 40
001226  11695526920..11710455180  60 18 00 7F 00 7F 7F 00 00 00 7F 7F 00 00 7F 00 7F 00 00 00 7F 7F 00 00 7F 00 00 7F 00 7F 00 00 00 7F 00 00 7F 00 00 00 00 7F 7F 7F 00 00 7F 7F 00 00 00 7F 00 00 00 00 00 00 00 00 7F 00 00 00 00 00 00 00 00 00 7F 7F 00 7F 00 00 00 00 00 00 7F 00 7F 7F 7F 7F 7F 7F 00 00 7F 7F 00 00 00 7F 00 00 7F 00 00 7F 00 00 7F 00 00 00 00 7F 00 00 7F 00 00 00 7F 00 00 00 00 7F 00 00 00 00 7F 7F 7F 7F 00 7F 00 00
001227  11710599820..11710930080  60 FD 40
001228  11710969760..11725780720  60 18 00 00 00 7F 00 00 00 00 00 00 00 00 00 00 00 00 00 00 7F 00 7F 00 00 00 00 7F 00 7F 00 00 00 7F 00 00 7F 00 00 00 00 7F 7F 7F 00 00 7F 7F 00 00 00 00 00 00 7F 00 00 00 00 00 7F 00 00 00 00 00 00 00 00 00 7F 7F 7F 7F 00 00 00 00 00 00 7F 00 7F 7F 7F 7F 7F 7F 00 00 00 7F 00 00 00 00 00 00 00 00 00 7F 00 00 7F 00 00 7F 00 7F 00 00 7F 00 00 00 7F 7F 00 00 7F 7F 00 7F 7F 00 7F 00 00 7F 00 00 00 00
001229  11746010760..11746364920  60 FD 40
001230  11746416240..11761333860  60 18 00 00 00 7F 00 7F 00 00 00 00 00 00 00 00 00 00 00 00 7F 00 7F 00 00 00 00 7F 00 7F 00 00 00 7F 00 00 7F 00 7F 00 00 00 7F 7F 00 00 00 7F 00 00 00 00 00 00 7F 00 00 00 00 00 7F 00 7F 00 00 00 00 00 00 00 7F 7F 7F 00 00 00 00 00 00 00 7F 00 7F 7F 7F 7F 7F 7F 00 00 00 7F 00 00 00 00 7F 00 00 00 00 7F 00 7F 7F 00 00 7F 00 7F 00 00 7F 00 00 7F 00 7F 00 7F 7F 00 00 7F 7F 00 7F 00 00 7F 00 00 00 00
001231  11761478000..11761831780  60 FD 40
001232  11761883060..11776803080  60 18 00 00 00 7F 00 7F 00 00 00 00 00 00 00 7F 00 00 00 00 7F 00 7F 00 00 00 7F 00 00 00 00 00 00 00 00 00 00 00 7F 7F 00 00 00 7F 00 00 00 00 7F 00 00 00 7F 00 7F 7F 00 00 00 00 00 00 7F 7F 00 00 00 00 00 00 7F 00 7F 00 7F 00 00 00 00 00 00 7F 7F 00 00 00 00 7F 00 00 00 7F 00 00 00 00 7F 7F 00 00 00 7F 7F 7F 00 00 00 7F 7F 7F 00 00 7F 00 7F 7F 00 7F 00 7F 7F 00 00 7F 7F 00 00 00 00 7F 00 00 00 00
001233  11776943940..11777297900  60 FD 40
001234  11777349200..11792275180  60 18 7F 00 00 7F 00 7F 00 00 00 00 00 7F 00 7F 7F 00 00 00 7F 00 7F 00 00 00 7F 00 00 00 00 00 00 00 00 00 00 00 7F 7F 00 00 00 7F 00 00 00 00 7F 00 00 7F 7F 00 00 7F 00 00 00 00 00 00 7F 7F 00 00 7F 00 00 00 7F 00 00 00 7F 00 7F 00 00 00 00 7F 7F 00 00 00 00 7F 00 00 00 7F 00 00 00 00 7F 7F 00 7F 00 00 7F 7F 00 00 00 00 7F 7F 00 00 00 7F 7F 7F 00 00 00 7F 00 00 00 00 00 00 00 7F 00 7F 00 00 00 00
001235  11812504880..11812858920  60 FD 40
001236  11812910200..11827689620  60 18 7F 00 00 00 00 7F 00 00 00 00 00 7F 00 7F 7F 00 00 00 7F 00 7F 00 00 00 7F 00 7F 00 00 00 7F 00 00 00 00 00 00 7F 00 00 00 7F 7F 00 00 00 7F 7F 00 7F 7F 00 00 7F 00 00 00 00 00 00 00 7F 00 00 7F 00 00 00 7F 00 00 00 7F 7F 7F 7F 00 00 00 7F 00 00 00 00 00 7F 7F 00 00 7F 00 00 00 00 7F 7F 00 7F 00 00 7F 00 00 00 00 00 7F 7F 00 00 00 7F 7F 7F 7F 00 00 00 00 00 00 00 00 00 00 7F 00 7F 00 00 00 00
001237  11827835060..11828189000  60 FD 40
001238  11828240280..11843162700  60 18 7F 00 00 00 00 7F 00 00 00 00 00 7F 00 00 7F 7F 00 00 00 00 7F 00 00 00 00 7F 7F 00 7F 00 7F 00 00 00 00 7F 00 00 00 00 00 00 7F 00 00 7F 00 7F 00 7F 00 00 00 00 00 00 00 00 7F 00 00 00 7F 00 7F 00 00 00 00 7F 00 00 00 7F 7F 7F 00 00 00 00 00 7F 00 7F 00 00 7F 00 00 7F 00 00 00 00 7F 00 00 7F 00 00 7F 00 7F 00 00 00 7F 7F 7F 00 00 7F 00 7F 7F 00 00 00 00 00 00 00 00 7F 00 7F 00 7F 00 00 00 00
001239  11843303600..11843657580  60 FD 40
001240  11843708880..11858628380  60 18 00 00 00 00 00 7F 00 7F 7F 00 00 00 00 00 00 7F 00 00 00 7F 00 00 00 7F 00 7F 7F 00 7F 00 7F 00 00 00 00 7F 00 00 00 00 00 00 7F 00 00 7F 00 7F 00 00 00 00 7F 00 00 7F 00 00 7F 00 00 00 7F 00 00 00 7F 00 00 7F 7F 00 00 7F 00 7F 00 00 00 00 00 7F 00 7F 00 00 7F 00 00 7F 00 00 00 00 7F 00 00 00 00 00 7F 00 7F 00 00 00 7F 7F 7F 00 00 7F 00 7F 7F 00 00 00 00 00 00 00 00 7F 00 7F 00 7F 00 00 00 00
001241  11878877520..11879231740  60 FD 40
001242  11879283040..11894201980  60 18 00 00 00 00 00 7F 00 7F 7F 00 00 00 00 00 00 7F 00 00 00 7F 00 00 00 7F 00 7F 00 00 7F 00 00 00 00 7F 00 7F 7F 00 00 00 00 00 7F 00 7F 7F 00 00 00 00 00 00 7F 00 00 7F 00 7F 7F 00 00 00 7F 00 00 00 7F 00 00 7F 7F 00 00 7F 00 7F 00 7F 00 00 00 7F 00 7F 00 00 00 00 00 7F 7F 00 00 00 7F 00 00 00 00 00 7F 00 7F 00 7F 00 7F 00 7F 00 00 7F 00 00 00 00 7F 00 00 7F 00 00 00 7F 00 7F 00 7F 00 00 00 00
001243  11894346140..11894699960  60 FD 40
001244  11894751260..11909668780  60 18 00 00 00 00 00 7F 00 7F 7F 00 00 00 00 00 00 00 00 00 00 7F 00 00 00 7F 7F 00 00 7F 00 00 00 00 00 7F 7F 00 7F 7F 00 00 7F 7F 7F 00 7F 00 7F 00 00 00 7F 00 7F 7F 00 7F 7F 7F 00 00 00 00 00 00 00 00 7F 00 00 00 7F 00 00 7F 00 7F 00 7F 00 7F 00 00 00 00 00 00 00 00 00 00 7F 00 00 00 7F 00 00 00 00 00 00 00 7F 00 7F 00 00 00 7F 00 00 7F 00 00 00 00 7F 00 00 7F 00 00 00 00 7F 7F 00 00 7F 00 00 00
001245  11909809660..11910163540  60 FD 40
001246  11910214840..11924949700  60 18 00 00 00 00 7F 7F 00 00 00 7F 00 00 7F 00 7F 00 00 00 00 7F 00 00 00 00 7F 00 00 7F 00 00 00 00 00 7F 7F 00 7F 7F 00 00 7F 7F 7F 00 7F 00 7F 00 00 7F 7F 00 00 7F 00 00 7F 7F 00 00 00 00 00 00 00 00 00 00 00 00 7F 00 00 7F 00 7F 00 7F 00 7F 00 00 00 00 00 00 00 00 7F 00 7F 00 00 00 7F 00 00 00 00 7F 00 00 7F 00 7F 00 00 00 7F 00 00 00 00 00 00 00 7F 00 00 7F 00 00 00 00 7F 7F 00 00 7F 00 00 00
001247  11945189140..11945542980  60 FD 40
001248  11945594240..11960512300  60 18 00 00 7F 7F 7F 00 7F 00 00 7F 00 00 7F 00 7F 00 7F 00 00 7F 00 00 00 00 7F 00 00 7F 00 7F 00 00 00 7F 7F 00 00 7F 00 7F 7F 7F 00 00 00 00 7F 7F 00 7F 7F 00 00 7F 00 00 7F 00 00 7F 00 00 00 7F 00 00 00 00 00 00 7F 7F 00 7F 00 7F 00 00 00 7F 7F 00 00 00 00 00 00 00 7F 00 7F 00 00 00 00 00 00 00 00 7F 00 7F 7F 00 00 00 00 00 7F 00 00 00 00 00 7F 00 7F 00 00 7F 00 00 00 00 7F 7F 00 00 7F 00 00 00
001249  11960656420..11961010080  60 FD 40
001250  11961061380..11975975440  60 18 00 00 7F 7F 7F 00 7F 00 00 7F 00 00 7F 7F 7F 7F 7F 00 7F 7F 00 00 00 00 00 7F 00 00 7F 7F 00 7F 00 7F 7F 7F 00 00 00 7F 00 7F 00 00 00 7F 00 7F 00 7F 00 00 00 00 00 00 00 00 00 7F 00 00 00 7F 00 00 00 00 7F 00 7F 7F 00 7F 00 7F 00 00 7F 00 7F 7F 7F 00 7F 7F 00 00 7F 00 7F 00 00 00 00 00 00 00 00 7F 7F 7F 00 00 00 00 00 00 00 00 00 00 00 00 7F 00 7F 00 00 7F 00 00 00 00 00 7F 00 00 00 00 00 00
001251  11976116240..11976470080  60 FD 40
001252  11976521360..11991431480  60 18 00 00 7F 7F 00 00 7F 00 00 00 00 00 00 7F 00 7F 7F 00 7F 00 00 00 00 00 00 7F 00 00 7F 7F 00 7F 00 7F 7F 7F 00 00 00 7F 00 7F 00 00 00 7F 00 7F 00 7F 00 00 7F 00 00 00 00 00 00 7F 00 00 00 7F 00 00 00 00 7F 00 7F 7F 00 7F 00 7F 00 00 7F 00 7F 7F 7F 00 7F 7F 00 00 00 00 7F 00 00 00 00 00 00 00 00 00 7F 7F 00 00 00 00 00 00 00 00 00 00 00 00 7F 00 7F 00 00 7F 00 00 00 00 00 7F 00 00 00 00 00 00
001253  12011683440..12012037300  60 FD 40
001254  12012088580..12026843880  60 18 00 00 7F 00 00 00 00 00 00 00 00 00 00 7F 00 7F 7F 7F 7F 00 00 00 00 00 00 7F 00 00 7F 7F 7F 7F 00 00 7F 7F 7F 00 00 00 00 7F 00 00 7F 7F 00 00 7F 7F 00 7F 7F 00 00 00 00 00 00 00 7F 00 00 00 00 00 00 7F 7F 00 7F 00 00 00 00 00 00 00 7F 00 00 7F 7F 00 7F 7F 00 00 00 00 7F 7F 00 00 00 00 00 00 00 00 7F 7F 00 7F 00 00 00 7F 00 00 00 00 00 7F 00 00 7F 7F 00 00 00 00 00 00 00 7F 00 00 00 00 00 00
001255  12026989220..12027342940  60 FD 40
001256  12027394220..12042310540  60 18 00 00 7F 00 00 00 00 00 00 00 00 00 00 7F 00 00 7F 7F 00 00 00 00 00 00 00 00 00 00 00 7F 7F 00 00 00 00 00 7F 00 00 00 00 00 00 00 7F 00 7F 00 7F 7F 7F 7F 7F 7F 00 00 7F 00 00 00 7F 7F 00 00 00 00 00 7F 00 7F 7F 00 7F 00 00 00 00 00 00 00 00 00 00 00 00 00 00 00 00 7F 7F 7F 00 00 00 7F 00 00 00 00 7F 7F 00 7F 00 00 7F 7F 7F 00 00 00 7F 7F 00 00 7F 7F 00 00 00 00 00 00 7F 7F 00 7F 7F 00 00 00
001257  12042451260..12042804960  60 FD 40
001258  12042856220..12057770100  60 18 00 00 7F 00 00 00 00 00 00 00 00 00 00 7F 7F 00 7F 7F 00 00 00 00 00 00 00 00 00 00 00 7F 7F 00 00 00 00 00 7F 00 00 00 00 00 00 00 7F 00 7F 00 7F 7F 7F 7F 7F 7F 00 00 7F 00 00 00 7F 7F 00 00 00 00 00 7F 00 7F 7F 00 7F 00 00 00 00 00 00 00 00 00 00 00 00 00 00 00 00 7F 7F 7F 00 00 00 7F 00 00 00 00 7F 7F 00 7F 00 00 7F 7F 7F 00 00 00 7F 7F 00 00 7F 7F 00 00 00 00 00 00 7F 00 00 7F 7F 00 00 00
001259  12078025540..12078379720  60 FD 40
001260  12078431020..12093357920  60 18 00 00 00 7F 00 7F 00 00 00 00 00 00 00 7F 7F 00 7F 00 00 00 00 00 00 00 00 00 7F 00 00 7F 7F 00 00 00 00 00 00 00 7F 7F 00 00 7F 00 00 00 7F 7F 00 7F 7F 7F 7F 7F 00 00 7F 00 00 00 00 7F 00 00 00 00 00 7F 00 7F 7F 7F 7F 00 00 00 00 00 00 00 7F 00 00 00 00 00 7F 00 00 7F 00 7F 7F 00 7F 7F 00 00 00 00 7F 00 00 00 7F 00 7F 00 7F 00 00 00 7F 00 7F 00 00 00 00 7F 00 00 00 00 7F 00 00 7F 7F 00 00 00
001261  12093502040..12093856060  60 FD 40
001262  12093907360..12108831620  60 18 00 00 00 7F 00 7F 00 00 00 00 00 00 00 00 7F 00 7F 00 00 00 00 00 00 00 7F 7F 7F 00 00 7F 7F 00 00 00 00 00 00 00 7F 7F 00 00 7F 00 00 7F 00 7F 00 7F 00 7F 7F 00 00 00 00 00 7F 00 00 00 7F 00 00 00 00 7F 00 7F 7F 7F 00 00 00 00 00 00 00 00 7F 7F 00 7F 00 00 7F 00 00 00 00 7F 7F 00 7F 00 00 00 00 00 00 00 7F 00 7F 00 00 00 7F 00 00 00 00 00 7F 00 00 00 00 7F 00 00 00 7F 00 00 00 00 00 00 00 00
001263  12108972500..12109326540  60 FD 40
001264  12109377880..12124149600  60 18 00 00 00 7F 00 7F 00 00 00 00 00 00 00 00 7F 00 7F 00 00 00 00 00 00 00 7F 7F 7F 00 00 7F 7F 00 00 00 00 00 00 00 7F 7F 00 00 7F 00 00 7F 00 7F 00 7F 00 7F 7F 00 00 00 00 00 7F 00 00 00 7F 00 00 00 00 7F 00 7F 00 7F 00 00 00 00 00 00 00 00 7F 7F 00 7F 00 00 7F 00 00 00 00 7F 7F 00 7F 00 00 00 00 00 00 00 7F 00 7F 00 00 00 7F 00 00 00 00 00 7F 00 00 00 00 7F 00 00 00 7F 00 00 00 00 00 00 00 00
001265  12144398220..12144752140  60 FD 40
001266  12144803400..12159728280  60 18 00 00 00 00 00 00 00 00 00 00 00 00 00 00 7F 00 00 00 00 00 00 00 00 00 7F 7F 00 00 00 00 00 00 00 7F 00 00 7F 00 7F 00 00 00 00 00 7F 7F 00 00 00 7F 00 7F 7F 00 00 00 00 7F 7F 00 7F 00 7F 7F 00 00 00 7F 00 7F 00 00 00 7F 00 7F 00 7F 00 00 00 7F 00 7F 00 00 00 00 00 00 00 00 7F 00 00 00 00 00 00 00 00 7F 7F 00 7F 00 00 7F 7F 00 00 00 00 7F 00 00 00 7F 00 7F 00 00 00 7F 00 00 00 00 00 00 00 00
001267  12159872500..12160226500  60 FD 40
001268  12160277820..12175201460  60 18 00 00 00 00 00 00 00 00 00 00 00 00 00 00 7F 00 00 00 00 00 00 00 00 00 7F 00 00 7F 00 00 00 00 00 7F 00 7F 7F 7F 7F 00 7F 7F 00 00 7F 7F 7F 00 00 7F 7F 7F 7F 7F 00 00 00 7F 00 00 7F 00 00 7F 00 00 00 7F 00 00 00 00 00 7F 00 7F 00 7F 00 7F 00 00 00 00 00 00 00 00 00 00 00 00 7F 00 00 00 00 00 00 00 00 7F 00 00 7F 00 00 7F 00 00 00 00 00 7F 00 00 00 7F 00 7F 00 00 00 00 00 00 00 00 00 00 00 00
001269  12175342360..12175696380  60 FD 40
001270  12175747680..12190667560  60 18 00 00 00 00 00 00 00 00 00 00 00 00 00 00 7F 00 00 00 00 00 00 00 00 00 7F 00 00 7F 00 00 00 00 00 7F 00 7F 7F 7F 7F 00 7F 7F 00 00 7F 7F 7F 00 00 00 7F 7F 7F 7F 00 00 00 7F 00 00 7F 00 00 7F 00 00 00 7F 00 00 00 00 00 7F 00 7F 00 7F 00 7F 00 00 00 00 00 00 00 00 00 00 00 00 7F 7F 00 00 00 00 00 00 00 7F 00 00 7F 00 00 7F 00 00 00 00 00 7F 00 00 00 7F 00 7F 00 00 00 00 00 00 00 00 00 00 00 00
001271  12210892600..12211246860  60 FD 40
001272  12211298200..12226094860  60 18 00 00 7F 7F 00 00 7F 00 00 00 00 00 00 00 7F 00 00 00 00 00 00 00 00 00 7F 00 7F 7F 00 00 7F 00 00 00 00 7F 00 7F 7F 00 7F 7F 7F 00 00 7F 7F 7F 00 00 7F 00 7F 7F 00 00 00 00 00 7F 00 00 00 7F 00 00 00 00 00 00 00 00 00 00 00 00 00 00 00 7F 00 00 00 00 00 00 7F 00 00 00 7F 00 7F 7F 00 00 00 00 00 00 00 7F 00 7F 00 00 00 00 00 00 00 00 00 00 7F 00 7F 00 00 00 00 00 00 00 00 00 00 00 00 00 00 00
001273  12226240320..12226594500  60 FD 40
001274  12226645840..12241570800  60 18 00 00 7F 7F 00 00 7F 00 00 00 00 00 00 00 7F 7F 00 00 7F 00 00 00 00 00 00 7F 7F 00 7F 00 7F 00 00 00 00 7F 00 00 7F 00 00 00 7F 00 00 7F 00 7F 00 00 7F 00 7F 00 00 00 00 00 00 7F 00 00 00 7F 00 00 00 00 7F 00 00 00 00 00 00 00 00 00 00 00 00 7F 00 00 00 00 7F 00 00 00 7F 00 7F 7F 00 00 00 00 00 00 7F 7F 00 7F 00 00 00 00 00 00 00 00 00 00 7F 00 7F 00 00 00 00 00 00 00 7F 00 00 00 00 00 00 00
001275  12241711740..12242065780  60 FD 40
001276  12242117120..12257038760  60 18 00 00 7F 7F 00 00 7F 00 00 00 00 00 00 00 7F 7F 00 00 7F 00 00 00 00 00 00 7F 7F 00 7F 00 7F 00 00 00 00 7F 00 00 7F 00 00 00 7F 00 00 7F 00 7F 00 00 7F 00 00 00 00 00 00 00 00 7F 00 00 00 7F 00 00 00 00 7F 00 00 00 00 00 00 00 00 00 00 00 00 7F 00 00 00 00 7F 00 00 00 7F 00 7F 7F 00 00 00 00 00 00 7F 7F 00 7F 00 00 00 00 00 00 00 00 00 00 7F 00 7F 00 7F 00 00 00 00 00 7F 00 00 00 00 00 00 00
001277  12277265040..12277619060  60 FD 40
001278  12277670320..12292589880  60 18 00 00 00 00 00 00 00 00 00 00 00 00 00 00 7F 7F 7F 7F 7F 00 00 00 00 00 00 7F 00 00 7F 7F 7F 00 00 7F 00 7F 7F 00 00 00 00 00 00 00 7F 7F 00 00 7F 00 7F 00 00 00 00 00 00 7F 00 00 00 00 00 00 00 00 00 00 7F 00 00 00 00 00 00 00 00 7F 00 00 7F 7F 00 00 00 00 00 00 00 00 00 7F 00 7F 00 00 00 00 00 00 7F 00 00 7F 7F 00 00 7F 00 00 00 00 00 00 00 00 00 00 7F 00 00 00 00 00 7F 00 00 00 00 00 00 00
001279  12292734020..12293087960  60 FD 40
001280  12293139280..12308063960  60 18 00 00 00 00 00 00 00 00 00 00 00 00 00 00 7F 00 7F 7F 00 00 00 00 00 00 00 00 00 00 00 7F 7F 00 00 7F 00 00 7F 00 00 00 00 00 00 00 7F 7F 7F 00 7F 00 7F 00 00 7F 00 00 7F 7F 00 00 00 00 00 00 00 00 00 00 00 00 00 00 00 00 00 00 00 7F 00 00 7F 7F 00 00 00 00 00 00 00 7F 00 7F 00 7F 00 00 00 00 00 00 00 00 00 7F 7F 00 00 7F 7F 00 00 00 00 00 00 00 00 00 7F 00 00 00 00 00 7F 00 00 7F 7F 00 00 00
001281  12308204860..12308558760  60 FD 40
001282  12308610040..12323526100  60 18 00 7F 00 00 00 00 00 00 00 00 00 00 00 00 00 00 7F 7F 00 00 00 00 7F 00 00 00 00 00 00 7F 7F 00 00 7F 00 00 7F 00 00 00 00 00 00 00 7F 7F 7F 00 7F 00 7F 00 00 7F 00 00 7F 7F 00 00 00 00 00 00 00 00 00 00 00 00 00 00 00 00 00 00 00 7F 00 00 7F 7F 00 00 00 00 00 00 00 7F 00 7F 00 7F 00 00 7F 7F 00 00 00 00 00 7F 7F 00 00 7F 7F 00 00 00 00 00 00 00 00 00 7F 00 00 00 00 00 7F 7F 7F 7F 7F 7F 00 00
001283  12343760900..12344114820  60 FD 40
001284  12344166120..12359085640  60 18 00 7F 7F 7F 00 7F 7F 00 00 00 00 00 00 00 00 00 00 00 00 00 00 00 7F 00 00 00 00 00 00 00 00 00 00 00 00 00 00 00 00 7F 00 00 00 00 00 7F 7F 7F 00 00 7F 7F 00 7F 00 00 7F 00 00 7F 00 00 00 7F 00 00 00 7F 00 00 00 7F 00 00 00 00 00 00 00 00 7F 7F 00 00 00 00 00 00 00 7F 00 00 00 7F 7F 00 7F 7F 00 00 00 00 00 00 7F 00 00 00 7F 00 00 00 00 7F 7F 00 00 00 7F 7F 00 00 00 00 7F 7F 7F 7F 7F 7F 00 00
001285  12359229820..12359583700  60 FD 40
001286  12359634980..12374551260  60 18 00 7F 7F 7F 00 7F 7F 00 00 00 00 00 00 00 00 00 00 00 00 00 00 00 7F 00 00 7F 00 00 00 00 00 00 00 00 00 00 00 00 00 7F 00 00 00 00 00 00 7F 7F 00 00 7F 7F 00 00 00 00 00 00 00 7F 00 00 00 7F 00 00 00 7F 00 00 00 7F 00 00 00 00 00 00 00 00 7F 7F 00 00 00 00 00 00 00 00 00 00 00 7F 7F 00 7F 7F 00 00 00 00 00 00 7F 00 00 00 00 00 00 00 00 7F 7F 00 00 00 7F 7F 00 00 00 00 00 7F 7F 00 00 7F 00 00
001287  12374692100..12375045880  60 FD 40
001288  12375097160..12390016600  60 18 00 00 7F 7F 00 7F 7F 7F 00 00 00 00 00 00 00 00 00 00 00 00 00 00 00 00 00 7F 00 00 00 00 00 00 00 00 00 00 00 00 00 7F 00 00 00 00 00 00 7F 7F 00 00 7F 7F 00 00 00 00 00 00 00 7F 00 00 00 7F 00 00 00 7F 00 00 7F 7F 00 00 00 00 00 00 00 00 7F 7F 00 00 00 00 00 00 00 00 00 00 00 7F 7F 00 00 7F 00 00 00 00 00 00 7F 7F 00 00 00 00 7F 00 00 7F 7F 7F 00 00 7F 7F 00 7F 7F 00 00 00 00 00 00 00 00 00
001289  12410254240..12410608360  60 FD 40
001290  12410659660..12425586260  60 18 00 00 00 00 00 00 00 7F 00 00 00 00 00 00 00 00 00 7F 00 00 00 00 00 00 00 7F 00 00 00 00 00 00 00 00 00 00 7F 00 7F 00 00 00 7F 00 7F 00 7F 00 7F 00 7F 00 00 00 00 00 00 00 00 00 7F 00 00 7F 00 00 00 00 00 00 7F 00 00 7F 00 7F 00 00 00 00 00 7F 00 00 00 00 00 00 00 00 00 7F 7F 7F 00 00 00 7F 00 00 00 7F 00 7F 00 7F 00 7F 00 00 7F 00 00 7F 00 7F 00 7F 7F 00 00 7F 7F 00 00 00 00 00 00 00 00 00
001291  12425730520..12426084500  60 FD 40
001292  12426135800..12440895800  60 18 00 00 00 00 00 00 00 7F 00 00 00 00 00 00 00 00 00 7F 00 00 00 00 00 00 00 7F 00 00 00 00 00 00 00 00 00 00 7F 00 7F 00 00 00 7F 00 7F 00 7F 00 7F 00 00 00 00 7F 00 00 00 00 00 00 7F 00 00 7F 00 00 00 00 00 00 7F 00 00 7F 00 7F 00 00 00 00 00 7F 00 00 00 00 00 00 00 00 00 7F 7F 7F 00 00 00 7F 00 00 00 7F 00 7F 00 7F 00 7F 00 00 7F 00 00 7F 00 7F 00 7F 7F 00 00 7F 7F 00 00 00 00 00 00 00 00 00
001293  12441037840..12441391740  60 FD 40
001294  12441443040..12456358700  60 18 7F 00 00 00 00 00 00 7F 00 00 00 7F 00 00 00 00 00 7F 00 00 7F 00 00 00 00 7F 00 00 00 00 00 00 00 00 00 00 7F 00 7F 00 00 00 7F 00 7F 00 7F 00 7F 7F 00 00 00 7F 00 00 00 00 00 00 7F 00 00 7F 7F 00 00 00 00 00 00 00 00 7F 7F 7F 00 00 00 00 00 7F 00 00 00 00 00 00 7F 00 00 7F 7F 7F 00 00 00 7F 00 00 00 7F 00 7F 00 00 00 7F 00 00 00 00 00 7F 00 00 00 7F 7F 00 00 00 00 00 00 00 00 00 00 00 00 00
001295  12476596300..12476950380  60 FD 40
001296  12477001660..12491922840  60 18 7F 00 00 7F 00 00 00 7F 00 00 00 7F 00 00 00 00 00 00 00 00 7F 00 00 00 00 7F 7F 00 00 00 7F 00 00 7F 00 00 00 00 00 00 00 00 7F 00 00 00 7F 7F 00 7F 00 00 00 7F 00 00 00 00 00 00 00 00 00 00 7F 00 00 00 00 00 00 00 00 00 7F 00 00 00 00 00 00 7F 00 00 00 00 7F 00 7F 00 7F 00 00 7F 00 00 00 7F 00 00 00 00 00 7F 00 00 00 00 00 00 00 00 00 00 7F 00 7F 00 7F 00 00 00 00 00 00 00 00 00 00 00 00 00
001297  12492067060..12492420960  60 FD 40
001298  12492472240..12507398000  60 18 7F 00 00 7F 00 00 00 7F 00 00 00 7F 00 00 00 00 00 00 00 00 7F 00 00 00 00 7F 7F 00 00 00 7F 00 00 7F 00 00 00 00 00 00 00 00 7F 00 00 00 7F 7F 00 7F 00 00 00 7F 00 00 00 00 00 00 00 00 00 00 7F 00 00 00 00 00 00 00 00 00 7F 00 00 00 00 00 00 00 00 00 7F 00 7F 00 7F 00 7F 00 00 7F 00 00 00 7F 00 00 00 00 00 7F 00 00 00 00 00 00 00 00 00 00 7F 00 7F 00 7F 00 00 00 00 00 00 00 00 00 00 00 00 00
001299  12507538840..12507892800  60 FD 40
001300  12507944120..12522870120  60 18 00 00 00 7F 00 00 00 7F 7F 00 00 00 00 00 00 00 00 00 00 00 00 00 00 7F 00 7F 7F 00 00 00 7F 00 00 7F 00 00 00 00 00 00 00 00 7F 00 00 00 7F 7F 00 00 00 00 7F 7F 00 7F 00 00 00 00 00 00 00 00 00 00 7F 00 00 00 00 00 00 00 00 00 00 00 00 00 00 00 00 00 7F 00 7F 00 7F 00 7F 00 00 00 00 00 00 7F 00 00 00 00 00 7F 00 00 00 00 00 00 00 7F 00 00 7F 00 7F 00 7F 00 00 00 00 00 00 00 00 00 00 00 00 00
001301  12543122680..12543476600  60 FD 40
001302  12543527860..12558449140  60 18 00 00 7F 00 00 00 00 7F 7F 00 00 00 00 00 00 00 7F 00 00 00 00 00 00 7F 00 7F 00 00 00 7F 00 00 00 7F 00 00 7F 00 00 00 00 00 00 00 7F 00 7F 00 00 00 00 00 7F 7F 00 7F 00 7F 00 00 00 00 00 00 00 00 7F 00 00 00 00 00 00 00 00 00 00 7F 00 00 00 00 00 00 7F 00 00 00 7F 00 00 00 00 00 00 00 00 7F 00 00 00 00 00 00 7F 00 00 7F 00 00 00 7F 00 00 7F 00 00 00 7F 00 00 00 00 00 00 00 00 00 00 00 00 00
001303  12558593260..12558947220  60 FD 40
001304  12558998520..12573923000  60 18 00 00 7F 00 00 00 00 7F 7F 00 00 00 00 00 00 00 7F 00 00 00 00 00 00 7F 00 7F 00 00 00 7F 00 00 00 7F 00 00 7F 00 00 00 00 00 00 00 7F 00 00 00 00 00 00 00 7F 7F 00 7F 00 7F 00 00 00 00 00 00 00 00 7F 00 00 00 00 00 00 00 00 00 00 7F 00 00 00 00 00 00 7F 00 00 00 7F 00 00 00 00 00 00 7F 00 7F 00 00 00 00 00 00 7F 00 00 7F 00 00 00 7F 00 00 7F 00 00 00 7F 00 00 00 00 00 00 00 00 00 00 00 00 00
001305  12574063940..12574417880  60 FD 40
001306  12574469160..12589385760  60 18 00 7F 7F 00 7F 00 00 7F 00 7F 00 00 7F 00 7F 00 7F 00 00 7F 00 00 7F 00 00 7F 00 00 00 7F 00 00 00 7F 00 00 7F 00 00 00 00 00 00 00 7F 00 00 00 00 00 00 00 00 7F 00 00 00 7F 00 00 00 00 00 00 00 00 00 00 00 00 00 00 00 00 00 00 00 7F 00 00 00 00 00 00 7F 00 00 00 7F 00 00 00 00 7F 00 7F 7F 7F 00 7F 00 00 00 00 7F 00 00 7F 00 00 00 00 00 00 7F 00 00 00 00 00 00 00 00 00 00 7F 7F 00 00 7F 00 00
001307  12609615860..12609969780  60 FD 40
001308  12610021060..12624939320  60 18 00 7F 7F 7F 7F 00 7F 7F 00 7F 00 00 7F 00 7F 00 00 00 00 7F 00 00 7F 00 00 7F 00 00 00 00 00 00 00 00 00 00 7F 00 00 00 00 00 00 00 00 00 00 7F 00 00 00 7F 00 7F 00 00 00 00 00 7F 00 00 00 7F 00 00 00 7F 00 00 00 00 00 00 00 00 00 00 00 00 00 00 00 00 7F 00 00 00 7F 00 00 7F 00 7F 00 7F 7F 7F 00 7F 00 00 00 00 00 00 00 00 00 00 00 00 00 00 7F 00 00 00 00 00 00 00 00 00 00 7F 7F 00 00 7F 00 00
001309  12625083420..12625437280  60 FD 40
001310  12625488580..12640400200  60 18 00 7F 7F 7F 7F 00 7F 7F 00 7F 00 00 7F 00 7F 00 00 00 00 7F 00 00 7F 00 00 00 00 00 00 00 00 7F 00 00 7F 00 7F 00 00 00 00 00 00 00 00 7F 00 7F 00 00 00 7F 00 7F 00 00 00 00 00 7F 00 00 7F 7F 00 00 00 7F 00 00 00 00 00 00 00 00 00 00 7F 00 00 00 7F 00 7F 7F 00 00 7F 00 00 7F 00 7F 00 7F 7F 7F 00 7F 00 00 00 00 00 00 00 00 00 00 00 00 00 00 7F 00 00 00 00 00 00 00 00 00 00 7F 7F 00 00 7F 00 00
001311  12640541000..12640894920  60 FD 40
001312  12640946220..12655671920  60 18 00 00 7F 7F 00 00 7F 7F 00 00 00 00 00 00 00 00 00 00 00 00 00 00 00 00 00 00 00 00 00 00 00 7F 00 00 7F 00 7F 00 00 00 00 00 00 00 00 7F 00 7F 00 00 00 7F 00 7F 00 00 00 00 00 7F 00 00 7F 7F 00 00 00 7F 00 00 7F 00 00 00 00 00 00 00 7F 00 00 00 7F 00 7F 7F 00 00 7F 00 00 7F 00 00 00 7F 00 00 00 00 00 00 00 00 00 7F 00 00 00 00 7F 00 00 00 7F 7F 00 00 7F 00 00 7F 7F 00 00 7F 00 00 00 00 00 00
001313  12675927640..12676281680  60 FD 40
001314  12676332940..12691252740  60 18 00 00 00 00 00 00 00 7F 00 00 00 00 00 00 00 00 00 7F 00 00 00 00 00 00 00 00 00 00 00 00 00 7F 00 00 7F 00 7F 00 7F 00 00 00 00 00 7F 7F 00 7F 7F 00 00 00 00 7F 00 00 00 00 00 00 00 00 7F 00 00 00 00 00 00 00 7F 00 00 00 00 00 00 00 7F 00 00 00 7F 00 7F 7F 00 00 7F 00 00 7F 7F 00 00 7F 00 00 00 00 00 00 00 7F 00 7F 00 7F 00 00 7F 00 00 00 7F 7F 00 00 7F 00 00 7F 7F 00 00 7F 00 00 00 00 00 00
001315  12691396960..12691750960  60 FD 40
001316  12691802220..12706727580  60 18 00 00 00 00 00 00 00 7F 00 00 00 00 00 7F 00 00 00 7F 00 00 00 00 00 00 00 00 00 00 00 00 00 00 00 00 00 00 7F 00 7F 00 7F 00 00 00 7F 00 00 7F 7F 00 7F 00 00 00 00 00 00 00 00 00 00 7F 7F 00 00 00 00 00 00 00 7F 00 7F 00 00 00 00 00 00 00 00 00 00 00 7F 00 00 00 7F 00 00 7F 7F 00 00 7F 00 00 00 00 00 00 00 7F 00 7F 7F 7F 00 00 7F 00 7F 00 7F 7F 00 00 7F 00 00 7F 7F 00 00 7F 00 00 00 00 00 00
001317  12706868480..12707222560  60 FD 40
001318  12707273860..12722195720  60 18 7F 00 00 00 00 00 00 00 00 00 00 7F 00 7F 00 00 00 7F 00 00 7F 00 00 00 00 00 00 00 00 00 00 00 00 00 00 00 7F 00 7F 00 7F 00 00 00 7F 00 00 7F 7F 7F 7F 00 00 00 00 00 00 00 00 00 00 7F 7F 00 7F 00 00 00 00 00 7F 00 7F 00 7F 00 00 00 00 00 00 00 00 00 7F 00 00 00 7F 00 00 7F 7F 00 00 7F 00 7F 00 00 00 00 00 7F 00 00 7F 7F 00 00 00 00 7F 00 7F 00 00 00 00 00 00 00 00 00 00 7F 00 00 00 00 00 00
001319  12742421900..12742776060  60 FD 40
001320  12742827360..12757561020  60 18 7F 00 00 7F 00 00 00 00 00 00 00 7F 00 7F 00 00 00 00 00 00 7F 00 00 00 00 00 00 00 00 00 00 00 00 00 00 00 7F 00 00 00 7F 00 00 00 7F 00 00 7F 00 7F 7F 00 00 00 00 00 00 00 00 00 00 7F 7F 00 7F 00 00 00 00 00 7F 00 7F 00 7F 00 00 00 00 00 00 00 00 00 7F 00 00 00 7F 00 00 00 00 00 00 7F 00 7F 00 00 00 00 00 00 00 00 7F 00 00 00 00 00 7F 00 00 00 00 00 00 00 00 00 00 00 00 7F 00 00 00 00 00 00
001321  12757706400..12758060360  60 FD 40
001322  12758111680..12773041500  60 18 7F 00 00 7F 00 00 00 00 00 00 00 7F 00 00 00 00 00 00 7F 00 7F 00 00 00 00 00 00 00 00 00 00 00 00 00 00 00 7F 00 00 00 7F 00 00 00 7F 00 00 7F 00 7F 00 00 00 00 00 00 00 00 7F 00 00 00 7F 00 7F 00 00 00 00 7F 7F 00 00 00 7F 00 00 00 00 00 00 7F 00 7F 7F 00 00 00 7F 00 00 00 00 00 00 7F 00 7F 00 00 00 00 7F 00 00 00 00 00 00 00 00 00 00 00 00 00 00 00 00 00 00 00 00 7F 00 7F 00 00 00 00 00 00
001323  12773182420..12773536480  60 FD 40
001324  12773587780..12788510320  60 18 00 00 00 7F 00 00 00 7F 7F 00 00 00 00 00 00 00 00 00 7F 00 00 00 00 7F 00 00 00 00 00 00 00 00 00 00 00 00 7F 00 00 00 7F 00 00 00 7F 00 00 7F 00 7F 00 00 7F 00 00 7F 00 00 7F 00 00 00 7F 00 00 00 7F 00 00 7F 7F 00 00 00 00 00 00 00 00 00 00 7F 00 7F 7F 00 00 00 00 00 00 00 00 00 00 7F 00 00 00 00 00 00 7F 00 00 00 00 00 00 00 00 7F 00 00 00 00 00 00 00 00 00 00 00 7F 00 7F 00 00 00 00 00 00
001325  12808764100..12809118440  60 FD 40
001326  12809169760..12824105520  60 18 00 00 00 7F 00 00 00 7F 7F 00 00 00 00 00 00 00 00 00 7F 00 00 00 00 7F 00 00 00 00 00 00 00 00 00 00 00 00 00 00 00 00 7F 00 00 00 7F 00 00 7F 00 7F 00 00 7F 00 00 7F 00 00 7F 00 00 00 7F 00 00 00 7F 00 00 7F 7F 00 00 00 00 00 00 00 00 00 00 7F 00 7F 7F 00 00 00 00 00 00 00 00 00 00 7F 00 00 00 00 00 00 7F 00 00 00 00 7F 00 00 00 7F 00 00 00 00 00 00 00 00 00 00 00 7F 00 7F 00 00 00 00 00 00
001327  12824249800..12824604040  60 FD 40
001328  12824655400..12839586400  60 18 00 00 00 7F 00 00 00 7F 7F 00 00 00 00 00 00 00 00 00 7F 00 00 00 00 7F 7F 00 00 7F 00 00 00 00 00 00 00 00 00 7F 00 00 7F 7F 00 00 7F 00 7F 7F 00 7F 00 00 7F 00 00 7F 00 00 00 00 00 00 7F 00 00 00 7F 00 00 00 7F 00 00 00 00 00 00 00 00 7F 00 00 00 00 00 00 00 00 00 7F 00 00 00 00 00 7F 00 00 00 00 00 00 00 00 00 00 00 7F 00 00 00 7F 00 00 00 00 00 00 00 00 00 00 00 00 00 7F 00 00 00 00 00 00
001329  12839727380..12840081560  60 FD 40
001330  12840132900..12855065160  60 18 00 7F 00 7F 7F 00 00 00 00 7F 00 00 7F 00 7F 00 00 00 7F 7F 00 00 7F 00 7F 00 00 7F 00 00 00 00 00 00 00 00 00 7F 00 00 7F 7F 00 00 7F 00 7F 7F 00 7F 00 00 7F 00 00 00 00 00 00 00 00 00 7F 00 00 00 00 00 00 00 7F 00 00 00 00 00 00 00 00 7F 00 00 00 00 00 00 00 00 7F 7F 00 00 00 7F 00 7F 7F 00 00 7F 00 00 00 00 00 00 00 7F 00 00 00 00 00 00 00 00 00 00 00 00 00 00 00 00 00 7F 7F 00 00 7F 00 00
001331  12875320880..12875674920  60 FD 40
001332  12875726240..12890657440  60 18 00 7F 00 7F 7F 00 00 00 00 7F 00 00 7F 00 7F 00 00 00 7F 7F 00 00 7F 00 7F 00 00 7F 00 00 00 00 00 00 00 00 00 7F 00 00 7F 7F 00 00 7F 00 7F 00 00 7F 00 00 7F 00 00 00 00 00 00 00 00 00 7F 00 00 00 00 00 00 00 7F 00 00 00 00 00 00 00 00 7F 00 00 00 00 00 00 00 00 7F 7F 00 00 00 7F 7F 7F 7F 00 00 7F 00 00 00 00 00 00 00 7F 00 00 00 00 00 00 00 00 00 00 00 00 00 00 00 00 00 7F 7F 00 00 7F 00 00
001333  12890801560..12891155460  60 FD 40
001334  12891206740..12906136760  60 18 00 7F 00 7F 7F 00 00 00 00 7F 00 00 7F 00 7F 7F 00 00 7F 7F 00 00 7F 00 00 7F 00 00 7F 00 00 7F 00 00 7F 7F 00 00 00 00 7F 00 00 00 7F 7F 00 00 00 7F 00 00 7F 00 00 00 00 00 00 00 00 00 7F 00 00 00 00 00 7F 00 7F 00 00 00 00 00 00 00 7F 00 00 00 7F 00 7F 7F 00 00 7F 7F 00 00 00 7F 7F 00 7F 00 00 7F 7F 00 00 00 00 00 00 7F 00 00 00 00 00 00 00 00 00 00 00 00 00 00 00 00 00 7F 7F 00 00 7F 00 00
001335  12906277660..12906631740  60 FD 40
001336  12906683040..12921611820  60 18 00 00 00 7F 00 00 00 00 00 00 00 00 00 00 7F 7F 00 00 7F 00 00 00 00 00 00 7F 00 00 7F 00 00 7F 00 00 7F 7F 00 00 00 00 7F 00 00 00 7F 7F 00 00 00 7F 00 00 7F 00 00 00 00 00 00 00 00 00 7F 00 00 00 00 00 7F 00 7F 00 00 00 00 00 00 00 7F 00 00 00 7F 00 7F 7F 00 00 00 7F 00 00 00 00 7F 00 00 00 00 00 7F 00 00 00 00 7F 00 7F 00 00 7F 00 00 00 00 7F 00 00 7F 00 00 7F 7F 00 00 00 00 00 00 00 00 00
001337  12941844720..12942198940  60 FD 40
001338  12942250260..12957172320  60 18 00 00 00 7F 00 00 00 00 00 00 00 00 00 00 7F 7F 00 00 7F 00 00 00 00 00 00 7F 00 00 7F 00 00 7F 00 00 7F 7F 00 00 00 00 7F 00 00 00 00 7F 00 00 00 7F 00 00 7F 00 00 00 00 00 00 00 00 00 7F 00 00 00 00 00 7F 00 7F 00 00 7F 00 00 00 00 7F 00 00 00 7F 00 7F 7F 00 00 00 7F 00 00 00 00 7F 00 00 00 00 00 7F 00 00 00 00 7F 00 7F 00 00 7F 00 00 00 00 7F 00 00 7F 00 00 7F 7F 00 00 00 00 00 00 00 00 00
001339  12957316440..12957670420  60 FD 40
001340  12957721720..12972442320  60 18 00 00 00 7F 00 00 00 00 00 00 00 00 00 7F 7F 00 00 00 7F 00 00 00 00 00 00 00 00 00 00 00 00 00 00 00 00 00 00 00 00 00 7F 00 00 00 00 7F 00 00 00 7F 7F 00 7F 7F 00 00 7F 00 00 00 00 7F 00 00 00 00 00 00 00 00 7F 00 7F 7F 00 00 00 00 00 00 00 00 00 00 00 00 00 00 00 7F 00 00 00 00 7F 7F 00 00 00 00 00 00 00 00 00 7F 7F 7F 7F 00 7F 00 7F 00 00 7F 00 00 7F 00 00 7F 7F 00 7F 00 00 7F 7F 00 00 00
001341  12972584440..12972938460  60 FD 40
001342  12972989780..12987913040  60 18 7F 7F 00 7F 00 00 00 00 00 00 00 7F 00 7F 7F 00 00 00 7F 00 7F 00 00 00 00 00 00 00 00 00 00 00 00 00 00 00 00 00 00 00 7F 00 00 00 00 7F 00 00 00 7F 7F 00 7F 7F 00 00 7F 00 00 00 00 7F 00 00 7F 00 00 00 00 00 00 00 7F 7F 7F 00 00 00 00 00 00 00 00 00 00 00 00 00 00 7F 00 00 00 00 7F 7F 00 7F 00 00 00 00 00 00 00 00 7F 7F 7F 00 00 00 7F 00 00 00 00 00 00 00 00 00 00 00 7F 00 7F 7F 7F 00 00 00
001343  13008156140..13008510180  60 FD 40
001344  13008561460..13023482480  60 18 7F 7F 00 00 00 7F 00 00 00 00 00 7F 00 7F 7F 00 00 00 7F 00 7F 00 00 00 00 00 00 00 00 00 00 00 00 00 00 00 00 00 00 7F 7F 00 00 00 00 7F 00 00 00 7F 7F 00 7F 7F 00 00 7F 00 00 00 00 7F 00 00 7F 00 00 00 00 00 00 7F 7F 7F 7F 00 00 00 00 00 7F 00 00 00 00 00 00 00 00 7F 7F 00 00 00 7F 7F 00 7F 00 00 00 00 00 00 00 00 7F 7F 7F 00 00 00 7F 00 7F 00 00 00 00 7F 00 00 00 00 7F 00 7F 7F 7F 00 00 00
001345  13023626680..13023980740  60 FD 40
001346  13024032060..13038958840  60 18 7F 7F 00 00 00 7F 00 00 00 00 00 7F 00 00 7F 00 00 00 7F 00 7F 00 00 00 00 00 00 00 00 00 00 00 00 00 00 00 00 00 00 7F 00 00 00 00 00 7F 00 00 00 7F 7F 00 7F 00 00 00 00 00 7F 00 00 00 7F 00 7F 00 00 00 00 7F 00 7F 00 7F 7F 00 00 00 00 00 7F 7F 00 7F 00 00 00 00 00 7F 7F 00 00 00 7F 00 00 7F 00 00 00 00 7F 00 00 00 00 7F 00 00 00 00 00 00 7F 00 00 00 00 7F 00 00 00 7F 00 00 7F 00 00 00 00 00
001347  13039099840..13039454140  60 FD 40
001348  13039505500..13054431340  60 18 00 00 00 00 00 7F 00 7F 7F 00 00 00 00 00 7F 00 00 00 7F 00 00 00 00 7F 00 00 00 00 00 00 00 00 00 00 00 00 00 00 00 7F 00 00 00 00 00 7F 00 00 00 00 7F 00 7F 00 00 7F 00 00 7F 00 00 00 7F 00 00 00 7F 00 00 7F 00 7F 00 7F 00 00 00 00 00 00 7F 7F 00 7F 00 00 00 00 00 7F 7F 00 00 7F 7F 00 00 00 00 00 00 00 7F 00 00 00 00 7F 00 00 00 7F 00 00 7F 7F 00 00 00 7F 00 7F 00 7F 00 00 00 00 00 7F 00 00
001349  13074682420..13075036420  60 FD 40
001350  13075087680..13090001660  60 18 00 00 00 00 00 00 00 7F 7F 00 00 00 00 00 7F 00 00 00 7F 00 00 00 00 7F 00 00 00 00 00 7F 00 00 00 00 00 00 7F 00 00 00 00 00 00 00 00 7F 00 00 00 00 7F 00 7F 00 00 7F 00 00 7F 00 7F 00 7F 00 00 00 7F 00 00 7F 00 00 00 7F 00 7F 00 00 00 00 00 7F 00 7F 00 00 00 00 00 7F 7F 00 00 7F 7F 00 00 00 00 00 00 7F 7F 00 00 00 00 00 00 00 00 7F 00 7F 00 7F 00 7F 00 00 00 7F 00 7F 00 00 00 00 00 7F 00 00
001351  13090145720..13090499560  60 FD 40
001352  13090550840..13105469720  60 18 00 00 00 00 00 00 00 7F 7F 00 00 00 00 00 7F 00 00 00 00 00 00 00 00 7F 7F 00 00 7F 00 7F 00 00 00 00 00 00 7F 7F 00 00 7F 7F 00 00 00 7F 7F 00 00 00 7F 00 7F 00 00 7F 00 00 00 00 7F 00 00 00 00 00 7F 00 00 00 00 00 00 7F 00 7F 00 00 00 7F 00 7F 00 00 00 00 00 00 00 7F 7F 00 00 7F 7F 00 00 00 00 00 00 7F 00 00 00 00 00 00 00 00 00 7F 00 7F 00 7F 00 7F 00 00 00 7F 00 00 00 00 00 00 00 7F 00 00
001353  13105610580..13105964300  60 FD 40
001354  13106015540..13120934620  60 18 00 00 00 00 7F 00 00 00 00 7F 00 7F 7F 00 7F 00 00 00 00 7F 00 00 00 00 7F 00 00 7F 00 7F 00 00 00 00 00 00 7F 7F 00 00 7F 7F 00 00 00 7F 7F 00 00 00 7F 00 00 00 00 00 00 00 00 00 7F 00 00 00 7F 00 00 00 00 00 00 00 00 7F 00 7F 00 00 00 7F 00 7F 00 00 00 00 00 00 7F 7F 7F 00 00 7F 7F 00 00 00 00 7F 00 7F 00 00 00 00 00 00 00 00 00 00 00 7F 00 00 00 7F 7F 00 00 00 7F 00 00 7F 00 00 00 7F 00 00
001355  13141175640..13141529460  60 FD 40
001356  13141580700..13156492800  60 18 00 00 00 00 7F 00 00 00 00 7F 00 7F 7F 00 7F 00 00 00 00 7F 00 00 00 00 7F 00 7F 7F 00 7F 7F 00 00 00 00 00 00 7F 00 00 7F 7F 7F 00 00 7F 7F 7F 00 00 7F 7F 00 00 00 00 00 00 00 00 00 00 00 00 7F 00 00 00 00 00 00 00 00 7F 00 00 00 00 00 7F 00 7F 00 00 00 00 7F 00 7F 7F 7F 00 00 7F 7F 00 00 00 00 7F 00 00 00 00 00 00 00 00 00 00 00 00 00 00 00 00 7F 00 7F 00 00 00 7F 00 00 7F 00 00 00 7F 00 00
001357  13156636880..13156990740  60 FD 40
001358  13157042020..13171962400  60 18 00 00 00 00 7F 00 00 00 00 7F 00 7F 7F 00 7F 7F 00 00 7F 7F 00 00 00 00 00 7F 7F 00 7F 7F 7F 7F 00 00 7F 7F 00 00 00 00 00 00 7F 00 00 7F 7F 7F 00 00 7F 7F 00 00 00 00 00 00 00 00 00 00 00 00 7F 00 00 00 7F 00 00 00 00 7F 00 00 00 00 7F 00 00 7F 7F 00 7F 7F 7F 00 7F 00 7F 00 00 7F 7F 00 00 00 00 7F 7F 00 00 00 00 00 00 00 00 00 00 00 00 00 00 00 7F 00 7F 00 00 00 7F 00 00 7F 00 00 00 7F 00 00
001359  13172102100..13172452340  60 FD 40
001360  13172503040..13187318300  60 18 7F 00 00 00 00 00 00 00 00 00 00 00 00 00 00 7F 00 00 7F 00 00 00 00 00 00 7F 7F 00 7F 7F 7F 7F 00 00 7F 7F 00 00 00 00 00 00 7F 00 00 7F 7F 7F 00 00 7F 7F 00 00 00 7F 00 00 00 00 00 00 00 00 00 00 7F 00 7F 00 7F 00 00 7F 00 00 00 00 7F 00 00 7F 7F 00 7F 7F 7F 00 00 00 7F 00 00 7F 7F 00 00 7F 00 00 7F 00 00 00 00 00 00 00 00 00 00 00 00 00 00 00 7F 00 7F 00 00 00 7F 00 00 7F 00 00 00 7F 00 00
001361  13207548640..13207902900  60 FD 40
001362  13207954200..13222883120  60 18 7F 00 00 00 00 00 00 00 00 00 00 00 00 00 00 7F 7F 00 7F 00 00 00 00 00 00 7F 00 00 7F 7F 00 7F 00 7F 7F 7F 00 00 00 00 00 00 00 00 7F 7F 7F 00 00 00 7F 7F 00 00 00 7F 00 7F 00 00 00 00 00 00 00 00 7F 00 7F 00 7F 00 00 7F 00 00 00 7F 7F 00 00 7F 7F 00 7F 7F 00 00 00 00 7F 00 7F 7F 00 00 00 7F 00 00 7F 00 00 00 7F 00 00 00 00 00 00 00 00 00 00 00 00 00 7F 00 00 00 7F 00 00 7F 00 00 00 7F 00 00
001363  13223027400..13223381620  60 FD 40
001364  13223432940..13238362680  60 18 7F 00 00 00 00 00 00 00 00 00 00 00 00 7F 00 00 7F 00 00 00 00 00 00 00 00 7F 00 00 00 7F 00 00 00 7F 00 00 00 00 00 00 00 00 00 00 7F 00 7F 00 00 00 7F 7F 00 7F 00 7F 7F 7F 00 00 00 7F 00 00 00 00 7F 00 00 00 7F 00 7F 7F 00 00 00 7F 00 00 00 7F 00 00 00 00 00 00 00 7F 7F 00 7F 7F 00 7F 00 7F 00 00 00 00 00 00 7F 00 7F 00 7F 00 00 00 7F 00 00 00 00 00 7F 00 00 00 7F 00 7F 7F 00 7F 7F 7F 00 00
001365  13238503620..13238857720  60 FD 40
001366  13238909040..13253831700  60 18 7F 7F 00 00 7F 00 00 7F 00 7F 00 00 00 7F 00 00 7F 00 00 00 00 00 7F 7F 00 7F 00 00 00 7F 00 00 00 7F 00 00 00 00 00 00 00 00 00 00 7F 00 7F 00 00 7F 7F 7F 00 7F 00 00 7F 7F 00 00 00 7F 00 00 00 00 00 00 00 00 7F 00 7F 7F 00 00 00 7F 00 00 00 7F 00 00 00 00 00 00 00 7F 7F 00 7F 00 00 7F 7F 7F 00 00 00 00 00 00 7F 00 7F 00 7F 00 00 00 7F 00 00 00 00 00 7F 00 00 00 7F 00 7F 00 7F 7F 7F 00 00 00
001367  13274073380..13274427480  60 FD 40
001368  13274478760..13289259840  60 18 7F 7F 7F 7F 7F 7F 7F 7F 00 7F 00 00 00 7F 00 00 00 00 00 00 00 00 7F 7F 00 7F 00 00 00 7F 00 00 00 00 00 00 00 00 00 7F 00 00 00 00 00 00 7F 00 00 7F 7F 7F 00 7F 00 00 7F 00 00 7F 00 7F 00 7F 00 00 00 7F 00 00 7F 7F 7F 00 00 00 00 00 00 00 7F 7F 00 00 00 00 00 00 00 7F 7F 00 7F 00 7F 7F 7F 7F 00 00 00 00 00 00 00 00 7F 00 7F 00 00 00 7F 00 7F 00 00 00 7F 7F 00 00 7F 00 7F 00 7F 7F 7F 00 00 00
001369  13289405180..13289758920  60 FD 40
001370  13289810180..13304737040  60 18 7F 7F 7F 7F 7F 7F 7F 7F 00 7F 00 00 00 00 00 00 00 00 00 00 00 00 7F 7F 00 7F 00 00 00 7F 00 00 00 00 00 00 00 00 00 7F 00 00 00 00 00 00 7F 00 00 7F 00 7F 00 7F 00 00 00 00 7F 7F 00 00 7F 7F 00 00 00 7F 00 7F 7F 7F 00 00 00 00 00 00 7F 00 7F 7F 7F 7F 00 00 00 00 00 00 7F 00 7F 00 7F 00 7F 7F 00 00 00 00 7F 00 00 00 00 00 00 00 00 00 00 00 7F 00 00 00 7F 7F 00 00 7F 7F 00 00 7F 00 00 00 00 00
001371  13304878060..13305232340  60 FD 40
001372  13305283680..13320212320  60 18 7F 00 7F 7F 00 7F 7F 7F 00 00 00 00 7F 00 00 00 00 00 00 00 00 00 00 7F 00 7F 00 00 00 7F 00 00 00 00 00 00 00 00 00 7F 00 00 00 00 00 00 7F 00 00 7F 00 7F 7F 7F 00 00 00 00 7F 7F 00 00 7F 7F 00 00 00 7F 00 7F 00 7F 00 00 00 00 00 00 7F 00 7F 7F 7F 7F 00 00 00 00 7F 00 7F 00 7F 00 7F 00 00 7F 00 00 00 00 7F 00 00 7F 00 00 00 00 7F 00 00 00 7F 7F 00 00 00 7F 00 7F 00 7F 00 00 00 00 00 00 00 00
001373  13340445880..13340799940  60 FD 40
001374  13340851220..13355769620  60 18 7F 00 00 00 00 00 00 7F 00 00 00 00 7F 00 00 00 00 7F 00 00 00 00 00 7F 00 7F 00 00 00 7F 00 00 00 00 00 00 7F 00 7F 00 00 00 00 00 00 00 7F 00 7F 7F 00 7F 7F 7F 00 00 00 00 7F 00 7F 00 7F 00 00 00 00 00 00 7F 00 00 00 7F 00 7F 00 00 7F 00 00 7F 7F 7F 00 00 00 00 7F 00 00 7F 7F 00 00 00 00 7F 00 00 00 7F 7F 7F 00 7F 00 7F 00 00 7F 00 00 7F 7F 7F 00 7F 00 00 00 7F 00 7F 00 00 00 00 00 00 00 00
001375  13355913860..13356268000  60 FD 40
001376  13356319340..13371239360  60 18 7F 00 00 00 00 00 00 7F 00 00 00 00 7F 00 00 00 00 7F 00 00 00 00 00 7F 7F 7F 00 7F 00 7F 00 7F 00 00 00 00 7F 7F 7F 00 7F 7F 00 00 00 00 7F 00 7F 7F 00 7F 7F 7F 00 00 00 00 00 00 7F 7F 00 00 00 00 00 00 00 00 00 00 7F 7F 00 7F 00 00 00 7F 00 00 00 00 7F 00 00 00 7F 00 00 7F 7F 00 00 00 00 7F 00 00 00 7F 00 7F 00 7F 00 7F 00 00 7F 00 00 7F 7F 7F 00 7F 00 00 00 7F 00 00 00 00 00 00 00 00 00 00
001377  13371380220..13371734020  60 FD 40
001378  13371785280..13386604920  60 18 00 00 00 00 00 00 00 7F 00 00 00 7F 7F 00 7F 00 00 7F 00 00 7F 00 00 7F 7F 7F 00 7F 00 7F 00 7F 00 00 00 00 7F 7F 7F 00 7F 7F 00 00 00 00 7F 00 7F 00 00 7F 7F 7F 00 00 00 00 00 00 7F 7F 00 00 7F 00 00 00 00 00 00 00 7F 7F 7F 7F 00 00 00 7F 00 00 00 00 7F 00 00 00 7F 00 00 7F 7F 00 00 00 00 00 00 00 00 7F 00 7F 00 00 00 7F 00 00 00 00 00 7F 7F 00 00 7F 00 00 00 00 00 00 00 7F 00 00 00 00 00 00
001379  13406819520..13407173120  60 FD 40
001380  13407224380..13422146400  60 18 00 00 00 00 00 00 00 7F 00 00 00 7F 7F 00 7F 00 00 00 00 00 7F 00 00 7F 7F 7F 7F 7F 00 00 7F 7F 00 00 00 00 7F 7F 00 00 7F 7F 7F 00 00 00 7F 7F 00 00 00 7F 7F 7F 00 00 00 00 00 00 00 7F 00 00 7F 00 00 00 00 00 00 00 7F 00 7F 00 00 00 00 7F 00 00 00 00 7F 00 7F 00 7F 00 7F 00 7F 00 00 00 00 00 00 00 00 00 00 00 00 00 00 00 00 00 00 00 00 00 7F 00 7F 00 00 00 00 00 00 00 00 7F 00 00 00 00 00 00
001381  13422290560..13422644520  60 FD 40
001382  13422695820..13437613300  60 18 00 00 00 00 00 00 00 7F 00 00 00 7F 7F 00 7F 7F 00 00 7F 00 7F 00 00 7F 00 7F 7F 00 7F 00 7F 7F 00 00 00 7F 7F 00 00 00 00 00 7F 00 00 7F 00 7F 00 00 00 7F 7F 7F 00 00 00 00 7F 00 00 00 00 00 7F 00 00 00 7F 00 00 00 00 00 7F 00 00 00 00 00 00 00 00 7F 7F 00 7F 00 7F 00 7F 00 7F 00 00 7F 00 00 00 00 7F 00 00 00 00 00 00 00 00 00 00 00 7F 00 7F 00 7F 00 00 00 00 00 00 00 00 7F 00 00 00 00 00 00
001383  13437754220..13438108420  60 FD 40
001384  13438159740..13453090660  60 18 00 00 00 00 00 00 00 00 7F 00 00 00 7F 00 7F 7F 00 00 7F 00 00 00 00 00 00 7F 7F 00 7F 00 7F 7F 00 00 00 7F 7F 00 00 00 00 00 7F 00 00 7F 00 7F 00 00 00 7F 00 7F 00 7F 00 00 7F 00 00 00 00 00 00 00 7F 00 7F 00 7F 00 00 00 00 00 00 00 00 00 00 00 00 7F 7F 00 7F 00 7F 00 7F 00 7F 00 00 7F 00 00 00 00 7F 00 00 00 00 00 00 00 00 00 00 7F 7F 00 7F 00 7F 00 00 00 00 00 00 00 00 7F 00 00 00 00 00 00
001385  13473343540..13473697600  60 FD 40
001386  13473748880..13488620260  60 18 00 00 00 00 00 00 00 00 7F 00 00 00 7F 00 7F 7F 7F 00 7F 00 00 00 00 00 00 7F 00 00 7F 7F 00 7F 00 7F 00 7F 7F 00 00 00 00 00 00 00 7F 7F 00 7F 00 00 00 00 00 7F 00 7F 00 7F 7F 00 00 00 00 00 00 00 7F 00 7F 00 7F 00 00 00 00 00 00 7F 00 00 00 00 00 7F 7F 00 00 00 7F 00 00 00 7F 00 00 7F 00 00 00 00 7F 00 00 00 7F 00 00 00 00 00 00 7F 7F 00 7F 00 00 00 00 00 00 00 00 00 00 7F 00 00 00 00 00 00
001387  13488790440..13489140680  60 FD 40
001388  13489181580..13504087900  60 18 00 00 00 00 00 00 00 00 7F 00 00 00 7F 00 7F 00 7F 00 00 00 00 00 00 00 00 00 00 00 00 7F 00 7F 00 7F 00 00 7F 7F 00 00 00 00 00 00 7F 7F 00 7F 00 00 7F 00 00 7F 00 7F 7F 7F 00 00 00 00 7F 00 00 00 7F 00 00 00 7F 00 00 00 00 00 00 7F 00 7F 00 00 00 00 7F 00 00 00 7F 7F 00 00 7F 00 00 7F 00 00 00 00 00 00 00 00 7F 00 00 00 7F 00 00 7F 7F 00 7F 00 00 00 00 00 00 00 00 7F 7F 7F 00 7F 7F 00 00 00
001389  13504230140..13504584280  60 FD 40
001390  13504635600..13519563720  60 18 00 00 00 00 7F 00 00 00 00 7F 00 00 00 00 00 00 7F 00 00 7F 00 00 00 00 00 00 00 00 00 7F 00 7F 00 7F 00 00 7F 7F 00 00 00 00 00 00 7F 7F 00 7F 00 7F 7F 00 00 7F 00 00 7F 7F 00 00 00 00 7F 00 00 00 00 00 00 00 7F 00 00 00 00 00 00 7F 00 7F 00 00 00 00 7F 00 00 00 00 7F 00 00 7F 00 00 7F 00 00 00 7F 00 00 00 00 7F 00 00 00 7F 00 00 00 7F 00 7F 00 00 00 00 00 00 00 00 7F 7F 7F 00 7F 7F 00 00 00
001391  13539807680..13540162020  60 FD 40
001392  13540213320..13555150540  60 18 00 00 7F 7F 7F 7F 7F 00 00 7F 00 00 00 00 00 00 00 00 00 7F 00 00 00 00 00 00 00 00 00 00 00 7F 00 00 00 00 7F 7F 00 7F 00 00 00 00 7F 7F 00 7F 00 7F 7F 7F 00 7F 00 00 7F 00 00 7F 00 00 7F 7F 00 00 00 7F 00 00 7F 7F 00 00 00 00 00 00 00 7F 7F 00 00 00 7F 00 00 00 00 7F 00 00 00 00 7F 7F 00 00 00 7F 00 00 00 00 00 00 00 00 7F 00 00 00 7F 00 7F 00 00 00 00 7F 00 00 00 7F 7F 7F 00 7F 7F 00 00 00
001393  13555294940..13555649520  60 FD 40
001394  13555700880..13570636860  60 18 00 00 7F 7F 7F 7F 7F 00 00 7F 00 00 00 00 00 7F 00 00 00 7F 00 00 00 00 00 00 00 7F 7F 00 00 00 00 00 7F 00 7F 00 00 7F 7F 00 00 00 7F 00 00 7F 00 7F 7F 7F 00 00 00 00 00 00 00 7F 00 00 7F 7F 00 00 00 7F 00 00 7F 7F 00 00 00 00 00 00 7F 00 7F 7F 7F 00 00 7F 00 00 00 00 00 00 00 00 7F 7F 00 00 00 7F 00 00 00 00 00 00 00 00 00 00 00 00 7F 00 7F 00 00 00 00 7F 00 00 00 7F 00 7F 00 00 00 00 00 00
001395  13570777900..13571132140  60 FD 40
001396  13571183480..13586117980  60 18 00 00 7F 7F 00 7F 7F 00 00 00 00 00 00 00 00 7F 00 00 00 00 00 00 00 00 00 00 00 7F 7F 00 00 00 00 00 7F 00 7F 00 00 7F 7F 00 00 00 7F 00 00 7F 00 7F 7F 7F 7F 00 00 00 00 00 00 7F 00 00 7F 7F 00 00 00 7F 00 00 7F 7F 00 00 00 00 00 00 7F 00 7F 7F 7F 00 00 7F 00 00 00 00 00 00 00 00 7F 7F 00 00 00 00 00 00 00 00 00 00 00 00 00 00 00 00 7F 00 7F 00 00 00 00 7F 00 00 00 7F 00 7F 00 00 00 00 00 00
001397  13606364460..13606718420  60 FD 40
001398  13606769700..13621698900  60 18 00 00 00 7F 00 00 00 00 00 00 00 00 00 00 00 7F 00 7F 00 00 00 00 00 00 00 00 00 7F 7F 00 00 00 00 00 7F 00 7F 00 7F 00 7F 00 00 00 7F 00 00 7F 7F 7F 7F 00 7F 00 00 00 00 00 00 00 7F 00 7F 00 00 00 00 00 00 00 7F 00 00 7F 00 7F 00 00 7F 00 00 7F 7F 00 00 7F 00 00 00 00 00 7F 7F 00 00 7F 00 00 00 00 00 7F 00 7F 00 00 00 7F 00 00 00 00 7F 7F 00 00 00 7F 00 00 00 00 00 7F 00 7F 00 00 00 00 00 00
001399  13621843080..13622197040  60 FD 40
001400  13622248360..13637182240  60 18 00 00 00 7F 00 00 00 00 00 00 00 00 00 7F 00 00 00 7F 7F 00 00 00 00 00 00 00 00 7F 00 00 00 00 00 00 00 00 7F 00 7F 00 7F 00 00 00 7F 00 7F 7F 7F 7F 00 00 7F 00 00 00 7F 00 00 00 7F 7F 7F 00 00 00 00 00 7F 00 7F 00 7F 7F 00 7F 00 00 00 00 00 7F 00 00 00 00 00 00 00 00 00 7F 7F 00 00 00 00 00 00 00 00 7F 00 7F 00 00 7F 7F 00 00 00 00 00 7F 00 00 00 7F 00 00 00 00 00 7F 00 7F 00 00 7F 00 00 00
001401  13637323240..13637677560  60 FD 40
001402  13637728920..13652657180  60 18 00 00 00 7F 00 00 00 00 00 00 00 00 00 7F 7F 00 00 7F 7F 00 00 00 00 00 00 00 00 7F 00 00 00 00 00 00 00 00 7F 00 7F 00 7F 00 00 00 7F 00 7F 7F 7F 7F 00 00 7F 00 00 00 7F 00 00 00 7F 7F 7F 00 00 00 00 00 7F 00 7F 00 7F 7F 00 7F 00 00 00 00 00 7F 00 00 00 00 00 00 00 00 00 7F 7F 00 00 00 00 00 00 00 00 7F 00 7F 00 00 7F 7F 00 00 00 00 00 7F 00 00 00 7F 00 00 00 00 00 7F 00 00 00 00 7F 00 00 00
001403  13672888260..13673242560  60 FD 40
001404  13673293860..13688222260  60 18 00 00 00 7F 00 00 00 00 00 00 00 00 00 7F 7F 00 00 00 7F 00 00 00 00 00 00 00 7F 7F 00 00 7F 00 00 00 00 00 00 00 00 7F 7F 00 7F 00 7F 00 7F 7F 00 7F 00 00 7F 00 00 00 7F 00 00 00 00 7F 7F 00 00 00 00 00 7F 00 7F 7F 7F 00 00 00 00 00 00 00 00 7F 00 00 00 00 7F 00 00 00 7F 00 00 00 00 00 00 00 00 00 00 00 00 00 00 00 7F 7F 00 00 00 00 00 00 00 00 7F 00 00 00 00 00 00 7F 00 00 00 00 7F 00 00 00
001405  13688366440..13688720400  60 FD 40
001406  13688771720..13703537060  60 18 00 00 00 7F 00 00 00 00 00 00 00 00 00 00 7F 00 00 00 7F 00 00 00 00 00 00 7F 7F 7F 00 00 7F 00 00 00 00 00 00 00 00 7F 7F 00 7F 00 7F 7F 7F 7F 00 7F 00 00 7F 00 00 00 00 00 7F 00 00 00 00 00 00 00 00 00 7F 7F 7F 7F 00 00 00 00 00 00 00 00 00 00 00 7F 00 00 7F 00 00 7F 7F 00 00 00 00 00 00 00 00 00 00 00 7F 00 00 00 00 7F 00 00 00 00 00 00 00 00 7F 00 00 00 00 00 00 00 00 00 00 7F 00 00 00 00
001407  13703679160..13704033140  60 FD 40
001408  13704084460..13719003960  60 18 00 00 00 7F 00 00 00 00 00 00 00 00 00 00 7F 00 00 00 7F 00 00 00 00 00 00 7F 7F 7F 00 00 7F 00 00 00 00 00 00 00 00 7F 7F 00 7F 00 7F 7F 7F 7F 00 7F 00 00 7F 00 00 00 00 00 7F 00 00 00 00 00 00 00 00 00 7F 7F 00 7F 00 00 00 00 00 00 00 00 00 00 00 7F 00 00 7F 00 00 7F 7F 00 00 00 00 00 00 00 00 00 00 00 7F 00 00 00 00 7F 00 00 00 00 00 00 00 00 7F 00 00 00 00 00 00 00 00 00 00 7F 00 00 00 00
001409  13739230200..13739584180  60 FD 40
001410  13739635460..13754558540  60 18 00 00 00 7F 00 7F 00 00 00 00 00 00 00 00 7F 00 7F 00 7F 00 00 00 00 00 00 7F 00 7F 00 7F 00 00 00 7F 00 00 00 00 00 00 7F 00 00 00 7F 7F 7F 00 00 7F 00 00 7F 00 00 00 00 7F 7F 00 7F 00 00 00 00 00 00 00 7F 7F 00 00 00 00 00 00 00 7F 00 00 00 00 00 7F 00 00 00 00 00 7F 00 00 00 00 7F 00 00 00 00 00 00 00 7F 00 7F 00 00 7F 00 00 00 00 00 00 00 00 00 7F 00 00 00 00 00 00 00 00 00 7F 00 00 00 00
001411  13754702780..13755056740  60 FD 40
001412  13755108040..13770035040  60 18 00 00 00 7F 00 7F 00 00 00 00 00 00 00 00 7F 00 7F 00 7F 00 00 00 00 00 7F 7F 00 00 00 7F 00 00 00 7F 00 00 00 7F 00 00 00 7F 00 00 7F 7F 00 00 00 7F 7F 00 7F 7F 00 00 00 7F 00 00 7F 00 00 00 00 00 00 00 7F 00 00 00 00 00 00 00 00 7F 00 7F 00 00 00 00 00 00 00 00 00 7F 00 00 00 00 7F 00 00 00 00 00 00 00 00 00 7F 00 00 7F 00 00 00 00 00 00 00 00 00 7F 00 00 00 00 00 00 00 00 00 7F 00 00 00 00
001413  13770176040..13770530180  60 FD 40
001414  13770581500..13785512420  60 18 00 7F 00 7F 00 7F 00 00 00 00 00 00 00 00 7F 00 7F 00 7F 00 00 00 7F 00 7F 7F 00 00 00 7F 00 00 00 7F 00 00 00 7F 00 00 00 7F 00 00 7F 7F 00 00 00 00 7F 00 7F 7F 00 00 00 7F 00 00 7F 00 00 00 00 00 00 00 7F 00 00 00 00 00 00 00 00 7F 00 7F 00 00 00 00 00 00 00 00 00 7F 00 00 00 7F 7F 00 7F 00 00 00 00 00 00 00 7F 00 00 7F 00 00 00 00 00 00 00 00 00 7F 00 00 00 00 00 00 00 7F 7F 7F 00 7F 00 00
001415  13805756660..13806110680  60 FD 40
001416  13806161980..13821085320  60 18 00 7F 7F 7F 00 7F 7F 00 00 00 00 00 00 00 7F 00 00 00 7F 00 00 00 7F 00 7F 7F 7F 00 00 00 00 00 00 00 00 00 00 7F 00 00 00 7F 00 00 00 7F 00 00 00 00 7F 7F 7F 7F 00 00 00 00 00 7F 00 00 00 7F 00 00 00 7F 7F 00 00 00 00 7F 00 7F 00 00 00 7F 00 00 00 00 00 00 7F 00 00 7F 00 00 00 7F 7F 00 7F 00 00 00 00 00 00 00 00 00 00 7F 00 00 00 00 00 00 7F 00 00 00 00 00 00 00 00 00 00 7F 7F 7F 00 7F 00 00
001417  13821229640..13821583860  60 FD 40
001418  13821635180..13836562600  60 18 00 7F 7F 7F 00 7F 7F 00 00 00 00 00 00 00 7F 7F 00 00 00 00 00 00 7F 00 00 00 7F 00 7F 00 00 00 00 00 00 7F 00 00 00 00 00 00 00 00 00 7F 00 00 00 00 7F 7F 7F 7F 00 00 00 00 00 7F 00 00 00 7F 00 00 00 7F 00 00 00 00 00 7F 00 7F 00 00 00 00 00 7F 00 00 00 00 7F 00 00 7F 00 00 00 7F 7F 00 7F 00 00 00 7F 00 00 00 00 00 00 7F 00 00 00 00 00 00 7F 00 00 00 00 00 00 00 00 00 00 7F 7F 7F 00 7F 00 00
001419  13836703520..13837057560  60 FD 40
001420  13837108840..13852032120  60 18 00 00 7F 7F 00 7F 7F 00 00 00 00 00 00 00 7F 7F 00 00 00 00 00 00 00 00 00 00 7F 00 7F 00 00 00 00 00 00 7F 00 00 00 00 00 00 00 00 00 7F 00 00 00 00 7F 7F 00 7F 00 00 00 00 00 7F 00 00 00 7F 00 00 00 7F 00 00 7F 00 00 7F 00 7F 00 00 00 00 00 7F 00 00 00 00 7F 00 00 7F 00 00 00 7F 7F 00 00 00 00 00 7F 00 00 00 00 7F 00 7F 00 00 7F 00 00 00 7F 7F 00 00 7F 00 00 7F 7F 00 00 00 00 7F 00 7F 00 00
001421  13872280340..13872634220  60 FD 40
001422  13872685480..13887607460  60 18 00 00 00 00 00 7F 00 00 00 00 00 00 00 00 7F 7F 00 7F 00 00 00 00 00 00 00 00 00 00 7F 00 00 00 00 00 00 7F 7F 00 7F 00 00 00 00 00 00 7F 00 00 7F 00 7F 00 00 7F 00 00 00 7F 00 00 00 00 00 00 00 00 00 00 00 00 7F 00 00 7F 00 7F 00 7F 00 00 00 7F 00 00 00 00 00 00 00 7F 7F 7F 7F 7F 7F 00 00 00 00 00 7F 00 00 7F 00 7F 00 7F 00 00 7F 00 00 00 7F 7F 7F 00 7F 00 00 7F 7F 00 00 00 00 7F 00 7F 00 00
001423  13887751540..13888105340  60 FD 40
001424  13888156560..13903074180  60 18 00 00 00 00 00 7F 00 00 00 00 00 00 00 00 7F 00 00 7F 00 00 00 00 00 00 00 00 00 00 00 00 00 00 00 00 00 00 7F 00 7F 00 00 00 00 00 00 7F 7F 00 7F 00 7F 00 00 00 00 00 7F 7F 00 00 00 00 00 00 00 00 00 00 00 00 7F 00 00 7F 00 7F 00 7F 00 00 00 7F 00 00 00 00 00 00 00 00 7F 7F 7F 7F 7F 00 00 00 00 00 00 00 00 7F 00 7F 00 7F 7F 00 7F 00 00 00 7F 7F 7F 00 7F 00 00 7F 7F 00 7F 00 00 00 7F 7F 00 00
001425  13903214960..13903568860  60 FD 40
001426  13903620160..13918349200  60 18 7F 00 00 00 00 7F 00 00 00 00 00 7F 00 00 00 00 00 7F 00 00 7F 00 00 00 00 00 00 00 00 00 00 00 00 00 00 00 7F 00 7F 00 00 00 00 00 00 7F 7F 00 7F 7F 7F 00 00 00 00 00 7F 7F 00 00 00 00 00 00 7F 00 00 00 00 00 00 00 00 7F 7F 7F 00 7F 00 00 00 7F 00 00 00 00 00 00 00 00 7F 7F 7F 7F 7F 00 00 7F 00 00 00 00 00 7F 00 00 00 7F 7F 00 00 00 00 00 7F 00 7F 00 7F 00 00 00 7F 00 7F 00 00 00 7F 7F 00 00
001427  13938592180..13938946240  60 FD 40
001428  13938997540..13953916880  60 18 7F 00 00 00 00 00 7F 00 00 00 00 7F 00 00 00 00 7F 00 00 00 7F 00 00 00 00 00 00 00 00 7F 00 00 00 00 00 00 7F 00 00 7F 00 00 00 00 00 7F 7F 7F 00 7F 7F 00 00 00 00 00 7F 00 00 7F 00 00 00 00 7F 00 00 00 00 00 00 7F 00 7F 7F 7F 00 00 00 00 7F 7F 00 00 00 00 00 00 00 00 7F 00 00 7F 00 00 00 7F 00 00 00 00 00 00 00 00 00 00 7F 00 00 00 00 00 00 00 7F 00 7F 7F 00 00 7F 00 7F 00 00 00 7F 7F 00 00
001429  13954061040..13954414880  60 FD 40
001430  13954466180..13969384960  60 18 7F 00 00 00 00 00 7F 00 00 00 00 7F 00 00 00 00 7F 00 00 00 7F 00 00 00 00 7F 00 00 00 7F 00 00 00 00 00 00 7F 00 00 7F 00 00 00 00 00 00 7F 7F 00 7F 7F 00 00 00 00 00 00 00 00 7F 00 00 00 00 7F 00 00 00 00 00 00 7F 00 7F 7F 7F 00 00 00 00 7F 7F 00 00 00 00 00 00 00 00 7F 00 00 7F 00 00 00 7F 00 00 00 00 00 00 00 00 00 00 00 00 00 00 00 00 00 00 7F 00 7F 7F 00 00 7F 00 00 00 00 00 00 7F 00 00
001431  13969525920..13969879960  60 FD 40
001432  13969931300..13984854920  60 18 7F 00 00 00 00 00 7F 7F 7F 00 00 00 00 00 00 00 7F 00 00 00 00 00 00 7F 00 7F 00 00 00 7F 00 00 00 00 00 00 7F 00 00 7F 00 00 00 00 00 00 7F 7F 00 00 7F 00 7F 00 00 7F 00 00 00 7F 00 00 00 00 00 00 7F 00 00 00 00 7F 00 7F 00 7F 00 00 00 00 7F 7F 00 00 00 00 00 00 00 00 7F 00 00 7F 00 00 00 7F 00 00 00 00 00 00 00 00 00 00 00 00 00 7F 00 00 00 00 7F 00 7F 7F 00 00 7F 00 00 00 00 00 00 7F 00 00
001433  14005086460..14005440520  60 FD 40
001434  14005491780..14020220020  60 18 7F 00 00 00 00 00 00 7F 7F 00 00 00 00 00 00 00 7F 7F 00 00 00 00 00 7F 00 7F 00 00 00 7F 00 00 00 00 00 00 00 00 00 00 00 00 00 00 7F 00 7F 7F 7F 00 7F 7F 7F 00 00 7F 00 00 00 00 7F 00 00 00 00 00 7F 7F 00 00 00 00 00 00 00 00 00 00 00 00 00 7F 00 00 00 00 00 00 00 00 7F 00 00 7F 00 00 00 7F 00 00 00 7F 00 00 00 00 00 00 00 00 00 7F 00 7F 00 00 7F 7F 7F 00 00 00 7F 00 00 00 00 00 00 7F 00 00
001435  14020365460..14020719580  60 FD 40
001436  14020770920..14035691920  60 18 7F 00 00 00 00 00 00 7F 7F 00 00 00 00 00 00 00 7F 7F 00 00 00 00 00 7F 00 7F 00 00 00 7F 00 00 00 00 00 00 00 00 00 00 00 00 00 00 7F 00 7F 7F 7F 00 00 7F 7F 7F 00 7F 00 00 00 00 7F 00 00 00 00 00 7F 7F 00 00 00 00 00 00 00 00 00 00 00 00 00 7F 00 00 00 00 00 00 00 00 7F 00 00 7F 00 00 00 7F 00 00 00 7F 00 00 00 00 00 00 00 00 00 7F 00 7F 00 00 7F 7F 7F 00 00 00 7F 00 00 00 00 00 00 7F 00 00
001437  14035832740..14036186540  60 FD 40
001438  14036237800..14051156780  60 18 7F 7F 00 00 7F 00 00 7F 00 7F 00 00 7F 00 7F 00 7F 7F 00 7F 00 00 7F 7F 00 7F 00 00 00 7F 00 00 00 00 00 00 00 00 00 00 00 00 00 00 7F 00 7F 7F 7F 00 00 7F 00 7F 00 00 00 00 00 00 7F 00 00 00 00 00 00 7F 00 00 00 00 00 00 00 00 00 00 00 00 00 7F 00 00 00 00 00 00 7F 00 7F 00 00 00 00 00 7F 7F 00 7F 00 7F 00 00 00 00 00 00 00 00 00 00 00 7F 00 00 7F 7F 7F 00 00 00 7F 00 00 7F 7F 00 00 00 00 00
001439  14071398040..14071752200  60 FD 40
001440  14071803520..14086726580  60 18 7F 7F 00 7F 7F 00 00 7F 00 7F 00 00 7F 00 7F 00 7F 00 00 7F 00 00 7F 7F 00 7F 7F 00 00 7F 7F 00 00 00 00 00 00 00 7F 00 00 00 7F 00 7F 00 7F 00 00 00 00 7F 00 7F 00 00 00 00 00 00 00 00 00 00 00 00 00 7F 00 00 00 00 00 00 00 00 00 00 00 00 00 7F 00 00 00 00 7F 00 7F 00 00 00 7F 00 00 00 7F 7F 00 7F 00 00 00 00 00 00 00 00 00 00 00 00 00 00 7F 00 00 00 7F 00 00 00 7F 00 00 7F 7F 00 00 00 00 00
001441  14086870820..14087224740  60 FD 40
001442  14087276020..14102199040  60 18 7F 7F 00 7F 7F 00 00 7F 00 7F 00 00 7F 00 7F 00 7F 00 00 7F 00 00 7F 7F 00 7F 7F 00 00 7F 7F 7F 00 00 7F 00 00 00 7F 00 00 00 7F 00 7F 7F 7F 00 00 00 00 7F 00 7F 00 00 00 00 00 00 00 00 00 00 00 00 00 7F 00 00 00 00 00 00 00 00 00 00 7F 00 00 00 7F 00 7F 7F 7F 00 7F 00 00 00 7F 00 00 00 7F 7F 00 7F 00 00 00 00 00 00 00 00 00 00 00 00 00 00 7F 00 00 00 7F 00 00 00 7F 00 00 7F 7F 00 00 00 00 00
001443  14102339920..14102693920  60 FD 40
001444  14102745220..14117601580  60 18 7F 00 00 7F 00 00 00 7F 00 00 00 00 7F 00 00 00 7F 00 00 00 00 00 00 7F 00 7F 7F 00 00 7F 7F 7F 00 00 7F 00 00 00 7F 00 00 00 7F 00 7F 7F 7F 00 00 00 00 7F 00 7F 00 00 00 00 00 00 00 00 00 00 00 00 00 7F 00 00 7F 00 00 00 00 00 00 00 7F 00 00 00 7F 00 7F 7F 7F 00 7F 00 00 00 7F 00 00 00 00 7F 00 00 00 00 00 00 00 7F 00 00 00 00 7F 00 00 00 7F 7F 00 00 00 00 00 7F 00 00 00 00 00 00 00 00 00 00
001445  14137832720..14138186720  60 FD 40
001446  14138238020..14153165180  60 18 7F 00 00 7F 00 00 00 7F 00 00 00 00 7F 00 00 00 00 00 00 00 00 00 00 7F 00 7F 00 00 00 00 00 7F 00 7F 7F 00 7F 00 7F 00 00 00 00 00 00 7F 7F 00 00 00 00 7F 00 7F 00 00 00 7F 00 00 00 00 00 00 00 00 00 7F 00 00 7F 00 00 00 00 00 00 7F 7F 00 00 00 7F 00 7F 7F 00 00 7F 00 00 00 7F 00 00 00 00 7F 00 00 00 00 00 00 7F 7F 00 7F 00 00 7F 00 00 00 7F 7F 00 00 00 00 00 7F 00 00 00 00 00 00 00 00 00 00
001447  14153309480..14153663720  60 FD 40
001448  14153715040..14168646640  60 18 7F 00 00 7F 00 00 00 7F 00 00 00 00 7F 7F 00 00 00 00 00 00 00 00 00 7F 00 7F 00 00 00 00 00 7F 00 7F 00 00 7F 00 7F 00 00 00 00 00 00 00 00 00 00 00 7F 7F 00 7F 00 00 00 7F 00 00 00 7F 00 00 00 00 00 7F 00 00 7F 00 7F 00 00 00 00 7F 00 00 00 00 00 00 7F 00 00 00 7F 00 00 00 7F 00 00 7F 00 7F 00 00 00 00 00 00 7F 7F 7F 7F 00 00 7F 00 7F 00 7F 7F 00 00 00 00 00 7F 00 00 00 00 00 00 00 00 00 00
001449  14168787500..14169141380  60 FD 40
001450  14169192680..14184122060  60 18 00 7F 00 7F 00 00 00 7F 00 00 00 7F 7F 7F 00 00 00 00 00 00 7F 00 7F 7F 00 7F 00 00 00 00 00 7F 00 7F 00 00 7F 00 7F 00 00 00 00 00 00 00 00 00 00 7F 7F 7F 00 7F 00 00 00 7F 00 00 00 7F 00 00 7F 00 00 7F 00 00 00 00 7F 00 7F 00 00 7F 00 00 00 00 00 00 7F 00 00 00 7F 00 00 00 7F 00 00 7F 7F 00 00 00 00 00 00 00 7F 00 7F 7F 00 00 00 00 7F 00 7F 00 00 00 00 00 00 00 00 00 00 7F 7F 00 00 00 00 00
001451  14204356480..14204710520  60 FD 40
001452  14204761800..14219684180  60 18 00 7F 7F 00 00 00 7F 7F 00 00 00 7F 7F 7F 00 00 00 00 00 00 7F 00 7F 7F 00 7F 00 00 00 00 00 7F 00 00 00 00 7F 00 7F 00 00 00 00 00 00 00 00 7F 00 7F 7F 00 00 7F 00 00 00 00 00 7F 00 7F 00 7F 7F 00 00 00 00 00 00 00 7F 00 7F 00 00 00 00 00 00 00 00 00 7F 00 00 00 7F 00 00 00 7F 00 00 7F 7F 00 00 00 00 00 00 00 00 00 7F 7F 00 00 00 00 7F 00 7F 00 00 00 00 00 00 00 00 00 00 7F 7F 00 00 00 00 00
001453  14219828300..14220182220  60 FD 40
001454  14220233540..14234996860  60 18 00 7F 7F 00 00 00 7F 7F 00 00 00 7F 7F 00 00 00 00 00 00 00 7F 00 7F 7F 00 00 00 00 00 00 00 7F 00 00 00 00 7F 00 7F 00 00 00 00 00 00 00 00 7F 00 7F 00 00 00 7F 00 00 00 00 7F 7F 00 00 7F 7F 7F 00 00 00 00 7F 00 00 00 00 7F 00 00 00 00 00 00 7F 00 7F 7F 00 00 00 7F 00 00 00 7F 00 00 7F 7F 00 00 00 00 00 7F 00 00 00 00 7F 00 00 00 00 7F 00 7F 00 00 00 00 00 00 00 00 7F 00 7F 7F 00 00 00 00 00
001455  14235139140..14235493380  60 FD 40
001456  14235544700..14250473900  60 18 00 00 7F 00 00 00 7F 00 7F 00 00 00 7F 00 00 00 00 00 00 00 00 00 00 00 00 00 00 00 00 00 00 7F 00 00 00 00 7F 00 7F 00 00 00 00 00 00 00 00 7F 00 00 00 00 7F 7F 00 7F 00 00 7F 7F 00 00 7F 7F 00 00 7F 00 00 7F 7F 00 00 00 00 00 00 00 00 00 00 7F 00 7F 7F 00 00 00 7F 00 00 00 7F 7F 00 7F 00 00 00 00 00 00 7F 00 00 7F 00 7F 00 00 7F 7F 7F 00 7F 7F 00 00 00 00 00 7F 00 7F 00 00 00 00 00 7F 00 00
001457  14270698640..14271052920  60 FD 40
001458  14271104260..14286032940  60 18 00 00 00 00 00 00 00 00 7F 00 00 00 7F 00 00 00 00 7F 00 00 00 00 00 00 00 00 00 00 00 00 00 7F 00 00 00 00 7F 00 00 00 00 00 00 00 7F 00 00 7F 7F 00 00 00 7F 7F 00 7F 00 00 7F 00 00 00 7F 00 00 00 7F 00 00 7F 7F 00 00 00 00 00 00 00 00 00 00 7F 00 7F 7F 00 00 00 7F 00 00 7F 00 7F 00 7F 00 00 00 00 00 00 7F 7F 00 7F 00 00 00 00 7F 7F 7F 00 7F 7F 00 00 00 00 00 7F 00 7F 00 00 00 00 00 7F 00 00
001459  14286177180..14286531220  60 FD 40
001460  14286582560..14301502980  60 18 00 00 00 00 00 00 00 00 7F 00 00 00 7F 00 00 00 00 7F 00 00 00 00 00 00 7F 00 00 7F 00 00 00 7F 00 00 00 00 7F 7F 00 00 7F 7F 00 00 7F 00 7F 7F 7F 00 00 00 7F 00 00 7F 00 00 00 00 00 00 7F 00 00 00 7F 00 00 00 7F 00 00 00 00 00 00 00 00 7F 00 00 00 00 7F 00 00 00 7F 00 00 7F 00 7F 00 7F 00 00 00 00 00 00 00 7F 00 7F 00 00 00 00 7F 7F 7F 00 7F 7F 00 00 00 00 00 7F 00 7F 00 00 00 00 00 7F 00 00
001461  14301643880..14301997840  60 FD 40
001462  14302049140..14316967260  60 18 00 00 00 00 7F 00 00 00 00 7F 00 7F 00 00 7F 00 00 7F 00 7F 7F 00 00 00 7F 00 00 7F 00 00 00 7F 00 00 00 00 7F 7F 00 00 7F 7F 00 00 7F 00 7F 7F 7F 7F 00 00 00 00 00 00 00 00 00 00 00 00 7F 00 7F 00 00 00 00 00 00 00 00 00 7F 00 00 00 00 7F 00 00 00 00 7F 00 00 00 00 00 00 7F 00 7F 00 7F 00 00 00 7F 00 00 00 7F 00 00 00 00 00 00 00 00 7F 00 7F 00 00 00 7F 00 00 00 7F 7F 00 00 00 00 00 7F 00 00
001463  14337194460..14337548260  60 FD 40
001464  14337599540..14352517980  60 18 00 00 00 7F 7F 00 00 00 00 7F 00 7F 00 00 7F 00 00 00 00 7F 7F 00 00 00 7F 00 00 7F 00 00 00 7F 00 00 00 00 7F 7F 00 00 7F 7F 00 00 7F 00 7F 7F 00 7F 00 00 00 00 00 00 00 00 00 00 00 00 7F 00 7F 00 00 00 00 00 00 00 00 00 7F 00 00 00 00 7F 00 00 00 00 7F 00 00 00 00 00 00 00 00 7F 00 7F 00 00 00 7F 00 00 00 00 00 00 00 00 00 00 00 00 7F 00 00 00 00 00 7F 00 00 00 7F 7F 00 00 00 00 00 7F 00 00
001465  14352662140..14353015980  60 FD 40
001466  14353067280..14367986100  60 18 00 00 00 7F 7F 00 00 00 00 7F 00 7F 00 00 7F 7F 00 00 7F 7F 7F 00 00 00 00 7F 00 7F 7F 00 00 00 00 00 7F 7F 7F 00 00 00 7F 00 00 00 7F 7F 00 7F 00 7F 00 00 00 00 00 00 00 00 00 00 00 00 7F 00 7F 00 00 00 7F 00 00 00 00 00 7F 00 00 00 7F 00 00 00 7F 00 00 7F 00 00 00 00 00 00 00 7F 00 7F 00 00 00 7F 7F 00 00 00 00 00 00 00 00 00 00 00 7F 00 00 00 00 00 7F 00 00 00 7F 7F 00 00 00 00 00 7F 00 00
001467  14368127000..14368480840  60 FD 40
001468  14368532120..14383449860  60 18 7F 00 00 7F 00 00 00 00 7F 00 00 00 00 00 00 7F 00 00 7F 00 00 00 00 00 00 7F 00 7F 7F 00 00 00 00 00 7F 7F 7F 00 00 00 7F 00 00 00 7F 7F 00 7F 00 00 00 00 7F 00 00 7F 00 00 00 00 00 00 7F 00 00 00 7F 00 7F 00 00 00 00 00 00 00 00 00 7F 00 00 00 7F 00 00 7F 00 00 00 00 00 00 00 7F 00 7F 00 7F 00 00 7F 00 00 00 00 00 00 00 00 00 00 7F 7F 00 00 00 00 00 7F 00 00 00 7F 7F 00 00 00 00 00 7F 00 00
001469  14403687640..14404041760  60 FD 40
001470  14404093040..14419008180  60 18 7F 00 00 7F 00 00 00 00 7F 00 00 00 00 00 00 7F 00 00 7F 00 00 00 00 00 00 7F 00 7F 7F 00 00 00 00 00 7F 7F 00 00 00 00 7F 00 00 00 7F 7F 00 7F 00 00 00 00 7F 00 00 7F 00 00 00 00 00 00 7F 00 00 00 7F 00 7F 00 00 00 00 00 00 00 00 00 7F 00 00 00 7F 00 00 7F 00 00 00 00 00 00 00 7F 00 7F 00 7F 00 00 7F 00 00 00 00 00 00 7F 00 00 00 7F 7F 00 00 00 00 00 7F 00 00 00 7F 7F 00 00 00 00 00 7F 00 00
001471  14419152260..14419506120  60 FD 40
001472  14419557400..14434476440  60 18 7F 00 00 7F 00 00 00 00 7F 00 00 00 00 7F 00 00 00 00 7F 00 00 00 00 00 00 00 00 7F 00 00 00 00 00 00 00 00 00 00 00 00 7F 00 00 00 7F 00 00 7F 00 00 7F 00 7F 7F 00 7F 7F 00 00 00 00 7F 7F 00 00 00 7F 00 7F 00 00 00 7F 00 00 00 00 00 00 00 00 00 00 00 00 00 00 00 00 7F 00 00 00 7F 00 00 00 7F 00 00 00 00 00 00 00 00 7F 7F 7F 00 00 7F 00 00 00 00 00 00 7F 00 00 00 7F 7F 7F 00 00 7F 7F 7F 00 00
001473  14434617400..14434971640  60 FD 40
001474  14435022980..14449760900  60 18 7F 7F 00 7F 7F 00 00 7F 00 7F 00 00 00 7F 7F 00 00 00 7F 7F 00 00 7F 7F 00 00 00 7F 00 00 00 00 00 00 00 00 00 00 00 00 7F 00 00 00 7F 00 00 7F 00 00 7F 00 00 7F 00 00 7F 00 00 00 00 7F 7F 00 00 00 00 00 7F 00 00 00 7F 00 00 00 00 00 00 00 00 00 00 00 00 00 00 00 00 7F 00 00 00 00 00 00 7F 7F 00 7F 00 00 00 00 00 00 7F 7F 7F 00 00 00 00 00 00 00 00 00 7F 00 00 00 7F 7F 7F 7F 7F 7F 7F 00 00 00
001475  14469999240..14470352980  60 FD 40
001476  14470404260..14485317100  60 18 7F 7F 00 7F 7F 7F 00 7F 00 7F 00 00 00 7F 7F 00 00 00 7F 7F 00 00 7F 7F 00 00 00 7F 00 00 00 00 00 00 00 00 00 00 00 7F 7F 00 00 00 7F 00 00 00 00 00 7F 00 00 7F 00 00 7F 00 00 00 00 7F 7F 00 00 00 00 00 7F 00 00 7F 7F 00 00 00 00 00 00 00 7F 00 00 00 00 00 00 00 00 7F 00 00 00 00 7F 00 7F 7F 00 7F 00 00 00 00 00 00 7F 7F 7F 00 00 00 00 00 7F 00 00 00 7F 7F 00 00 7F 7F 7F 7F 7F 7F 7F 00 00 00
001477  14485461240..14485814960  60 FD 40
001478  14485866240..14500778840  60 18 7F 7F 00 7F 7F 7F 00 7F 00 7F 00 00 00 00 7F 00 00 00 7F 7F 00 00 7F 7F 00 00 00 7F 00 00 00 00 00 00 7F 00 00 00 00 7F 7F 00 00 00 7F 7F 00 00 00 00 00 00 00 00 00 00 00 00 7F 00 00 00 00 00 00 00 00 00 7F 7F 00 7F 00 00 00 00 00 00 7F 00 7F 7F 7F 7F 00 7F 00 00 00 7F 00 00 00 00 7F 00 7F 7F 00 7F 00 00 7F 00 00 00 00 7F 00 00 00 00 00 00 7F 00 00 00 7F 7F 00 00 7F 00 00 7F 7F 7F 00 00 00 00
001479  14500919620..14501273260  60 FD 40
001480  14501324520..14516239160  60 18 7F 00 00 7F 00 7F 00 7F 00 00 00 00 7F 00 00 00 00 00 7F 00 00 00 00 7F 00 00 00 7F 00 00 00 00 00 00 7F 00 00 00 00 7F 7F 00 00 00 7F 7F 00 00 00 00 00 00 00 00 00 00 00 00 7F 00 00 00 00 00 00 00 00 00 7F 7F 7F 7F 00 00 00 00 00 00 7F 00 7F 7F 7F 7F 00 7F 00 00 7F 7F 00 00 00 00 7F 00 00 7F 00 00 00 00 7F 00 00 7F 00 7F 00 00 7F 00 00 00 7F 7F 00 00 00 7F 00 7F 00 00 00 00 00 7F 00 00 00 00
001481  14536493700..14536847760  60 FD 40
001482  14536899080..14551613900  60 18 7F 00 00 7F 00 7F 00 7F 00 00 00 00 7F 00 00 00 00 00 7F 00 00 00 00 7F 00 00 00 7F 00 00 00 00 00 00 7F 00 7F 00 00 00 7F 00 00 00 00 7F 00 00 00 00 00 00 00 00 00 00 00 00 7F 00 7F 00 00 00 00 00 00 00 7F 7F 7F 00 00 7F 00 7F 00 00 7F 00 00 7F 7F 7F 00 7F 00 00 7F 7F 00 00 00 00 7F 00 00 7F 00 00 00 7F 7F 00 00 7F 00 7F 00 00 7F 00 00 7F 00 7F 00 7F 00 00 00 7F 00 00 00 00 00 7F 00 00 00 00
001483  14551759320..14552113300  60 FD 40
001484  14552164600..14567087500  60 18 7F 00 00 7F 00 7F 00 7F 00 00 00 00 7F 7F 00 00 00 00 7F 00 00 00 00 7F 7F 00 00 00 00 00 00 7F 00 00 00 00 7F 7F 00 00 00 7F 00 00 00 00 7F 00 00 00 7F 00 00 00 00 00 00 00 00 00 7F 7F 00 00 00 00 00 00 7F 00 7F 00 7F 7F 00 7F 00 00 00 7F 00 00 00 00 7F 00 00 00 7F 7F 00 00 00 00 7F 00 00 7F 00 00 00 7F 00 00 00 7F 7F 7F 00 00 7F 00 00 7F 00 7F 00 7F 00 00 00 7F 00 00 00 00 00 7F 00 00 00 00
001485  14567228380..14567582380  60 FD 40
001486  14567633680..14582546980  60 18 00 00 00 7F 00 7F 00 7F 00 00 00 7F 7F 7F 00 00 00 00 7F 00 7F 00 00 7F 7F 00 00 00 00 00 00 7F 00 00 00 00 7F 7F 00 00 00 7F 00 00 00 00 7F 00 00 7F 7F 00 00 00 00 00 00 00 00 00 7F 7F 00 00 7F 00 00 00 7F 00 00 00 7F 7F 7F 7F 00 00 00 7F 00 00 00 00 7F 00 00 00 7F 7F 00 00 00 7F 7F 00 00 00 00 00 00 7F 00 00 00 00 7F 7F 00 00 00 00 00 7F 00 00 00 7F 00 00 00 00 00 00 00 00 00 7F 00 00 00 00
001487  14602805360..14603159400  60 FD 40
001488  14603210680..14618131400  60 18 00 00 00 00 00 7F 00 7F 00 00 00 7F 7F 7F 00 00 00 00 7F 00 7F 00 00 7F 7F 00 7F 00 00 00 7F 7F 00 00 00 00 00 7F 00 00 00 7F 7F 00 00 00 7F 7F 00 7F 7F 00 00 00 00 00 00 00 00 00 00 7F 00 00 7F 00 00 00 7F 00 00 00 7F 7F 7F 7F 00 00 00 7F 00 00 00 00 7F 00 7F 00 7F 7F 7F 00 00 7F 7F 00 00 00 00 00 00 00 00 00 00 00 7F 7F 00 00 00 00 00 00 00 00 7F 00 00 00 00 00 00 00 00 00 00 7F 00 00 00 00
001489  14618275580..14618629520  60 FD 40
001490  14618680840..14633598740  60 18 00 00 00 00 00 7F 00 7F 00 00 00 7F 7F 00 00 7F 00 00 00 00 7F 00 00 7F 00 7F 7F 00 7F 00 7F 7F 00 00 00 7F 00 00 00 00 00 00 7F 00 00 00 00 7F 00 7F 00 00 00 00 00 00 00 00 7F 00 00 00 00 00 7F 00 00 00 00 7F 00 00 00 7F 7F 7F 00 00 00 00 00 7F 00 7F 7F 00 7F 00 7F 7F 7F 00 00 7F 7F 7F 00 00 00 00 7F 00 7F 00 00 00 00 7F 00 00 00 00 7F 00 00 00 7F 00 00 00 00 00 00 00 00 00 00 7F 00 00 00 00
001491  14633739560..14634093440  60 FD 40
001492  14634144720..14649064640  60 18 00 00 00 00 00 7F 00 00 7F 00 00 00 7F 00 00 7F 00 00 00 00 00 00 00 00 00 7F 7F 00 7F 00 7F 7F 00 00 00 7F 00 00 00 00 00 00 7F 00 00 00 00 7F 00 00 00 00 7F 00 00 7F 00 00 7F 00 00 00 00 00 00 00 7F 00 00 7F 00 00 00 7F 00 7F 00 00 00 00 00 7F 00 7F 7F 00 7F 00 7F 7F 7F 00 00 7F 7F 7F 00 00 00 00 7F 00 7F 00 00 00 00 7F 00 00 00 7F 7F 00 00 00 7F 00 7F 00 00 00 00 00 00 00 00 7F 00 00 00 00
001493  14669301060..14669654940  60 FD 40
001494  14669706220..14684633000  60 18 00 00 00 00 00 7F 00 00 7F 00 00 00 7F 00 00 7F 7F 00 00 00 00 00 00 00 00 7F 00 00 7F 7F 00 7F 00 7F 00 7F 00 00 00 00 00 00 00 00 7F 00 00 00 00 00 00 00 7F 00 00 7F 00 7F 7F 00 00 00 00 00 00 00 7F 00 00 7F 00 00 00 7F 00 7F 00 7F 00 00 00 7F 00 7F 7F 00 00 00 7F 7F 7F 00 00 7F 7F 7F 00 00 00 00 7F 00 7F 00 7F 00 00 00 00 00 00 7F 7F 00 00 00 7F 00 7F 00 00 00 00 00 00 00 00 7F 00 00 00 00
001495  14684777180..14685131220  60 FD 40
001496  14685182560..14700107800  60 18 00 00 00 00 00 7F 00 00 7F 00 00 00 7F 00 00 00 7F 00 00 00 00 00 00 00 7F 00 00 00 00 7F 00 7F 00 7F 00 00 00 7F 00 00 00 7F 00 00 7F 00 7F 00 00 00 00 00 7F 7F 00 7F 7F 7F 00 00 00 00 7F 00 00 00 7F 00 00 00 00 00 00 7F 00 7F 00 7F 00 7F 00 00 00 00 7F 00 00 00 7F 00 7F 00 00 7F 7F 7F 00 00 00 00 00 00 00 00 7F 00 00 00 7F 00 00 7F 7F 00 00 00 7F 00 7F 00 00 00 00 7F 7F 00 00 00 7F 00 00 00
001497  14700248720..14700602740  60 FD 40
001498  14700654060..14715578540  60 18 00 7F 00 00 7F 7F 00 00 00 7F 00 00 00 00 7F 00 7F 00 00 7F 00 00 7F 00 7F 00 00 00 00 7F 00 7F 00 7F 00 00 00 7F 00 00 00 7F 00 00 7F 00 7F 00 00 00 00 00 00 7F 00 00 7F 7F 00 00 00 00 7F 00 00 00 00 00 00 00 00 00 00 7F 00 7F 00 7F 00 7F 00 00 00 00 7F 00 00 00 00 00 7F 00 00 7F 7F 7F 7F 7F 00 7F 00 00 00 00 7F 00 00 00 7F 00 00 00 7F 00 00 00 7F 00 7F 00 00 00 00 7F 7F 7F 7F 00 7F 7F 00 00
001499  14735824880..14736179000  60 FD 40
001500  14736230300..14751154500  60 18 00 7F 7F 7F 7F 00 7F 00 00 7F 00 00 00 00 7F 00 7F 00 00 7F 00 00 7F 00 7F 00 00 00 00 7F 00 7F 00 00 00 00 00 7F 00 7F 00 7F 00 00 00 00 7F 00 00 00 00 7F 00 7F 00 00 7F 00 00 7F 00 00 7F 7F 00 00 00 7F 00 00 00 7F 00 7F 00 7F 00 00 00 7F 7F 00 00 00 7F 00 00 00 00 00 7F 00 00 7F 00 7F 7F 7F 00 7F 00 00 00 00 00 00 00 00 7F 00 00 00 7F 00 7F 00 7F 00 7F 7F 00 00 00 7F 7F 7F 7F 00 7F 7F 00 00
001501  14751298800..14751653100  60 FD 40
001502  14751704440..14766429460  60 18 00 7F 7F 7F 7F 00 7F 00 00 7F 00 00 00 00 7F 7F 7F 00 00 7F 00 00 7F 00 00 7F 00 7F 7F 7F 00 00 00 00 7F 7F 00 00 00 7F 7F 00 00 00 00 7F 00 00 00 00 00 7F 00 00 00 00 00 00 00 7F 00 00 7F 7F 00 00 00 7F 00 00 00 7F 00 7F 00 7F 00 00 7F 00 7F 00 7F 00 00 7F 00 00 00 00 7F 00 00 7F 00 7F 7F 7F 00 7F 7F 00 00 00 00 00 00 00 00 00 00 00 7F 00 7F 00 7F 00 7F 7F 00 00 00 7F 00 7F 7F 00 00 7F 00 00
001503  14766571520..14766925380  60 FD 40
001504  14766976640..14781899500  60 18 00 00 7F 7F 00 00 7F 7F 00 00 00 00 00 00 00 7F 7F 00 00 00 00 00 00 00 00 7F 00 7F 7F 7F 00 00 00 00 7F 7F 00 00 00 7F 7F 00 00 00 00 7F 00 00 00 00 00 7F 00 00 00 00 00 00 00 7F 00 00 7F 7F 00 00 00 7F 00 00 7F 7F 00 7F 00 7F 00 00 7F 00 7F 00 7F 00 00 7F 00 00 00 00 7F 00 00 7F 00 7F 00 7F 00 00 7F 00 00 00 00 7F 00 00 00 00 7F 00 7F 00 7F 7F 7F 00 7F 7F 00 7F 7F 7F 00 00 00 00 00 00 00 00
001505  14802136380..14802490500  60 FD 40
001506  14802541800..14817464700  60 18 00 00 00 00 00 00 00 7F 00 00 00 00 00 00 00 7F 7F 7F 00 00 00 00 00 00 00 7F 00 7F 7F 7F 00 00 00 00 7F 7F 7F 00 7F 00 7F 00 00 00 00 7F 00 00 7F 00 00 7F 00 00 00 00 00 00 00 00 7F 00 7F 00 00 00 00 7F 00 00 7F 00 00 00 00 00 00 00 7F 00 00 00 7F 00 00 7F 00 00 00 00 7F 7F 7F 7F 00 7F 00 7F 00 00 7F 7F 00 7F 00 7F 00 7F 00 00 7F 00 7F 7F 00 7F 7F 7F 7F 00 00 7F 7F 7F 00 00 00 00 00 00 00 00
001507  14817608920..14817963100  60 FD 40
001508  14818014420..14832941280  60 18 00 00 00 00 00 00 00 7F 00 00 00 00 00 7F 00 00 7F 7F 7F 00 00 00 00 00 00 00 00 7F 00 7F 00 00 00 00 00 00 7F 00 7F 00 7F 00 00 00 00 00 00 00 7F 00 7F 7F 00 7F 00 00 7F 00 00 00 7F 7F 7F 00 00 00 00 7F 7F 00 7F 00 7F 00 00 00 00 00 00 00 00 00 00 00 00 00 00 00 00 00 7F 7F 7F 7F 00 00 00 7F 00 00 00 7F 00 7F 00 7F 7F 7F 7F 00 7F 00 00 7F 00 7F 7F 7F 7F 00 00 7F 7F 7F 7F 00 00 00 7F 00 00 00
001509  14833082200..14833436280  60 FD 40
001510  14833487580..14848414880  60 18 7F 00 00 00 00 00 00 7F 00 00 00 7F 00 7F 00 00 7F 7F 7F 00 7F 00 00 00 00 00 00 7F 00 7F 00 00 00 00 00 00 7F 00 7F 00 7F 00 00 00 00 00 00 00 7F 7F 7F 7F 00 7F 00 00 7F 00 00 00 7F 7F 7F 00 7F 00 00 7F 7F 00 00 00 7F 00 7F 00 00 00 00 00 00 00 00 00 00 00 00 00 7F 00 7F 7F 7F 7F 00 00 00 7F 00 00 00 7F 00 7F 00 00 7F 7F 7F 00 00 00 00 7F 00 00 7F 7F 7F 00 00 00 00 7F 7F 00 00 00 7F 00 00 00
001511  14868647420..14868978060  60 FD 40
001512  14869030200..14883954080  60 18 7F 00 00 00 00 00 00 7F 00 00 00 7F 00 7F 00 00 7F 00 7F 00 7F 00 00 00 00 00 7F 7F 00 7F 7F 00 00 00 00 00 00 00 7F 7F 7F 00 7F 00 00 00 00 7F 00 7F 7F 7F 00 7F 00 00 7F 00 00 00 00 7F 7F 00 7F 00 00 7F 7F 00 00 7F 7F 00 7F 00 00 00 00 00 7F 00 00 00 00 00 7F 00 7F 00 00 00 7F 7F 00 00 00 7F 00 00 00 00 00 00 00 00 7F 00 7F 00 00 00 00 00 7F 00 00 00 7F 7F 00 00 00 7F 7F 00 00 00 7F 00 00 00
001513  14884098320..14884452320  60 FD 40
001514  14884503620..14899429340  60 18 7F 00 00 00 00 00 00 7F 00 00 00 7F 00 00 00 00 7F 00 7F 00 7F 00 00 00 00 00 7F 7F 00 7F 7F 00 00 00 00 00 00 00 7F 7F 7F 00 7F 00 00 00 00 7F 00 7F 00 7F 00 00 00 00 00 00 7F 00 00 00 00 00 7F 00 00 7F 7F 7F 00 7F 00 00 7F 00 00 00 00 00 7F 7F 00 7F 7F 00 7F 00 7F 7F 00 00 7F 7F 00 00 00 7F 00 00 00 00 7F 00 00 00 00 00 00 00 00 00 00 00 7F 00 00 00 7F 7F 00 00 00 00 00 00 00 7F 00 00 00 00
001515  14899570280..14899924460  60 FD 40
001516  14899975800..14914902260  60 18 00 00 00 00 00 00 00 7F 7F 00 00 00 00 00 00 00 7F 00 7F 00 00 00 00 7F 00 00 7F 7F 00 7F 7F 00 00 00 00 00 00 00 7F 7F 7F 00 7F 00 00 00 00 7F 00 00 00 7F 7F 00 00 7F 00 00 7F 00 00 00 00 00 00 00 7F 7F 7F 7F 00 7F 00 00 00 00 00 00 00 00 7F 7F 00 7F 7F 00 7F 00 7F 7F 00 00 7F 00 00 00 00 7F 00 00 00 00 7F 00 00 00 00 00 00 00 00 7F 00 00 7F 00 00 00 7F 7F 00 00 00 00 00 00 00 7F 00 00 00 00
001517  14935156020..14935510140  60 FD 40
001518  14935561440..14950480920  60 18 00 00 00 00 00 7F 00 7F 7F 00 00 00 00 00 00 00 00 00 7F 00 00 00 00 7F 00 00 00 7F 00 00 00 00 00 7F 00 00 7F 00 7F 00 7F 00 00 00 7F 00 00 00 00 00 00 7F 7F 00 00 7F 00 7F 7F 00 7F 00 00 00 00 00 7F 7F 7F 7F 00 00 00 00 00 00 00 7F 00 00 00 7F 00 7F 7F 00 00 00 7F 7F 00 00 7F 00 7F 00 00 7F 00 00 00 7F 7F 00 7F 00 00 00 00 00 00 7F 00 7F 00 00 00 7F 7F 00 00 00 00 00 00 00 00 7F 00 00 00 00
001519  14950624940..14950978660  60 FD 40
001520  14951029920..14965949020  60 18 00 00 00 00 00 7F 00 7F 7F 00 00 00 00 00 00 00 00 00 7F 00 00 00 00 7F 7F 00 00 00 00 00 00 00 00 7F 00 00 7F 7F 7F 00 00 7F 00 00 7F 00 7F 00 00 00 00 7F 7F 00 00 7F 00 7F 00 00 7F 00 00 00 00 00 7F 7F 7F 00 00 00 00 00 00 00 00 7F 00 7F 00 00 00 00 7F 00 00 00 7F 7F 00 00 7F 00 7F 7F 00 7F 00 00 00 7F 00 00 7F 00 00 00 00 00 00 7F 00 7F 00 00 00 7F 7F 00 00 00 00 00 00 00 00 7F 00 00 00 00
001521  14966089940..14966444000  60 FD 40
001522  14966495320..14981257380  60 18 00 00 00 00 7F 7F 00 7F 00 7F 00 00 7F 00 7F 00 00 00 7F 7F 00 00 00 00 7F 00 00 00 00 00 00 00 00 7F 00 00 7F 7F 7F 00 00 7F 00 00 7F 00 7F 00 00 00 00 7F 00 00 00 00 00 7F 00 00 7F 00 00 00 00 00 00 7F 7F 00 00 00 00 00 00 00 00 7F 00 7F 00 00 00 00 7F 00 00 00 7F 7F 00 00 7F 00 7F 7F 00 7F 00 7F 00 7F 00 00 7F 00 00 00 00 00 00 00 00 7F 00 00 00 7F 00 00 00 00 00 00 00 7F 00 7F 00 00 00 00
001523  15001498280..15001852080  60 FD 40
001524  15001903340..15016819460  60 18 00 00 7F 7F 7F 7F 7F 7F 00 7F 00 00 7F 00 7F 00 00 00 7F 7F 00 00 00 00 7F 00 7F 00 00 00 7F 00 00 00 00 00 00 7F 7F 00 00 7F 7F 00 00 00 7F 7F 00 00 00 00 00 00 00 00 00 00 00 7F 00 00 00 7F 00 00 00 00 7F 00 00 00 00 7F 00 7F 00 00 00 7F 00 00 00 00 7F 00 7F 00 7F 7F 00 00 7F 00 7F 7F 00 7F 00 7F 00 00 00 00 00 00 00 00 00 00 00 00 00 00 00 00 00 00 00 00 00 00 00 00 00 7F 00 7F 00 00 00 00
001525  15016963700..15017317740  60 FD 40
001526  15017369040..15032295440  60 18 00 00 7F 7F 7F 7F 7F 7F 00 7F 00 00 7F 00 7F 7F 00 00 00 7F 00 00 00 00 00 7F 7F 00 7F 00 7F 7F 00 00 7F 7F 00 00 7F 00 00 00 7F 00 00 7F 00 7F 00 00 00 00 00 00 00 00 00 00 00 7F 00 00 7F 7F 00 00 00 00 00 00 00 00 00 7F 00 7F 00 00 7F 00 00 00 7F 00 7F 7F 7F 00 7F 7F 00 00 7F 00 7F 7F 00 7F 00 7F 7F 00 00 00 00 00 00 00 00 00 00 00 00 00 00 00 00 00 00 00 00 00 00 00 00 7F 00 7F 00 00 00 00
001527  15032436360..15032790440  60 FD 40
001528  15032841720..15047762480  60 18 00 00 7F 7F 00 7F 7F 7F 00 00 00 00 00 00 00 7F 00 00 00 00 00 00 00 00 00 7F 7F 00 7F 00 7F 7F 00 00 7F 7F 00 00 7F 00 00 00 7F 00 00 7F 00 7F 00 00 00 00 00 00 00 00 00 00 00 7F 00 00 7F 7F 00 00 00 00 00 00 7F 00 00 7F 00 7F 00 00 7F 00 00 00 7F 00 7F 7F 7F 00 7F 7F 00 00 7F 00 7F 7F 00 00 00 00 7F 00 00 00 00 00 00 00 00 00 00 00 00 00 00 00 00 00 00 00 00 00 00 00 00 7F 00 7F 00 00 00 00
001529  15067992480..15068346440  60 FD 40
001530  15068397720..15083226300  60 18 00 00 00 00 00 7F 00 7F 00 00 00 00 00 00 00 7F 00 7F 00 00 00 00 00 00 00 7F 00 00 7F 00 00 7F 00 7F 7F 7F 00 00 00 00 00 00 00 00 7F 7F 00 00 7F 00 00 00 00 00 00 00 00 7F 00 00 00 00 7F 00 00 00 00 00 00 00 7F 00 00 7F 00 7F 00 7F 7F 00 00 00 7F 00 7F 7F 00 00 7F 7F 7F 7F 00 00 7F 7F 00 00 00 00 7F 00 00 7F 7F 00 00 7F 00 00 00 00 00 00 00 00 7F 00 00 00 00 00 00 00 00 7F 00 7F 00 00 00 00
001531  15083371660..15083725560  60 FD 40
001532  15083776860..15098692260  60 18 00 00 00 00 00 7F 00 7F 00 00 00 00 00 7F 00 00 00 7F 00 00 00 00 00 00 00 00 00 00 00 00 00 00 00 7F 00 00 00 00 00 00 7F 00 00 00 7F 00 00 00 7F 00 7F 00 00 7F 00 00 7F 7F 00 00 00 7F 7F 00 00 00 00 00 00 00 7F 00 7F 7F 00 7F 00 7F 00 00 00 00 00 00 7F 00 00 00 7F 00 7F 7F 00 00 7F 7F 00 00 00 00 00 00 00 7F 7F 00 7F 7F 7F 00 00 00 7F 00 00 00 7F 00 00 00 00 00 00 00 7F 7F 00 00 7F 00 00 00
001533  15098833040..15099186800  60 FD 40
001534  15099238100..15114160100  60 18 00 00 00 00 00 7F 00 00 00 00 00 00 00 7F 00 00 00 7F 00 00 00 00 00 00 00 00 00 00 00 00 00 00 00 7F 00 00 00 00 00 00 7F 00 00 00 7F 00 00 00 7F 7F 7F 00 00 7F 00 00 7F 7F 00 00 00 7F 7F 00 00 00 00 00 00 00 7F 00 7F 7F 00 7F 00 7F 00 00 00 00 00 00 7F 00 00 00 7F 00 7F 7F 00 00 7F 7F 00 00 00 00 00 00 00 7F 7F 00 7F 7F 7F 00 00 00 7F 00 00 00 7F 00 00 00 00 00 00 00 7F 7F 00 00 7F 00 00 00
001535  15134395640..15134749660  60 FD 40
001536  15134800920..15149720960  60 18 00 00 7F 7F 00 00 7F 00 00 00 00 00 00 7F 00 00 7F 00 00 00 00 00 00 00 00 00 00 00 00 7F 00 00 00 00 00 00 00 00 00 7F 7F 00 00 00 00 00 00 00 00 7F 7F 00 00 7F 00 00 7F 00 00 7F 00 7F 7F 7F 00 00 00 00 00 00 7F 7F 7F 7F 00 7F 00 00 00 00 7F 00 00 00 7F 00 00 00 7F 00 7F 00 00 00 00 7F 00 00 00 00 00 00 00 00 00 00 7F 00 7F 00 00 00 7F 00 7F 00 7F 00 00 7F 00 00 00 00 7F 7F 00 00 7F 00 00 00
001537  15149865160..15150219220  60 FD 40
001538  15150270540..15165191040  60 18 00 00 7F 7F 00 00 7F 00 00 00 00 00 00 00 00 00 7F 00 7F 00 00 00 00 00 00 00 00 00 00 7F 00 00 00 00 00 00 00 00 00 7F 7F 00 00 00 00 00 00 00 00 7F 00 00 00 00 00 00 00 00 7F 7F 00 00 7F 7F 00 00 00 00 00 7F 7F 7F 00 7F 00 7F 00 00 00 00 7F 7F 00 7F 7F 00 00 00 7F 00 7F 00 00 00 00 7F 00 00 00 00 00 00 7F 00 00 00 00 00 00 00 00 00 00 00 7F 00 7F 00 00 7F 00 00 00 7F 00 7F 00 00 00 00 00 00
001539  15165331880..15165685680  60 FD 40
001540  15165736960..15180651020  60 18 00 00 7F 7F 00 00 7F 00 00 00 00 00 00 00 00 00 7F 00 7F 00 00 00 00 00 00 00 00 00 00 7F 00 00 00 00 00 00 00 00 00 7F 7F 00 00 00 00 00 00 00 00 7F 00 00 7F 00 00 00 00 00 7F 7F 00 00 7F 7F 00 00 00 00 00 7F 7F 7F 00 7F 00 7F 00 00 00 00 7F 7F 00 7F 7F 00 00 00 00 00 7F 00 00 00 00 7F 00 00 00 00 00 00 7F 00 00 00 00 00 00 00 00 00 00 00 7F 00 7F 00 00 7F 00 00 00 7F 00 7F 00 00 00 00 00 00
001541  15200891640..15201245780  60 FD 40
001542  15201297080..15216220320  60 18 00 00 00 00 00 00 00 00 00 00 00 00 00 00 00 00 7F 7F 7F 00 00 00 00 00 00 00 00 00 00 7F 00 00 00 00 00 00 7F 00 00 00 7F 00 00 00 00 00 00 00 7F 7F 00 7F 7F 00 00 00 00 00 7F 00 7F 00 7F 00 00 00 00 7F 00 7F 7F 00 00 00 00 00 00 00 00 00 00 7F 00 7F 7F 00 00 00 00 00 7F 7F 00 00 00 7F 00 00 00 00 00 7F 7F 7F 00 00 00 7F 00 00 00 00 00 7F 00 00 7F 7F 00 00 00 00 00 7F 00 7F 00 00 00 00 00 00
001543  15216364560..15216718680  60 FD 40
001544  15216770040..15231698320  60 18 00 00 00 00 00 00 00 00 00 00 00 00 00 00 00 00 7F 7F 7F 00 00 00 00 00 7F 00 00 7F 00 7F 00 00 00 00 00 00 7F 7F 00 00 7F 7F 00 00 00 00 7F 00 7F 7F 00 7F 7F 00 00 00 00 00 00 00 7F 00 7F 00 00 00 00 7F 00 00 7F 00 00 00 00 00 00 00 00 7F 00 00 00 00 00 00 00 00 00 7F 7F 7F 00 00 00 7F 00 00 00 00 00 7F 00 7F 00 00 00 7F 00 00 00 00 00 7F 00 00 7F 7F 00 00 00 00 00 00 00 7F 00 00 00 00 00 00
001545  15231839200..15232193200  60 FD 40
001546  15232244480..15247168320  60 18 00 00 00 00 00 00 00 00 00 00 00 00 00 00 7F 00 7F 7F 7F 00 00 00 00 00 7F 00 00 7F 00 7F 00 00 00 00 00 00 7F 7F 00 00 7F 7F 00 00 00 00 7F 00 7F 7F 00 7F 7F 00 00 00 00 00 00 00 7F 00 7F 00 00 00 00 7F 00 00 7F 00 00 00 00 00 00 00 00 7F 00 00 00 00 00 00 00 00 00 7F 7F 7F 00 00 00 7F 00 00 00 00 00 7F 00 7F 00 00 00 7F 00 00 00 00 00 7F 00 00 7F 7F 00 00 00 00 00 00 00 00 00 00 00 00 00 00
001547  15267415160..15267769080  60 FD 40
001548  15267820320..15282735160  60 18 00 00 00 00 00 00 00 00 00 00 00 00 00 00 7F 00 7F 00 7F 00 00 00 00 00 7F 00 7F 7F 00 7F 7F 00 00 00 00 00 00 7F 7F 00 7F 7F 7F 00 00 00 7F 7F 00 7F 00 7F 7F 00 00 00 00 00 00 00 00 00 7F 00 00 00 00 7F 00 00 7F 00 00 00 00 00 00 00 00 7F 00 00 00 00 00 00 7F 00 00 7F 00 00 7F 00 7F 7F 00 00 00 00 00 00 00 00 00 00 00 00 00 00 00 00 00 00 00 00 00 00 00 00 00 00 00 00 00 00 00 00 00 00 00 00
001549  15282879260..15283232980  60 FD 40
001550  15283284260..15298089400  60 18 00 00 00 00 00 00 00 00 00 00 00 00 00 00 7F 7F 7F 00 7F 00 00 00 00 00 00 7F 7F 00 7F 7F 7F 00 00 00 00 7F 00 00 7F 00 7F 00 7F 00 00 7F 00 7F 00 7F 00 7F 7F 00 00 00 00 00 00 00 00 00 7F 00 00 00 00 7F 7F 00 7F 00 00 00 00 00 00 00 00 00 00 00 00 00 00 00 7F 00 00 7F 00 00 7F 00 7F 00 00 00 00 00 7F 00 00 00 00 00 00 00 00 00 00 00 00 00 00 00 00 00 00 00 00 00 00 00 00 00 00 00 00 00 00 00
001551  15298231420..15298585200  60 FD 40
001552  15298636480..15313555120  60 18 00 00 00 00 00 00 00 00 00 00 00 00 00 00 7F 7F 7F 00 7F 00 00 00 00 00 00 7F 7F 00 7F 7F 7F 00 00 00 00 7F 00 00 7F 00 7F 00 7F 00 00 7F 00 7F 00 7F 00 7F 7F 00 00 00 00 00 00 00 00 00 7F 00 00 00 00 7F 7F 00 00 00 00 00 00 00 00 00 00 00 00 00 00 00 00 00 7F 00 00 7F 00 00 7F 00 7F 00 00 00 00 00 7F 00 00 00 00 00 00 00 00 00 00 00 00 00 00 00 00 00 00 00 00 00 00 00 00 00 00 00 00 00 00 00
001553  15333787800..15334141840  60 FD 40
001554  15334193120..15349104980  60 18 00 00 00 00 00 00 00 00 00 00 00 00 00 00 7F 7F 00 00 7F 00 00 00 00 00 00 7F 00 00 7F 00 00 00 00 7F 00 7F 00 00 7F 00 7F 00 00 00 7F 7F 00 00 00 7F 00 7F 7F 00 00 00 00 7F 00 00 00 00 7F 00 00 00 00 7F 7F 00 00 00 00 7F 00 00 00 7F 00 00 00 00 00 00 00 00 00 00 00 7F 00 00 7F 00 7F 00 00 00 00 00 7F 00 00 00 7F 00 00 00 00 00 00 00 00 00 00 00 00 00 00 00 00 00 00 00 00 00 00 00 00 00 00 00
001555  15349248980..15349602640  60 FD 40
001556  15349653880..15364569140  60 18 00 00 00 00 00 00 00 00 00 00 00 00 00 00 7F 00 00 00 7F 00 00 00 00 00 00 00 00 00 00 00 00 00 00 7F 00 00 00 00 7F 00 7F 00 00 00 7F 7F 00 00 00 7F 7F 7F 7F 7F 00 00 7F 7F 00 00 00 00 00 00 00 00 00 7F 00 00 00 00 00 7F 00 00 00 7F 00 00 00 00 00 00 00 00 00 00 00 7F 00 00 7F 00 7F 00 00 00 00 00 00 00 00 00 7F 00 00 00 7F 00 00 00 00 00 00 00 00 00 00 00 00 00 00 00 7F 00 00 7F 7F 00 00 00
001557  15364709940..15365063760  60 FD 40
001558  15365115060..15380038360  60 18 00 7F 00 00 00 00 00 00 00 00 00 00 00 00 7F 00 00 00 7F 00 00 00 7F 00 00 00 00 00 00 00 00 00 00 7F 00 00 00 00 7F 00 7F 00 00 00 7F 7F 00 00 00 00 7F 7F 7F 7F 00 00 7F 7F 00 00 00 00 00 00 00 00 00 7F 00 00 00 00 00 7F 00 00 00 7F 00 00 00 00 00 00 00 00 00 00 00 7F 00 00 7F 7F 7F 00 7F 00 00 00 00 00 00 00 7F 00 00 00 7F 00 00 00 00 00 00 00 00 00 00 00 00 00 00 00 7F 7F 7F 7F 7F 7F 00 00
001559  15400283700..15400637620  60 FD 40
001560  15400688900..15415611920  60 18 00 7F 7F 7F 00 7F 7F 00 00 00 00 00 00 00 7F 00 00 00 7F 00 00 00 7F 00 00 00 00 00 00 00 00 00 00 00 00 00 00 00 7F 7F 7F 00 00 00 00 7F 00 00 00 00 7F 00 7F 7F 00 00 7F 00 00 7F 00 00 00 7F 00 00 00 00 00 00 00 7F 00 7F 00 00 00 00 00 00 7F 00 00 00 00 00 00 00 00 7F 7F 00 7F 7F 7F 00 7F 00 00 00 00 00 00 00 00 00 00 00 7F 00 00 00 00 00 7F 00 00 00 00 7F 00 00 00 00 7F 7F 7F 7F 7F 7F 00 00
001561  15415756080..15416109980  60 FD 40
001562  15416161280..15431080020  60 18 00 7F 7F 7F 00 7F 7F 00 00 00 00 00 00 00 7F 00 00 00 7F 00 00 00 7F 00 00 00 00 00 00 00 00 00 00 00 00 00 00 00 7F 7F 00 00 00 00 00 7F 00 00 00 00 7F 00 7F 00 00 00 00 00 00 7F 00 00 00 7F 00 00 00 00 00 00 00 7F 00 7F 00 00 00 00 00 00 7F 7F 00 00 00 00 00 00 00 7F 7F 00 7F 7F 7F 00 7F 00 00 00 00 00 00 00 00 00 00 00 00 00 00 00 00 00 7F 00 00 00 00 7F 00 00 00 00 00 7F 7F 00 00 7F 00 00
001563  15431220840..15431574740  60 FD 40
001564  15431626020..15446542600  60 18 00 00 7F 7F 00 7F 7F 00 00 00 00 00 00 00 7F 00 00 00 7F 00 00 00 00 00 00 00 00 00 00 00 00 00 00 00 00 00 00 00 7F 7F 00 00 00 00 00 7F 00 00 00 00 7F 00 00 00 00 00 00 00 00 7F 00 00 00 7F 00 00 00 00 00 00 7F 7F 00 7F 00 00 00 00 00 00 7F 7F 00 00 00 00 00 00 00 7F 7F 00 7F 00 7F 00 00 00 00 00 00 00 00 00 00 7F 00 00 00 00 7F 00 00 00 7F 7F 00 00 7F 7F 00 7F 7F 00 00 00 7F 00 00 00 00 00
001565  15466777020..15467131140  60 FD 40
001566  15467182420..15482103600  60 18 00 00 00 00 00 00 00 00 00 00 00 00 00 00 7F 00 00 7F 7F 00 00 00 00 00 00 00 00 00 00 7F 00 00 00 00 00 00 7F 00 00 00 00 00 00 00 00 7F 00 00 7F 00 7F 00 00 00 00 00 00 00 00 00 7F 00 00 00 00 00 00 00 00 00 7F 00 00 7F 00 7F 00 00 00 00 00 7F 00 00 00 00 00 00 00 7F 7F 7F 00 00 7F 00 00 00 00 00 00 7F 00 7F 00 7F 00 7F 00 00 7F 00 00 7F 00 7F 00 7F 7F 00 00 7F 7F 00 00 00 7F 00 00 00 00 00
001567  15482247740..15482601640  60 FD 40
001568  15482652920..15497574920  60 18 00 00 00 00 00 00 00 00 00 00 00 00 00 00 7F 00 00 7F 00 00 00 00 00 00 00 00 00 00 00 7F 00 00 00 00 00 00 7F 00 00 00 00 00 00 00 00 7F 7F 00 7F 00 7F 00 00 00 00 00 00 00 00 00 7F 00 00 00 00 00 00 00 00 00 7F 00 00 7F 00 7F 00 00 00 00 00 7F 00 00 00 00 00 00 00 7F 7F 7F 00 00 7F 00 00 00 00 00 00 7F 00 7F 00 7F 00 7F 00 00 7F 00 00 7F 00 7F 00 7F 7F 00 00 7F 7F 00 00 00 7F 00 00 00 00 00
001569  15497715820..15498079900  60 FD 40
001570  15498131640..15512896980  60 18 7F 00 00 00 00 00 00 00 00 00 00 7F 00 00 00 00 00 7F 00 00 7F 00 00 00 00 00 00 00 00 7F 00 00 00 00 00 00 7F 00 00 00 00 00 00 00 00 7F 7F 00 7F 7F 7F 00 00 00 00 00 00 00 00 00 7F 00 00 00 7F 00 00 00 00 00 00 00 00 7F 7F 7F 00 00 00 00 00 7F 00 00 00 00 00 00 00 7F 7F 7F 00 00 7F 00 7F 7F 00 00 00 7F 00 7F 00 00 00 7F 00 00 00 00 00 7F 00 7F 00 7F 00 00 00 00 00 00 00 7F 00 00 00 00 00 00
001571  15533149780..15533503840  60 FD 40
001572  15533555120..15548475260  60 18 7F 00 00 00 00 00 00 00 00 00 00 7F 00 00 00 00 00 00 00 00 7F 00 00 00 00 00 7F 00 00 7F 7F 00 00 00 00 00 00 00 00 00 00 00 7F 00 00 7F 7F 7F 00 7F 7F 7F 00 00 00 00 00 00 00 00 00 00 00 00 7F 00 00 00 00 00 00 00 00 7F 7F 00 00 00 00 00 00 7F 00 00 00 00 7F 00 00 7F 7F 00 00 00 7F 00 7F 7F 00 00 00 00 00 00 00 00 00 00 00 00 00 00 00 00 00 7F 7F 00 00 00 00 00 00 00 00 7F 00 00 00 00 00 00
001573  15548619540..15548973480  60 FD 40
001574  15549024780..15563951180  60 18 7F 00 00 00 00 00 00 00 00 00 00 7F 00 00 00 00 00 00 00 00 7F 00 00 00 00 7F 7F 00 00 7F 7F 00 00 00 00 00 00 00 00 00 00 00 7F 00 00 00 7F 7F 00 7F 7F 7F 00 00 00 00 00 00 00 00 00 00 00 00 7F 00 00 00 00 00 00 00 00 7F 7F 00 00 00 00 00 00 7F 00 00 00 00 7F 00 00 00 7F 00 00 00 7F 00 7F 7F 00 00 00 00 00 00 00 00 00 00 00 00 00 00 00 00 00 7F 7F 00 00 00 00 00 00 00 00 7F 00 00 00 00 00 00
001575  15564092120..15564446340  60 FD 40
001576  15564497660..15579424260  60 18 00 00 00 00 00 00 00 7F 7F 00 00 00 00 00 00 00 00 00 00 00 00 00 00 7F 00 7F 7F 00 00 7F 7F 00 00 00 00 00 00 00 00 00 00 00 7F 00 00 00 7F 7F 00 00 7F 7F 7F 00 00 7F 00 00 00 00 00 00 00 00 7F 00 7F 00 00 00 7F 00 00 7F 00 00 00 00 00 00 00 7F 00 00 00 00 7F 00 00 00 7F 00 00 00 7F 00 00 00 00 00 00 00 00 00 00 7F 00 00 00 00 00 7F 00 00 00 00 7F 00 00 00 00 00 00 00 00 00 7F 00 00 00 00 00
001577  15599674600..15600028740  60 FD 40
001578  15600080020..15614807460  60 18 00 00 00 00 00 00 00 7F 7F 00 00 00 00 00 00 00 7F 00 00 00 00 00 00 7F 00 7F 00 00 00 7F 00 00 00 7F 00 00 00 00 00 00 00 00 00 00 7F 00 7F 00 00 00 7F 7F 7F 00 00 7F 00 7F 00 00 00 00 00 00 7F 00 7F 00 00 00 7F 00 00 7F 00 00 00 7F 00 00 00 7F 00 00 00 00 00 00 00 00 7F 00 7F 00 00 00 00 00 00 00 00 00 00 00 7F 7F 00 00 00 00 00 7F 00 00 00 00 00 00 00 00 00 00 00 00 00 00 7F 00 00 00 00 00
001579  15614952820..15615306740  60 FD 40
001580  15615358040..15630279620  60 18 00 00 00 00 00 00 00 7F 7F 00 00 00 00 00 00 00 7F 00 00 00 00 00 00 7F 00 7F 00 00 00 7F 00 00 00 7F 00 00 00 00 00 00 00 00 00 00 7F 00 7F 00 00 00 00 7F 7F 7F 00 7F 00 7F 00 00 00 00 00 00 7F 00 7F 00 00 00 7F 00 00 7F 00 00 00 7F 00 00 00 7F 00 00 00 00 00 00 00 00 7F 00 7F 00 00 00 00 00 00 00 00 00 00 00 7F 7F 00 00 00 00 00 7F 00 00 00 00 00 00 00 00 00 00 00 00 00 00 7F 00 00 00 00 00
001581  15630420580..15630774720  60 FD 40
001582  15630826040..15645746680  60 18 00 7F 00 00 7F 00 00 00 00 7F 00 00 7F 00 7F 00 7F 00 00 7F 00 00 7F 00 00 7F 00 00 00 7F 00 00 00 7F 00 00 00 00 00 00 00 00 00 00 7F 00 7F 00 00 7F 00 7F 00 7F 00 7F 00 7F 00 00 00 00 00 00 00 00 00 00 00 00 00 00 00 7F 7F 00 00 7F 00 00 00 7F 00 00 00 00 00 00 7F 00 7F 00 7F 7F 00 00 7F 00 00 7F 00 00 00 00 7F 00 00 00 00 00 00 00 00 00 00 7F 00 00 00 00 00 00 00 00 00 7F 7F 00 00 7F 00 00
001583  15665986040..15666340180  60 FD 40
001584  15666391460..15681310720  60 18 00 7F 7F 7F 7F 00 7F 00 00 7F 00 00 7F 00 7F 00 00 00 00 7F 00 00 7F 00 00 7F 00 00 00 7F 00 00 00 00 00 00 00 00 00 00 00 00 00 00 00 00 7F 00 00 7F 00 7F 00 7F 00 7F 00 00 00 7F 00 00 00 7F 00 00 00 7F 00 00 00 00 00 00 7F 00 00 00 00 00 00 7F 00 00 00 00 00 00 7F 00 7F 00 7F 7F 00 00 7F 00 00 7F 00 00 00 00 00 00 00 00 00 00 00 00 00 00 7F 7F 00 00 00 00 00 00 00 00 00 7F 7F 00 00 7F 00 00
001585  15681454920..15681808640  60 FD 40
001586  15681859940..15696772020  60 18 00 7F 7F 7F 7F 00 7F 00 00 7F 00 00 7F 00 7F 00 00 00 00 7F 00 00 7F 00 00 7F 00 00 00 7F 00 7F 00 00 7F 00 00 00 00 00 00 00 00 00 00 7F 7F 00 00 7F 00 7F 00 7F 00 7F 00 00 00 7F 00 00 00 7F 00 00 00 7F 00 00 00 00 00 00 7F 00 00 00 7F 00 00 00 7F 00 7F 7F 00 00 7F 00 7F 00 7F 7F 00 00 7F 00 00 7F 00 00 00 00 00 00 00 00 00 00 00 00 00 00 7F 7F 00 00 00 00 00 00 00 00 00 7F 7F 00 00 7F 00 00
001587  15696912800..15697266640  60 FD 40
001588  15697317940..15712037160  60 18 00 00 7F 7F 7F 00 7F 00 7F 00 00 00 00 00 00 00 00 00 00 00 00 00 00 00 00 7F 00 00 00 7F 00 7F 00 00 7F 00 00 00 00 00 00 00 00 00 00 7F 7F 00 00 00 00 7F 7F 7F 00 00 00 00 00 7F 00 00 00 7F 7F 00 00 7F 00 00 7F 00 00 00 00 00 00 00 7F 00 00 00 7F 00 7F 7F 00 00 00 00 7F 00 7F 00 00 00 00 00 00 00 00 00 00 00 00 7F 00 00 00 00 7F 00 00 00 7F 7F 00 00 7F 00 00 7F 7F 00 00 00 00 00 00 00 00 00
001589  15732358840..15732712760  60 FD 40
001590  15732764000..15747679560  60 18 00 00 00 00 7F 00 00 00 7F 00 00 00 00 00 00 00 00 7F 00 00 00 00 00 00 00 7F 00 00 00 7F 00 7F 00 00 7F 00 7F 00 7F 00 00 00 00 00 00 7F 7F 00 7F 00 00 7F 7F 7F 00 00 00 00 00 00 00 00 00 00 7F 00 00 00 00 00 7F 00 00 00 00 00 00 00 7F 00 00 00 7F 00 7F 7F 00 00 00 00 00 7F 7F 00 00 00 00 00 00 00 00 00 00 7F 00 7F 00 7F 00 00 7F 00 00 00 7F 7F 00 00 7F 00 00 7F 7F 00 00 00 00 00 00 00 00 00
001591  15747823620..15748177440  60 FD 40
001592  15748228720..15763143880  60 18 00 00 00 00 7F 00 00 00 7F 00 00 00 00 7F 00 00 00 7F 00 00 00 00 00 00 00 7F 00 00 00 7F 00 00 00 00 00 00 7F 00 7F 00 00 00 00 00 00 00 00 00 7F 00 7F 7F 7F 7F 00 00 00 00 00 00 00 7F 00 00 7F 00 00 00 00 00 7F 00 7F 00 00 00 00 00 00 00 00 00 7F 00 00 00 00 00 00 00 00 7F 7F 00 00 7F 00 00 00 00 00 00 00 7F 00 7F 7F 7F 00 00 7F 00 7F 00 7F 7F 00 00 7F 00 00 7F 7F 00 00 00 00 00 00 00 00 00
001593  15763284780..15763638720  60 FD 40
001594  15763690000..15778609760  60 18 7F 7F 00 00 00 00 00 00 00 00 00 7F 00 7F 7F 00 00 7F 00 00 7F 00 7F 00 00 7F 00 00 00 7F 00 00 00 00 00 00 7F 00 7F 00 00 00 00 00 00 00 00 00 7F 7F 7F 7F 00 7F 00 7F 00 00 00 00 00 7F 00 00 7F 00 00 00 00 00 00 00 7F 00 7F 00 00 00 00 00 00 00 7F 00 00 00 00 00 00 00 00 7F 7F 00 00 7F 7F 7F 00 7F 00 00 00 7F 00 00 7F 7F 00 00 00 00 7F 00 7F 00 00 00 00 00 00 00 00 00 00 7F 7F 00 00 7F 00 00
001595  15798852880..15799206780  60 FD 40
001596  15799258040..15814023580  60 18 7F 7F 00 00 00 00 00 00 00 00 00 7F 00 7F 7F 00 00 00 00 00 7F 00 7F 00 00 7F 00 00 00 00 00 00 00 00 00 00 7F 00 00 00 00 00 00 00 00 00 00 7F 00 7F 7F 7F 00 7F 00 7F 00 00 00 00 00 7F 00 00 7F 00 00 00 00 00 00 00 7F 00 7F 00 00 00 00 00 00 00 7F 00 00 00 00 00 00 00 00 00 7F 00 00 7F 7F 7F 00 7F 00 00 00 00 00 00 7F 00 00 00 00 00 7F 00 7F 00 00 00 00 00 00 00 00 00 00 7F 7F 00 00 7F 00 00
001597  15814168940..15814522780  60 FD 40
001598  15814574040..15829493060  60 18 7F 7F 00 00 00 00 00 00 00 00 00 7F 00 00 7F 00 00 00 00 00 7F 00 7F 00 00 00 00 00 00 00 00 00 00 00 00 00 7F 00 00 00 00 00 00 00 00 7F 00 7F 00 7F 00 7F 00 7F 00 7F 00 00 7F 00 00 7F 7F 00 7F 00 00 00 00 7F 00 00 00 00 7F 00 00 00 00 00 00 7F 00 7F 00 7F 00 00 00 00 00 00 7F 00 00 00 7F 7F 00 7F 00 00 7F 00 00 00 00 00 00 00 00 00 00 00 7F 00 00 00 00 00 00 00 00 7F 00 7F 7F 00 00 7F 00 00
001599  15829633920..15829987940  60 FD 40
001600  15830039220..15844960420  60 18 00 00 00 00 7F 00 00 7F 7F 00 00 00 00 00 00 00 00 00 00 00 00 00 7F 7F 00 00 00 00 00 00 00 00 00 00 00 00 7F 00 00 00 00 00 00 00 00 7F 00 7F 00 00 00 7F 7F 7F 00 7F 00 00 7F 00 00 7F 7F 00 00 00 7F 00 00 7F 7F 00 00 00 00 00 00 00 00 00 00 7F 00 7F 00 7F 00 00 00 00 00 00 7F 7F 00 00 00 00 00 00 00 00 7F 00 00 7F 00 00 00 00 7F 7F 00 00 7F 7F 00 00 00 00 00 7F 7F 7F 00 00 00 00 00 00 00 00
001601  15865195180..15865549360  60 FD 40
001602  15865600660..15880523040  60 18 00 00 00 00 7F 00 00 7F 7F 00 00 00 00 00 00 00 00 00 00 00 00 00 7F 7F 00 00 00 00 00 00 00 00 00 00 00 00 7F 00 00 00 00 00 00 00 7F 7F 00 7F 00 00 00 00 7F 7F 00 7F 00 00 7F 00 00 7F 7F 00 00 00 7F 00 00 7F 7F 00 00 00 00 00 00 00 00 00 00 7F 00 7F 00 7F 00 00 00 00 00 00 7F 7F 00 00 00 00 00 00 00 00 7F 00 00 7F 00 00 00 00 7F 7F 00 00 7F 7F 00 00 00 00 00 7F 7F 7F 00 00 00 00 00 00 00 00
001603  15880667220..15881021100  60 FD 40
001604  15881072400..15895985740  60 18 00 00 00 00 7F 00 00 7F 7F 00 00 00 00 00 00 00 00 00 00 00 00 00 7F 7F 7F 00 00 7F 00 00 00 00 00 00 00 00 7F 7F 00 00 7F 7F 00 00 7F 00 7F 7F 00 00 7F 00 7F 00 00 7F 00 00 7F 00 00 00 00 00 00 00 7F 00 00 00 7F 00 00 00 00 00 00 00 00 7F 00 00 7F 00 00 00 00 00 00 00 00 00 7F 7F 00 00 00 00 00 00 00 00 00 00 00 7F 7F 00 00 00 7F 7F 00 00 7F 7F 00 00 00 00 00 7F 7F 00 00 00 00 00 00 00 00 00
001605  15896126480..15896480180  60 FD 40
001606  15896531440..15911453740  60 18 7F 00 00 00 7F 00 00 00 00 7F 00 7F 7F 00 7F 00 00 00 00 7F 7F 00 7F 00 7F 00 00 7F 00 00 00 00 00 00 00 00 7F 7F 00 00 7F 7F 00 00 7F 00 7F 7F 00 7F 7F 00 00 00 00 00 00 00 7F 00 00 00 00 00 7F 00 00 00 00 00 00 00 00 00 7F 00 00 00 00 7F 00 00 7F 00 00 00 00 00 7F 00 00 00 7F 7F 00 00 00 00 00 7F 00 00 00 00 00 00 7F 00 00 00 7F 00 00 00 7F 00 00 00 7F 00 00 00 00 00 00 00 00 00 00 00 00 00
001607  15931690940..15932044840  60 FD 40
001608  15932096120..15947017980  60 18 7F 00 00 7F 7F 00 00 00 00 7F 00 7F 7F 00 7F 00 00 00 00 7F 7F 00 7F 00 7F 00 00 7F 00 00 00 00 00 00 00 00 7F 7F 00 00 7F 7F 00 00 7F 00 7F 7F 00 7F 7F 00 00 00 00 00 00 00 7F 00 00 00 00 00 7F 00 00 00 00 00 00 00 00 00 7F 00 00 00 00 7F 00 00 7F 00 00 00 00 00 7F 00 00 00 00 7F 00 00 00 00 00 7F 00 00 00 00 00 00 7F 00 00 00 7F 00 00 00 00 00 00 00 7F 00 00 00 00 00 00 00 00 00 00 00 00 00
001609  15947162200..15947516220  60 FD 40
001610  15947567520..15962487320  60 18 7F 00 00 7F 7F 00 00 00 00 7F 00 7F 7F 00 7F 7F 00 00 7F 7F 7F 00 7F 00 00 7F 00 00 7F 00 00 7F 00 00 7F 7F 7F 7F 00 00 00 00 00 00 7F 7F 00 7F 00 7F 00 00 00 00 00 00 00 00 00 00 00 7F 00 00 7F 00 00 00 7F 00 00 00 00 00 7F 00 00 00 7F 00 00 7F 7F 00 7F 7F 00 00 7F 00 00 00 00 7F 00 00 00 00 00 7F 7F 00 7F 00 00 00 00 00 00 00 7F 00 00 00 00 00 00 00 7F 00 00 00 00 00 00 00 00 00 00 00 00 00
001611  15962628140..15962981980  60 FD 40
001612  15963033260..15977945120  60 18 00 00 00 7F 00 00 00 00 7F 00 00 00 00 00 00 7F 00 00 7F 00 7F 00 7F 7F 00 7F 00 00 7F 00 00 7F 00 00 7F 7F 7F 7F 00 00 00 00 00 00 7F 7F 00 7F 00 00 00 00 7F 00 00 7F 00 00 00 00 00 7F 00 00 00 00 7F 00 7F 00 00 00 00 00 00 00 00 00 7F 00 00 7F 7F 00 7F 7F 00 00 00 00 00 00 00 7F 00 00 00 7F 00 00 7F 00 7F 00 00 00 00 00 00 00 7F 7F 00 00 00 00 00 00 7F 00 00 00 00 00 00 00 00 00 00 00 00 00
001613  15998184020..15998537780  60 FD 40
001614  15998589020..16013505740  60 18 00 00 00 7F 00 00 00 00 7F 00 00 00 00 00 00 7F 00 00 7F 00 7F 00 7F 7F 00 7F 00 00 7F 00 00 7F 00 00 7F 7F 00 7F 00 00 00 00 00 00 7F 7F 00 7F 00 00 00 00 7F 00 00 7F 00 00 00 00 00 7F 00 00 00 00 7F 00 7F 00 00 00 00 00 00 00 00 00 7F 00 00 7F 7F 00 7F 7F 00 00 00 00 00 00 00 7F 00 00 00 7F 00 00 7F 00 7F 00 00 00 00 7F 00 00 7F 7F 00 00 00 00 00 00 7F 00 00 00 00 00 00 00 00 00 00 00 00 00
001615  16013649880..16014003660  60 FD 40
001616  16014054940..16028839940  60 18 00 00 00 7F 00 00 00 00 7F 00 00 00 00 7F 00 7F 00 00 00 00 7F 00 7F 7F 00 00 00 00 00 00 00 00 00 00 00 00 00 00 00 00 00 7F 00 00 7F 00 7F 7F 00 00 7F 00 7F 7F 00 7F 7F 00 7F 00 00 7F 00 00 00 00 7F 00 00 00 00 00 7F 00 00 00 00 00 00 00 00 00 00 00 00 00 00 00 00 7F 00 00 00 7F 00 7F 00 7F 00 00 00 00 00 00 00 00 7F 7F 7F 00 7F 7F 7F 00 00 00 00 00 7F 00 00 00 00 00 7F 00 00 7F 7F 00 00 00
001617  16028982000..16029335860  60 FD 40
001618  16029387120..16044299480  60 18 00 7F 00 7F 7F 00 00 7F 00 7F 00 00 7F 7F 7F 7F 00 00 00 7F 7F 00 7F 00 00 00 00 00 00 00 00 00 00 00 00 00 00 00 00 00 00 7F 00 00 7F 00 7F 7F 00 00 7F 00 00 7F 00 00 7F 00 7F 00 00 7F 00 00 00 00 00 00 00 00 00 00 7F 00 00 00 00 00 00 00 00 00 00 00 00 00 00 00 00 7F 00 00 00 00 00 7F 7F 7F 00 7F 00 00 00 00 00 00 7F 7F 7F 00 7F 7F 7F 00 00 00 00 00 7F 00 00 00 00 00 7F 7F 7F 7F 7F 7F 00 00
001619  16064526180..16064880120  60 FD 40
001620  16064931380..16079850060  60 18 00 7F 00 7F 7F 7F 00 7F 00 7F 00 00 7F 7F 7F 7F 00 00 00 7F 7F 00 7F 00 00 00 00 00 00 00 00 00 00 00 00 00 00 00 00 7F 00 7F 00 00 7F 00 7F 00 00 00 7F 00 00 7F 00 00 7F 00 7F 00 00 7F 00 00 00 00 00 00 00 00 00 7F 7F 00 00 00 00 00 00 00 7F 00 00 00 00 00 00 00 00 7F 00 00 00 00 7F 7F 7F 7F 00 7F 00 00 00 00 00 00 7F 7F 7F 00 7F 7F 7F 00 7F 00 00 00 7F 7F 00 00 00 00 7F 7F 7F 7F 7F 7F 00 00
001621  16079994080..16080347620  60 FD 40
001622  16080398880..16095317780  60 18 00 7F 00 7F 7F 7F 00 7F 00 7F 00 00 7F 00 7F 00 00 00 00 7F 7F 00 7F 00 00 7F 00 00 00 00 00 7F 00 00 7F 00 00 7F 00 7F 00 00 00 00 7F 7F 00 00 00 00 00 00 00 00 00 00 7F 00 7F 00 00 00 7F 00 00 00 00 00 00 7F 00 7F 00 00 00 00 00 00 7F 00 7F 7F 7F 7F 00 7F 00 00 00 00 00 00 00 00 7F 00 7F 7F 00 7F 7F 00 7F 00 00 00 00 7F 00 00 7F 7F 00 00 7F 00 00 00 7F 7F 00 00 00 7F 00 7F 7F 00 00 7F 00 00
001623  16095458640..16095812640  60 FD 40
001624  16095863940..16110777000  60 18 00 00 00 7F 00 7F 00 7F 00 00 00 00 00 00 00 00 00 00 00 7F 7F 00 00 00 00 7F 00 00 00 00 00 7F 00 00 7F 00 00 7F 00 7F 00 00 00 00 7F 7F 00 00 00 00 00 00 00 00 00 00 7F 00 7F 00 00 00 7F 00 00 00 00 00 00 7F 7F 7F 00 00 00 00 00 00 7F 00 7F 7F 7F 7F 00 7F 00 00 7F 00 00 00 00 00 7F 00 00 7F 00 00 7F 00 7F 00 00 7F 00 7F 00 00 7F 7F 00 00 7F 7F 00 00 00 7F 00 7F 7F 7F 00 00 00 00 00 00 00 00
001625  16131022020..16131375780  60 FD 40
001626  16131427060..16146338520  60 18 00 00 00 7F 00 00 00 7F 00 00 00 00 00 00 00 00 00 00 00 7F 7F 00 00 00 00 7F 00 00 00 00 00 7F 00 00 7F 00 7F 7F 00 00 00 00 00 00 00 7F 00 00 00 00 00 00 00 00 00 00 7F 00 7F 00 7F 00 7F 00 00 00 00 00 00 7F 7F 7F 00 7F 00 7F 00 00 7F 00 00 7F 7F 7F 00 7F 00 00 7F 00 00 00 00 00 00 00 00 7F 00 00 7F 7F 7F 00 00 7F 00 7F 00 00 7F 7F 00 7F 00 7F 00 7F 00 00 00 7F 7F 7F 00 00 00 00 00 00 00 00
001627  16146482580..16146836160  60 FD 40
001628  16146887420..16161797700  60 18 00 00 00 7F 00 00 00 7F 00 00 00 00 00 7F 00 7F 00 00 00 7F 7F 00 00 00 7F 00 00 7F 00 00 00 00 00 00 7F 00 7F 7F 00 00 7F 7F 00 00 00 00 7F 00 00 00 7F 00 00 7F 00 00 00 00 00 00 7F 7F 00 00 00 00 00 00 00 00 7F 7F 7F 7F 00 7F 00 00 00 7F 00 00 00 00 7F 00 00 00 7F 00 00 00 00 00 00 00 00 7F 00 00 00 7F 00 00 00 7F 7F 7F 7F 00 7F 7F 7F 7F 00 7F 00 7F 00 00 00 7F 7F 00 00 00 00 00 00 00 00 00
001629  16161938420..16162292100  60 FD 40
001630  16162343380..16177253900  60 18 7F 00 00 7F 00 00 00 7F 00 00 00 7F 00 7F 00 7F 00 00 00 7F 7F 00 00 00 7F 00 00 7F 00 00 00 00 00 00 7F 00 7F 7F 00 00 7F 7F 00 00 00 00 7F 00 00 7F 7F 00 00 7F 00 00 00 00 00 00 7F 7F 00 00 7F 00 00 00 00 00 00 7F 7F 7F 7F 7F 00 00 00 7F 00 00 00 00 7F 00 00 00 7F 00 00 00 00 7F 00 00 00 00 00 00 00 7F 00 00 00 00 7F 7F 7F 00 00 7F 7F 7F 00 00 00 7F 00 00 00 00 00 00 00 00 00 00 00 00 00 00
001631  16197484660..16197838480  60 FD 40
001632  16197889740..16212802680  60 18 7F 00 00 00 00 00 00 7F 00 00 00 7F 00 7F 00 7F 00 00 00 7F 7F 00 00 00 7F 00 7F 7F 00 00 7F 00 00 00 7F 00 00 7F 00 00 7F 7F 7F 00 00 00 7F 7F 00 7F 7F 00 00 7F 00 00 00 00 00 00 7F 7F 00 00 7F 00 00 00 00 00 00 00 7F 00 7F 00 00 00 00 7F 00 00 00 00 7F 00 7F 00 7F 00 7F 00 00 7F 00 00 00 00 00 00 00 00 00 00 00 00 7F 7F 7F 00 00 7F 7F 00 7F 00 7F 00 00 7F 00 00 00 00 00 00 00 00 00 00 00 00
001633  16212946720..16213300320  60 FD 40
001634  16213351600..16228265660  60 18 7F 00 00 00 00 00 00 7F 00 00 00 7F 00 7F 00 7F 00 00 7F 7F 7F 00 00 00 00 7F 7F 00 7F 00 7F 00 00 00 7F 7F 00 00 00 00 00 00 7F 00 00 00 00 7F 00 7F 00 00 00 00 00 00 7F 00 7F 00 7F 00 00 00 7F 00 00 00 7F 7F 00 00 00 00 7F 00 00 00 00 00 00 7F 00 7F 7F 00 7F 00 7F 00 7F 00 00 7F 00 7F 00 00 00 00 7F 00 7F 00 00 00 00 7F 00 00 00 7F 00 00 7F 00 7F 00 00 7F 00 00 00 7F 00 00 00 00 00 00 00 00
001635  16228414780..16228768720  60 FD 40
001636  16228819420..16243532580  60 18 00 00 00 00 00 00 00 00 7F 00 00 00 00 7F 00 7F 00 00 7F 7F 00 00 00 7F 00 7F 7F 00 7F 00 7F 00 00 00 7F 7F 00 00 00 00 00 00 7F 00 00 00 00 7F 00 00 00 00 7F 00 00 7F 7F 00 7F 00 7F 00 00 00 00 00 7F 00 7F 7F 00 00 00 00 00 00 00 00 00 00 00 7F 00 7F 7F 00 7F 00 7F 00 7F 00 00 7F 00 7F 00 00 00 00 7F 00 7F 00 00 00 00 7F 00 00 00 7F 00 00 7F 00 7F 00 7F 7F 00 00 00 7F 00 00 00 00 00 00 00 00
001637  16263765980..16264119920  60 FD 40
001638  16264171200..16279091520  60 18 00 00 00 00 00 00 00 00 7F 00 00 00 00 7F 00 7F 7F 00 7F 7F 00 00 00 7F 00 7F 7F 00 7F 7F 00 00 00 7F 7F 7F 7F 00 00 00 00 00 00 00 7F 00 00 00 00 00 00 00 7F 00 00 7F 7F 7F 7F 00 00 00 00 00 00 00 7F 00 7F 7F 00 7F 00 00 00 00 00 7F 00 00 00 7F 00 7F 7F 00 00 00 7F 00 00 00 00 7F 00 7F 00 00 00 00 7F 7F 7F 00 7F 00 00 00 00 00 00 7F 00 00 00 00 00 00 7F 00 00 00 00 7F 00 00 00 00 00 00 00 00
001639  16279235720..16279589760  60 FD 40
001640  16279641080..16294551060  60 18 00 00 00 00 00 00 00 00 7F 00 00 00 00 7F 00 00 7F 00 00 7F 00 00 00 7F 7F 00 7F 7F 00 7F 00 00 00 7F 7F 00 7F 7F 00 00 00 7F 00 00 7F 00 7F 00 00 00 00 00 7F 7F 00 7F 7F 7F 00 00 00 00 7F 00 00 00 7F 00 00 7F 00 7F 00 00 00 00 00 7F 00 7F 00 00 00 00 7F 00 00 00 7F 7F 00 00 00 7F 00 7F 00 00 00 00 00 7F 00 00 7F 00 00 00 7F 00 00 7F 00 00 00 00 00 00 7F 00 00 00 00 00 7F 00 00 7F 7F 00 00 00
001641  16294691860..16295045620  60 FD 40
001642  16295096860..16310003520  60 18 00 7F 00 00 7F 00 00 00 00 7F 00 00 7F 7F 7F 00 7F 00 00 7F 00 00 7F 00 7F 00 7F 7F 00 7F 00 00 00 7F 7F 00 7F 7F 00 00 00 7F 00 00 7F 00 7F 00 00 00 00 00 00 7F 00 00 7F 7F 00 00 00 00 7F 00 00 00 00 00 00 7F 00 7F 00 00 00 00 00 7F 00 7F 00 00 00 00 7F 00 00 00 00 7F 00 00 00 7F 00 7F 7F 7F 00 7F 00 7F 00 00 7F 00 00 00 7F 00 00 00 00 00 00 00 00 00 7F 00 00 00 00 00 7F 7F 7F 7F 7F 7F 00 00
001643  16330229780..16330583620  60 FD 40
001644  16330634860..16345452140  60 18 00 7F 7F 7F 7F 7F 7F 00 00 7F 00 00 7F 7F 7F 00 00 00 00 7F 00 00 7F 00 7F 00 00 7F 00 00 7F 00 00 00 7F 00 00 7F 00 7F 00 7F 00 00 00 00 7F 7F 00 00 00 7F 00 7F 00 00 7F 7F 00 7F 7F 00 7F 7F 00 00 00 7F 00 7F 00 7F 00 00 00 00 00 00 00 7F 7F 00 00 00 7F 00 00 00 00 7F 00 00 00 7F 7F 7F 7F 7F 00 7F 00 00 00 00 00 00 00 00 7F 00 00 00 00 00 7F 00 00 00 7F 7F 00 00 00 00 7F 7F 7F 7F 7F 7F 00 00
001645  16345597500..16345951380  60 FD 40
001646  16346002660..16360912300  60 18 00 7F 7F 7F 7F 7F 7F 00 00 7F 00 00 7F 7F 7F 7F 00 00 00 7F 00 00 7F 00 7F 7F 00 00 7F 00 7F 7F 00 00 7F 7F 00 00 00 7F 7F 00 00 00 00 7F 00 7F 00 00 00 7F 00 00 00 00 00 7F 00 7F 7F 00 7F 7F 00 00 00 7F 7F 7F 00 7F 00 00 00 00 00 00 7F 00 7F 00 7F 00 00 7F 00 00 00 00 00 00 00 7F 7F 7F 7F 7F 00 7F 7F 00 00 00 00 00 00 00 00 00 00 00 00 00 7F 00 00 00 7F 7F 00 00 00 00 00 7F 7F 00 00 7F 00 00
001647  16361053180..16361406960  60 FD 40
001648  16361458240..16376365140  60 18 00 00 7F 7F 00 7F 7F 7F 00 00 00 00 00 7F 00 7F 00 00 00 00 00 00 00 00 7F 7F 00 00 7F 00 7F 7F 00 00 7F 7F 00 00 00 7F 7F 00 00 00 00 7F 00 7F 00 00 00 7F 00 00 00 00 00 7F 00 7F 7F 00 7F 7F 00 00 00 7F 7F 7F 7F 7F 00 00 00 00 00 00 7F 00 7F 00 7F 00 00 7F 00 00 00 00 00 00 00 7F 7F 7F 00 7F 00 00 7F 00 00 00 00 7F 00 00 00 00 7F 00 00 00 7F 7F 00 00 7F 7F 00 7F 7F 00 00 00 00 00 00 00 00 00
001649  16396602280..16396956140  60 FD 40
001650  16397007420..16411923140  60 18 00 00 00 00 00 00 00 7F 00 00 00 00 00 7F 00 7F 00 7F 00 00 00 00 00 00 7F 7F 7F 00 7F 00 00 7F 00 00 7F 7F 7F 00 7F 00 7F 00 00 00 7F 7F 00 00 7F 00 00 00 00 00 00 00 00 00 00 7F 7F 00 7F 00 00 00 00 00 7F 7F 7F 00 00 7F 00 7F 00 00 7F 00 00 00 7F 00 00 7F 00 00 00 00 00 7F 7F 7F 00 7F 00 7F 00 00 7F 7F 00 7F 7F 7F 00 7F 00 00 7F 00 00 7F 00 7F 00 7F 7F 00 00 7F 7F 00 00 00 00 00 00 00 00 00
001651  16412067280..16412420980  60 FD 40
001652  16412472260..16427381920  60 18 00 00 00 00 00 00 00 7F 00 00 00 00 00 7F 00 00 00 7F 7F 00 00 00 00 00 7F 00 7F 00 00 00 00 00 00 00 00 7F 7F 00 7F 00 7F 00 00 00 7F 00 00 00 7F 00 7F 00 00 7F 00 00 7F 00 00 7F 7F 7F 7F 00 00 00 00 00 00 7F 7F 00 7F 7F 00 7F 00 00 00 00 00 00 00 00 00 00 00 00 00 00 00 7F 7F 7F 00 00 00 7F 00 00 00 7F 00 7F 7F 7F 7F 7F 7F 00 7F 00 7F 7F 00 7F 00 7F 7F 00 00 7F 7F 00 7F 00 00 7F 7F 00 00 00
001653  16427522740..16427876460  60 FD 40
001654  16427927700..16442666100  60 18 7F 00 00 00 00 00 00 7F 00 00 00 7F 00 7F 00 00 00 7F 7F 00 7F 00 00 00 7F 00 7F 00 00 00 00 00 00 00 00 7F 7F 00 7F 00 7F 00 00 00 7F 00 00 00 7F 7F 7F 00 00 7F 00 00 7F 00 00 7F 7F 7F 7F 00 7F 00 00 00 00 7F 00 00 7F 7F 7F 7F 00 00 00 00 00 00 00 00 00 00 00 00 7F 00 00 7F 7F 7F 00 00 00 7F 00 00 00 7F 00 7F 7F 00 7F 7F 7F 00 00 00 7F 7F 00 00 00 7F 7F 00 00 00 00 00 7F 00 00 7F 7F 00 00 00
001655  16462913960..16463267740  60 FD 40
001656  16463319020..16478232740  60 18 7F 00 00 7F 00 7F 00 7F 00 00 00 7F 00 7F 00 00 00 00 7F 00 7F 00 00 00 7F 00 7F 00 00 00 7F 00 00 00 00 7F 00 00 00 7F 7F 00 7F 00 00 00 00 7F 7F 7F 7F 00 00 7F 00 00 7F 7F 00 00 00 7F 7F 7F 7F 00 00 00 00 7F 00 7F 7F 00 7F 00 00 00 00 00 7F 00 00 00 00 00 7F 00 7F 00 7F 00 00 7F 00 00 00 7F 00 00 00 00 00 00 00 00 7F 00 7F 00 00 00 7F 00 7F 00 7F 00 7F 7F 00 00 00 00 7F 00 00 7F 7F 00 00 00
001657  16478376880..16478730700  60 FD 40
001658  16478781960..16493695920  60 18 7F 00 00 7F 00 7F 00 7F 00 00 00 7F 00 00 00 00 00 00 7F 00 7F 00 00 00 7F 00 7F 00 00 00 7F 00 00 00 00 7F 00 00 00 7F 7F 00 7F 00 00 00 00 7F 7F 7F 00 00 00 00 00 00 00 7F 7F 00 00 00 00 7F 7F 00 00 00 00 7F 00 7F 00 00 7F 00 00 00 00 00 7F 7F 00 7F 7F 00 7F 00 7F 7F 7F 00 00 7F 00 00 00 7F 00 00 00 00 7F 00 00 00 00 00 00 00 00 00 00 00 7F 00 7F 00 7F 7F 00 00 00 7F 7F 00 00 00 00 00 00 00
001659  16493836760..16494190540  60 FD 40
001660  16494241820..16509156140  60 18 00 00 00 7F 00 7F 00 7F 7F 00 00 00 00 00 00 00 00 00 7F 00 00 00 00 7F 7F 00 7F 00 00 00 7F 00 00 00 00 7F 00 00 00 7F 7F 00 7F 00 00 00 00 7F 7F 00 00 00 7F 00 00 7F 00 7F 7F 00 00 00 00 7F 00 00 7F 00 00 7F 00 7F 00 00 00 00 00 00 00 00 7F 7F 00 7F 7F 00 7F 00 7F 7F 7F 00 00 00 00 00 00 7F 00 00 00 00 7F 00 00 00 00 00 00 00 00 7F 00 00 7F 00 7F 00 7F 7F 00 00 00 7F 7F 00 00 00 00 00 00 00
001661  16529408380..16529762200  60 FD 40
001662  16529813480..16544675640  60 18 00 00 00 00 00 00 00 7F 7F 00 00 00 00 00 00 00 7F 00 7F 00 00 00 00 7F 7F 00 00 00 00 7F 00 00 00 7F 00 7F 7F 00 00 00 7F 00 00 00 7F 00 00 00 00 00 00 00 7F 00 00 7F 00 7F 7F 7F 7F 00 00 00 00 00 7F 00 00 7F 00 00 00 00 00 7F 00 7F 00 00 7F 7F 00 7F 7F 00 00 00 7F 7F 00 00 00 00 7F 00 00 7F 00 00 00 7F 7F 7F 7F 00 00 7F 00 00 00 7F 00 7F 00 00 00 7F 7F 00 00 00 00 7F 7F 00 00 00 00 00 00 00
001663  16544817520..16545147780  60 FD 40
001664  16545187900..16560031360  60 18 00 00 00 00 00 00 00 7F 7F 00 00 00 00 00 00 00 7F 00 7F 00 00 00 00 7F 7F 00 00 7F 00 7F 00 00 00 7F 00 7F 7F 7F 00 00 00 7F 00 00 7F 00 7F 00 00 00 00 00 7F 00 00 7F 00 7F 00 7F 7F 00 00 00 00 00 7F 00 00 00 00 00 00 00 00 7F 00 7F 00 7F 7F 00 00 00 7F 00 00 00 7F 7F 00 00 00 00 7F 7F 00 7F 00 00 00 7F 00 7F 7F 00 00 7F 00 00 00 7F 00 7F 00 00 00 7F 7F 00 00 00 00 00 7F 00 00 00 00 00 00 00
001665  16560173500..16560527580  60 FD 40
001666  16560578900..16575496680  60 18 00 7F 00 00 7F 00 00 7F 00 7F 00 00 7F 00 7F 00 7F 00 7F 7F 00 00 7F 00 7F 00 00 7F 00 7F 00 00 00 7F 00 7F 7F 7F 00 00 00 7F 00 00 7F 00 7F 00 00 00 00 00 00 00 00 00 00 7F 00 7F 7F 00 00 00 00 00 00 00 00 00 00 00 00 00 00 7F 00 7F 00 7F 7F 00 00 00 7F 00 00 00 7F 7F 00 00 00 7F 7F 7F 7F 7F 00 7F 00 7F 00 7F 7F 00 00 7F 00 00 00 00 00 7F 00 00 00 7F 00 00 00 00 00 00 7F 7F 7F 00 00 7F 00 00
001667  16595750420..16596104380  60 FD 40
001668  16596155660..16611076880  60 18 00 7F 7F 7F 7F 00 7F 7F 00 7F 00 00 7F 00 7F 00 00 00 7F 7F 00 00 7F 00 7F 00 7F 7F 00 00 7F 00 00 00 00 7F 00 7F 00 00 00 7F 7F 00 00 00 7F 7F 7F 00 00 7F 00 00 00 00 00 00 00 7F 00 00 00 7F 00 00 00 7F 00 00 00 00 00 7F 00 00 00 00 00 7F 7F 00 00 00 7F 00 7F 00 7F 7F 00 00 00 7F 7F 7F 7F 7F 00 7F 00 00 00 00 00 00 00 00 00 00 00 00 00 7F 00 00 7F 00 00 00 00 00 00 00 7F 7F 7F 00 00 7F 00 00
001669  16611221060..16611575020  60 FD 40
001670  16611626320..16626550220  60 18 00 7F 7F 7F 7F 00 7F 7F 00 7F 00 00 7F 00 7F 7F 00 00 00 7F 00 00 7F 00 00 7F 7F 00 7F 00 7F 7F 00 00 7F 7F 00 00 00 00 00 00 7F 00 00 7F 00 7F 7F 00 00 7F 00 00 00 00 00 00 00 7F 00 00 7F 7F 00 00 00 7F 7F 00 00 00 00 7F 00 00 00 00 7F 00 7F 00 7F 00 7F 7F 7F 00 7F 7F 00 00 00 7F 7F 7F 7F 7F 00 7F 7F 00 00 00 00 00 00 00 00 00 00 00 00 7F 00 00 7F 00 00 00 00 00 00 00 7F 7F 7F 00 00 7F 00 00
001671  16626691120..16627045060  60 FD 40
001672  16627096320..16642011140  60 18 00 00 7F 7F 00 00 7F 7F 00 00 00 00 00 00 00 7F 00 00 00 00 00 00 00 00 00 7F 7F 00 7F 00 7F 7F 00 00 7F 7F 00 00 00 00 00 00 7F 00 00 7F 00 7F 7F 00 00 7F 00 00 00 00 00 00 00 7F 00 00 7F 7F 00 00 00 7F 7F 00 7F 00 00 7F 00 00 00 00 7F 00 7F 00 7F 00 7F 7F 7F 00 7F 7F 00 00 00 7F 7F 7F 00 00 00 00 7F 00 00 00 00 7F 00 00 00 00 7F 00 00 7F 00 7F 7F 00 7F 00 00 7F 7F 00 7F 7F 00 00 00 00 00 00
001673  16662246420..16662600420  60 FD 40
001674  16662651720..16677575640  60 18 00 00 00 00 00 00 00 7F 00 00 00 00 00 00 00 7F 7F 7F 00 00 00 00 00 00 00 7F 00 00 7F 00 00 7F 00 7F 7F 7F 00 00 7F 00 00 00 7F 00 7F 7F 00 00 7F 00 00 00 00 00 00 00 00 7F 00 00 00 00 7F 00 00 00 00 00 7F 00 7F 00 00 7F 00 00 00 7F 7F 00 7F 00 7F 00 7F 7F 00 00 7F 7F 7F 7F 7F 7F 7F 7F 00 00 00 00 7F 00 00 7F 7F 7F 00 7F 00 00 7F 00 00 7F 00 7F 00 00 7F 00 00 7F 7F 00 7F 7F 00 00 00 00 00 00
001675  16677719860..16678073780  60 FD 40
001676  16678125080..16693052580  60 18 00 00 00 00 00 00 00 7F 00 00 00 00 00 7F 00 00 7F 7F 00 00 00 00 00 00 00 00 00 00 00 00 00 00 00 7F 00 00 00 00 7F 00 7F 00 7F 00 7F 00 00 00 7F 00 7F 00 00 7F 00 00 7F 7F 00 00 00 7F 7F 00 00 00 00 00 00 00 7F 00 7F 7F 00 00 00 7F 00 00 7F 00 00 00 7F 00 00 00 7F 00 7F 7F 7F 7F 7F 7F 00 00 00 00 00 00 00 7F 7F 7F 7F 7F 7F 00 7F 00 7F 7F 00 7F 00 00 7F 00 00 7F 7F 00 7F 7F 00 7F 7F 00 00 00
001677  16693193500..16693547460  60 FD 40
001678  16693598760..16708522500  60 18 7F 00 00 00 00 00 00 00 00 00 00 7F 00 7F 00 00 7F 7F 00 00 7F 00 7F 00 00 00 00 00 00 00 00 00 00 7F 00 00 00 00 7F 00 7F 00 7F 00 7F 00 00 00 7F 7F 7F 00 00 7F 00 00 7F 7F 00 00 00 7F 7F 00 7F 00 00 00 00 00 7F 00 7F 7F 7F 00 00 7F 00 00 7F 00 00 00 7F 00 00 00 7F 00 7F 7F 7F 7F 7F 7F 00 7F 00 00 00 00 00 7F 7F 00 7F 7F 7F 00 00 00 7F 7F 00 00 00 00 7F 00 00 00 00 00 7F 7F 00 7F 7F 00 00 00
001679  16728770220..16729124540  60 FD 40
001680  16729175860..16744101360  60 18 7F 00 7F 7F 00 7F 7F 00 00 00 00 7F 00 7F 00 00 00 00 00 00 7F 00 7F 00 00 00 00 00 00 7F 00 00 00 7F 00 00 00 00 00 7F 7F 00 7F 00 00 00 00 00 00 7F 7F 00 00 7F 00 00 7F 00 00 7F 00 7F 7F 7F 7F 00 00 7F 00 00 7F 7F 7F 7F 7F 00 00 00 00 00 7F 00 00 00 7F 00 00 00 7F 00 7F 00 00 7F 00 7F 00 7F 00 00 00 00 00 00 00 00 7F 00 7F 00 00 00 7F 7F 7F 00 00 00 7F 7F 00 00 00 00 7F 7F 00 7F 7F 00 00 00
001681  16744245580..16744599660  60 FD 40
001682  16744650980..16759328380  60 18 7F 00 7F 7F 00 7F 7F 00 00 00 00 7F 00 00 00 00 00 00 7F 00 7F 00 7F 00 00 00 00 00 00 7F 00 00 00 7F 00 00 00 00 00 7F 7F 00 7F 00 00 00 00 00 00 7F 00 00 00 00 00 00 00 00 7F 7F 00 00 7F 7F 7F 00 00 7F 00 7F 7F 7F 00 7F 7F 00 00 00 00 00 7F 7F 00 7F 7F 00 00 00 7F 00 7F 00 00 7F 00 7F 00 7F 00 00 00 00 7F 00 00 00 00 00 00 00 00 00 00 7F 7F 00 00 00 7F 7F 00 00 00 7F 00 7F 00 00 00 00 00 00
001683  16759470600..16759824720  60 FD 40
001684  16759876040..16774803980  60 18 00 7F 7F 7F 00 7F 7F 7F 7F 00 00 00 00 00 00 00 00 00 7F 00 00 00 00 7F 00 00 00 00 00 7F 00 00 00 7F 00 00 00 00 00 7F 7F 00 7F 00 00 00 00 00 00 7F 00 00 7F 00 00 7F 00 00 7F 7F 00 00 7F 7F 00 00 7F 7F 00 7F 7F 7F 00 7F 00 00 00 00 00 00 7F 7F 00 7F 7F 00 00 00 00 00 7F 00 00 7F 00 7F 00 7F 00 00 00 00 7F 00 00 00 00 00 00 00 7F 7F 00 7F 7F 00 00 00 7F 7F 00 00 00 7F 00 7F 00 00 00 00 00 00
001685  16795051020..16795405020  60 FD 40
001686  16795456280..16810378580  60 18 00 7F 7F 00 00 00 00 7F 7F 00 00 00 00 00 00 00 00 7F 7F 00 00 00 00 7F 00 00 00 00 00 7F 00 00 00 7F 00 00 7F 00 7F 00 7F 00 7F 00 00 00 00 00 7F 7F 00 7F 7F 00 00 7F 00 00 7F 00 7F 00 7F 00 00 00 7F 00 00 7F 7F 00 00 00 00 7F 00 00 00 00 00 7F 00 7F 7F 00 00 00 00 00 7F 7F 00 7F 00 7F 00 7F 00 00 00 7F 7F 7F 00 00 00 7F 00 00 7F 7F 00 7F 00 00 00 7F 7F 00 00 00 00 7F 00 7F 00 00 00 00 00 00
001687  16810522820..16810876840  60 FD 40
001688  16810928160..16825854400  60 18 00 7F 7F 00 00 00 00 7F 7F 00 00 00 00 00 00 00 00 7F 7F 00 00 00 00 7F 7F 00 00 7F 00 7F 00 00 00 7F 00 00 7F 7F 7F 00 7F 7F 7F 00 00 00 7F 00 7F 7F 00 7F 7F 00 00 7F 00 00 00 00 7F 00 7F 00 00 00 7F 00 00 00 7F 00 00 00 00 7F 00 00 00 7F 00 00 00 00 00 00 00 00 00 7F 7F 7F 00 7F 00 7F 00 7F 00 00 00 7F 00 7F 00 00 00 7F 00 00 7F 7F 00 7F 00 00 00 7F 7F 00 00 00 00 00 00 7F 00 00 00 00 00 00
001689  16825995300..16826349360  60 FD 40
001690  16826400680..16841325720  60 18 00 00 7F 00 7F 00 00 7F 00 7F 00 00 7F 00 7F 00 00 7F 7F 7F 7F 00 00 00 7F 00 00 7F 00 7F 00 00 00 7F 00 00 7F 7F 7F 00 7F 7F 7F 00 00 00 7F 00 7F 7F 00 7F 7F 00 00 00 00 00 00 00 7F 00 7F 00 00 00 00 00 00 00 7F 00 00 00 00 7F 00 00 00 7F 00 00 00 00 00 00 00 00 7F 7F 7F 7F 00 00 00 7F 7F 7F 00 7F 00 7F 00 7F 00 00 00 7F 00 00 00 00 00 7F 00 00 00 7F 7F 00 00 7F 00 00 00 00 7F 00 00 7F 00 00
001691  16861576120..16861930240  60 FD 40
001692  16861981560..16876787940  60 18 00 00 7F 00 7F 00 00 7F 00 7F 00 00 7F 00 7F 00 00 00 7F 7F 7F 00 00 00 7F 00 7F 7F 00 7F 7F 00 00 7F 00 00 00 7F 00 00 7F 7F 7F 00 00 00 7F 7F 00 7F 00 7F 7F 00 00 00 00 00 00 00 00 00 7F 00 00 00 00 00 00 00 7F 00 00 00 00 00 00 00 00 7F 00 00 00 00 00 00 7F 00 7F 7F 00 7F 7F 00 7F 7F 7F 7F 00 7F 00 00 00 00 00 00 00 00 00 00 00 00 00 00 00 00 7F 00 7F 00 00 7F 00 00 00 00 7F 00 00 7F 00 00
001693  16876933280..16877287240  60 FD 40
001694  16877338520..16892263220  60 18 00 00 7F 00 7F 00 00 7F 00 7F 00 00 7F 00 7F 7F 00 00 7F 7F 7F 00 00 00 00 7F 7F 00 7F 7F 7F 7F 00 7F 7F 7F 00 00 00 00 7F 00 7F 00 00 7F 00 7F 00 7F 00 7F 7F 00 00 00 00 00 00 00 00 00 7F 00 00 00 00 00 7F 00 7F 00 00 00 00 00 00 00 7F 00 00 00 7F 00 7F 7F 7F 00 7F 7F 00 7F 7F 00 7F 00 7F 7F 00 7F 7F 00 00 00 00 00 00 00 00 00 00 00 00 00 00 00 7F 00 7F 00 00 7F 00 00 00 00 7F 00 00 7F 00 00
001695  16892404160..16892758320  60 FD 40
001696  16892809620..16907734680  60 18 00 00 7F 00 00 00 00 7F 00 00 00 7F 00 00 7F 7F 00 00 7F 00 00 00 00 00 00 7F 7F 00 7F 7F 7F 7F 00 7F 7F 7F 00 00 00 00 7F 00 7F 00 00 7F 00 7F 00 7F 00 7F 7F 00 00 00 00 00 00 00 00 00 7F 00 00 00 00 00 7F 00 00 00 00 00 00 00 00 00 7F 00 00 00 7F 00 7F 7F 7F 00 7F 7F 00 7F 7F 00 7F 00 00 7F 00 00 7F 00 00 00 00 7F 00 00 00 00 00 7F 00 00 00 7F 7F 00 00 00 00 00 7F 00 00 00 00 00 00 00 00 00
001697  16927979160..16928333160  60 FD 40
001698  16928384420..16943307920  60 18 00 00 7F 00 00 00 00 7F 00 00 00 7F 00 00 7F 7F 7F 00 7F 00 00 00 00 00 00 7F 00 00 7F 00 00 7F 00 7F 7F 7F 00 00 00 00 7F 00 00 00 7F 7F 00 00 00 7F 00 7F 7F 00 00 00 00 7F 00 00 00 00 7F 00 00 00 00 00 7F 00 00 00 00 7F 00 00 00 7F 7F 00 00 00 7F 00 7F 7F 00 00 7F 7F 00 7F 7F 00 7F 00 00 7F 00 00 7F 00 00 00 7F 7F 00 00 00 00 00 7F 00 00 00 7F 00 00 00 00 00 00 7F 00 00 00 00 00 00 00 00 00
001699  16943452180..16943806320  60 FD 40
001700  16943857640..16958781400  60 18 00 00 7F 00 00 00 00 7F 00 00 00 7F 00 7F 7F 00 7F 00 7F 00 00 00 00 00 00 00 00 00 00 00 00 00 00 7F 00 00 00 00 00 00 7F 00 00 00 7F 7F 00 00 00 7F 7F 7F 7F 7F 00 00 7F 7F 00 00 00 7F 00 00 00 00 00 00 00 00 00 00 7F 7F 00 00 00 7F 00 00 00 00 00 00 7F 00 00 00 7F 7F 00 7F 7F 00 7F 7F 00 7F 00 00 00 00 00 00 7F 7F 7F 00 7F 00 00 7F 7F 00 00 7F 00 00 00 00 00 00 7F 00 7F 00 00 7F 7F 00 00 00
001701  16958922320..16959276320  60 FD 40
001702  16959327620..16974003500  60 18 7F 00 7F 00 00 00 00 7F 00 00 00 00 00 7F 7F 00 7F 00 7F 7F 00 00 00 00 00 00 00 00 00 00 00 00 00 7F 00 00 00 00 00 00 7F 00 00 00 7F 7F 00 00 00 00 7F 7F 7F 7F 00 00 7F 7F 00 00 00 7F 00 00 7F 00 7F 00 00 00 00 00 7F 7F 7F 00 00 7F 00 00 00 00 00 00 7F 00 00 00 7F 7F 00 7F 7F 00 7F 7F 00 00 00 00 00 00 00 00 7F 00 7F 00 7F 00 00 00 7F 00 00 00 00 00 00 00 00 00 00 00 7F 00 00 7F 7F 00 00 00
001703  16994229940..16994584120  60 FD 40
001704  16994635420..17009562680  60 18 7F 00 7F 7F 00 7F 7F 7F 00 00 00 00 00 7F 7F 00 00 00 7F 7F 00 00 00 00 00 00 00 00 00 00 00 00 00 00 00 00 00 00 00 7F 7F 00 00 00 00 7F 00 00 00 00 7F 00 7F 7F 00 00 7F 00 00 7F 00 7F 00 7F 7F 00 7F 7F 00 00 00 7F 7F 7F 7F 00 00 00 00 00 7F 00 00 00 7F 00 00 00 7F 7F 7F 7F 7F 00 7F 7F 00 00 00 00 00 00 00 00 00 00 7F 00 7F 00 00 00 7F 00 7F 00 00 00 00 7F 00 00 00 00 7F 00 00 7F 7F 00 00 00
001705  17009706900..17010061000  60 FD 40
001706  17010112300..17025039200  60 18 7F 00 7F 7F 00 7F 7F 7F 00 00 00 00 00 00 7F 00 00 00 7F 7F 00 00 00 00 00 00 00 00 00 00 00 00 00 00 7F 00 00 00 00 7F 00 00 00 00 00 7F 00 00 00 00 7F 00 7F 00 00 00 00 00 7F 7F 00 00 7F 7F 7F 00 7F 7F 00 7F 00 7F 00 7F 7F 00 00 00 00 00 7F 7F 00 7F 7F 00 00 00 7F 7F 7F 7F 7F 00 7F 7F 00 00 00 00 00 00 7F 00 00 00 00 00 00 00 00 00 00 00 7F 00 00 00 00 7F 00 00 00 7F 00 00 00 00 00 00 00 00
001707  17025180080..17025534200  60 FD 40
001708  17025585540..17040508820  60 18 00 00 7F 7F 00 7F 7F 00 7F 7F 00 00 00 00 7F 00 00 00 7F 00 00 00 00 7F 00 00 00 00 00 00 00 00 00 00 7F 00 00 00 00 7F 00 00 00 00 00 7F 00 00 00 00 7F 00 00 00 00 7F 00 00 7F 7F 00 00 7F 7F 00 00 00 7F 00 7F 00 7F 00 7F 00 00 00 00 00 00 7F 7F 00 7F 7F 00 00 00 7F 7F 7F 7F 7F 00 7F 7F 00 00 00 00 00 00 7F 00 00 00 00 00 00 00 00 00 00 00 7F 00 00 00 00 7F 00 00 00 7F 00 00 7F 00 00 7F 00 00
001709  17060754720..17061108880  60 FD 40
001710  17061160160..17075894960  60 18 00 00 00 00 00 00 00 00 7F 7F 00 00 00 00 7F 00 00 7F 7F 00 00 00 00 7F 00 00 00 00 00 7F 00 00 00 00 7F 00 7F 00 7F 00 00 00 00 00 00 7F 00 00 7F 00 7F 00 00 00 00 7F 00 00 7F 00 7F 00 7F 00 00 00 00 00 00 7F 00 00 00 7F 00 7F 00 00 00 00 00 7F 00 7F 7F 00 00 00 7F 7F 7F 7F 00 00 7F 7F 00 00 00 00 00 7F 7F 7F 00 00 00 7F 00 00 00 00 00 7F 00 00 00 7F 00 00 00 00 00 7F 00 00 7F 00 00 7F 00 00
001711  17076040300..17076394160  60 FD 40
001712  17076445440..17091365820  60 18 00 00 00 00 00 00 00 00 7F 7F 00 00 00 7F 7F 00 00 7F 00 00 00 00 00 7F 7F 00 00 7F 00 7F 00 00 00 00 00 00 7F 7F 7F 00 7F 7F 00 00 00 7F 7F 00 7F 00 7F 00 00 00 00 7F 00 00 00 00 7F 00 7F 00 00 00 00 00 00 00 00 00 00 7F 00 7F 00 00 7F 7F 00 7F 00 00 7F 00 00 00 7F 7F 7F 7F 00 00 7F 7F 00 00 00 00 00 7F 00 7F 00 00 00 7F 00 00 00 00 00 7F 00 00 00 7F 00 00 00 00 00 00 00 00 7F 00 00 7F 00 00
001713  17091506780..17091860900  60 FD 40
001714  17091912240..17106831180  60 18 00 7F 00 00 7F 00 00 00 00 00 00 00 7F 7F 00 00 00 7F 00 00 00 00 7F 00 7F 00 00 7F 00 7F 00 00 00 00 00 00 7F 7F 7F 00 7F 7F 00 00 00 7F 7F 00 7F 00 7F 00 00 00 00 00 00 00 00 00 7F 00 7F 00 00 00 00 00 00 00 00 00 00 7F 00 7F 00 00 7F 7F 00 7F 00 00 7F 00 00 00 00 7F 7F 7F 00 7F 7F 7F 7F 00 00 7F 00 7F 00 7F 00 00 00 7F 00 00 00 00 00 7F 00 7F 00 7F 00 00 00 00 7F 00 00 7F 7F 00 00 7F 00 00
001715  17127066120..17127420180  60 FD 40
001716  17127471460..17142395700  60 18 00 7F 00 00 7F 00 00 00 00 00 00 00 7F 7F 00 00 00 00 00 00 00 00 7F 00 7F 00 7F 7F 00 7F 7F 00 00 00 00 00 00 7F 00 00 7F 7F 7F 00 00 7F 7F 7F 00 00 7F 7F 00 00 00 00 00 00 00 00 00 00 7F 00 00 00 00 00 00 00 00 00 00 7F 00 00 00 00 7F 7F 00 7F 00 00 7F 00 7F 00 00 7F 7F 00 00 7F 7F 7F 7F 00 00 7F 00 00 00 00 00 00 00 00 00 00 00 00 00 00 00 7F 7F 00 00 00 00 00 7F 00 00 7F 7F 00 00 7F 00 00
001717  17142539960..17142893940  60 FD 40
001718  17142945240..17157869220  60 18 00 7F 00 00 7F 00 00 00 00 00 00 00 7F 00 00 7F 00 00 7F 00 00 00 7F 00 00 7F 7F 00 7F 7F 7F 7F 00 00 00 7F 00 00 00 00 7F 00 7F 00 00 00 7F 7F 00 00 7F 7F 00 00 00 00 00 00 00 00 00 00 7F 00 00 00 00 00 7F 7F 00 00 7F 7F 00 00 00 00 00 00 00 7F 7F 00 00 7F 7F 00 00 00 7F 00 00 7F 7F 7F 7F 00 00 7F 7F 00 00 00 00 00 00 00 00 00 00 00 00 00 00 7F 7F 00 00 00 00 00 7F 00 00 7F 7F 00 00 7F 00 00
001719  17158010000..17158363920  60 FD 40
001720  17158415200..17173323500  60 18 7F 00 00 00 00 00 00 00 00 00 00 00 00 00 00 7F 00 00 7F 00 00 00 00 00 00 7F 7F 00 7F 7F 7F 7F 00 00 00 7F 00 00 00 00 7F 00 7F 00 00 00 7F 7F 00 00 7F 7F 00 00 00 00 00 00 00 00 00 00 7F 00 7F 00 00 00 7F 7F 7F 00 7F 7F 00 00 00 00 00 00 00 7F 7F 00 00 7F 7F 00 00 00 7F 00 00 00 7F 7F 00 00 00 00 7F 00 00 00 00 7F 00 00 00 00 7F 00 00 00 00 7F 7F 00 7F 00 00 7F 7F 00 00 00 00 00 00 7F 00 00
001721  17193562060..17193915940  60 FD 40
001722  17193967180..17208886720  60 18 7F 00 00 00 00 00 00 00 00 00 00 00 00 00 00 7F 7F 00 7F 00 00 00 00 00 00 7F 00 00 7F 7F 00 7F 00 7F 00 7F 00 00 00 00 7F 00 00 00 7F 00 7F 00 00 00 7F 7F 00 00 00 00 00 7F 00 00 00 00 7F 00 7F 00 00 00 7F 7F 7F 00 7F 7F 00 00 00 7F 00 00 00 7F 7F 00 00 7F 00 00 00 00 7F 00 7F 00 00 7F 00 00 00 00 7F 00 00 00 7F 7F 00 00 00 00 7F 00 00 00 00 7F 00 00 7F 00 00 7F 7F 00 00 00 00 00 00 7F 00 00
001723  17209030920..17209384960  60 FD 40
001724  17209436260..17224355200  60 18 7F 00 00 00 00 00 00 00 00 00 00 00 00 00 00 00 7F 00 7F 00 00 00 00 00 7F 7F 00 00 00 7F 00 00 00 7F 00 00 00 00 00 00 7F 00 00 00 7F 00 7F 00 00 00 00 7F 00 7F 00 00 7F 7F 00 00 00 7F 7F 00 7F 00 00 00 00 00 7F 00 00 7F 00 00 00 7F 00 00 00 7F 00 7F 00 00 00 00 00 7F 7F 00 7F 00 00 00 00 00 00 00 00 00 00 00 7F 7F 7F 00 7F 00 7F 00 7F 00 00 7F 00 00 7F 00 00 7F 7F 00 7F 00 00 7F 7F 7F 00 00
001725  17224496060..17224850040  60 FD 40
001726  17224901340..17239824780  60 18 7F 00 00 00 00 00 00 00 00 00 00 7F 00 00 00 00 7F 00 7F 00 7F 00 00 7F 7F 7F 00 00 00 7F 00 00 00 7F 00 00 00 00 00 00 7F 00 00 00 7F 00 7F 00 00 7F 00 7F 00 7F 00 7F 7F 7F 00 00 00 7F 7F 00 7F 00 00 00 00 00 00 00 00 7F 7F 00 00 7F 00 00 00 7F 00 7F 00 00 00 00 00 7F 7F 00 7F 00 00 00 00 7F 00 00 00 00 00 00 7F 00 7F 00 7F 00 00 00 7F 00 00 00 00 00 00 00 00 00 7F 00 7F 00 00 7F 7F 00 00 00
001727  17260055220..17260409200  60 FD 40
001728  17260460480..17275374600  60 18 7F 00 7F 7F 00 7F 7F 00 00 00 00 7F 00 00 00 00 00 00 7F 00 7F 00 00 7F 7F 7F 00 00 00 7F 00 00 00 00 00 00 00 00 00 7F 7F 00 00 00 00 00 7F 00 00 7F 00 7F 00 7F 00 7F 7F 00 00 7F 00 7F 7F 7F 7F 00 00 7F 00 00 00 7F 00 00 7F 00 00 00 00 00 7F 7F 00 7F 00 00 00 00 00 7F 7F 00 7F 00 7F 00 00 7F 00 00 00 00 00 00 00 00 7F 00 7F 00 00 00 7F 00 7F 00 00 00 00 7F 00 00 7F 00 7F 00 00 7F 7F 00 00 00
001729  17275518760..17275872460  60 FD 40
001730  17275923760..17290731260  60 18 7F 00 7F 7F 00 7F 7F 00 00 00 00 7F 00 00 00 00 00 00 7F 00 7F 00 00 7F 00 7F 00 00 00 7F 00 00 00 00 00 7F 00 00 00 7F 7F 00 00 00 00 00 7F 00 00 7F 00 7F 00 7F 00 7F 00 00 7F 7F 00 00 00 7F 7F 00 00 7F 00 00 00 7F 00 00 7F 00 00 00 00 7F 7F 00 00 00 00 00 00 00 00 7F 7F 00 7F 00 7F 00 00 7F 00 00 00 00 7F 00 00 00 00 00 00 00 00 00 00 00 7F 00 00 00 00 7F 00 00 7F 7F 00 00 00 00 00 00 00 00
001731  17290873300..17291227160  60 FD 40
001732  17291278460..17306194800  60 18 7F 00 7F 7F 7F 7F 7F 7F 7F 00 00 00 7F 00 00 00 00 00 7F 00 00 00 00 7F 00 7F 00 00 00 7F 00 00 00 00 00 7F 00 00 00 7F 7F 00 00 00 00 00 7F 00 00 00 00 7F 7F 7F 00 7F 00 00 7F 7F 00 00 00 7F 00 00 7F 7F 00 00 00 7F 00 00 00 00 00 00 00 7F 7F 00 00 00 00 00 00 00 00 7F 7F 00 7F 00 7F 00 00 00 00 00 00 00 7F 00 00 00 00 00 00 00 00 7F 00 00 7F 00 00 00 00 7F 00 00 00 7F 00 00 00 00 00 00 00 00
001733  17326427820..17326781900  60 FD 40
001734  17326833180..17341758200  60 18 7F 00 00 00 7F 00 00 7F 7F 00 00 00 7F 00 00 00 00 7F 7F 00 00 00 00 7F 00 7F 00 00 00 7F 00 00 00 00 00 7F 7F 00 7F 00 7F 00 00 00 00 00 7F 00 7F 00 00 7F 7F 7F 00 7F 00 00 7F 00 7F 00 00 00 00 00 7F 00 00 00 00 00 00 7F 00 7F 00 00 00 7F 00 00 00 00 00 00 00 00 00 7F 00 7F 7F 00 7F 00 00 00 00 00 00 7F 7F 7F 00 00 00 7F 00 00 00 7F 00 7F 7F 00 00 7F 00 00 00 00 00 7F 00 00 00 00 00 00 00 00
001735  17341902320..17342256280  60 FD 40
001736  17342307560..17357225540  60 18 7F 00 00 00 7F 00 00 7F 7F 00 00 00 7F 00 00 00 00 7F 7F 00 00 00 00 7F 00 7F 00 7F 7F 7F 00 7F 00 00 00 00 7F 7F 7F 00 00 7F 00 00 00 00 00 00 7F 00 00 7F 7F 7F 00 7F 00 00 00 00 7F 00 00 00 00 00 7F 00 00 00 00 00 00 7F 00 7F 00 00 00 00 00 00 7F 00 00 00 00 00 00 7F 00 7F 7F 00 7F 00 00 00 00 00 00 7F 00 7F 00 00 00 7F 00 00 00 7F 00 7F 7F 00 00 7F 00 00 00 00 00 00 7F 00 00 00 00 00 00 00
001737  17357366360..17357720240  60 FD 40
001738  17357771520..17372686480  60 18 00 7F 00 00 7F 00 00 00 00 7F 00 00 7F 00 7F 00 00 7F 7F 7F 00 00 00 7F 00 7F 00 7F 7F 7F 00 7F 00 00 00 00 7F 7F 7F 00 00 7F 00 00 00 00 00 00 7F 00 00 7F 00 7F 00 00 00 00 00 00 7F 00 00 00 00 00 00 00 00 00 00 00 00 7F 00 7F 00 00 00 00 00 00 7F 00 00 00 00 00 7F 7F 00 7F 7F 7F 7F 00 00 00 00 7F 00 7F 00 7F 00 00 00 7F 00 00 00 00 00 7F 7F 00 00 7F 00 00 00 00 00 00 7F 00 7F 00 00 7F 00 00
001739  17392923720..17393277620  60 FD 40
001740  17393328900..17408250140  60 18 00 7F 00 00 7F 00 00 00 00 7F 00 00 7F 00 7F 00 00 00 7F 7F 00 00 00 7F 00 7F 7F 7F 7F 00 7F 7F 00 00 00 00 7F 7F 00 00 00 7F 7F 00 00 00 00 7F 00 00 00 7F 00 7F 00 00 00 00 00 00 00 00 00 00 00 00 00 00 00 00 00 00 00 7F 00 00 00 00 00 00 7F 00 7F 00 00 00 7F 00 7F 7F 7F 00 7F 7F 7F 00 00 00 00 7F 00 00 00 00 00 00 00 00 00 00 00 00 00 00 7F 00 7F 00 00 00 00 00 00 00 7F 00 7F 00 00 7F 00 00
001741  17408394320..17408748380  60 FD 40
001742  17408799680..17423728680  60 18 00 7F 00 00 7F 00 00 00 00 7F 00 00 7F 00 7F 7F 00 00 00 7F 00 00 00 7F 00 00 7F 00 00 00 7F 7F 00 00 7F 00 7F 00 00 00 00 00 7F 00 00 7F 00 7F 00 00 00 7F 00 7F 00 00 00 00 00 00 00 7F 00 00 00 00 00 00 7F 00 00 00 00 7F 00 00 00 00 7F 00 7F 00 7F 00 7F 7F 7F 00 7F 7F 7F 00 7F 7F 7F 00 00 00 00 7F 7F 00 00 00 00 00 00 00 00 00 00 00 7F 00 7F 00 7F 00 00 00 00 00 00 00 00 00 7F 00 7F 7F 00 00
001743  17423869620..17424223740  60 FD 40
001744  17424275060..17439202700  60 18 00 00 00 00 00 00 00 00 00 00 00 00 7F 00 00 7F 00 00 00 00 00 00 7F 00 00 00 7F 00 00 00 7F 7F 00 00 7F 00 7F 00 00 00 00 00 7F 00 00 7F 00 7F 00 00 00 7F 00 7F 00 00 00 00 00 00 00 7F 00 00 00 00 00 00 7F 00 00 00 00 7F 00 00 00 00 7F 00 7F 00 7F 00 7F 7F 7F 00 00 7F 7F 00 7F 00 7F 00 7F 00 00 00 7F 00 00 00 00 00 00 00 00 00 00 00 7F 00 7F 7F 7F 00 7F 00 00 7F 7F 00 00 00 00 00 7F 00 00 00
001745  17459447420..17459801620  60 FD 40
001746  17459852900..17474775860  60 18 00 00 00 00 00 00 00 00 00 00 00 00 7F 00 00 7F 7F 00 00 00 00 00 7F 00 00 00 00 00 00 7F 00 7F 00 7F 7F 00 7F 00 00 7F 00 00 00 00 7F 7F 00 7F 00 00 00 00 00 7F 00 00 00 7F 00 00 00 7F 00 00 00 00 00 00 7F 00 00 00 00 7F 00 00 00 7F 7F 00 00 00 7F 00 7F 7F 00 00 00 7F 7F 00 7F 00 7F 00 7F 00 00 00 7F 00 00 00 7F 00 00 00 00 00 00 00 7F 7F 7F 7F 00 00 7F 00 00 7F 7F 00 00 00 00 00 7F 00 00 00
001747  17474920080..17475274160  60 FD 40
001748  17475325460..17490093920  60 18 00 00 00 00 00 00 00 00 00 00 00 00 7F 7F 00 00 7F 00 00 00 00 00 7F 00 00 00 00 00 00 7F 00 7F 00 7F 00 00 7F 00 00 7F 00 00 00 00 7F 00 00 7F 00 00 7F 00 00 00 00 00 7F 7F 7F 00 00 7F 00 00 00 00 00 00 00 00 00 00 7F 7F 00 00 00 7F 00 00 00 00 00 00 00 00 00 00 00 00 7F 00 7F 00 7F 7F 7F 00 00 00 00 00 00 00 7F 00 7F 00 7F 00 00 00 7F 7F 7F 7F 00 00 7F 00 00 7F 7F 7F 00 00 00 7F 00 00 00 00
001749  17490236020..17490589900  60 FD 40
001750  17490641180..17505560660  60 18 7F 00 00 00 00 00 00 00 00 00 00 7F 00 7F 00 00 7F 00 00 00 00 00 00 00 00 00 00 00 00 7F 00 7F 00 7F 00 00 7F 00 00 7F 00 00 00 00 7F 00 00 7F 00 00 7F 00 00 00 00 00 7F 7F 7F 00 00 7F 00 00 7F 00 00 00 00 00 00 00 7F 7F 00 00 00 7F 00 00 00 00 00 00 00 00 00 00 00 00 7F 00 7F 00 7F 7F 00 7F 00 00 00 00 00 00 7F 7F 7F 00 7F 00 7F 00 7F 7F 7F 00 00 00 00 00 00 00 00 7F 00 7F 00 7F 00 00 00 00
001751  17525789560..17526143840  60 FD 40
001752  17526195140..17541121720  60 18 7F 00 7F 7F 00 7F 7F 00 00 00 00 7F 00 7F 00 00 00 00 00 00 00 00 00 00 00 00 00 00 00 7F 00 7F 00 00 00 00 7F 00 00 00 00 00 7F 00 7F 00 00 7F 00 00 7F 7F 00 00 00 00 7F 00 7F 7F 00 7F 00 7F 7F 00 00 7F 00 00 00 7F 7F 7F 00 00 00 00 00 00 00 00 00 00 00 00 00 00 00 00 7F 00 00 00 00 7F 00 7F 00 00 00 00 00 00 00 7F 7F 00 7F 00 7F 00 7F 00 00 00 00 7F 00 7F 00 00 00 7F 00 7F 00 7F 00 00 00 00
001753  17541265920..17541619980  60 FD 40
001754  17541671260..17556600820  60 18 7F 00 7F 7F 00 7F 7F 00 00 00 00 7F 00 00 00 00 00 00 00 00 00 00 00 00 00 00 00 7F 00 7F 00 00 00 00 00 00 7F 7F 00 00 00 00 7F 00 7F 00 00 7F 00 00 00 7F 00 00 00 00 00 00 7F 7F 00 00 7F 7F 7F 00 00 7F 00 7F 00 7F 00 7F 00 00 00 00 00 00 00 7F 00 7F 00 00 00 00 00 00 7F 00 00 00 00 00 00 7F 00 00 00 00 7F 00 00 7F 00 00 00 00 7F 00 7F 00 00 00 00 7F 00 7F 00 00 00 7F 00 7F 00 00 00 00 00 00
001755  17556741860..17557096100  60 FD 40
001756  17557147440..17572078240  60 18 00 00 7F 7F 00 7F 7F 7F 00 00 00 00 00 00 00 00 00 00 00 00 7F 00 7F 7F 00 00 00 7F 00 7F 00 00 00 00 00 00 7F 7F 00 00 00 00 7F 00 7F 00 00 7F 00 00 00 7F 00 00 00 7F 00 00 7F 7F 00 00 7F 7F 00 00 7F 7F 00 7F 7F 7F 00 7F 7F 00 00 00 00 00 00 7F 00 7F 00 00 00 00 00 00 7F 00 00 00 00 00 7F 00 00 00 00 00 7F 00 00 00 00 00 00 00 00 00 7F 00 00 00 00 7F 00 7F 00 00 00 7F 00 00 00 00 00 00 00 00
001757  17592315880..17592669780  60 FD 40
001758  17592721080..17607649280  60 18 00 00 00 7F 00 00 00 7F 00 00 00 00 00 00 00 00 00 7F 00 00 7F 00 7F 7F 00 00 00 7F 00 7F 00 00 00 7F 00 00 00 7F 7F 00 00 00 00 00 7F 00 00 7F 7F 00 00 7F 00 00 00 7F 00 00 7F 00 7F 00 7F 00 00 00 7F 00 00 7F 7F 00 00 00 7F 7F 00 00 00 00 00 7F 00 7F 00 00 7F 00 00 00 7F 7F 7F 00 00 00 7F 00 00 00 00 7F 7F 7F 00 00 00 7F 00 00 00 00 7F 00 00 00 00 00 00 00 00 00 00 7F 00 00 00 00 00 00 00 00
001759  17607793540..17608147560  60 FD 40
001760  17608198860..17623126320  60 18 00 00 00 7F 00 00 00 7F 00 00 00 00 00 00 00 7F 00 7F 00 00 7F 00 7F 7F 7F 00 00 7F 00 7F 00 00 00 7F 00 00 00 7F 7F 00 7F 7F 00 00 7F 00 7F 7F 7F 00 00 7F 00 00 00 7F 00 00 00 00 7F 00 00 00 00 00 7F 00 7F 00 7F 00 00 00 7F 7F 00 00 00 7F 00 00 00 00 00 00 7F 00 00 00 7F 7F 7F 00 00 00 7F 00 00 00 00 7F 00 7F 00 00 00 7F 00 00 00 00 00 00 00 00 00 00 00 00 00 00 00 7F 00 00 00 00 00 00 00 00
001761  17623267280..17623621440  60 FD 40
001762  17623672780..17638602660  60 18 00 7F 00 7F 7F 00 00 00 7F 7F 00 00 7F 00 00 7F 00 7F 00 00 00 00 00 00 7F 00 00 7F 00 7F 00 00 00 7F 00 00 00 7F 7F 00 7F 7F 00 00 7F 00 7F 7F 7F 7F 00 7F 00 00 00 00 00 00 00 00 7F 00 00 00 00 00 00 00 7F 00 00 00 00 00 00 7F 00 00 00 7F 00 00 00 00 00 00 7F 00 7F 00 7F 7F 7F 7F 00 00 00 00 00 00 00 7F 00 7F 00 7F 00 7F 00 00 7F 7F 00 00 00 00 00 00 00 00 00 00 00 7F 00 00 7F 00 00 7F 00 00
001763  17658839620..17659193880  60 FD 40
001764  17659245180..17674170740  60 18 00 7F 7F 7F 7F 00 00 00 7F 7F 00 00 7F 00 00 7F 00 00 00 00 00 00 00 00 7F 00 7F 7F 00 7F 7F 00 00 00 00 00 00 7F 00 00 7F 7F 00 00 7F 00 7F 00 00 7F 00 7F 00 00 00 00 00 00 00 00 00 00 00 00 00 00 00 00 7F 00 00 00 00 00 00 00 00 7F 00 7F 00 00 00 00 00 00 00 00 7F 00 00 00 7F 7F 00 00 00 00 00 00 00 00 00 00 00 7F 00 7F 00 00 7F 7F 00 00 00 00 7F 00 00 00 00 00 00 7F 00 00 7F 00 00 7F 00 00
001765  17674314920..17674668940  60 FD 40
001766  17674720220..17689648660  60 18 00 7F 7F 7F 7F 00 00 00 7F 7F 00 00 7F 00 00 7F 00 00 7F 00 00 00 00 00 00 7F 7F 7F 7F 7F 7F 7F 00 00 00 7F 00 00 00 00 00 00 00 00 7F 00 00 00 00 7F 00 7F 00 00 00 00 7F 00 00 00 00 00 00 00 00 00 00 00 7F 00 00 00 00 00 00 00 00 7F 7F 00 00 00 7F 00 7F 00 00 00 7F 00 00 00 7F 7F 00 00 00 00 00 00 7F 00 00 00 00 7F 00 7F 00 00 7F 7F 00 00 00 00 7F 00 00 00 00 00 00 00 00 00 7F 7F 00 7F 00 00
001767  17689789640..17690143820  60 FD 40
001768  17690195140..17704943420  60 18 00 00 7F 7F 00 00 00 00 00 00 00 00 00 00 00 7F 00 00 7F 7F 7F 00 00 00 00 7F 7F 7F 7F 7F 7F 7F 00 00 00 7F 00 00 00 00 00 00 00 00 7F 00 00 00 00 00 00 7F 7F 00 00 00 7F 00 00 00 00 00 00 00 00 00 00 00 7F 00 00 00 00 00 7F 00 00 7F 7F 00 00 00 7F 00 7F 00 00 00 00 00 00 00 7F 00 00 00 00 00 00 7F 7F 00 00 00 00 00 00 7F 00 00 00 00 00 00 00 7F 7F 00 7F 00 00 7F 7F 00 00 00 00 7F 00 00 00 00
001769  17725182000..17725536240  60 FD 40
001770  17725587540..17740517860  60 18 00 00 00 7F 00 7F 7F 00 00 00 00 00 00 00 00 7F 7F 00 7F 7F 7F 00 00 00 00 7F 00 7F 7F 00 00 7F 00 00 00 7F 00 00 00 00 00 00 00 00 00 00 00 00 00 00 00 7F 7F 00 00 00 7F 7F 00 00 00 00 00 00 00 00 00 00 7F 00 00 7F 00 00 7F 00 00 00 7F 00 00 00 7F 00 7F 00 00 00 00 00 00 7F 7F 00 00 00 00 00 00 7F 7F 00 00 00 7F 00 00 7F 00 00 00 00 00 00 00 7F 00 00 7F 00 00 7F 7F 00 00 00 00 7F 00 00 00 00
001771  17740662040..17741015960  60 FD 40
001772  17741067300..17755992440  60 18 00 00 00 7F 00 7F 7F 00 00 00 00 00 00 00 00 00 7F 00 00 7F 7F 00 00 00 00 00 00 00 00 00 00 00 00 00 7F 00 00 00 00 00 00 00 00 00 00 00 00 00 00 00 00 7F 7F 7F 00 00 7F 7F 00 00 00 7F 00 00 00 00 00 00 7F 00 00 7F 7F 00 7F 00 00 00 00 00 00 00 00 00 00 7F 00 00 00 7F 00 7F 7F 00 00 7F 00 00 00 7F 00 00 00 00 7F 00 00 7F 7F 00 00 00 7F 00 00 7F 00 00 7F 00 00 7F 7F 00 7F 00 00 7F 7F 00 00 00
001773  17756133420..17756487480  60 FD 40
001774  17756538800..17771465400  60 18 7F 00 00 7F 00 7F 7F 00 7F 00 00 7F 00 00 7F 00 7F 00 00 00 00 00 00 00 00 00 00 00 00 00 00 00 00 00 7F 00 00 00 00 00 00 00 00 00 00 00 00 00 00 00 00 7F 00 7F 00 00 7F 7F 00 00 00 7F 00 00 7F 00 00 00 7F 00 00 7F 7F 00 00 00 00 00 00 00 00 00 00 00 00 7F 00 00 00 7F 00 7F 7F 00 00 7F 00 7F 00 00 00 00 00 00 7F 00 00 7F 7F 00 00 7F 7F 00 00 00 00 00 00 00 00 00 00 00 7F 00 00 7F 7F 00 00 00
001775  17791706560..17792060580  60 FD 40
001776  17792111860..17806840160  60 18 7F 00 00 00 00 7F 00 00 7F 00 00 7F 00 00 7F 00 00 7F 00 00 00 00 00 00 00 00 00 00 00 00 00 00 00 00 7F 00 00 00 00 7F 00 00 00 00 00 00 00 00 00 00 00 00 00 7F 00 00 7F 00 00 7F 7F 7F 00 7F 7F 00 00 7F 7F 00 00 7F 7F 00 00 7F 00 00 00 00 7F 00 00 00 00 7F 00 00 00 7F 00 00 7F 00 7F 7F 00 7F 00 00 00 00 00 00 00 00 00 7F 7F 00 00 7F 7F 00 7F 00 00 00 00 7F 00 00 00 00 7F 00 00 7F 7F 00 00 00
001777  17806985580..17807339560  60 FD 40
001778  17807390860..17822315720  60 18 7F 00 00 00 00 7F 00 00 7F 00 00 7F 00 7F 7F 00 00 7F 00 00 00 00 00 00 00 00 00 00 00 00 00 00 00 00 00 00 00 00 00 7F 00 00 00 00 00 7F 00 00 00 00 00 00 00 00 00 00 00 00 7F 7F 7F 00 7F 7F 7F 00 00 7F 00 00 00 7F 00 00 00 7F 00 00 00 00 7F 00 00 7F 00 00 00 00 00 00 00 00 7F 00 7F 00 00 7F 00 00 00 00 00 00 00 00 7F 7F 00 00 00 7F 00 00 7F 00 00 00 00 7F 00 00 00 7F 00 00 00 7F 00 00 00 00
001779  17822456560..17822810380  60 FD 40
001780  17822861680..17837788020  60 18 00 00 00 00 00 7F 00 7F 00 00 00 00 00 7F 00 00 00 7F 00 7F 00 00 00 7F 00 00 00 00 00 00 00 00 00 00 00 00 00 00 00 7F 00 00 00 00 00 7F 00 00 00 00 00 00 00 00 00 7F 00 00 7F 7F 7F 00 7F 7F 00 00 7F 7F 00 00 00 7F 00 00 00 7F 00 00 00 00 7F 00 00 7F 00 00 00 00 00 00 00 00 7F 7F 7F 00 00 00 00 7F 00 00 00 00 00 00 7F 7F 00 00 00 00 00 00 7F 00 00 00 00 7F 00 00 00 7F 00 00 00 7F 00 7F 00 00
001781  17858018180..17858372240  60 FD 40
001782  17858423540..17873339540  60 18 00 00 00 00 00 7F 00 7F 00 00 00 00 00 7F 00 00 00 00 00 7F 00 00 00 7F 00 00 7F 00 00 00 00 00 00 00 00 00 7F 00 7F 00 00 00 00 00 00 7F 00 00 7F 00 00 00 00 00 00 7F 00 00 7F 00 7F 00 7F 00 00 00 7F 00 00 00 00 00 00 7F 00 7F 00 00 00 00 00 00 00 7F 00 00 00 00 00 00 00 00 00 7F 00 00 00 00 00 7F 00 7F 00 7F 00 00 7F 00 00 00 00 00 00 7F 00 00 7F 7F 00 00 00 00 00 7F 00 00 00 7F 00 7F 00 00
001783  17873483680..17873837580  60 FD 40
001784  17873888880..17888810140  60 18 00 00 00 00 00 7F 00 7F 00 00 00 00 00 00 00 00 00 00 00 7F 00 00 00 7F 00 00 7F 7F 00 00 00 00 00 00 7F 00 7F 7F 7F 00 7F 00 00 00 00 00 00 00 7F 00 7F 00 00 00 00 7F 00 00 00 00 7F 00 00 00 00 00 7F 00 00 7F 00 00 00 7F 00 7F 00 00 00 7F 00 00 00 00 00 7F 00 00 00 00 00 00 00 7F 00 00 00 00 00 7F 00 7F 7F 7F 00 00 00 00 00 00 00 00 00 7F 00 00 7F 7F 00 00 00 00 00 00 00 00 00 00 00 7F 00 00
001785  17888951020..17889304940  60 FD 40
001786  17889356240..17904281000  60 18 00 7F 00 00 7F 7F 00 00 00 7F 00 00 7F 00 00 00 00 00 00 00 00 00 00 00 00 00 7F 7F 00 00 00 00 00 00 7F 00 7F 7F 7F 00 7F 00 00 00 00 00 00 00 7F 00 7F 00 00 00 00 00 00 00 00 00 7F 00 00 00 00 00 00 00 00 7F 00 00 00 7F 00 7F 00 00 00 7F 00 00 00 00 00 7F 00 00 7F 00 00 00 00 00 00 00 00 00 00 00 00 7F 7F 7F 00 00 00 00 00 00 00 00 00 7F 00 00 7F 7F 7F 00 00 00 7F 00 00 00 7F 00 00 00 00 00
001787  17924514100..17924868120  60 FD 40
001788  17924919440..17939840620  60 18 00 7F 00 00 7F 00 00 00 00 7F 00 00 7F 00 00 00 7F 00 00 00 00 00 00 00 00 00 7F 7F 00 00 7F 00 00 00 7F 00 00 7F 00 00 7F 00 7F 00 00 00 00 7F 00 00 7F 00 00 00 00 00 00 7F 00 00 00 00 00 00 00 00 00 00 00 7F 00 00 00 00 00 7F 00 00 00 7F 00 00 00 00 00 7F 7F 00 7F 00 7F 00 00 00 00 00 00 00 00 00 00 00 7F 00 00 00 00 00 00 00 00 00 00 00 00 00 7F 00 7F 00 00 00 7F 00 00 00 7F 00 00 00 00 00
001789  17939984780..17940338720  60 FD 40
001790  17940390020..17955313260  60 18 00 7F 00 00 7F 00 00 00 00 7F 00 00 7F 7F 00 7F 7F 00 7F 00 00 00 00 00 7F 00 7F 00 7F 00 7F 7F 00 00 00 00 00 00 00 00 00 7F 7F 00 00 00 00 7F 00 00 00 00 00 00 00 00 00 7F 00 00 00 00 00 00 00 00 00 00 7F 00 00 00 00 00 00 7F 00 00 7F 00 00 7F 7F 00 7F 00 7F 00 7F 00 7F 00 00 00 00 00 00 00 00 00 00 00 00 00 00 00 7F 00 00 00 00 00 00 00 00 00 7F 00 7F 00 00 00 7F 00 00 00 7F 00 00 00 00 00
001791  17955454160..17955808100  60 FD 40
001792  17955859400..17970779520  60 18 7F 00 00 00 00 00 00 00 00 00 00 00 00 7F 00 7F 7F 00 7F 00 00 00 7F 00 7F 00 7F 00 7F 00 7F 7F 00 00 00 00 00 00 00 00 00 7F 7F 00 00 00 00 7F 00 00 00 00 00 00 00 00 00 7F 00 00 00 00 00 00 00 00 00 00 7F 00 00 00 00 00 00 7F 00 00 7F 00 00 7F 7F 00 7F 00 7F 00 00 00 7F 00 00 00 00 00 7F 7F 00 00 00 00 00 00 00 00 7F 00 00 00 00 00 00 00 00 7F 7F 00 00 00 00 7F 00 00 00 7F 00 00 00 00 00 00
001793  17991037780..17991391960  60 FD 40
001794  17991443260..18006362320  60 18 7F 00 00 00 00 00 00 00 00 00 00 00 00 7F 00 7F 7F 00 7F 00 00 00 7F 00 7F 00 00 00 7F 7F 00 7F 00 7F 00 00 00 00 00 00 00 7F 00 00 7F 00 00 00 00 00 00 00 00 00 00 00 00 7F 00 7F 00 00 00 00 00 00 00 7F 7F 00 00 00 00 00 00 00 00 7F 7F 00 00 7F 7F 00 7F 00 00 00 00 00 00 00 00 00 00 00 7F 7F 00 00 00 00 00 00 7F 00 7F 00 00 00 00 00 00 00 00 7F 7F 00 00 00 00 7F 00 00 00 7F 00 00 00 00 00 00
001795  18006506480..18006860240  60 FD 40
001796  18006911520..18021765320  60 18 7F 00 00 00 00 00 00 00 00 00 00 00 00 00 00 00 7F 00 00 00 00 00 7F 00 00 00 00 00 00 7F 00 00 00 7F 00 7F 00 00 00 00 00 00 00 00 7F 00 7F 00 00 00 00 00 00 00 00 00 7F 7F 00 7F 00 7F 00 00 00 00 00 7F 00 7F 00 00 7F 00 00 00 00 7F 00 00 00 00 00 00 00 00 00 00 00 7F 00 00 00 00 00 7F 7F 7F 00 00 7F 00 7F 00 7F 00 00 00 00 00 00 00 7F 00 00 7F 7F 00 00 00 00 7F 00 00 00 7F 00 7F 7F 00 00 00
001797  18021932260..18022282500  60 FD 40
001798  18022323400..18037230980  60 18 00 00 00 00 00 00 00 7F 00 00 00 7F 00 00 00 00 7F 00 00 00 00 00 00 7F 00 00 00 00 00 7F 00 00 00 7F 00 7F 00 00 00 00 00 00 00 00 7F 00 7F 00 00 00 00 00 00 00 00 00 7F 7F 00 7F 00 7F 00 00 7F 00 00 7F 00 7F 7F 00 7F 00 00 00 00 7F 00 00 00 00 00 00 00 00 00 00 00 7F 00 00 00 00 00 7F 00 00 00 00 7F 00 7F 00 7F 7F 00 00 00 00 7F 00 7F 00 00 00 7F 00 00 00 00 00 00 00 00 00 00 7F 7F 00 00 00
